# Stage.Telemetry_NBI_WL@81269.20251231.csv generated at 2026-07-27 13:20:01 (UTC+03:00) by AQUARIUS Time-Series 22.4.180.0,,,,,
# ,,,,,
# Time-series identifier: Stage.Telemetry_NBI_WL@81269,,,,,
# Location: SW-R. Sio,,,,,
# UTC offset: (UTC+03:00),,,,,
# Value units: m,,,,,
# Value parameter: Stage,,,,,
# Interpolation type: Instantaneous Values,,,,,
# Time-series type: Basic,,,,,
# ,,,,,
# Export options: Raw signal from 2025-12-31T21:00:00Z to 2026-02-27T21:00:00Z,,,,,
# ,,,,,
# CSV data starts at line 15.,,,,,
# ,,,,,
ISO 8601 UTC,Timestamp (UTC+03:00),Value,Approval Level,Grade,Qualifiers
2025-12-31T21:00:00Z,1/1/2026 0:00,3.305,Working,-1,
2025-12-31T21:10:00Z,1/1/2026 0:10,3.308,Working,-1,
2025-12-31T21:20:00Z,1/1/2026 0:20,3.311,Working,-1,
2025-12-31T21:30:00Z,1/1/2026 0:30,3.314,Working,-1,
2025-12-31T21:40:00Z,1/1/2026 0:40,3.317,Working,-1,
2025-12-31T21:50:00Z,1/1/2026 0:50,3.319,Working,-1,
2025-12-31T22:00:00Z,1/1/2026 1:00,3.321,Working,-1,
2025-12-31T22:10:00Z,1/1/2026 1:10,3.322,Working,-1,
2025-12-31T22:20:00Z,1/1/2026 1:20,3.325,Working,-1,
2025-12-31T22:30:00Z,1/1/2026 1:30,3.327,Working,-1,
2025-12-31T22:40:00Z,1/1/2026 1:40,3.329,Working,-1,
2025-12-31T22:50:00Z,1/1/2026 1:50,3.331,Working,-1,
2025-12-31T23:00:00Z,1/1/2026 2:00,3.333,Working,-1,
2025-12-31T23:10:00Z,1/1/2026 2:10,3.334,Working,-1,
2025-12-31T23:20:00Z,1/1/2026 2:20,3.337,Working,-1,
2026-01-01T00:25:00Z,1/1/2026 3:25,,,,
2026-01-01T01:30:00Z,1/1/2026 4:30,3.35,Working,-1,
2026-01-01T01:40:00Z,1/1/2026 4:40,3.352,Working,-1,
2026-01-01T01:50:00Z,1/1/2026 4:50,3.352,Working,-1,
2026-01-01T02:00:00Z,1/1/2026 5:00,3.353,Working,-1,
2026-01-01T02:10:00Z,1/1/2026 5:10,3.352,Working,-1,
2026-01-01T02:20:00Z,1/1/2026 5:20,3.354,Working,-1,
2026-01-01T02:55:00Z,1/1/2026 5:55,,,,
2026-01-01T03:30:00Z,1/1/2026 6:30,3.356,Working,-1,
2026-01-01T03:40:00Z,1/1/2026 6:40,3.355,Working,-1,
2026-01-01T03:50:00Z,1/1/2026 6:50,3.355,Working,-1,
2026-01-01T04:00:00Z,1/1/2026 7:00,3.354,Working,-1,
2026-01-01T04:10:00Z,1/1/2026 7:10,3.354,Working,-1,
2026-01-01T04:20:00Z,1/1/2026 7:20,3.355,Working,-1,
2026-01-01T04:30:00Z,1/1/2026 7:30,3.353,Working,-1,
2026-01-01T04:40:00Z,1/1/2026 7:40,3.353,Working,-1,
2026-01-01T04:50:00Z,1/1/2026 7:50,3.352,Working,-1,
2026-01-01T05:00:00Z,1/1/2026 8:00,3.351,Working,-1,
2026-01-01T05:10:00Z,1/1/2026 8:10,3.351,Working,-1,
2026-01-01T05:20:00Z,1/1/2026 8:20,3.352,Working,-1,
2026-01-01T05:30:00Z,1/1/2026 8:30,3.35,Working,-1,
2026-01-01T05:40:00Z,1/1/2026 8:40,3.349,Working,-1,
2026-01-01T05:50:00Z,1/1/2026 8:50,3.347,Working,-1,
2026-01-01T06:00:00Z,1/1/2026 9:00,3.348,Working,-1,
2026-01-01T06:10:00Z,1/1/2026 9:10,3.347,Working,-1,
2026-01-01T06:20:00Z,1/1/2026 9:20,3.346,Working,-1,
2026-01-01T06:30:00Z,1/1/2026 9:30,3.342,Working,-1,
2026-01-01T06:40:00Z,1/1/2026 9:40,3.344,Working,-1,
2026-01-01T06:50:00Z,1/1/2026 9:50,3.344,Working,-1,
2026-01-01T07:00:00Z,1/1/2026 10:00,3.342,Working,-1,
2026-01-01T07:10:00Z,1/1/2026 10:10,3.34,Working,-1,
2026-01-01T07:20:00Z,1/1/2026 10:20,3.339,Working,-1,
2026-01-01T08:25:00Z,1/1/2026 11:25,,,,
2026-01-01T09:30:00Z,1/1/2026 12:30,3.322,Working,-1,
2026-01-01T09:40:00Z,1/1/2026 12:40,3.321,Working,-1,
2026-01-01T09:50:00Z,1/1/2026 12:50,3.321,Working,-1,
2026-01-01T10:00:00Z,1/1/2026 13:00,3.318,Working,-1,
2026-01-01T10:10:00Z,1/1/2026 13:10,3.317,Working,-1,
2026-01-01T10:20:00Z,1/1/2026 13:20,3.317,Working,-1,
2026-01-01T10:30:00Z,1/1/2026 13:30,3.315,Working,-1,
2026-01-01T10:40:00Z,1/1/2026 13:40,3.313,Working,-1,
2026-01-01T10:50:00Z,1/1/2026 13:50,3.313,Working,-1,
2026-01-01T11:00:00Z,1/1/2026 14:00,3.31,Working,-1,
2026-01-01T11:10:00Z,1/1/2026 14:10,3.309,Working,-1,
2026-01-01T11:20:00Z,1/1/2026 14:20,3.308,Working,-1,
2026-01-01T11:30:00Z,1/1/2026 14:30,3.307,Working,-1,
2026-01-01T11:40:00Z,1/1/2026 14:40,3.305,Working,-1,
2026-01-01T11:50:00Z,1/1/2026 14:50,3.305,Working,-1,
2026-01-01T12:00:00Z,1/1/2026 15:00,3.303,Working,-1,
2026-01-01T12:10:00Z,1/1/2026 15:10,3.301,Working,-1,
2026-01-01T12:20:00Z,1/1/2026 15:20,3.299,Working,-1,
2026-01-01T13:25:00Z,1/1/2026 16:25,,,,
2026-01-01T14:30:00Z,1/1/2026 17:30,3.295,Working,-1,
2026-01-01T14:40:00Z,1/1/2026 17:40,3.295,Working,-1,
2026-01-01T14:50:00Z,1/1/2026 17:50,3.295,Working,-1,
2026-01-01T15:00:00Z,1/1/2026 18:00,3.298,Working,-1,
2026-01-01T15:10:00Z,1/1/2026 18:10,3.296,Working,-1,
2026-01-01T15:20:00Z,1/1/2026 18:20,3.297,Working,-1,
2026-01-01T15:30:00Z,1/1/2026 18:30,3.298,Working,-1,
2026-01-01T15:40:00Z,1/1/2026 18:40,3.298,Working,-1,
2026-01-01T15:50:00Z,1/1/2026 18:50,3.299,Working,-1,
2026-01-01T16:00:00Z,1/1/2026 19:00,3.299,Working,-1,
2026-01-01T16:10:00Z,1/1/2026 19:10,3.302,Working,-1,
2026-01-01T16:20:00Z,1/1/2026 19:20,3.301,Working,-1,
2026-01-01T16:30:00Z,1/1/2026 19:30,3.303,Working,-1,
2026-01-01T16:40:00Z,1/1/2026 19:40,3.304,Working,-1,
2026-01-01T16:50:00Z,1/1/2026 19:50,3.305,Working,-1,
2026-01-01T17:00:00Z,1/1/2026 20:00,3.307,Working,-1,
2026-01-01T17:10:00Z,1/1/2026 20:10,3.309,Working,-1,
2026-01-01T17:20:00Z,1/1/2026 20:20,3.309,Working,-1,
2026-01-01T18:25:00Z,1/1/2026 21:25,,,,
2026-01-01T19:30:00Z,1/1/2026 22:30,3.328,Working,-1,
2026-01-01T19:40:00Z,1/1/2026 22:40,3.331,Working,-1,
2026-01-01T19:50:00Z,1/1/2026 22:50,3.333,Working,-1,
2026-01-01T20:00:00Z,1/1/2026 23:00,3.334,Working,-1,
2026-01-01T20:10:00Z,1/1/2026 23:10,3.336,Working,-1,
2026-01-01T20:20:00Z,1/1/2026 23:20,3.337,Working,-1,
2026-01-01T20:30:00Z,1/1/2026 23:30,3.338,Working,-1,
2026-01-01T20:40:00Z,1/1/2026 23:40,3.343,Working,-1,
2026-01-01T20:50:00Z,1/1/2026 23:50,3.344,Working,-1,
2026-01-01T21:00:00Z,1/2/2026 0:00,3.346,Working,-1,
2026-01-01T21:10:00Z,1/2/2026 0:10,3.346,Working,-1,
2026-01-01T21:20:00Z,1/2/2026 0:20,3.351,Working,-1,
2026-01-01T21:30:00Z,1/2/2026 0:30,3.351,Working,-1,
2026-01-01T21:40:00Z,1/2/2026 0:40,3.353,Working,-1,
2026-01-01T21:50:00Z,1/2/2026 0:50,3.354,Working,-1,
2026-01-01T22:00:00Z,1/2/2026 1:00,3.358,Working,-1,
2026-01-01T22:10:00Z,1/2/2026 1:10,3.358,Working,-1,
2026-01-01T22:20:00Z,1/2/2026 1:20,3.359,Working,-1,
2026-01-01T22:55:00Z,1/2/2026 1:55,,,,
2026-01-01T23:30:00Z,1/2/2026 2:30,3.373,Working,-1,
2026-01-01T23:40:00Z,1/2/2026 2:40,3.375,Working,-1,
2026-01-01T23:50:00Z,1/2/2026 2:50,3.378,Working,-1,
2026-01-02T00:00:00Z,1/2/2026 3:00,3.379,Working,-1,
2026-01-02T00:10:00Z,1/2/2026 3:10,3.38,Working,-1,
2026-01-02T00:20:00Z,1/2/2026 3:20,3.384,Working,-1,
2026-01-02T00:30:00Z,1/2/2026 3:30,3.383,Working,-1,
2026-01-02T00:40:00Z,1/2/2026 3:40,3.386,Working,-1,
2026-01-02T00:50:00Z,1/2/2026 3:50,3.389,Working,-1,
2026-01-02T01:00:00Z,1/2/2026 4:00,3.39,Working,-1,
2026-01-02T01:10:00Z,1/2/2026 4:10,3.394,Working,-1,
2026-01-02T01:20:00Z,1/2/2026 4:20,3.394,Working,-1,
2026-01-02T01:30:00Z,1/2/2026 4:30,3.396,Working,-1,
2026-01-02T01:40:00Z,1/2/2026 4:40,3.4,Working,-1,
2026-01-02T01:50:00Z,1/2/2026 4:50,3.402,Working,-1,
2026-01-02T02:00:00Z,1/2/2026 5:00,3.403,Working,-1,
2026-01-02T02:10:00Z,1/2/2026 5:10,3.404,Working,-1,
2026-01-02T02:20:00Z,1/2/2026 5:20,3.407,Working,-1,
2026-01-02T02:30:00Z,1/2/2026 5:30,3.409,Working,-1,
2026-01-02T02:40:00Z,1/2/2026 5:40,3.411,Working,-1,
2026-01-02T02:50:00Z,1/2/2026 5:50,3.414,Working,-1,
2026-01-02T03:00:00Z,1/2/2026 6:00,3.415,Working,-1,
2026-01-02T03:10:00Z,1/2/2026 6:10,3.418,Working,-1,
2026-01-02T03:20:00Z,1/2/2026 6:20,3.421,Working,-1,
2026-01-02T03:30:00Z,1/2/2026 6:30,3.425,Working,-1,
2026-01-02T03:40:00Z,1/2/2026 6:40,3.427,Working,-1,
2026-01-02T03:50:00Z,1/2/2026 6:50,3.429,Working,-1,
2026-01-02T04:00:00Z,1/2/2026 7:00,3.432,Working,-1,
2026-01-02T04:10:00Z,1/2/2026 7:10,3.436,Working,-1,
2026-01-02T04:20:00Z,1/2/2026 7:20,3.437,Working,-1,
2026-01-02T04:30:00Z,1/2/2026 7:30,3.439,Working,-1,
2026-01-02T04:40:00Z,1/2/2026 7:40,3.441,Working,-1,
2026-01-02T04:50:00Z,1/2/2026 7:50,3.443,Working,-1,
2026-01-02T05:00:00Z,1/2/2026 8:00,3.446,Working,-1,
2026-01-02T05:10:00Z,1/2/2026 8:10,3.45,Working,-1,
2026-01-02T05:20:00Z,1/2/2026 8:20,3.45,Working,-1,
2026-01-02T05:55:00Z,1/2/2026 8:55,,,,
2026-01-02T06:30:00Z,1/2/2026 9:30,3.467,Working,-1,
2026-01-02T06:40:00Z,1/2/2026 9:40,3.47,Working,-1,
2026-01-02T06:50:00Z,1/2/2026 9:50,3.472,Working,-1,
2026-01-02T07:00:00Z,1/2/2026 10:00,3.474,Working,-1,
2026-01-02T07:10:00Z,1/2/2026 10:10,3.479,Working,-1,
2026-01-02T07:20:00Z,1/2/2026 10:20,3.48,Working,-1,
2026-01-02T07:30:00Z,1/2/2026 10:30,3.484,Working,-1,
2026-01-02T07:40:00Z,1/2/2026 10:40,3.486,Working,-1,
2026-01-02T07:50:00Z,1/2/2026 10:50,3.488,Working,-1,
2026-01-02T08:00:00Z,1/2/2026 11:00,3.493,Working,-1,
2026-01-02T08:10:00Z,1/2/2026 11:10,3.493,Working,-1,
2026-01-02T08:20:00Z,1/2/2026 11:20,3.492,Working,-1,
2026-01-02T08:30:00Z,1/2/2026 11:30,3.497,Working,-1,
2026-01-02T08:40:00Z,1/2/2026 11:40,3.499,Working,-1,
2026-01-02T08:50:00Z,1/2/2026 11:50,3.502,Working,-1,
2026-01-02T09:00:00Z,1/2/2026 12:00,3.504,Working,-1,
2026-01-02T09:10:00Z,1/2/2026 12:10,3.504,Working,-1,
2026-01-02T09:20:00Z,1/2/2026 12:20,3.507,Working,-1,
2026-01-02T09:30:00Z,1/2/2026 12:30,3.51,Working,-1,
2026-01-02T09:40:00Z,1/2/2026 12:40,3.513,Working,-1,
2026-01-02T09:50:00Z,1/2/2026 12:50,3.515,Working,-1,
2026-01-02T10:00:00Z,1/2/2026 13:00,3.517,Working,-1,
2026-01-02T10:10:00Z,1/2/2026 13:10,3.517,Working,-1,
2026-01-02T10:20:00Z,1/2/2026 13:20,3.517,Working,-1,
2026-01-02T10:55:00Z,1/2/2026 13:55,,,,
2026-01-02T11:30:00Z,1/2/2026 14:30,3.528,Working,-1,
2026-01-02T11:40:00Z,1/2/2026 14:40,3.532,Working,-1,
2026-01-02T11:50:00Z,1/2/2026 14:50,3.532,Working,-1,
2026-01-02T12:00:00Z,1/2/2026 15:00,3.532,Working,-1,
2026-01-02T12:10:00Z,1/2/2026 15:10,3.533,Working,-1,
2026-01-02T12:20:00Z,1/2/2026 15:20,3.537,Working,-1,
2026-01-02T12:30:00Z,1/2/2026 15:30,3.537,Working,-1,
2026-01-02T12:40:00Z,1/2/2026 15:40,3.536,Working,-1,
2026-01-02T12:50:00Z,1/2/2026 15:50,3.539,Working,-1,
2026-01-02T13:00:00Z,1/2/2026 16:00,3.539,Working,-1,
2026-01-02T13:10:00Z,1/2/2026 16:10,3.539,Working,-1,
2026-01-02T13:20:00Z,1/2/2026 16:20,3.545,Working,-1,
2026-01-02T13:30:00Z,1/2/2026 16:30,3.542,Working,-1,
2026-01-02T13:40:00Z,1/2/2026 16:40,3.542,Working,-1,
2026-01-02T13:50:00Z,1/2/2026 16:50,3.544,Working,-1,
2026-01-02T14:00:00Z,1/2/2026 17:00,3.545,Working,-1,
2026-01-02T14:10:00Z,1/2/2026 17:10,3.549,Working,-1,
2026-01-02T14:20:00Z,1/2/2026 17:20,3.551,Working,-1,
2026-01-02T14:30:00Z,1/2/2026 17:30,3.549,Working,-1,
2026-01-02T14:40:00Z,1/2/2026 17:40,3.55,Working,-1,
2026-01-02T14:50:00Z,1/2/2026 17:50,3.552,Working,-1,
2026-01-02T15:00:00Z,1/2/2026 18:00,3.552,Working,-1,
2026-01-02T15:10:00Z,1/2/2026 18:10,3.553,Working,-1,
2026-01-02T15:20:00Z,1/2/2026 18:20,3.554,Working,-1,
2026-01-02T15:30:00Z,1/2/2026 18:30,3.556,Working,-1,
2026-01-02T15:40:00Z,1/2/2026 18:40,3.555,Working,-1,
2026-01-02T15:50:00Z,1/2/2026 18:50,3.558,Working,-1,
2026-01-02T16:00:00Z,1/2/2026 19:00,3.559,Working,-1,
2026-01-02T16:10:00Z,1/2/2026 19:10,3.56,Working,-1,
2026-01-02T16:20:00Z,1/2/2026 19:20,3.56,Working,-1,
2026-01-02T16:30:00Z,1/2/2026 19:30,3.561,Working,-1,
2026-01-02T16:40:00Z,1/2/2026 19:40,3.561,Working,-1,
2026-01-02T16:50:00Z,1/2/2026 19:50,3.563,Working,-1,
2026-01-02T17:00:00Z,1/2/2026 20:00,3.563,Working,-1,
2026-01-02T17:10:00Z,1/2/2026 20:10,3.567,Working,-1,
2026-01-02T17:20:00Z,1/2/2026 20:20,3.564,Working,-1,
2026-01-02T17:30:00Z,1/2/2026 20:30,3.565,Working,-1,
2026-01-02T17:40:00Z,1/2/2026 20:40,3.565,Working,-1,
2026-01-02T17:50:00Z,1/2/2026 20:50,3.565,Working,-1,
2026-01-02T18:00:00Z,1/2/2026 21:00,3.568,Working,-1,
2026-01-02T18:10:00Z,1/2/2026 21:10,3.567,Working,-1,
2026-01-02T18:20:00Z,1/2/2026 21:20,3.568,Working,-1,
2026-01-02T18:30:00Z,1/2/2026 21:30,3.568,Working,-1,
2026-01-02T18:40:00Z,1/2/2026 21:40,3.57,Working,-1,
2026-01-02T18:50:00Z,1/2/2026 21:50,3.567,Working,-1,
2026-01-02T19:00:00Z,1/2/2026 22:00,3.57,Working,-1,
2026-01-02T19:10:00Z,1/2/2026 22:10,3.568,Working,-1,
2026-01-02T19:20:00Z,1/2/2026 22:20,3.57,Working,-1,
2026-01-02T19:30:00Z,1/2/2026 22:30,3.569,Working,-1,
2026-01-02T19:40:00Z,1/2/2026 22:40,3.569,Working,-1,
2026-01-02T19:50:00Z,1/2/2026 22:50,3.569,Working,-1,
2026-01-02T20:00:00Z,1/2/2026 23:00,3.571,Working,-1,
2026-01-02T20:10:00Z,1/2/2026 23:10,3.571,Working,-1,
2026-01-02T20:20:00Z,1/2/2026 23:20,3.571,Working,-1,
2026-01-02T20:55:00Z,1/2/2026 23:55,,,,
2026-01-02T21:30:00Z,1/3/2026 0:30,3.571,Working,-1,
2026-01-02T21:40:00Z,1/3/2026 0:40,3.571,Working,-1,
2026-01-02T21:50:00Z,1/3/2026 0:50,3.571,Working,-1,
2026-01-02T22:00:00Z,1/3/2026 1:00,3.57,Working,-1,
2026-01-02T22:10:00Z,1/3/2026 1:10,3.569,Working,-1,
2026-01-02T22:20:00Z,1/3/2026 1:20,3.569,Working,-1,
2026-01-02T22:30:00Z,1/3/2026 1:30,3.569,Working,-1,
2026-01-02T22:40:00Z,1/3/2026 1:40,3.568,Working,-1,
2026-01-02T22:50:00Z,1/3/2026 1:50,3.569,Working,-1,
2026-01-02T23:00:00Z,1/3/2026 2:00,3.57,Working,-1,
2026-01-02T23:10:00Z,1/3/2026 2:10,3.567,Working,-1,
2026-01-02T23:20:00Z,1/3/2026 2:20,3.566,Working,-1,
2026-01-02T23:30:00Z,1/3/2026 2:30,3.565,Working,-1,
2026-01-02T23:40:00Z,1/3/2026 2:40,3.565,Working,-1,
2026-01-02T23:50:00Z,1/3/2026 2:50,3.564,Working,-1,
2026-01-03T00:00:00Z,1/3/2026 3:00,3.565,Working,-1,
2026-01-03T00:10:00Z,1/3/2026 3:10,3.563,Working,-1,
2026-01-03T00:20:00Z,1/3/2026 3:20,3.564,Working,-1,
2026-01-03T00:30:00Z,1/3/2026 3:30,3.561,Working,-1,
2026-01-03T00:40:00Z,1/3/2026 3:40,3.559,Working,-1,
2026-01-03T00:50:00Z,1/3/2026 3:50,3.558,Working,-1,
2026-01-03T01:00:00Z,1/3/2026 4:00,3.556,Working,-1,
2026-01-03T01:10:00Z,1/3/2026 4:10,3.555,Working,-1,
2026-01-03T01:20:00Z,1/3/2026 4:20,3.554,Working,-1,
2026-01-03T01:55:00Z,1/3/2026 4:55,,,,
2026-01-03T02:30:00Z,1/3/2026 5:30,3.543,Working,-1,
2026-01-03T02:40:00Z,1/3/2026 5:40,3.539,Working,-1,
2026-01-03T02:50:00Z,1/3/2026 5:50,3.536,Working,-1,
2026-01-03T03:00:00Z,1/3/2026 6:00,3.535,Working,-1,
2026-01-03T03:10:00Z,1/3/2026 6:10,3.529,Working,-1,
2026-01-03T03:20:00Z,1/3/2026 6:20,3.529,Working,-1,
2026-01-03T03:30:00Z,1/3/2026 6:30,3.526,Working,-1,
2026-01-03T03:40:00Z,1/3/2026 6:40,3.524,Working,-1,
2026-01-03T03:50:00Z,1/3/2026 6:50,3.521,Working,-1,
2026-01-03T04:00:00Z,1/3/2026 7:00,3.519,Working,-1,
2026-01-03T04:10:00Z,1/3/2026 7:10,3.515,Working,-1,
2026-01-03T04:20:00Z,1/3/2026 7:20,3.516,Working,-1,
2026-01-03T04:30:00Z,1/3/2026 7:30,3.51,Working,-1,
2026-01-03T04:40:00Z,1/3/2026 7:40,3.508,Working,-1,
2026-01-03T04:50:00Z,1/3/2026 7:50,3.503,Working,-1,
2026-01-03T05:00:00Z,1/3/2026 8:00,3.502,Working,-1,
2026-01-03T05:10:00Z,1/3/2026 8:10,3.498,Working,-1,
2026-01-03T05:20:00Z,1/3/2026 8:20,3.493,Working,-1,
2026-01-03T05:30:00Z,1/3/2026 8:30,3.49,Working,-1,
2026-01-03T05:40:00Z,1/3/2026 8:40,3.486,Working,-1,
2026-01-03T05:50:00Z,1/3/2026 8:50,3.483,Working,-1,
2026-01-03T06:00:00Z,1/3/2026 9:00,3.48,Working,-1,
2026-01-03T06:10:00Z,1/3/2026 9:10,3.475,Working,-1,
2026-01-03T06:20:00Z,1/3/2026 9:20,3.47,Working,-1,
2026-01-03T06:30:00Z,1/3/2026 9:30,3.466,Working,-1,
2026-01-03T06:40:00Z,1/3/2026 9:40,3.462,Working,-1,
2026-01-03T06:50:00Z,1/3/2026 9:50,3.457,Working,-1,
2026-01-03T07:00:00Z,1/3/2026 10:00,3.454,Working,-1,
2026-01-03T07:10:00Z,1/3/2026 10:10,3.449,Working,-1,
2026-01-03T07:20:00Z,1/3/2026 10:20,3.444,Working,-1,
2026-01-03T07:30:00Z,1/3/2026 10:30,3.442,Working,-1,
2026-01-03T07:40:00Z,1/3/2026 10:40,3.436,Working,-1,
2026-01-03T07:50:00Z,1/3/2026 10:50,3.432,Working,-1,
2026-01-03T08:00:00Z,1/3/2026 11:00,3.426,Working,-1,
2026-01-03T08:10:00Z,1/3/2026 11:10,3.423,Working,-1,
2026-01-03T08:20:00Z,1/3/2026 11:20,3.417,Working,-1,
2026-01-03T08:30:00Z,1/3/2026 11:30,3.412,Working,-1,
2026-01-03T08:40:00Z,1/3/2026 11:40,3.406,Working,-1,
2026-01-03T08:50:00Z,1/3/2026 11:50,3.401,Working,-1,
2026-01-03T09:00:00Z,1/3/2026 12:00,3.397,Working,-1,
2026-01-03T09:10:00Z,1/3/2026 12:10,3.391,Working,-1,
2026-01-03T09:20:00Z,1/3/2026 12:20,3.386,Working,-1,
2026-01-03T09:30:00Z,1/3/2026 12:30,3.382,Working,-1,
2026-01-03T09:40:00Z,1/3/2026 12:40,3.376,Working,-1,
2026-01-03T09:50:00Z,1/3/2026 12:50,3.372,Working,-1,
2026-01-03T10:00:00Z,1/3/2026 13:00,3.367,Working,-1,
2026-01-03T10:10:00Z,1/3/2026 13:10,3.362,Working,-1,
2026-01-03T10:20:00Z,1/3/2026 13:20,3.356,Working,-1,
2026-01-03T10:30:00Z,1/3/2026 13:30,3.351,Working,-1,
2026-01-03T10:40:00Z,1/3/2026 13:40,3.344,Working,-1,
2026-01-03T10:50:00Z,1/3/2026 13:50,3.34,Working,-1,
2026-01-03T11:00:00Z,1/3/2026 14:00,3.334,Working,-1,
2026-01-03T11:10:00Z,1/3/2026 14:10,3.326,Working,-1,
2026-01-03T11:20:00Z,1/3/2026 14:20,3.32,Working,-1,
2026-01-03T11:30:00Z,1/3/2026 14:30,3.317,Working,-1,
2026-01-03T11:40:00Z,1/3/2026 14:40,3.31,Working,-1,
2026-01-03T11:50:00Z,1/3/2026 14:50,3.305,Working,-1,
2026-01-03T12:00:00Z,1/3/2026 15:00,3.299,Working,-1,
2026-01-03T12:10:00Z,1/3/2026 15:10,3.293,Working,-1,
2026-01-03T12:20:00Z,1/3/2026 15:20,3.287,Working,-1,
2026-01-03T12:30:00Z,1/3/2026 15:30,3.28,Working,-1,
2026-01-03T12:40:00Z,1/3/2026 15:40,3.277,Working,-1,
2026-01-03T12:50:00Z,1/3/2026 15:50,3.27,Working,-1,
2026-01-03T13:00:00Z,1/3/2026 16:00,3.265,Working,-1,
2026-01-03T13:10:00Z,1/3/2026 16:10,3.26,Working,-1,
2026-01-03T13:20:00Z,1/3/2026 16:20,3.253,Working,-1,
2026-01-03T13:55:00Z,1/3/2026 16:55,,,,
2026-01-03T14:30:00Z,1/3/2026 17:30,3.215,Working,-1,
2026-01-03T14:40:00Z,1/3/2026 17:40,3.208,Working,-1,
2026-01-03T14:50:00Z,1/3/2026 17:50,3.203,Working,-1,
2026-01-03T15:00:00Z,1/3/2026 18:00,3.2,Working,-1,
2026-01-03T15:10:00Z,1/3/2026 18:10,3.194,Working,-1,
2026-01-03T15:20:00Z,1/3/2026 18:20,3.189,Working,-1,
2026-01-03T15:30:00Z,1/3/2026 18:30,3.183,Working,-1,
2026-01-03T15:40:00Z,1/3/2026 18:40,3.177,Working,-1,
2026-01-03T15:50:00Z,1/3/2026 18:50,3.172,Working,-1,
2026-01-03T16:00:00Z,1/3/2026 19:00,3.167,Working,-1,
2026-01-03T16:10:00Z,1/3/2026 19:10,3.162,Working,-1,
2026-01-03T16:20:00Z,1/3/2026 19:20,3.157,Working,-1,
2026-01-03T16:30:00Z,1/3/2026 19:30,3.152,Working,-1,
2026-01-03T16:40:00Z,1/3/2026 19:40,3.148,Working,-1,
2026-01-03T16:50:00Z,1/3/2026 19:50,3.143,Working,-1,
2026-01-03T17:00:00Z,1/3/2026 20:00,3.137,Working,-1,
2026-01-03T17:10:00Z,1/3/2026 20:10,3.133,Working,-1,
2026-01-03T17:20:00Z,1/3/2026 20:20,3.129,Working,-1,
2026-01-03T17:30:00Z,1/3/2026 20:30,3.125,Working,-1,
2026-01-03T17:40:00Z,1/3/2026 20:40,3.119,Working,-1,
2026-01-03T17:50:00Z,1/3/2026 20:50,3.116,Working,-1,
2026-01-03T18:00:00Z,1/3/2026 21:00,3.111,Working,-1,
2026-01-03T18:10:00Z,1/3/2026 21:10,3.107,Working,-1,
2026-01-03T18:20:00Z,1/3/2026 21:20,3.102,Working,-1,
2026-01-03T18:30:00Z,1/3/2026 21:30,3.098,Working,-1,
2026-01-03T18:40:00Z,1/3/2026 21:40,3.095,Working,-1,
2026-01-03T18:50:00Z,1/3/2026 21:50,3.091,Working,-1,
2026-01-03T19:00:00Z,1/3/2026 22:00,3.086,Working,-1,
2026-01-03T19:10:00Z,1/3/2026 22:10,3.083,Working,-1,
2026-01-03T19:20:00Z,1/3/2026 22:20,3.079,Working,-1,
2026-01-03T19:30:00Z,1/3/2026 22:30,3.075,Working,-1,
2026-01-03T19:40:00Z,1/3/2026 22:40,3.071,Working,-1,
2026-01-03T19:50:00Z,1/3/2026 22:50,3.067,Working,-1,
2026-01-03T20:00:00Z,1/3/2026 23:00,3.064,Working,-1,
2026-01-03T20:10:00Z,1/3/2026 23:10,3.059,Working,-1,
2026-01-03T20:20:00Z,1/3/2026 23:20,3.055,Working,-1,
2026-01-03T20:30:00Z,1/3/2026 23:30,3.054,Working,-1,
2026-01-03T20:40:00Z,1/3/2026 23:40,3.05,Working,-1,
2026-01-03T20:50:00Z,1/3/2026 23:50,3.047,Working,-1,
2026-01-03T21:00:00Z,1/4/2026 0:00,3.043,Working,-1,
2026-01-03T21:10:00Z,1/4/2026 0:10,3.041,Working,-1,
2026-01-03T21:20:00Z,1/4/2026 0:20,3.036,Working,-1,
2026-01-03T21:30:00Z,1/4/2026 0:30,3.034,Working,-1,
2026-01-03T21:40:00Z,1/4/2026 0:40,3.03,Working,-1,
2026-01-03T21:50:00Z,1/4/2026 0:50,3.025,Working,-1,
2026-01-03T22:00:00Z,1/4/2026 1:00,3.025,Working,-1,
2026-01-03T22:10:00Z,1/4/2026 1:10,3.021,Working,-1,
2026-01-03T22:20:00Z,1/4/2026 1:20,3.017,Working,-1,
2026-01-03T22:30:00Z,1/4/2026 1:30,3.015,Working,-1,
2026-01-03T22:40:00Z,1/4/2026 1:40,3.013,Working,-1,
2026-01-03T22:50:00Z,1/4/2026 1:50,3.009,Working,-1,
2026-01-03T23:00:00Z,1/4/2026 2:00,3.007,Working,-1,
2026-01-03T23:10:00Z,1/4/2026 2:10,3.004,Working,-1,
2026-01-03T23:20:00Z,1/4/2026 2:20,3.001,Working,-1,
2026-01-03T23:30:00Z,1/4/2026 2:30,3,Working,-1,
2026-01-03T23:40:00Z,1/4/2026 2:40,2.996,Working,-1,
2026-01-03T23:50:00Z,1/4/2026 2:50,2.993,Working,-1,
2026-01-04T00:00:00Z,1/4/2026 3:00,2.99,Working,-1,
2026-01-04T00:10:00Z,1/4/2026 3:10,2.988,Working,-1,
2026-01-04T00:20:00Z,1/4/2026 3:20,2.986,Working,-1,
2026-01-04T00:30:00Z,1/4/2026 3:30,2.983,Working,-1,
2026-01-04T00:40:00Z,1/4/2026 3:40,2.981,Working,-1,
2026-01-04T00:50:00Z,1/4/2026 3:50,2.979,Working,-1,
2026-01-04T01:00:00Z,1/4/2026 4:00,2.975,Working,-1,
2026-01-04T01:10:00Z,1/4/2026 4:10,2.973,Working,-1,
2026-01-04T01:20:00Z,1/4/2026 4:20,2.971,Working,-1,
2026-01-04T01:30:00Z,1/4/2026 4:30,2.969,Working,-1,
2026-01-04T01:40:00Z,1/4/2026 4:40,2.966,Working,-1,
2026-01-04T01:50:00Z,1/4/2026 4:50,2.964,Working,-1,
2026-01-04T02:00:00Z,1/4/2026 5:00,2.962,Working,-1,
2026-01-04T02:10:00Z,1/4/2026 5:10,2.96,Working,-1,
2026-01-04T02:20:00Z,1/4/2026 5:20,2.957,Working,-1,
2026-01-04T02:30:00Z,1/4/2026 5:30,2.954,Working,-1,
2026-01-04T02:40:00Z,1/4/2026 5:40,2.953,Working,-1,
2026-01-04T02:50:00Z,1/4/2026 5:50,2.95,Working,-1,
2026-01-04T03:00:00Z,1/4/2026 6:00,2.949,Working,-1,
2026-01-04T03:10:00Z,1/4/2026 6:10,2.946,Working,-1,
2026-01-04T03:20:00Z,1/4/2026 6:20,2.944,Working,-1,
2026-01-04T03:30:00Z,1/4/2026 6:30,2.941,Working,-1,
2026-01-04T03:40:00Z,1/4/2026 6:40,2.939,Working,-1,
2026-01-04T03:50:00Z,1/4/2026 6:50,2.938,Working,-1,
2026-01-04T04:00:00Z,1/4/2026 7:00,2.935,Working,-1,
2026-01-04T04:10:00Z,1/4/2026 7:10,2.934,Working,-1,
2026-01-04T04:20:00Z,1/4/2026 7:20,2.932,Working,-1,
2026-01-04T04:30:00Z,1/4/2026 7:30,2.929,Working,-1,
2026-01-04T04:40:00Z,1/4/2026 7:40,2.928,Working,-1,
2026-01-04T04:50:00Z,1/4/2026 7:50,2.926,Working,-1,
2026-01-04T05:00:00Z,1/4/2026 8:00,2.922,Working,-1,
2026-01-04T05:10:00Z,1/4/2026 8:10,2.921,Working,-1,
2026-01-04T05:20:00Z,1/4/2026 8:20,2.918,Working,-1,
2026-01-04T05:55:00Z,1/4/2026 8:55,,,,
2026-01-04T06:30:00Z,1/4/2026 9:30,2.905,Working,-1,
2026-01-04T06:40:00Z,1/4/2026 9:40,2.904,Working,-1,
2026-01-04T06:50:00Z,1/4/2026 9:50,2.901,Working,-1,
2026-01-04T07:00:00Z,1/4/2026 10:00,2.9,Working,-1,
2026-01-04T07:10:00Z,1/4/2026 10:10,2.899,Working,-1,
2026-01-04T07:20:00Z,1/4/2026 10:20,2.897,Working,-1,
2026-01-04T07:30:00Z,1/4/2026 10:30,2.893,Working,-1,
2026-01-04T07:40:00Z,1/4/2026 10:40,2.893,Working,-1,
2026-01-04T07:50:00Z,1/4/2026 10:50,2.891,Working,-1,
2026-01-04T08:00:00Z,1/4/2026 11:00,2.889,Working,-1,
2026-01-04T08:10:00Z,1/4/2026 11:10,2.888,Working,-1,
2026-01-04T08:20:00Z,1/4/2026 11:20,2.886,Working,-1,
2026-01-04T08:30:00Z,1/4/2026 11:30,2.883,Working,-1,
2026-01-04T08:40:00Z,1/4/2026 11:40,2.882,Working,-1,
2026-01-04T08:50:00Z,1/4/2026 11:50,2.879,Working,-1,
2026-01-04T09:00:00Z,1/4/2026 12:00,2.88,Working,-1,
2026-01-04T09:10:00Z,1/4/2026 12:10,2.879,Working,-1,
2026-01-04T09:20:00Z,1/4/2026 12:20,2.877,Working,-1,
2026-01-04T09:30:00Z,1/4/2026 12:30,2.875,Working,-1,
2026-01-04T09:40:00Z,1/4/2026 12:40,2.875,Working,-1,
2026-01-04T09:50:00Z,1/4/2026 12:50,2.872,Working,-1,
2026-01-04T10:00:00Z,1/4/2026 13:00,2.871,Working,-1,
2026-01-04T10:10:00Z,1/4/2026 13:10,2.87,Working,-1,
2026-01-04T10:20:00Z,1/4/2026 13:20,2.867,Working,-1,
2026-01-04T10:55:00Z,1/4/2026 13:55,,,,
2026-01-04T11:30:00Z,1/4/2026 14:30,2.855,Working,-1,
2026-01-04T11:40:00Z,1/4/2026 14:40,2.855,Working,-1,
2026-01-04T11:50:00Z,1/4/2026 14:50,2.853,Working,-1,
2026-01-04T12:00:00Z,1/4/2026 15:00,2.852,Working,-1,
2026-01-04T12:10:00Z,1/4/2026 15:10,2.85,Working,-1,
2026-01-04T12:20:00Z,1/4/2026 15:20,2.849,Working,-1,
2026-01-04T12:30:00Z,1/4/2026 15:30,2.847,Working,-1,
2026-01-04T12:40:00Z,1/4/2026 15:40,2.846,Working,-1,
2026-01-04T12:50:00Z,1/4/2026 15:50,2.844,Working,-1,
2026-01-04T13:00:00Z,1/4/2026 16:00,2.842,Working,-1,
2026-01-04T13:10:00Z,1/4/2026 16:10,2.842,Working,-1,
2026-01-04T13:20:00Z,1/4/2026 16:20,2.84,Working,-1,
2026-01-04T13:30:00Z,1/4/2026 16:30,2.838,Working,-1,
2026-01-04T13:40:00Z,1/4/2026 16:40,2.837,Working,-1,
2026-01-04T13:50:00Z,1/4/2026 16:50,2.836,Working,-1,
2026-01-04T14:00:00Z,1/4/2026 17:00,2.834,Working,-1,
2026-01-04T14:10:00Z,1/4/2026 17:10,2.833,Working,-1,
2026-01-04T14:20:00Z,1/4/2026 17:20,2.831,Working,-1,
2026-01-04T14:30:00Z,1/4/2026 17:30,2.831,Working,-1,
2026-01-04T14:40:00Z,1/4/2026 17:40,2.83,Working,-1,
2026-01-04T14:50:00Z,1/4/2026 17:50,2.828,Working,-1,
2026-01-04T15:00:00Z,1/4/2026 18:00,2.828,Working,-1,
2026-01-04T15:10:00Z,1/4/2026 18:10,2.825,Working,-1,
2026-01-04T15:20:00Z,1/4/2026 18:20,2.825,Working,-1,
2026-01-04T15:55:00Z,1/4/2026 18:55,,,,
2026-01-04T16:30:00Z,1/4/2026 19:30,2.815,Working,-1,
2026-01-04T16:40:00Z,1/4/2026 19:40,2.816,Working,-1,
2026-01-04T16:50:00Z,1/4/2026 19:50,2.814,Working,-1,
2026-01-04T17:00:00Z,1/4/2026 20:00,2.812,Working,-1,
2026-01-04T17:10:00Z,1/4/2026 20:10,2.811,Working,-1,
2026-01-04T17:20:00Z,1/4/2026 20:20,2.809,Working,-1,
2026-01-04T17:30:00Z,1/4/2026 20:30,2.807,Working,-1,
2026-01-04T17:40:00Z,1/4/2026 20:40,2.807,Working,-1,
2026-01-04T17:50:00Z,1/4/2026 20:50,2.805,Working,-1,
2026-01-04T18:00:00Z,1/4/2026 21:00,2.805,Working,-1,
2026-01-04T18:10:00Z,1/4/2026 21:10,2.804,Working,-1,
2026-01-04T18:20:00Z,1/4/2026 21:20,2.803,Working,-1,
2026-01-04T18:30:00Z,1/4/2026 21:30,2.801,Working,-1,
2026-01-04T18:40:00Z,1/4/2026 21:40,2.801,Working,-1,
2026-01-04T18:50:00Z,1/4/2026 21:50,2.8,Working,-1,
2026-01-04T19:00:00Z,1/4/2026 22:00,2.799,Working,-1,
2026-01-04T19:10:00Z,1/4/2026 22:10,2.797,Working,-1,
2026-01-04T19:20:00Z,1/4/2026 22:20,2.795,Working,-1,
2026-01-04T19:30:00Z,1/4/2026 22:30,2.795,Working,-1,
2026-01-04T19:40:00Z,1/4/2026 22:40,2.794,Working,-1,
2026-01-04T19:50:00Z,1/4/2026 22:50,2.794,Working,-1,
2026-01-04T20:00:00Z,1/4/2026 23:00,2.792,Working,-1,
2026-01-04T20:10:00Z,1/4/2026 23:10,2.79,Working,-1,
2026-01-04T20:20:00Z,1/4/2026 23:20,2.791,Working,-1,
2026-01-04T20:30:00Z,1/4/2026 23:30,2.79,Working,-1,
2026-01-04T20:40:00Z,1/4/2026 23:40,2.789,Working,-1,
2026-01-04T20:50:00Z,1/4/2026 23:50,2.789,Working,-1,
2026-01-04T21:00:00Z,1/5/2026 0:00,2.788,Working,-1,
2026-01-04T21:10:00Z,1/5/2026 0:10,2.785,Working,-1,
2026-01-04T21:20:00Z,1/5/2026 0:20,2.786,Working,-1,
2026-01-04T21:30:00Z,1/5/2026 0:30,2.786,Working,-1,
2026-01-04T21:40:00Z,1/5/2026 0:40,2.785,Working,-1,
2026-01-04T21:50:00Z,1/5/2026 0:50,2.783,Working,-1,
2026-01-04T22:00:00Z,1/5/2026 1:00,2.782,Working,-1,
2026-01-04T22:10:00Z,1/5/2026 1:10,2.782,Working,-1,
2026-01-04T22:20:00Z,1/5/2026 1:20,2.78,Working,-1,
2026-01-04T22:30:00Z,1/5/2026 1:30,2.78,Working,-1,
2026-01-04T22:40:00Z,1/5/2026 1:40,2.779,Working,-1,
2026-01-04T22:50:00Z,1/5/2026 1:50,2.779,Working,-1,
2026-01-04T23:00:00Z,1/5/2026 2:00,2.777,Working,-1,
2026-01-04T23:10:00Z,1/5/2026 2:10,2.777,Working,-1,
2026-01-04T23:20:00Z,1/5/2026 2:20,2.775,Working,-1,
2026-01-04T23:30:00Z,1/5/2026 2:30,2.775,Working,-1,
2026-01-04T23:40:00Z,1/5/2026 2:40,2.774,Working,-1,
2026-01-04T23:50:00Z,1/5/2026 2:50,2.773,Working,-1,
2026-01-05T00:00:00Z,1/5/2026 3:00,2.771,Working,-1,
2026-01-05T00:10:00Z,1/5/2026 3:10,2.771,Working,-1,
2026-01-05T00:20:00Z,1/5/2026 3:20,2.77,Working,-1,
2026-01-05T00:30:00Z,1/5/2026 3:30,2.77,Working,-1,
2026-01-05T00:40:00Z,1/5/2026 3:40,2.769,Working,-1,
2026-01-05T00:50:00Z,1/5/2026 3:50,2.768,Working,-1,
2026-01-05T01:00:00Z,1/5/2026 4:00,2.768,Working,-1,
2026-01-05T01:10:00Z,1/5/2026 4:10,2.767,Working,-1,
2026-01-05T01:20:00Z,1/5/2026 4:20,2.766,Working,-1,
2026-01-05T01:30:00Z,1/5/2026 4:30,2.765,Working,-1,
2026-01-05T01:40:00Z,1/5/2026 4:40,2.763,Working,-1,
2026-01-05T01:50:00Z,1/5/2026 4:50,2.763,Working,-1,
2026-01-05T02:00:00Z,1/5/2026 5:00,2.762,Working,-1,
2026-01-05T02:10:00Z,1/5/2026 5:10,2.761,Working,-1,
2026-01-05T02:20:00Z,1/5/2026 5:20,2.761,Working,-1,
2026-01-05T02:30:00Z,1/5/2026 5:30,2.761,Working,-1,
2026-01-05T02:40:00Z,1/5/2026 5:40,2.76,Working,-1,
2026-01-05T02:50:00Z,1/5/2026 5:50,2.757,Working,-1,
2026-01-05T03:00:00Z,1/5/2026 6:00,2.757,Working,-1,
2026-01-05T03:10:00Z,1/5/2026 6:10,2.757,Working,-1,
2026-01-05T03:20:00Z,1/5/2026 6:20,2.756,Working,-1,
2026-01-05T03:30:00Z,1/5/2026 6:30,2.754,Working,-1,
2026-01-05T03:40:00Z,1/5/2026 6:40,2.754,Working,-1,
2026-01-05T03:50:00Z,1/5/2026 6:50,2.753,Working,-1,
2026-01-05T04:00:00Z,1/5/2026 7:00,2.752,Working,-1,
2026-01-05T04:10:00Z,1/5/2026 7:10,2.752,Working,-1,
2026-01-05T04:20:00Z,1/5/2026 7:20,2.751,Working,-1,
2026-01-05T04:30:00Z,1/5/2026 7:30,2.75,Working,-1,
2026-01-05T04:40:00Z,1/5/2026 7:40,2.75,Working,-1,
2026-01-05T04:50:00Z,1/5/2026 7:50,2.748,Working,-1,
2026-01-05T05:00:00Z,1/5/2026 8:00,2.748,Working,-1,
2026-01-05T05:10:00Z,1/5/2026 8:10,2.747,Working,-1,
2026-01-05T05:20:00Z,1/5/2026 8:20,2.747,Working,-1,
2026-01-05T05:30:00Z,1/5/2026 8:30,2.746,Working,-1,
2026-01-05T05:40:00Z,1/5/2026 8:40,2.744,Working,-1,
2026-01-05T05:50:00Z,1/5/2026 8:50,2.743,Working,-1,
2026-01-05T06:00:00Z,1/5/2026 9:00,2.743,Working,-1,
2026-01-05T06:10:00Z,1/5/2026 9:10,2.742,Working,-1,
2026-01-05T06:20:00Z,1/5/2026 9:20,2.74,Working,-1,
2026-01-05T06:30:00Z,1/5/2026 9:30,2.741,Working,-1,
2026-01-05T06:40:00Z,1/5/2026 9:40,2.741,Working,-1,
2026-01-05T06:50:00Z,1/5/2026 9:50,2.739,Working,-1,
2026-01-05T07:00:00Z,1/5/2026 10:00,2.738,Working,-1,
2026-01-05T07:10:00Z,1/5/2026 10:10,2.738,Working,-1,
2026-01-05T07:20:00Z,1/5/2026 10:20,2.735,Working,-1,
2026-01-05T08:25:00Z,1/5/2026 11:25,,,,
2026-01-05T09:30:00Z,1/5/2026 12:30,2.724,Working,-1,
2026-01-05T09:40:00Z,1/5/2026 12:40,2.723,Working,-1,
2026-01-05T09:50:00Z,1/5/2026 12:50,2.723,Working,-1,
2026-01-05T10:00:00Z,1/5/2026 13:00,2.723,Working,-1,
2026-01-05T10:10:00Z,1/5/2026 13:10,2.722,Working,-1,
2026-01-05T10:20:00Z,1/5/2026 13:20,2.722,Working,-1,
2026-01-05T10:30:00Z,1/5/2026 13:30,2.721,Working,-1,
2026-01-05T10:40:00Z,1/5/2026 13:40,2.72,Working,-1,
2026-01-05T10:50:00Z,1/5/2026 13:50,2.72,Working,-1,
2026-01-05T11:00:00Z,1/5/2026 14:00,2.72,Working,-1,
2026-01-05T11:10:00Z,1/5/2026 14:10,2.718,Working,-1,
2026-01-05T11:20:00Z,1/5/2026 14:20,2.719,Working,-1,
2026-01-05T11:30:00Z,1/5/2026 14:30,2.717,Working,-1,
2026-01-05T11:40:00Z,1/5/2026 14:40,2.715,Working,-1,
2026-01-05T11:50:00Z,1/5/2026 14:50,2.716,Working,-1,
2026-01-05T12:00:00Z,1/5/2026 15:00,2.715,Working,-1,
2026-01-05T12:10:00Z,1/5/2026 15:10,2.714,Working,-1,
2026-01-05T12:20:00Z,1/5/2026 15:20,2.712,Working,-1,
2026-01-05T13:25:00Z,1/5/2026 16:25,,,,
2026-01-05T14:30:00Z,1/5/2026 17:30,2.705,Working,-1,
2026-01-05T14:40:00Z,1/5/2026 17:40,2.703,Working,-1,
2026-01-05T14:50:00Z,1/5/2026 17:50,2.702,Working,-1,
2026-01-05T15:00:00Z,1/5/2026 18:00,2.703,Working,-1,
2026-01-05T15:10:00Z,1/5/2026 18:10,2.702,Working,-1,
2026-01-05T15:20:00Z,1/5/2026 18:20,2.702,Working,-1,
2026-01-05T15:30:00Z,1/5/2026 18:30,2.701,Working,-1,
2026-01-05T15:40:00Z,1/5/2026 18:40,2.701,Working,-1,
2026-01-05T15:50:00Z,1/5/2026 18:50,2.7,Working,-1,
2026-01-05T16:00:00Z,1/5/2026 19:00,2.701,Working,-1,
2026-01-05T16:10:00Z,1/5/2026 19:10,2.7,Working,-1,
2026-01-05T16:20:00Z,1/5/2026 19:20,2.699,Working,-1,
2026-01-05T16:30:00Z,1/5/2026 19:30,2.699,Working,-1,
2026-01-05T16:40:00Z,1/5/2026 19:40,2.699,Working,-1,
2026-01-05T16:50:00Z,1/5/2026 19:50,2.697,Working,-1,
2026-01-05T17:00:00Z,1/5/2026 20:00,2.697,Working,-1,
2026-01-05T17:10:00Z,1/5/2026 20:10,2.698,Working,-1,
2026-01-05T17:20:00Z,1/5/2026 20:20,2.695,Working,-1,
2026-01-05T18:25:00Z,1/5/2026 21:25,,,,
2026-01-05T19:30:00Z,1/5/2026 22:30,2.688,Working,-1,
2026-01-05T19:40:00Z,1/5/2026 22:40,2.687,Working,-1,
2026-01-05T19:50:00Z,1/5/2026 22:50,2.688,Working,-1,
2026-01-05T20:00:00Z,1/5/2026 23:00,2.686,Working,-1,
2026-01-05T20:10:00Z,1/5/2026 23:10,2.685,Working,-1,
2026-01-05T20:20:00Z,1/5/2026 23:20,2.686,Working,-1,
2026-01-05T20:30:00Z,1/5/2026 23:30,2.686,Working,-1,
2026-01-05T20:40:00Z,1/5/2026 23:40,2.685,Working,-1,
2026-01-05T20:50:00Z,1/5/2026 23:50,2.684,Working,-1,
2026-01-05T21:00:00Z,1/6/2026 0:00,2.684,Working,-1,
2026-01-05T21:10:00Z,1/6/2026 0:10,2.683,Working,-1,
2026-01-05T21:20:00Z,1/6/2026 0:20,2.684,Working,-1,
2026-01-05T21:30:00Z,1/6/2026 0:30,2.684,Working,-1,
2026-01-05T21:40:00Z,1/6/2026 0:40,2.683,Working,-1,
2026-01-05T21:50:00Z,1/6/2026 0:50,2.682,Working,-1,
2026-01-05T22:00:00Z,1/6/2026 1:00,2.682,Working,-1,
2026-01-05T22:10:00Z,1/6/2026 1:10,2.68,Working,-1,
2026-01-05T22:20:00Z,1/6/2026 1:20,2.68,Working,-1,
2026-01-05T23:25:00Z,1/6/2026 2:25,,,,
2026-01-06T00:30:00Z,1/6/2026 3:30,2.674,Working,-1,
2026-01-06T00:40:00Z,1/6/2026 3:40,2.675,Working,-1,
2026-01-06T00:50:00Z,1/6/2026 3:50,2.674,Working,-1,
2026-01-06T01:00:00Z,1/6/2026 4:00,2.675,Working,-1,
2026-01-06T01:10:00Z,1/6/2026 4:10,2.674,Working,-1,
2026-01-06T01:20:00Z,1/6/2026 4:20,2.674,Working,-1,
2026-01-06T01:30:00Z,1/6/2026 4:30,2.674,Working,-1,
2026-01-06T01:40:00Z,1/6/2026 4:40,2.673,Working,-1,
2026-01-06T01:50:00Z,1/6/2026 4:50,2.674,Working,-1,
2026-01-06T02:00:00Z,1/6/2026 5:00,2.673,Working,-1,
2026-01-06T02:10:00Z,1/6/2026 5:10,2.672,Working,-1,
2026-01-06T02:20:00Z,1/6/2026 5:20,2.671,Working,-1,
2026-01-06T02:30:00Z,1/6/2026 5:30,2.672,Working,-1,
2026-01-06T02:40:00Z,1/6/2026 5:40,2.67,Working,-1,
2026-01-06T02:50:00Z,1/6/2026 5:50,2.672,Working,-1,
2026-01-06T03:00:00Z,1/6/2026 6:00,2.67,Working,-1,
2026-01-06T03:10:00Z,1/6/2026 6:10,2.67,Working,-1,
2026-01-06T03:20:00Z,1/6/2026 6:20,2.67,Working,-1,
2026-01-06T03:30:00Z,1/6/2026 6:30,2.671,Working,-1,
2026-01-06T03:40:00Z,1/6/2026 6:40,2.67,Working,-1,
2026-01-06T03:50:00Z,1/6/2026 6:50,2.669,Working,-1,
2026-01-06T04:00:00Z,1/6/2026 7:00,2.67,Working,-1,
2026-01-06T04:10:00Z,1/6/2026 7:10,2.669,Working,-1,
2026-01-06T04:20:00Z,1/6/2026 7:20,2.67,Working,-1,
2026-01-06T04:30:00Z,1/6/2026 7:30,2.671,Working,-1,
2026-01-06T04:40:00Z,1/6/2026 7:40,2.671,Working,-1,
2026-01-06T04:50:00Z,1/6/2026 7:50,2.671,Working,-1,
2026-01-06T05:00:00Z,1/6/2026 8:00,2.671,Working,-1,
2026-01-06T05:10:00Z,1/6/2026 8:10,2.671,Working,-1,
2026-01-06T05:20:00Z,1/6/2026 8:20,2.671,Working,-1,
2026-01-06T05:30:00Z,1/6/2026 8:30,2.672,Working,-1,
2026-01-06T05:40:00Z,1/6/2026 8:40,2.671,Working,-1,
2026-01-06T05:50:00Z,1/6/2026 8:50,2.671,Working,-1,
2026-01-06T06:00:00Z,1/6/2026 9:00,2.671,Working,-1,
2026-01-06T06:10:00Z,1/6/2026 9:10,2.672,Working,-1,
2026-01-06T06:20:00Z,1/6/2026 9:20,2.669,Working,-1,
2026-01-06T06:30:00Z,1/6/2026 9:30,2.671,Working,-1,
2026-01-06T06:40:00Z,1/6/2026 9:40,2.67,Working,-1,
2026-01-06T06:50:00Z,1/6/2026 9:50,2.67,Working,-1,
2026-01-06T07:00:00Z,1/6/2026 10:00,2.67,Working,-1,
2026-01-06T07:10:00Z,1/6/2026 10:10,2.669,Working,-1,
2026-01-06T07:20:00Z,1/6/2026 10:20,2.668,Working,-1,
2026-01-06T07:30:00Z,1/6/2026 10:30,2.667,Working,-1,
2026-01-06T07:40:00Z,1/6/2026 10:40,2.668,Working,-1,
2026-01-06T07:50:00Z,1/6/2026 10:50,2.668,Working,-1,
2026-01-06T08:00:00Z,1/6/2026 11:00,2.668,Working,-1,
2026-01-06T08:10:00Z,1/6/2026 11:10,2.667,Working,-1,
2026-01-06T08:20:00Z,1/6/2026 11:20,2.667,Working,-1,
2026-01-06T08:30:00Z,1/6/2026 11:30,2.668,Working,-1,
2026-01-06T08:40:00Z,1/6/2026 11:40,2.668,Working,-1,
2026-01-06T08:50:00Z,1/6/2026 11:50,2.667,Working,-1,
2026-01-06T09:00:00Z,1/6/2026 12:00,2.667,Working,-1,
2026-01-06T09:10:00Z,1/6/2026 12:10,2.667,Working,-1,
2026-01-06T09:20:00Z,1/6/2026 12:20,2.668,Working,-1,
2026-01-06T09:30:00Z,1/6/2026 12:30,2.667,Working,-1,
2026-01-06T09:40:00Z,1/6/2026 12:40,2.668,Working,-1,
2026-01-06T09:50:00Z,1/6/2026 12:50,2.668,Working,-1,
2026-01-06T10:00:00Z,1/6/2026 13:00,2.668,Working,-1,
2026-01-06T10:10:00Z,1/6/2026 13:10,2.669,Working,-1,
2026-01-06T10:20:00Z,1/6/2026 13:20,2.67,Working,-1,
2026-01-06T10:30:00Z,1/6/2026 13:30,2.671,Working,-1,
2026-01-06T10:40:00Z,1/6/2026 13:40,2.67,Working,-1,
2026-01-06T10:50:00Z,1/6/2026 13:50,2.67,Working,-1,
2026-01-06T11:00:00Z,1/6/2026 14:00,2.671,Working,-1,
2026-01-06T11:10:00Z,1/6/2026 14:10,2.671,Working,-1,
2026-01-06T11:20:00Z,1/6/2026 14:20,2.669,Working,-1,
2026-01-06T11:30:00Z,1/6/2026 14:30,2.669,Working,-1,
2026-01-06T11:40:00Z,1/6/2026 14:40,2.67,Working,-1,
2026-01-06T11:50:00Z,1/6/2026 14:50,2.67,Working,-1,
2026-01-06T12:00:00Z,1/6/2026 15:00,2.671,Working,-1,
2026-01-06T12:10:00Z,1/6/2026 15:10,2.672,Working,-1,
2026-01-06T12:20:00Z,1/6/2026 15:20,2.671,Working,-1,
2026-01-06T12:30:00Z,1/6/2026 15:30,2.67,Working,-1,
2026-01-06T12:40:00Z,1/6/2026 15:40,2.672,Working,-1,
2026-01-06T12:50:00Z,1/6/2026 15:50,2.672,Working,-1,
2026-01-06T13:00:00Z,1/6/2026 16:00,2.673,Working,-1,
2026-01-06T13:10:00Z,1/6/2026 16:10,2.674,Working,-1,
2026-01-06T13:20:00Z,1/6/2026 16:20,2.674,Working,-1,
2026-01-06T13:30:00Z,1/6/2026 16:30,2.674,Working,-1,
2026-01-06T13:40:00Z,1/6/2026 16:40,2.675,Working,-1,
2026-01-06T13:50:00Z,1/6/2026 16:50,2.674,Working,-1,
2026-01-06T14:00:00Z,1/6/2026 17:00,2.676,Working,-1,
2026-01-06T14:10:00Z,1/6/2026 17:10,2.676,Working,-1,
2026-01-06T14:20:00Z,1/6/2026 17:20,2.677,Working,-1,
2026-01-06T14:30:00Z,1/6/2026 17:30,2.676,Working,-1,
2026-01-06T14:40:00Z,1/6/2026 17:40,2.677,Working,-1,
2026-01-06T14:50:00Z,1/6/2026 17:50,2.678,Working,-1,
2026-01-06T15:00:00Z,1/6/2026 18:00,2.679,Working,-1,
2026-01-06T15:10:00Z,1/6/2026 18:10,2.679,Working,-1,
2026-01-06T15:20:00Z,1/6/2026 18:20,2.682,Working,-1,
2026-01-06T15:30:00Z,1/6/2026 18:30,2.682,Working,-1,
2026-01-06T15:40:00Z,1/6/2026 18:40,2.682,Working,-1,
2026-01-06T15:50:00Z,1/6/2026 18:50,2.684,Working,-1,
2026-01-06T16:00:00Z,1/6/2026 19:00,2.685,Working,-1,
2026-01-06T16:10:00Z,1/6/2026 19:10,2.688,Working,-1,
2026-01-06T16:20:00Z,1/6/2026 19:20,2.69,Working,-1,
2026-01-06T16:30:00Z,1/6/2026 19:30,2.691,Working,-1,
2026-01-06T16:40:00Z,1/6/2026 19:40,2.693,Working,-1,
2026-01-06T16:50:00Z,1/6/2026 19:50,2.694,Working,-1,
2026-01-06T17:00:00Z,1/6/2026 20:00,2.696,Working,-1,
2026-01-06T17:10:00Z,1/6/2026 20:10,2.698,Working,-1,
2026-01-06T17:20:00Z,1/6/2026 20:20,2.7,Working,-1,
2026-01-06T17:30:00Z,1/6/2026 20:30,2.703,Working,-1,
2026-01-06T17:40:00Z,1/6/2026 20:40,2.706,Working,-1,
2026-01-06T17:50:00Z,1/6/2026 20:50,2.708,Working,-1,
2026-01-06T18:00:00Z,1/6/2026 21:00,2.713,Working,-1,
2026-01-06T18:10:00Z,1/6/2026 21:10,2.716,Working,-1,
2026-01-06T18:20:00Z,1/6/2026 21:20,2.717,Working,-1,
2026-01-06T18:30:00Z,1/6/2026 21:30,2.721,Working,-1,
2026-01-06T18:40:00Z,1/6/2026 21:40,2.725,Working,-1,
2026-01-06T18:50:00Z,1/6/2026 21:50,2.728,Working,-1,
2026-01-06T19:00:00Z,1/6/2026 22:00,2.731,Working,-1,
2026-01-06T19:10:00Z,1/6/2026 22:10,2.735,Working,-1,
2026-01-06T19:20:00Z,1/6/2026 22:20,2.74,Working,-1,
2026-01-06T19:30:00Z,1/6/2026 22:30,2.743,Working,-1,
2026-01-06T19:40:00Z,1/6/2026 22:40,2.746,Working,-1,
2026-01-06T19:50:00Z,1/6/2026 22:50,2.751,Working,-1,
2026-01-06T20:00:00Z,1/6/2026 23:00,2.755,Working,-1,
2026-01-06T20:10:00Z,1/6/2026 23:10,2.758,Working,-1,
2026-01-06T20:20:00Z,1/6/2026 23:20,2.762,Working,-1,
2026-01-06T20:30:00Z,1/6/2026 23:30,2.766,Working,-1,
2026-01-06T20:40:00Z,1/6/2026 23:40,2.77,Working,-1,
2026-01-06T20:50:00Z,1/6/2026 23:50,2.774,Working,-1,
2026-01-06T21:00:00Z,1/7/2026 0:00,2.78,Working,-1,
2026-01-06T21:10:00Z,1/7/2026 0:10,2.781,Working,-1,
2026-01-06T21:20:00Z,1/7/2026 0:20,2.786,Working,-1,
2026-01-06T21:30:00Z,1/7/2026 0:30,2.791,Working,-1,
2026-01-06T21:40:00Z,1/7/2026 0:40,2.794,Working,-1,
2026-01-06T21:50:00Z,1/7/2026 0:50,2.799,Working,-1,
2026-01-06T22:00:00Z,1/7/2026 1:00,2.801,Working,-1,
2026-01-06T22:10:00Z,1/7/2026 1:10,2.806,Working,-1,
2026-01-06T22:20:00Z,1/7/2026 1:20,2.81,Working,-1,
2026-01-06T22:30:00Z,1/7/2026 1:30,2.813,Working,-1,
2026-01-06T22:40:00Z,1/7/2026 1:40,2.816,Working,-1,
2026-01-06T22:50:00Z,1/7/2026 1:50,2.819,Working,-1,
2026-01-06T23:00:00Z,1/7/2026 2:00,2.822,Working,-1,
2026-01-06T23:10:00Z,1/7/2026 2:10,2.825,Working,-1,
2026-01-06T23:20:00Z,1/7/2026 2:20,2.828,Working,-1,
2026-01-06T23:30:00Z,1/7/2026 2:30,2.831,Working,-1,
2026-01-06T23:40:00Z,1/7/2026 2:40,2.832,Working,-1,
2026-01-06T23:50:00Z,1/7/2026 2:50,2.836,Working,-1,
2026-01-07T00:00:00Z,1/7/2026 3:00,2.838,Working,-1,
2026-01-07T00:10:00Z,1/7/2026 3:10,2.841,Working,-1,
2026-01-07T00:20:00Z,1/7/2026 3:20,2.843,Working,-1,
2026-01-07T00:30:00Z,1/7/2026 3:30,2.846,Working,-1,
2026-01-07T00:40:00Z,1/7/2026 3:40,2.848,Working,-1,
2026-01-07T00:50:00Z,1/7/2026 3:50,2.849,Working,-1,
2026-01-07T01:00:00Z,1/7/2026 4:00,2.851,Working,-1,
2026-01-07T01:10:00Z,1/7/2026 4:10,2.855,Working,-1,
2026-01-07T01:20:00Z,1/7/2026 4:20,2.853,Working,-1,
2026-01-07T01:30:00Z,1/7/2026 4:30,2.855,Working,-1,
2026-01-07T01:40:00Z,1/7/2026 4:40,2.856,Working,-1,
2026-01-07T01:50:00Z,1/7/2026 4:50,2.858,Working,-1,
2026-01-07T02:00:00Z,1/7/2026 5:00,2.858,Working,-1,
2026-01-07T02:10:00Z,1/7/2026 5:10,2.858,Working,-1,
2026-01-07T02:20:00Z,1/7/2026 5:20,2.859,Working,-1,
2026-01-07T02:55:00Z,1/7/2026 5:55,,,,
2026-01-07T03:30:00Z,1/7/2026 6:30,2.86,Working,-1,
2026-01-07T03:40:00Z,1/7/2026 6:40,2.859,Working,-1,
2026-01-07T03:50:00Z,1/7/2026 6:50,2.859,Working,-1,
2026-01-07T04:00:00Z,1/7/2026 7:00,2.858,Working,-1,
2026-01-07T04:10:00Z,1/7/2026 7:10,2.858,Working,-1,
2026-01-07T04:20:00Z,1/7/2026 7:20,2.857,Working,-1,
2026-01-07T04:30:00Z,1/7/2026 7:30,2.856,Working,-1,
2026-01-07T04:40:00Z,1/7/2026 7:40,2.856,Working,-1,
2026-01-07T04:50:00Z,1/7/2026 7:50,2.857,Working,-1,
2026-01-07T05:00:00Z,1/7/2026 8:00,2.855,Working,-1,
2026-01-07T05:10:00Z,1/7/2026 8:10,2.855,Working,-1,
2026-01-07T05:20:00Z,1/7/2026 8:20,2.853,Working,-1,
2026-01-07T05:30:00Z,1/7/2026 8:30,2.852,Working,-1,
2026-01-07T05:40:00Z,1/7/2026 8:40,2.851,Working,-1,
2026-01-07T05:50:00Z,1/7/2026 8:50,2.849,Working,-1,
2026-01-07T06:00:00Z,1/7/2026 9:00,2.848,Working,-1,
2026-01-07T06:10:00Z,1/7/2026 9:10,2.845,Working,-1,
2026-01-07T06:20:00Z,1/7/2026 9:20,2.844,Working,-1,
2026-01-07T06:30:00Z,1/7/2026 9:30,2.841,Working,-1,
2026-01-07T06:40:00Z,1/7/2026 9:40,2.837,Working,-1,
2026-01-07T06:50:00Z,1/7/2026 9:50,2.837,Working,-1,
2026-01-07T07:00:00Z,1/7/2026 10:00,2.835,Working,-1,
2026-01-07T07:10:00Z,1/7/2026 10:10,2.832,Working,-1,
2026-01-07T07:20:00Z,1/7/2026 10:20,2.83,Working,-1,
2026-01-07T07:30:00Z,1/7/2026 10:30,2.827,Working,-1,
2026-01-07T07:40:00Z,1/7/2026 10:40,2.823,Working,-1,
2026-01-07T07:50:00Z,1/7/2026 10:50,2.821,Working,-1,
2026-01-07T08:00:00Z,1/7/2026 11:00,2.818,Working,-1,
2026-01-07T08:10:00Z,1/7/2026 11:10,2.814,Working,-1,
2026-01-07T08:20:00Z,1/7/2026 11:20,2.812,Working,-1,
2026-01-07T08:30:00Z,1/7/2026 11:30,2.809,Working,-1,
2026-01-07T08:40:00Z,1/7/2026 11:40,2.805,Working,-1,
2026-01-07T08:50:00Z,1/7/2026 11:50,2.804,Working,-1,
2026-01-07T09:00:00Z,1/7/2026 12:00,2.801,Working,-1,
2026-01-07T09:10:00Z,1/7/2026 12:10,2.799,Working,-1,
2026-01-07T09:20:00Z,1/7/2026 12:20,2.796,Working,-1,
2026-01-07T09:30:00Z,1/7/2026 12:30,2.792,Working,-1,
2026-01-07T09:40:00Z,1/7/2026 12:40,2.79,Working,-1,
2026-01-07T09:50:00Z,1/7/2026 12:50,2.788,Working,-1,
2026-01-07T10:00:00Z,1/7/2026 13:00,2.783,Working,-1,
2026-01-07T10:10:00Z,1/7/2026 13:10,2.782,Working,-1,
2026-01-07T10:20:00Z,1/7/2026 13:20,2.779,Working,-1,
2026-01-07T10:30:00Z,1/7/2026 13:30,2.775,Working,-1,
2026-01-07T10:40:00Z,1/7/2026 13:40,2.774,Working,-1,
2026-01-07T10:50:00Z,1/7/2026 13:50,2.771,Working,-1,
2026-01-07T11:00:00Z,1/7/2026 14:00,2.767,Working,-1,
2026-01-07T11:10:00Z,1/7/2026 14:10,2.764,Working,-1,
2026-01-07T11:20:00Z,1/7/2026 14:20,2.764,Working,-1,
2026-01-07T11:30:00Z,1/7/2026 14:30,2.762,Working,-1,
2026-01-07T11:40:00Z,1/7/2026 14:40,2.759,Working,-1,
2026-01-07T11:50:00Z,1/7/2026 14:50,2.756,Working,-1,
2026-01-07T12:00:00Z,1/7/2026 15:00,2.754,Working,-1,
2026-01-07T12:10:00Z,1/7/2026 15:10,2.752,Working,-1,
2026-01-07T12:20:00Z,1/7/2026 15:20,2.749,Working,-1,
2026-01-07T12:55:00Z,1/7/2026 15:55,,,,
2026-01-07T13:30:00Z,1/7/2026 16:30,2.73,Working,-1,
2026-01-07T13:40:00Z,1/7/2026 16:40,2.729,Working,-1,
2026-01-07T13:50:00Z,1/7/2026 16:50,2.73,Working,-1,
2026-01-07T14:00:00Z,1/7/2026 17:00,2.724,Working,-1,
2026-01-07T14:10:00Z,1/7/2026 17:10,2.722,Working,-1,
2026-01-07T14:20:00Z,1/7/2026 17:20,2.72,Working,-1,
2026-01-07T14:30:00Z,1/7/2026 17:30,2.718,Working,-1,
2026-01-07T14:40:00Z,1/7/2026 17:40,2.716,Working,-1,
2026-01-07T14:50:00Z,1/7/2026 17:50,2.715,Working,-1,
2026-01-07T15:00:00Z,1/7/2026 18:00,2.712,Working,-1,
2026-01-07T15:10:00Z,1/7/2026 18:10,2.709,Working,-1,
2026-01-07T15:20:00Z,1/7/2026 18:20,2.707,Working,-1,
2026-01-07T15:30:00Z,1/7/2026 18:30,2.706,Working,-1,
2026-01-07T15:40:00Z,1/7/2026 18:40,2.704,Working,-1,
2026-01-07T15:50:00Z,1/7/2026 18:50,2.702,Working,-1,
2026-01-07T16:00:00Z,1/7/2026 19:00,2.699,Working,-1,
2026-01-07T16:10:00Z,1/7/2026 19:10,2.698,Working,-1,
2026-01-07T16:20:00Z,1/7/2026 19:20,2.695,Working,-1,
2026-01-07T16:30:00Z,1/7/2026 19:30,2.694,Working,-1,
2026-01-07T16:40:00Z,1/7/2026 19:40,2.693,Working,-1,
2026-01-07T16:50:00Z,1/7/2026 19:50,2.69,Working,-1,
2026-01-07T17:00:00Z,1/7/2026 20:00,2.687,Working,-1,
2026-01-07T17:10:00Z,1/7/2026 20:10,2.686,Working,-1,
2026-01-07T17:20:00Z,1/7/2026 20:20,2.686,Working,-1,
2026-01-07T17:30:00Z,1/7/2026 20:30,2.682,Working,-1,
2026-01-07T17:40:00Z,1/7/2026 20:40,2.68,Working,-1,
2026-01-07T17:50:00Z,1/7/2026 20:50,2.68,Working,-1,
2026-01-07T18:00:00Z,1/7/2026 21:00,2.678,Working,-1,
2026-01-07T18:10:00Z,1/7/2026 21:10,2.676,Working,-1,
2026-01-07T18:20:00Z,1/7/2026 21:20,2.675,Working,-1,
2026-01-07T18:30:00Z,1/7/2026 21:30,2.673,Working,-1,
2026-01-07T18:40:00Z,1/7/2026 21:40,2.671,Working,-1,
2026-01-07T18:50:00Z,1/7/2026 21:50,2.67,Working,-1,
2026-01-07T19:00:00Z,1/7/2026 22:00,2.67,Working,-1,
2026-01-07T19:10:00Z,1/7/2026 22:10,2.668,Working,-1,
2026-01-07T19:20:00Z,1/7/2026 22:20,2.667,Working,-1,
2026-01-07T19:30:00Z,1/7/2026 22:30,2.665,Working,-1,
2026-01-07T19:40:00Z,1/7/2026 22:40,2.663,Working,-1,
2026-01-07T19:50:00Z,1/7/2026 22:50,2.662,Working,-1,
2026-01-07T20:00:00Z,1/7/2026 23:00,2.661,Working,-1,
2026-01-07T20:10:00Z,1/7/2026 23:10,2.66,Working,-1,
2026-01-07T20:20:00Z,1/7/2026 23:20,2.658,Working,-1,
2026-01-07T20:30:00Z,1/7/2026 23:30,2.657,Working,-1,
2026-01-07T20:40:00Z,1/7/2026 23:40,2.656,Working,-1,
2026-01-07T20:50:00Z,1/7/2026 23:50,2.655,Working,-1,
2026-01-07T21:00:00Z,1/8/2026 0:00,2.653,Working,-1,
2026-01-07T21:10:00Z,1/8/2026 0:10,2.651,Working,-1,
2026-01-07T21:20:00Z,1/8/2026 0:20,2.651,Working,-1,
2026-01-07T21:30:00Z,1/8/2026 0:30,2.65,Working,-1,
2026-01-07T21:40:00Z,1/8/2026 0:40,2.648,Working,-1,
2026-01-07T21:50:00Z,1/8/2026 0:50,2.647,Working,-1,
2026-01-07T22:00:00Z,1/8/2026 1:00,2.647,Working,-1,
2026-01-07T22:10:00Z,1/8/2026 1:10,2.647,Working,-1,
2026-01-07T22:20:00Z,1/8/2026 1:20,2.644,Working,-1,
2026-01-07T22:55:00Z,1/8/2026 1:55,,,,
2026-01-07T23:30:00Z,1/8/2026 2:30,2.638,Working,-1,
2026-01-07T23:40:00Z,1/8/2026 2:40,2.637,Working,-1,
2026-01-07T23:50:00Z,1/8/2026 2:50,2.636,Working,-1,
2026-01-08T00:00:00Z,1/8/2026 3:00,2.634,Working,-1,
2026-01-08T00:10:00Z,1/8/2026 3:10,2.633,Working,-1,
2026-01-08T00:20:00Z,1/8/2026 3:20,2.633,Working,-1,
2026-01-08T00:30:00Z,1/8/2026 3:30,2.631,Working,-1,
2026-01-08T00:40:00Z,1/8/2026 3:40,2.632,Working,-1,
2026-01-08T00:50:00Z,1/8/2026 3:50,2.63,Working,-1,
2026-01-08T01:00:00Z,1/8/2026 4:00,2.629,Working,-1,
2026-01-08T01:10:00Z,1/8/2026 4:10,2.629,Working,-1,
2026-01-08T01:20:00Z,1/8/2026 4:20,2.629,Working,-1,
2026-01-08T01:30:00Z,1/8/2026 4:30,2.627,Working,-1,
2026-01-08T01:40:00Z,1/8/2026 4:40,2.627,Working,-1,
2026-01-08T01:50:00Z,1/8/2026 4:50,2.625,Working,-1,
2026-01-08T02:00:00Z,1/8/2026 5:00,2.624,Working,-1,
2026-01-08T02:10:00Z,1/8/2026 5:10,2.622,Working,-1,
2026-01-08T02:20:00Z,1/8/2026 5:20,2.622,Working,-1,
2026-01-08T02:30:00Z,1/8/2026 5:30,2.619,Working,-1,
2026-01-08T02:40:00Z,1/8/2026 5:40,2.622,Working,-1,
2026-01-08T02:50:00Z,1/8/2026 5:50,2.62,Working,-1,
2026-01-08T03:00:00Z,1/8/2026 6:00,2.618,Working,-1,
2026-01-08T03:10:00Z,1/8/2026 6:10,2.617,Working,-1,
2026-01-08T03:20:00Z,1/8/2026 6:20,2.617,Working,-1,
2026-01-08T03:55:00Z,1/8/2026 6:55,,,,
2026-01-08T04:30:00Z,1/8/2026 7:30,2.615,Working,-1,
2026-01-08T04:40:00Z,1/8/2026 7:40,2.615,Working,-1,
2026-01-08T04:50:00Z,1/8/2026 7:50,2.614,Working,-1,
2026-01-08T05:00:00Z,1/8/2026 8:00,2.614,Working,-1,
2026-01-08T05:10:00Z,1/8/2026 8:10,2.613,Working,-1,
2026-01-08T05:20:00Z,1/8/2026 8:20,2.613,Working,-1,
2026-01-08T05:55:00Z,1/8/2026 8:55,,,,
2026-01-08T06:30:00Z,1/8/2026 9:30,2.609,Working,-1,
2026-01-08T06:40:00Z,1/8/2026 9:40,2.61,Working,-1,
2026-01-08T06:50:00Z,1/8/2026 9:50,2.608,Working,-1,
2026-01-08T07:00:00Z,1/8/2026 10:00,2.605,Working,-1,
2026-01-08T07:10:00Z,1/8/2026 10:10,2.604,Working,-1,
2026-01-08T07:20:00Z,1/8/2026 10:20,2.603,Working,-1,
2026-01-08T07:30:00Z,1/8/2026 10:30,2.603,Working,-1,
2026-01-08T07:40:00Z,1/8/2026 10:40,2.6,Working,-1,
2026-01-08T07:50:00Z,1/8/2026 10:50,2.599,Working,-1,
2026-01-08T08:00:00Z,1/8/2026 11:00,2.598,Working,-1,
2026-01-08T08:10:00Z,1/8/2026 11:10,2.598,Working,-1,
2026-01-08T08:20:00Z,1/8/2026 11:20,2.596,Working,-1,
2026-01-08T08:30:00Z,1/8/2026 11:30,2.595,Working,-1,
2026-01-08T08:40:00Z,1/8/2026 11:40,2.594,Working,-1,
2026-01-08T08:50:00Z,1/8/2026 11:50,2.595,Working,-1,
2026-01-08T09:00:00Z,1/8/2026 12:00,2.594,Working,-1,
2026-01-08T09:10:00Z,1/8/2026 12:10,2.593,Working,-1,
2026-01-08T09:20:00Z,1/8/2026 12:20,2.592,Working,-1,
2026-01-08T10:25:00Z,1/8/2026 13:25,,,,
2026-01-08T11:30:00Z,1/8/2026 14:30,2.588,Working,-1,
2026-01-08T11:40:00Z,1/8/2026 14:40,2.588,Working,-1,
2026-01-08T11:50:00Z,1/8/2026 14:50,2.587,Working,-1,
2026-01-08T12:00:00Z,1/8/2026 15:00,2.586,Working,-1,
2026-01-08T12:10:00Z,1/8/2026 15:10,2.586,Working,-1,
2026-01-08T12:20:00Z,1/8/2026 15:20,2.585,Working,-1,
2026-01-08T12:30:00Z,1/8/2026 15:30,2.585,Working,-1,
2026-01-08T12:40:00Z,1/8/2026 15:40,2.585,Working,-1,
2026-01-08T12:50:00Z,1/8/2026 15:50,2.584,Working,-1,
2026-01-08T13:00:00Z,1/8/2026 16:00,2.584,Working,-1,
2026-01-08T13:10:00Z,1/8/2026 16:10,2.583,Working,-1,
2026-01-08T13:20:00Z,1/8/2026 16:20,2.583,Working,-1,
2026-01-08T13:30:00Z,1/8/2026 16:30,2.581,Working,-1,
2026-01-08T13:40:00Z,1/8/2026 16:40,2.582,Working,-1,
2026-01-08T13:50:00Z,1/8/2026 16:50,2.58,Working,-1,
2026-01-08T14:00:00Z,1/8/2026 17:00,2.578,Working,-1,
2026-01-08T14:10:00Z,1/8/2026 17:10,2.579,Working,-1,
2026-01-08T14:20:00Z,1/8/2026 17:20,2.578,Working,-1,
2026-01-08T15:25:00Z,1/8/2026 18:25,,,,
2026-01-08T16:30:00Z,1/8/2026 19:30,2.57,Working,-1,
2026-01-08T16:40:00Z,1/8/2026 19:40,2.57,Working,-1,
2026-01-08T16:50:00Z,1/8/2026 19:50,2.569,Working,-1,
2026-01-08T17:00:00Z,1/8/2026 20:00,2.567,Working,-1,
2026-01-08T17:10:00Z,1/8/2026 20:10,2.568,Working,-1,
2026-01-08T17:20:00Z,1/8/2026 20:20,2.567,Working,-1,
2026-01-08T17:30:00Z,1/8/2026 20:30,2.566,Working,-1,
2026-01-08T17:40:00Z,1/8/2026 20:40,2.566,Working,-1,
2026-01-08T17:50:00Z,1/8/2026 20:50,2.565,Working,-1,
2026-01-08T18:00:00Z,1/8/2026 21:00,2.564,Working,-1,
2026-01-08T18:10:00Z,1/8/2026 21:10,2.564,Working,-1,
2026-01-08T18:20:00Z,1/8/2026 21:20,2.563,Working,-1,
2026-01-08T18:30:00Z,1/8/2026 21:30,2.564,Working,-1,
2026-01-08T18:40:00Z,1/8/2026 21:40,2.564,Working,-1,
2026-01-08T18:50:00Z,1/8/2026 21:50,2.562,Working,-1,
2026-01-08T19:00:00Z,1/8/2026 22:00,2.563,Working,-1,
2026-01-08T19:10:00Z,1/8/2026 22:10,2.561,Working,-1,
2026-01-08T19:20:00Z,1/8/2026 22:20,2.562,Working,-1,
2026-01-08T20:25:00Z,1/8/2026 23:25,,,,
2026-01-08T21:30:00Z,1/9/2026 0:30,2.557,Working,-1,
2026-01-08T21:40:00Z,1/9/2026 0:40,2.556,Working,-1,
2026-01-08T21:50:00Z,1/9/2026 0:50,2.556,Working,-1,
2026-01-08T22:00:00Z,1/9/2026 1:00,2.555,Working,-1,
2026-01-08T22:10:00Z,1/9/2026 1:10,2.555,Working,-1,
2026-01-08T22:20:00Z,1/9/2026 1:20,2.555,Working,-1,
2026-01-08T22:30:00Z,1/9/2026 1:30,2.554,Working,-1,
2026-01-08T22:40:00Z,1/9/2026 1:40,2.554,Working,-1,
2026-01-08T22:50:00Z,1/9/2026 1:50,2.552,Working,-1,
2026-01-08T23:00:00Z,1/9/2026 2:00,2.554,Working,-1,
2026-01-08T23:10:00Z,1/9/2026 2:10,2.553,Working,-1,
2026-01-08T23:20:00Z,1/9/2026 2:20,2.554,Working,-1,
2026-01-08T23:30:00Z,1/9/2026 2:30,2.553,Working,-1,
2026-01-08T23:40:00Z,1/9/2026 2:40,2.553,Working,-1,
2026-01-08T23:50:00Z,1/9/2026 2:50,2.552,Working,-1,
2026-01-09T00:00:00Z,1/9/2026 3:00,2.551,Working,-1,
2026-01-09T00:10:00Z,1/9/2026 3:10,2.552,Working,-1,
2026-01-09T00:20:00Z,1/9/2026 3:20,2.551,Working,-1,
2026-01-09T00:55:00Z,1/9/2026 3:55,,,,
2026-01-09T01:30:00Z,1/9/2026 4:30,2.55,Working,-1,
2026-01-09T01:40:00Z,1/9/2026 4:40,2.549,Working,-1,
2026-01-09T01:50:00Z,1/9/2026 4:50,2.55,Working,-1,
2026-01-09T02:00:00Z,1/9/2026 5:00,2.55,Working,-1,
2026-01-09T02:10:00Z,1/9/2026 5:10,2.551,Working,-1,
2026-01-09T02:20:00Z,1/9/2026 5:20,2.552,Working,-1,
2026-01-09T02:30:00Z,1/9/2026 5:30,2.551,Working,-1,
2026-01-09T02:40:00Z,1/9/2026 5:40,2.552,Working,-1,
2026-01-09T02:50:00Z,1/9/2026 5:50,2.552,Working,-1,
2026-01-09T03:00:00Z,1/9/2026 6:00,2.554,Working,-1,
2026-01-09T03:10:00Z,1/9/2026 6:10,2.554,Working,-1,
2026-01-09T03:20:00Z,1/9/2026 6:20,2.554,Working,-1,
2026-01-09T03:30:00Z,1/9/2026 6:30,2.555,Working,-1,
2026-01-09T03:40:00Z,1/9/2026 6:40,2.555,Working,-1,
2026-01-09T03:50:00Z,1/9/2026 6:50,2.553,Working,-1,
2026-01-09T04:00:00Z,1/9/2026 7:00,2.553,Working,-1,
2026-01-09T04:10:00Z,1/9/2026 7:10,2.554,Working,-1,
2026-01-09T04:20:00Z,1/9/2026 7:20,2.553,Working,-1,
2026-01-09T04:30:00Z,1/9/2026 7:30,2.553,Working,-1,
2026-01-09T04:40:00Z,1/9/2026 7:40,2.554,Working,-1,
2026-01-09T04:50:00Z,1/9/2026 7:50,2.553,Working,-1,
2026-01-09T05:00:00Z,1/9/2026 8:00,2.553,Working,-1,
2026-01-09T05:10:00Z,1/9/2026 8:10,2.553,Working,-1,
2026-01-09T05:20:00Z,1/9/2026 8:20,2.551,Working,-1,
2026-01-09T05:30:00Z,1/9/2026 8:30,2.552,Working,-1,
2026-01-09T05:40:00Z,1/9/2026 8:40,2.551,Working,-1,
2026-01-09T05:50:00Z,1/9/2026 8:50,2.551,Working,-1,
2026-01-09T06:00:00Z,1/9/2026 9:00,2.55,Working,-1,
2026-01-09T06:10:00Z,1/9/2026 9:10,2.549,Working,-1,
2026-01-09T06:20:00Z,1/9/2026 9:20,2.549,Working,-1,
2026-01-09T06:30:00Z,1/9/2026 9:30,2.549,Working,-1,
2026-01-09T06:40:00Z,1/9/2026 9:40,2.548,Working,-1,
2026-01-09T06:50:00Z,1/9/2026 9:50,2.548,Working,-1,
2026-01-09T07:00:00Z,1/9/2026 10:00,2.547,Working,-1,
2026-01-09T07:10:00Z,1/9/2026 10:10,2.546,Working,-1,
2026-01-09T07:20:00Z,1/9/2026 10:20,2.544,Working,-1,
2026-01-09T07:30:00Z,1/9/2026 10:30,2.543,Working,-1,
2026-01-09T07:40:00Z,1/9/2026 10:40,2.541,Working,-1,
2026-01-09T07:50:00Z,1/9/2026 10:50,2.538,Working,-1,
2026-01-09T08:00:00Z,1/9/2026 11:00,2.537,Working,-1,
2026-01-09T08:10:00Z,1/9/2026 11:10,2.535,Working,-1,
2026-01-09T08:20:00Z,1/9/2026 11:20,2.533,Working,-1,
2026-01-09T08:30:00Z,1/9/2026 11:30,2.534,Working,-1,
2026-01-09T08:40:00Z,1/9/2026 11:40,2.534,Working,-1,
2026-01-09T08:50:00Z,1/9/2026 11:50,2.534,Working,-1,
2026-01-09T09:00:00Z,1/9/2026 12:00,2.534,Working,-1,
2026-01-09T09:10:00Z,1/9/2026 12:10,2.532,Working,-1,
2026-01-09T09:20:00Z,1/9/2026 12:20,2.533,Working,-1,
2026-01-09T09:30:00Z,1/9/2026 12:30,2.532,Working,-1,
2026-01-09T09:40:00Z,1/9/2026 12:40,2.531,Working,-1,
2026-01-09T09:50:00Z,1/9/2026 12:50,2.53,Working,-1,
2026-01-09T10:00:00Z,1/9/2026 13:00,2.531,Working,-1,
2026-01-09T10:10:00Z,1/9/2026 13:10,2.531,Working,-1,
2026-01-09T10:20:00Z,1/9/2026 13:20,2.53,Working,-1,
2026-01-09T10:30:00Z,1/9/2026 13:30,2.53,Working,-1,
2026-01-09T10:40:00Z,1/9/2026 13:40,2.529,Working,-1,
2026-01-09T10:50:00Z,1/9/2026 13:50,2.53,Working,-1,
2026-01-09T11:00:00Z,1/9/2026 14:00,2.528,Working,-1,
2026-01-09T11:10:00Z,1/9/2026 14:10,2.53,Working,-1,
2026-01-09T11:20:00Z,1/9/2026 14:20,2.527,Working,-1,
2026-01-09T11:30:00Z,1/9/2026 14:30,2.528,Working,-1,
2026-01-09T11:40:00Z,1/9/2026 14:40,2.53,Working,-1,
2026-01-09T11:50:00Z,1/9/2026 14:50,2.528,Working,-1,
2026-01-09T12:00:00Z,1/9/2026 15:00,2.529,Working,-1,
2026-01-09T12:10:00Z,1/9/2026 15:10,2.528,Working,-1,
2026-01-09T12:20:00Z,1/9/2026 15:20,2.527,Working,-1,
2026-01-09T12:30:00Z,1/9/2026 15:30,2.527,Working,-1,
2026-01-09T12:40:00Z,1/9/2026 15:40,2.526,Working,-1,
2026-01-09T12:50:00Z,1/9/2026 15:50,2.525,Working,-1,
2026-01-09T13:00:00Z,1/9/2026 16:00,2.524,Working,-1,
2026-01-09T13:10:00Z,1/9/2026 16:10,2.526,Working,-1,
2026-01-09T13:20:00Z,1/9/2026 16:20,2.524,Working,-1,
2026-01-09T13:30:00Z,1/9/2026 16:30,2.524,Working,-1,
2026-01-09T13:40:00Z,1/9/2026 16:40,2.524,Working,-1,
2026-01-09T13:50:00Z,1/9/2026 16:50,2.523,Working,-1,
2026-01-09T14:00:00Z,1/9/2026 17:00,2.524,Working,-1,
2026-01-09T14:10:00Z,1/9/2026 17:10,2.523,Working,-1,
2026-01-09T14:20:00Z,1/9/2026 17:20,2.522,Working,-1,
2026-01-09T14:30:00Z,1/9/2026 17:30,2.523,Working,-1,
2026-01-09T14:40:00Z,1/9/2026 17:40,2.522,Working,-1,
2026-01-09T14:50:00Z,1/9/2026 17:50,2.522,Working,-1,
2026-01-09T15:00:00Z,1/9/2026 18:00,2.521,Working,-1,
2026-01-09T15:10:00Z,1/9/2026 18:10,2.522,Working,-1,
2026-01-09T15:20:00Z,1/9/2026 18:20,2.519,Working,-1,
2026-01-09T15:30:00Z,1/9/2026 18:30,2.52,Working,-1,
2026-01-09T15:40:00Z,1/9/2026 18:40,2.518,Working,-1,
2026-01-09T15:50:00Z,1/9/2026 18:50,2.517,Working,-1,
2026-01-09T16:00:00Z,1/9/2026 19:00,2.517,Working,-1,
2026-01-09T16:10:00Z,1/9/2026 19:10,2.518,Working,-1,
2026-01-09T16:20:00Z,1/9/2026 19:20,2.518,Working,-1,
2026-01-09T16:30:00Z,1/9/2026 19:30,2.517,Working,-1,
2026-01-09T16:40:00Z,1/9/2026 19:40,2.516,Working,-1,
2026-01-09T16:50:00Z,1/9/2026 19:50,2.515,Working,-1,
2026-01-09T17:00:00Z,1/9/2026 20:00,2.515,Working,-1,
2026-01-09T17:10:00Z,1/9/2026 20:10,2.515,Working,-1,
2026-01-09T17:20:00Z,1/9/2026 20:20,2.515,Working,-1,
2026-01-09T17:55:00Z,1/9/2026 20:55,,,,
2026-01-09T18:30:00Z,1/9/2026 21:30,2.511,Working,-1,
2026-01-09T18:40:00Z,1/9/2026 21:40,2.511,Working,-1,
2026-01-09T18:50:00Z,1/9/2026 21:50,2.51,Working,-1,
2026-01-09T19:00:00Z,1/9/2026 22:00,2.512,Working,-1,
2026-01-09T19:10:00Z,1/9/2026 22:10,2.51,Working,-1,
2026-01-09T19:20:00Z,1/9/2026 22:20,2.509,Working,-1,
2026-01-09T19:30:00Z,1/9/2026 22:30,2.51,Working,-1,
2026-01-09T19:40:00Z,1/9/2026 22:40,2.509,Working,-1,
2026-01-09T19:50:00Z,1/9/2026 22:50,2.509,Working,-1,
2026-01-09T20:00:00Z,1/9/2026 23:00,2.51,Working,-1,
2026-01-09T20:10:00Z,1/9/2026 23:10,2.509,Working,-1,
2026-01-09T20:20:00Z,1/9/2026 23:20,2.508,Working,-1,
2026-01-09T20:30:00Z,1/9/2026 23:30,2.507,Working,-1,
2026-01-09T20:40:00Z,1/9/2026 23:40,2.508,Working,-1,
2026-01-09T20:50:00Z,1/9/2026 23:50,2.508,Working,-1,
2026-01-09T21:00:00Z,1/10/2026 0:00,2.508,Working,-1,
2026-01-09T21:10:00Z,1/10/2026 0:10,2.507,Working,-1,
2026-01-09T21:20:00Z,1/10/2026 0:20,2.508,Working,-1,
2026-01-09T21:30:00Z,1/10/2026 0:30,2.506,Working,-1,
2026-01-09T21:40:00Z,1/10/2026 0:40,2.507,Working,-1,
2026-01-09T21:50:00Z,1/10/2026 0:50,2.506,Working,-1,
2026-01-09T22:00:00Z,1/10/2026 1:00,2.506,Working,-1,
2026-01-09T22:10:00Z,1/10/2026 1:10,2.506,Working,-1,
2026-01-09T22:20:00Z,1/10/2026 1:20,2.506,Working,-1,
2026-01-09T22:30:00Z,1/10/2026 1:30,2.506,Working,-1,
2026-01-09T22:40:00Z,1/10/2026 1:40,2.504,Working,-1,
2026-01-09T22:50:00Z,1/10/2026 1:50,2.504,Working,-1,
2026-01-09T23:00:00Z,1/10/2026 2:00,2.505,Working,-1,
2026-01-09T23:10:00Z,1/10/2026 2:10,2.503,Working,-1,
2026-01-09T23:20:00Z,1/10/2026 2:20,2.504,Working,-1,
2026-01-09T23:30:00Z,1/10/2026 2:30,2.504,Working,-1,
2026-01-09T23:40:00Z,1/10/2026 2:40,2.503,Working,-1,
2026-01-09T23:50:00Z,1/10/2026 2:50,2.503,Working,-1,
2026-01-10T00:00:00Z,1/10/2026 3:00,2.504,Working,-1,
2026-01-10T00:10:00Z,1/10/2026 3:10,2.503,Working,-1,
2026-01-10T00:20:00Z,1/10/2026 3:20,2.502,Working,-1,
2026-01-10T00:30:00Z,1/10/2026 3:30,2.503,Working,-1,
2026-01-10T00:40:00Z,1/10/2026 3:40,2.504,Working,-1,
2026-01-10T00:50:00Z,1/10/2026 3:50,2.502,Working,-1,
2026-01-10T01:00:00Z,1/10/2026 4:00,2.502,Working,-1,
2026-01-10T01:10:00Z,1/10/2026 4:10,2.502,Working,-1,
2026-01-10T01:20:00Z,1/10/2026 4:20,2.501,Working,-1,
2026-01-10T01:30:00Z,1/10/2026 4:30,2.5,Working,-1,
2026-01-10T01:40:00Z,1/10/2026 4:40,2.5,Working,-1,
2026-01-10T01:50:00Z,1/10/2026 4:50,2.5,Working,-1,
2026-01-10T02:00:00Z,1/10/2026 5:00,2.5,Working,-1,
2026-01-10T02:10:00Z,1/10/2026 5:10,2.5,Working,-1,
2026-01-10T02:20:00Z,1/10/2026 5:20,2.501,Working,-1,
2026-01-10T02:30:00Z,1/10/2026 5:30,2.5,Working,-1,
2026-01-10T02:40:00Z,1/10/2026 5:40,2.502,Working,-1,
2026-01-10T02:50:00Z,1/10/2026 5:50,2.501,Working,-1,
2026-01-10T03:00:00Z,1/10/2026 6:00,2.502,Working,-1,
2026-01-10T03:10:00Z,1/10/2026 6:10,2.501,Working,-1,
2026-01-10T03:20:00Z,1/10/2026 6:20,2.502,Working,-1,
2026-01-10T03:55:00Z,1/10/2026 6:55,,,,
2026-01-10T04:30:00Z,1/10/2026 7:30,2.502,Working,-1,
2026-01-10T04:40:00Z,1/10/2026 7:40,2.504,Working,-1,
2026-01-10T04:50:00Z,1/10/2026 7:50,2.504,Working,-1,
2026-01-10T05:00:00Z,1/10/2026 8:00,2.503,Working,-1,
2026-01-10T05:10:00Z,1/10/2026 8:10,2.505,Working,-1,
2026-01-10T05:20:00Z,1/10/2026 8:20,2.503,Working,-1,
2026-01-10T05:30:00Z,1/10/2026 8:30,2.504,Working,-1,
2026-01-10T05:40:00Z,1/10/2026 8:40,2.505,Working,-1,
2026-01-10T05:50:00Z,1/10/2026 8:50,2.503,Working,-1,
2026-01-10T06:00:00Z,1/10/2026 9:00,2.503,Working,-1,
2026-01-10T06:10:00Z,1/10/2026 9:10,2.502,Working,-1,
2026-01-10T06:20:00Z,1/10/2026 9:20,2.501,Working,-1,
2026-01-10T06:30:00Z,1/10/2026 9:30,2.502,Working,-1,
2026-01-10T06:40:00Z,1/10/2026 9:40,2.499,Working,-1,
2026-01-10T06:50:00Z,1/10/2026 9:50,2.497,Working,-1,
2026-01-10T07:00:00Z,1/10/2026 10:00,2.499,Working,-1,
2026-01-10T07:10:00Z,1/10/2026 10:10,2.496,Working,-1,
2026-01-10T07:20:00Z,1/10/2026 10:20,2.495,Working,-1,
2026-01-10T07:30:00Z,1/10/2026 10:30,2.493,Working,-1,
2026-01-10T07:40:00Z,1/10/2026 10:40,2.492,Working,-1,
2026-01-10T07:50:00Z,1/10/2026 10:50,2.492,Working,-1,
2026-01-10T08:00:00Z,1/10/2026 11:00,2.491,Working,-1,
2026-01-10T08:10:00Z,1/10/2026 11:10,2.492,Working,-1,
2026-01-10T08:20:00Z,1/10/2026 11:20,2.49,Working,-1,
2026-01-10T08:55:00Z,1/10/2026 11:55,,,,
2026-01-10T09:30:00Z,1/10/2026 12:30,2.491,Working,-1,
2026-01-10T09:40:00Z,1/10/2026 12:40,2.495,Working,-1,
2026-01-10T09:50:00Z,1/10/2026 12:50,2.495,Working,-1,
2026-01-10T10:00:00Z,1/10/2026 13:00,2.495,Working,-1,
2026-01-10T10:10:00Z,1/10/2026 13:10,2.497,Working,-1,
2026-01-10T10:20:00Z,1/10/2026 13:20,2.497,Working,-1,
2026-01-10T10:30:00Z,1/10/2026 13:30,2.497,Working,-1,
2026-01-10T10:40:00Z,1/10/2026 13:40,2.495,Working,-1,
2026-01-10T10:50:00Z,1/10/2026 13:50,2.495,Working,-1,
2026-01-10T11:00:00Z,1/10/2026 14:00,2.495,Working,-1,
2026-01-10T11:10:00Z,1/10/2026 14:10,2.495,Working,-1,
2026-01-10T11:20:00Z,1/10/2026 14:20,2.494,Working,-1,
2026-01-10T11:30:00Z,1/10/2026 14:30,2.496,Working,-1,
2026-01-10T11:40:00Z,1/10/2026 14:40,2.494,Working,-1,
2026-01-10T11:50:00Z,1/10/2026 14:50,2.495,Working,-1,
2026-01-10T12:00:00Z,1/10/2026 15:00,2.495,Working,-1,
2026-01-10T12:10:00Z,1/10/2026 15:10,2.493,Working,-1,
2026-01-10T12:20:00Z,1/10/2026 15:20,2.495,Working,-1,
2026-01-10T12:30:00Z,1/10/2026 15:30,2.494,Working,-1,
2026-01-10T12:40:00Z,1/10/2026 15:40,2.493,Working,-1,
2026-01-10T12:50:00Z,1/10/2026 15:50,2.494,Working,-1,
2026-01-10T13:00:00Z,1/10/2026 16:00,2.494,Working,-1,
2026-01-10T13:10:00Z,1/10/2026 16:10,2.494,Working,-1,
2026-01-10T13:20:00Z,1/10/2026 16:20,2.494,Working,-1,
2026-01-10T13:30:00Z,1/10/2026 16:30,2.493,Working,-1,
2026-01-10T13:40:00Z,1/10/2026 16:40,2.494,Working,-1,
2026-01-10T13:50:00Z,1/10/2026 16:50,2.492,Working,-1,
2026-01-10T14:00:00Z,1/10/2026 17:00,2.493,Working,-1,
2026-01-10T14:10:00Z,1/10/2026 17:10,2.493,Working,-1,
2026-01-10T14:20:00Z,1/10/2026 17:20,2.493,Working,-1,
2026-01-10T14:55:00Z,1/10/2026 17:55,,,,
2026-01-10T15:30:00Z,1/10/2026 18:30,2.492,Working,-1,
2026-01-10T15:40:00Z,1/10/2026 18:40,2.492,Working,-1,
2026-01-10T15:50:00Z,1/10/2026 18:50,2.492,Working,-1,
2026-01-10T16:00:00Z,1/10/2026 19:00,2.492,Working,-1,
2026-01-10T16:10:00Z,1/10/2026 19:10,2.493,Working,-1,
2026-01-10T16:20:00Z,1/10/2026 19:20,2.491,Working,-1,
2026-01-10T16:30:00Z,1/10/2026 19:30,2.491,Working,-1,
2026-01-10T16:40:00Z,1/10/2026 19:40,2.491,Working,-1,
2026-01-10T16:50:00Z,1/10/2026 19:50,2.491,Working,-1,
2026-01-10T17:00:00Z,1/10/2026 20:00,2.491,Working,-1,
2026-01-10T17:10:00Z,1/10/2026 20:10,2.489,Working,-1,
2026-01-10T17:20:00Z,1/10/2026 20:20,2.491,Working,-1,
2026-01-10T17:30:00Z,1/10/2026 20:30,2.49,Working,-1,
2026-01-10T17:40:00Z,1/10/2026 20:40,2.49,Working,-1,
2026-01-10T17:50:00Z,1/10/2026 20:50,2.489,Working,-1,
2026-01-10T18:00:00Z,1/10/2026 21:00,2.49,Working,-1,
2026-01-10T18:10:00Z,1/10/2026 21:10,2.49,Working,-1,
2026-01-10T18:20:00Z,1/10/2026 21:20,2.489,Working,-1,
2026-01-10T18:30:00Z,1/10/2026 21:30,2.488,Working,-1,
2026-01-10T18:40:00Z,1/10/2026 21:40,2.488,Working,-1,
2026-01-10T18:50:00Z,1/10/2026 21:50,2.487,Working,-1,
2026-01-10T19:00:00Z,1/10/2026 22:00,2.487,Working,-1,
2026-01-10T19:10:00Z,1/10/2026 22:10,2.486,Working,-1,
2026-01-10T19:20:00Z,1/10/2026 22:20,2.486,Working,-1,
2026-01-10T19:30:00Z,1/10/2026 22:30,2.485,Working,-1,
2026-01-10T19:40:00Z,1/10/2026 22:40,2.485,Working,-1,
2026-01-10T19:50:00Z,1/10/2026 22:50,2.483,Working,-1,
2026-01-10T20:00:00Z,1/10/2026 23:00,2.485,Working,-1,
2026-01-10T20:10:00Z,1/10/2026 23:10,2.483,Working,-1,
2026-01-10T20:20:00Z,1/10/2026 23:20,2.483,Working,-1,
2026-01-10T20:30:00Z,1/10/2026 23:30,2.483,Working,-1,
2026-01-10T20:40:00Z,1/10/2026 23:40,2.483,Working,-1,
2026-01-10T20:50:00Z,1/10/2026 23:50,2.482,Working,-1,
2026-01-10T21:00:00Z,1/11/2026 0:00,2.481,Working,-1,
2026-01-10T21:10:00Z,1/11/2026 0:10,2.482,Working,-1,
2026-01-10T21:20:00Z,1/11/2026 0:20,2.482,Working,-1,
2026-01-10T21:30:00Z,1/11/2026 0:30,2.481,Working,-1,
2026-01-10T21:40:00Z,1/11/2026 0:40,2.48,Working,-1,
2026-01-10T21:50:00Z,1/11/2026 0:50,2.48,Working,-1,
2026-01-10T22:00:00Z,1/11/2026 1:00,2.48,Working,-1,
2026-01-10T22:10:00Z,1/11/2026 1:10,2.479,Working,-1,
2026-01-10T22:20:00Z,1/11/2026 1:20,2.478,Working,-1,
2026-01-10T22:30:00Z,1/11/2026 1:30,2.479,Working,-1,
2026-01-10T22:40:00Z,1/11/2026 1:40,2.48,Working,-1,
2026-01-10T22:50:00Z,1/11/2026 1:50,2.48,Working,-1,
2026-01-10T23:00:00Z,1/11/2026 2:00,2.479,Working,-1,
2026-01-10T23:10:00Z,1/11/2026 2:10,2.479,Working,-1,
2026-01-10T23:20:00Z,1/11/2026 2:20,2.478,Working,-1,
2026-01-10T23:30:00Z,1/11/2026 2:30,2.479,Working,-1,
2026-01-10T23:40:00Z,1/11/2026 2:40,2.479,Working,-1,
2026-01-10T23:50:00Z,1/11/2026 2:50,2.478,Working,-1,
2026-01-11T00:00:00Z,1/11/2026 3:00,2.478,Working,-1,
2026-01-11T00:10:00Z,1/11/2026 3:10,2.478,Working,-1,
2026-01-11T00:20:00Z,1/11/2026 3:20,2.477,Working,-1,
2026-01-11T00:30:00Z,1/11/2026 3:30,2.477,Working,-1,
2026-01-11T00:40:00Z,1/11/2026 3:40,2.477,Working,-1,
2026-01-11T00:50:00Z,1/11/2026 3:50,2.477,Working,-1,
2026-01-11T01:00:00Z,1/11/2026 4:00,2.476,Working,-1,
2026-01-11T01:10:00Z,1/11/2026 4:10,2.477,Working,-1,
2026-01-11T01:20:00Z,1/11/2026 4:20,2.477,Working,-1,
2026-01-11T01:55:00Z,1/11/2026 4:55,,,,
2026-01-11T02:30:00Z,1/11/2026 5:30,2.475,Working,-1,
2026-01-11T02:40:00Z,1/11/2026 5:40,2.474,Working,-1,
2026-01-11T02:50:00Z,1/11/2026 5:50,2.474,Working,-1,
2026-01-11T03:00:00Z,1/11/2026 6:00,2.474,Working,-1,
2026-01-11T03:10:00Z,1/11/2026 6:10,2.474,Working,-1,
2026-01-11T03:20:00Z,1/11/2026 6:20,2.474,Working,-1,
2026-01-11T03:30:00Z,1/11/2026 6:30,2.473,Working,-1,
2026-01-11T03:40:00Z,1/11/2026 6:40,2.473,Working,-1,
2026-01-11T03:50:00Z,1/11/2026 6:50,2.475,Working,-1,
2026-01-11T04:00:00Z,1/11/2026 7:00,2.474,Working,-1,
2026-01-11T04:10:00Z,1/11/2026 7:10,2.475,Working,-1,
2026-01-11T04:20:00Z,1/11/2026 7:20,2.474,Working,-1,
2026-01-11T04:30:00Z,1/11/2026 7:30,2.473,Working,-1,
2026-01-11T04:40:00Z,1/11/2026 7:40,2.473,Working,-1,
2026-01-11T04:50:00Z,1/11/2026 7:50,2.473,Working,-1,
2026-01-11T05:00:00Z,1/11/2026 8:00,2.473,Working,-1,
2026-01-11T05:10:00Z,1/11/2026 8:10,2.474,Working,-1,
2026-01-11T05:20:00Z,1/11/2026 8:20,2.472,Working,-1,
2026-01-11T05:30:00Z,1/11/2026 8:30,2.471,Working,-1,
2026-01-11T05:40:00Z,1/11/2026 8:40,2.472,Working,-1,
2026-01-11T05:50:00Z,1/11/2026 8:50,2.471,Working,-1,
2026-01-11T06:00:00Z,1/11/2026 9:00,2.472,Working,-1,
2026-01-11T06:10:00Z,1/11/2026 9:10,2.471,Working,-1,
2026-01-11T06:20:00Z,1/11/2026 9:20,2.472,Working,-1,
2026-01-11T06:30:00Z,1/11/2026 9:30,2.471,Working,-1,
2026-01-11T06:40:00Z,1/11/2026 9:40,2.473,Working,-1,
2026-01-11T06:50:00Z,1/11/2026 9:50,2.471,Working,-1,
2026-01-11T07:00:00Z,1/11/2026 10:00,2.472,Working,-1,
2026-01-11T07:10:00Z,1/11/2026 10:10,2.471,Working,-1,
2026-01-11T07:20:00Z,1/11/2026 10:20,2.471,Working,-1,
2026-01-11T07:55:00Z,1/11/2026 10:55,,,,
2026-01-11T08:30:00Z,1/11/2026 11:30,2.47,Working,-1,
2026-01-11T08:40:00Z,1/11/2026 11:40,2.47,Working,-1,
2026-01-11T08:50:00Z,1/11/2026 11:50,2.471,Working,-1,
2026-01-11T09:00:00Z,1/11/2026 12:00,2.469,Working,-1,
2026-01-11T09:10:00Z,1/11/2026 12:10,2.471,Working,-1,
2026-01-11T09:20:00Z,1/11/2026 12:20,2.473,Working,-1,
2026-01-11T09:30:00Z,1/11/2026 12:30,2.472,Working,-1,
2026-01-11T09:40:00Z,1/11/2026 12:40,2.471,Working,-1,
2026-01-11T09:50:00Z,1/11/2026 12:50,2.472,Working,-1,
2026-01-11T10:00:00Z,1/11/2026 13:00,2.472,Working,-1,
2026-01-11T10:10:00Z,1/11/2026 13:10,2.472,Working,-1,
2026-01-11T10:20:00Z,1/11/2026 13:20,2.475,Working,-1,
2026-01-11T10:30:00Z,1/11/2026 13:30,2.472,Working,-1,
2026-01-11T10:40:00Z,1/11/2026 13:40,2.473,Working,-1,
2026-01-11T10:50:00Z,1/11/2026 13:50,2.474,Working,-1,
2026-01-11T11:00:00Z,1/11/2026 14:00,2.475,Working,-1,
2026-01-11T11:10:00Z,1/11/2026 14:10,2.474,Working,-1,
2026-01-11T11:20:00Z,1/11/2026 14:20,2.472,Working,-1,
2026-01-11T11:30:00Z,1/11/2026 14:30,2.473,Working,-1,
2026-01-11T11:40:00Z,1/11/2026 14:40,2.473,Working,-1,
2026-01-11T11:50:00Z,1/11/2026 14:50,2.474,Working,-1,
2026-01-11T12:00:00Z,1/11/2026 15:00,2.472,Working,-1,
2026-01-11T12:10:00Z,1/11/2026 15:10,2.474,Working,-1,
2026-01-11T12:20:00Z,1/11/2026 15:20,2.472,Working,-1,
2026-01-11T12:55:00Z,1/11/2026 15:55,,,,
2026-01-11T13:30:00Z,1/11/2026 16:30,2.474,Working,-1,
2026-01-11T13:40:00Z,1/11/2026 16:40,2.474,Working,-1,
2026-01-11T13:50:00Z,1/11/2026 16:50,2.475,Working,-1,
2026-01-11T14:00:00Z,1/11/2026 17:00,2.473,Working,-1,
2026-01-11T14:10:00Z,1/11/2026 17:10,2.473,Working,-1,
2026-01-11T14:20:00Z,1/11/2026 17:20,2.473,Working,-1,
2026-01-11T14:30:00Z,1/11/2026 17:30,2.473,Working,-1,
2026-01-11T14:40:00Z,1/11/2026 17:40,2.471,Working,-1,
2026-01-11T14:50:00Z,1/11/2026 17:50,2.472,Working,-1,
2026-01-11T15:00:00Z,1/11/2026 18:00,2.472,Working,-1,
2026-01-11T15:10:00Z,1/11/2026 18:10,2.471,Working,-1,
2026-01-11T15:20:00Z,1/11/2026 18:20,2.471,Working,-1,
2026-01-11T15:30:00Z,1/11/2026 18:30,2.469,Working,-1,
2026-01-11T15:40:00Z,1/11/2026 18:40,2.469,Working,-1,
2026-01-11T15:50:00Z,1/11/2026 18:50,2.47,Working,-1,
2026-01-11T16:00:00Z,1/11/2026 19:00,2.47,Working,-1,
2026-01-11T16:10:00Z,1/11/2026 19:10,2.466,Working,-1,
2026-01-11T16:20:00Z,1/11/2026 19:20,2.465,Working,-1,
2026-01-11T17:55:00Z,1/11/2026 20:55,,,,
2026-01-11T19:30:00Z,1/11/2026 22:30,2.468,Working,-1,
2026-01-11T19:40:00Z,1/11/2026 22:40,2.467,Working,-1,
2026-01-11T19:50:00Z,1/11/2026 22:50,2.467,Working,-1,
2026-01-11T20:00:00Z,1/11/2026 23:00,2.467,Working,-1,
2026-01-11T20:10:00Z,1/11/2026 23:10,2.467,Working,-1,
2026-01-11T20:20:00Z,1/11/2026 23:20,2.468,Working,-1,
2026-01-11T21:55:00Z,1/12/2026 0:55,,,,
2026-01-11T23:30:00Z,1/12/2026 2:30,2.464,Working,-1,
2026-01-11T23:40:00Z,1/12/2026 2:40,2.463,Working,-1,
2026-01-11T23:50:00Z,1/12/2026 2:50,2.463,Working,-1,
2026-01-12T00:00:00Z,1/12/2026 3:00,2.464,Working,-1,
2026-01-12T00:10:00Z,1/12/2026 3:10,2.463,Working,-1,
2026-01-12T00:20:00Z,1/12/2026 3:20,2.463,Working,-1,
2026-01-12T00:30:00Z,1/12/2026 3:30,2.463,Working,-1,
2026-01-12T00:40:00Z,1/12/2026 3:40,2.463,Working,-1,
2026-01-12T00:50:00Z,1/12/2026 3:50,2.461,Working,-1,
2026-01-12T01:00:00Z,1/12/2026 4:00,2.462,Working,-1,
2026-01-12T01:10:00Z,1/12/2026 4:10,2.461,Working,-1,
2026-01-12T01:20:00Z,1/12/2026 4:20,2.461,Working,-1,
2026-01-12T01:30:00Z,1/12/2026 4:30,2.462,Working,-1,
2026-01-12T01:40:00Z,1/12/2026 4:40,2.462,Working,-1,
2026-01-12T01:50:00Z,1/12/2026 4:50,2.46,Working,-1,
2026-01-12T02:00:00Z,1/12/2026 5:00,2.461,Working,-1,
2026-01-12T02:10:00Z,1/12/2026 5:10,2.46,Working,-1,
2026-01-12T02:20:00Z,1/12/2026 5:20,2.46,Working,-1,
2026-01-12T02:30:00Z,1/12/2026 5:30,2.461,Working,-1,
2026-01-12T02:40:00Z,1/12/2026 5:40,2.46,Working,-1,
2026-01-12T02:50:00Z,1/12/2026 5:50,2.46,Working,-1,
2026-01-12T03:00:00Z,1/12/2026 6:00,2.46,Working,-1,
2026-01-12T03:10:00Z,1/12/2026 6:10,2.459,Working,-1,
2026-01-12T03:20:00Z,1/12/2026 6:20,2.459,Working,-1,
2026-01-12T03:30:00Z,1/12/2026 6:30,2.458,Working,-1,
2026-01-12T03:40:00Z,1/12/2026 6:40,2.458,Working,-1,
2026-01-12T03:50:00Z,1/12/2026 6:50,2.458,Working,-1,
2026-01-12T04:00:00Z,1/12/2026 7:00,2.458,Working,-1,
2026-01-12T04:10:00Z,1/12/2026 7:10,2.459,Working,-1,
2026-01-12T04:20:00Z,1/12/2026 7:20,2.457,Working,-1,
2026-01-12T04:30:00Z,1/12/2026 7:30,2.457,Working,-1,
2026-01-12T04:40:00Z,1/12/2026 7:40,2.456,Working,-1,
2026-01-12T04:50:00Z,1/12/2026 7:50,2.455,Working,-1,
2026-01-12T05:00:00Z,1/12/2026 8:00,2.455,Working,-1,
2026-01-12T05:10:00Z,1/12/2026 8:10,2.456,Working,-1,
2026-01-12T05:20:00Z,1/12/2026 8:20,2.456,Working,-1,
2026-01-12T05:30:00Z,1/12/2026 8:30,2.455,Working,-1,
2026-01-12T05:40:00Z,1/12/2026 8:40,2.455,Working,-1,
2026-01-12T05:50:00Z,1/12/2026 8:50,2.454,Working,-1,
2026-01-12T06:00:00Z,1/12/2026 9:00,2.454,Working,-1,
2026-01-12T06:10:00Z,1/12/2026 9:10,2.455,Working,-1,
2026-01-12T06:20:00Z,1/12/2026 9:20,2.455,Working,-1,
2026-01-12T06:30:00Z,1/12/2026 9:30,2.452,Working,-1,
2026-01-12T06:40:00Z,1/12/2026 9:40,2.453,Working,-1,
2026-01-12T06:50:00Z,1/12/2026 9:50,2.454,Working,-1,
2026-01-12T07:00:00Z,1/12/2026 10:00,2.453,Working,-1,
2026-01-12T07:10:00Z,1/12/2026 10:10,2.454,Working,-1,
2026-01-12T07:20:00Z,1/12/2026 10:20,2.454,Working,-1,
2026-01-12T07:55:00Z,1/12/2026 10:55,,,,
2026-01-12T08:30:00Z,1/12/2026 11:30,2.453,Working,-1,
2026-01-12T08:40:00Z,1/12/2026 11:40,2.453,Working,-1,
2026-01-12T08:50:00Z,1/12/2026 11:50,2.455,Working,-1,
2026-01-12T09:00:00Z,1/12/2026 12:00,2.453,Working,-1,
2026-01-12T09:10:00Z,1/12/2026 12:10,2.454,Working,-1,
2026-01-12T09:20:00Z,1/12/2026 12:20,2.454,Working,-1,
2026-01-12T09:30:00Z,1/12/2026 12:30,2.452,Working,-1,
2026-01-12T09:40:00Z,1/12/2026 12:40,2.453,Working,-1,
2026-01-12T09:50:00Z,1/12/2026 12:50,2.453,Working,-1,
2026-01-12T10:00:00Z,1/12/2026 13:00,2.452,Working,-1,
2026-01-12T10:10:00Z,1/12/2026 13:10,2.453,Working,-1,
2026-01-12T10:20:00Z,1/12/2026 13:20,2.452,Working,-1,
2026-01-12T10:55:00Z,1/12/2026 13:55,,,,
2026-01-12T11:30:00Z,1/12/2026 14:30,2.444,Working,-1,
2026-01-12T11:40:00Z,1/12/2026 14:40,2.444,Working,-1,
2026-01-12T11:50:00Z,1/12/2026 14:50,2.447,Working,-1,
2026-01-12T12:00:00Z,1/12/2026 15:00,2.446,Working,-1,
2026-01-12T12:10:00Z,1/12/2026 15:10,2.448,Working,-1,
2026-01-12T12:20:00Z,1/12/2026 15:20,2.447,Working,-1,
2026-01-12T12:55:00Z,1/12/2026 15:55,,,,
2026-01-12T13:30:00Z,1/12/2026 16:30,2.45,Working,-1,
2026-01-12T13:40:00Z,1/12/2026 16:40,2.45,Working,-1,
2026-01-12T13:50:00Z,1/12/2026 16:50,2.45,Working,-1,
2026-01-12T14:00:00Z,1/12/2026 17:00,2.449,Working,-1,
2026-01-12T14:10:00Z,1/12/2026 17:10,2.449,Working,-1,
2026-01-12T14:20:00Z,1/12/2026 17:20,2.451,Working,-1,
2026-01-12T15:25:00Z,1/12/2026 18:25,,,,
2026-01-12T16:30:00Z,1/12/2026 19:30,2.45,Working,-1,
2026-01-12T16:40:00Z,1/12/2026 19:40,2.451,Working,-1,
2026-01-12T16:50:00Z,1/12/2026 19:50,2.45,Working,-1,
2026-01-12T17:00:00Z,1/12/2026 20:00,2.45,Working,-1,
2026-01-12T17:10:00Z,1/12/2026 20:10,2.45,Working,-1,
2026-01-12T17:20:00Z,1/12/2026 20:20,2.448,Working,-1,
2026-01-12T17:55:00Z,1/12/2026 20:55,,,,
2026-01-12T18:30:00Z,1/12/2026 21:30,2.449,Working,-1,
2026-01-12T18:40:00Z,1/12/2026 21:40,2.448,Working,-1,
2026-01-12T18:50:00Z,1/12/2026 21:50,2.449,Working,-1,
2026-01-12T19:00:00Z,1/12/2026 22:00,2.448,Working,-1,
2026-01-12T19:10:00Z,1/12/2026 22:10,2.449,Working,-1,
2026-01-12T19:20:00Z,1/12/2026 22:20,2.448,Working,-1,
2026-01-12T19:30:00Z,1/12/2026 22:30,2.449,Working,-1,
2026-01-12T19:40:00Z,1/12/2026 22:40,2.45,Working,-1,
2026-01-12T19:50:00Z,1/12/2026 22:50,2.449,Working,-1,
2026-01-12T20:00:00Z,1/12/2026 23:00,2.449,Working,-1,
2026-01-12T20:10:00Z,1/12/2026 23:10,2.449,Working,-1,
2026-01-12T20:20:00Z,1/12/2026 23:20,2.449,Working,-1,
2026-01-12T20:55:00Z,1/12/2026 23:55,,,,
2026-01-12T21:30:00Z,1/13/2026 0:30,2.451,Working,-1,
2026-01-12T21:40:00Z,1/13/2026 0:40,2.45,Working,-1,
2026-01-12T21:50:00Z,1/13/2026 0:50,2.451,Working,-1,
2026-01-12T22:00:00Z,1/13/2026 1:00,2.452,Working,-1,
2026-01-12T22:10:00Z,1/13/2026 1:10,2.451,Working,-1,
2026-01-12T22:20:00Z,1/13/2026 1:20,2.452,Working,-1,
2026-01-12T22:30:00Z,1/13/2026 1:30,2.452,Working,-1,
2026-01-12T22:40:00Z,1/13/2026 1:40,2.453,Working,-1,
2026-01-12T22:50:00Z,1/13/2026 1:50,2.451,Working,-1,
2026-01-12T23:00:00Z,1/13/2026 2:00,2.452,Working,-1,
2026-01-12T23:10:00Z,1/13/2026 2:10,2.453,Working,-1,
2026-01-12T23:20:00Z,1/13/2026 2:20,2.454,Working,-1,
2026-01-12T23:30:00Z,1/13/2026 2:30,2.453,Working,-1,
2026-01-12T23:40:00Z,1/13/2026 2:40,2.453,Working,-1,
2026-01-12T23:50:00Z,1/13/2026 2:50,2.454,Working,-1,
2026-01-13T00:00:00Z,1/13/2026 3:00,2.454,Working,-1,
2026-01-13T00:10:00Z,1/13/2026 3:10,2.454,Working,-1,
2026-01-13T00:20:00Z,1/13/2026 3:20,2.454,Working,-1,
2026-01-13T01:25:00Z,1/13/2026 4:25,,,,
2026-01-13T02:30:00Z,1/13/2026 5:30,2.457,Working,-1,
2026-01-13T02:40:00Z,1/13/2026 5:40,2.455,Working,-1,
2026-01-13T02:50:00Z,1/13/2026 5:50,2.456,Working,-1,
2026-01-13T03:00:00Z,1/13/2026 6:00,2.454,Working,-1,
2026-01-13T03:10:00Z,1/13/2026 6:10,2.457,Working,-1,
2026-01-13T03:20:00Z,1/13/2026 6:20,2.456,Working,-1,
2026-01-13T03:30:00Z,1/13/2026 6:30,2.457,Working,-1,
2026-01-13T03:40:00Z,1/13/2026 6:40,2.457,Working,-1,
2026-01-13T03:50:00Z,1/13/2026 6:50,2.456,Working,-1,
2026-01-13T04:00:00Z,1/13/2026 7:00,2.456,Working,-1,
2026-01-13T04:10:00Z,1/13/2026 7:10,2.456,Working,-1,
2026-01-13T04:20:00Z,1/13/2026 7:20,2.455,Working,-1,
2026-01-13T04:30:00Z,1/13/2026 7:30,2.457,Working,-1,
2026-01-13T04:40:00Z,1/13/2026 7:40,2.457,Working,-1,
2026-01-13T04:50:00Z,1/13/2026 7:50,2.455,Working,-1,
2026-01-13T05:00:00Z,1/13/2026 8:00,2.455,Working,-1,
2026-01-13T05:10:00Z,1/13/2026 8:10,2.456,Working,-1,
2026-01-13T05:20:00Z,1/13/2026 8:20,2.454,Working,-1,
2026-01-13T05:30:00Z,1/13/2026 8:30,2.455,Working,-1,
2026-01-13T05:40:00Z,1/13/2026 8:40,2.454,Working,-1,
2026-01-13T05:50:00Z,1/13/2026 8:50,2.455,Working,-1,
2026-01-13T06:00:00Z,1/13/2026 9:00,2.455,Working,-1,
2026-01-13T06:10:00Z,1/13/2026 9:10,2.453,Working,-1,
2026-01-13T06:20:00Z,1/13/2026 9:20,2.453,Working,-1,
2026-01-13T06:30:00Z,1/13/2026 9:30,2.452,Working,-1,
2026-01-13T06:40:00Z,1/13/2026 9:40,2.453,Working,-1,
2026-01-13T06:50:00Z,1/13/2026 9:50,2.452,Working,-1,
2026-01-13T07:00:00Z,1/13/2026 10:00,2.453,Working,-1,
2026-01-13T07:10:00Z,1/13/2026 10:10,2.453,Working,-1,
2026-01-13T07:20:00Z,1/13/2026 10:20,2.45,Working,-1,
2026-01-13T07:30:00Z,1/13/2026 10:30,2.449,Working,-1,
2026-01-13T07:40:00Z,1/13/2026 10:40,2.449,Working,-1,
2026-01-13T07:50:00Z,1/13/2026 10:50,2.449,Working,-1,
2026-01-13T08:00:00Z,1/13/2026 11:00,2.448,Working,-1,
2026-01-13T08:10:00Z,1/13/2026 11:10,2.448,Working,-1,
2026-01-13T08:20:00Z,1/13/2026 11:20,2.444,Working,-1,
2026-01-13T08:30:00Z,1/13/2026 11:30,2.444,Working,-1,
2026-01-13T08:40:00Z,1/13/2026 11:40,2.445,Working,-1,
2026-01-13T08:50:00Z,1/13/2026 11:50,2.445,Working,-1,
2026-01-13T09:00:00Z,1/13/2026 12:00,2.444,Working,-1,
2026-01-13T09:10:00Z,1/13/2026 12:10,2.443,Working,-1,
2026-01-13T09:20:00Z,1/13/2026 12:20,2.444,Working,-1,
2026-01-13T09:30:00Z,1/13/2026 12:30,2.443,Working,-1,
2026-01-13T09:40:00Z,1/13/2026 12:40,2.443,Working,-1,
2026-01-13T09:50:00Z,1/13/2026 12:50,2.443,Working,-1,
2026-01-13T10:00:00Z,1/13/2026 13:00,2.441,Working,-1,
2026-01-13T10:10:00Z,1/13/2026 13:10,2.442,Working,-1,
2026-01-13T10:20:00Z,1/13/2026 13:20,2.442,Working,-1,
2026-01-13T10:30:00Z,1/13/2026 13:30,2.443,Working,-1,
2026-01-13T10:40:00Z,1/13/2026 13:40,2.441,Working,-1,
2026-01-13T10:50:00Z,1/13/2026 13:50,2.442,Working,-1,
2026-01-13T11:00:00Z,1/13/2026 14:00,2.442,Working,-1,
2026-01-13T11:10:00Z,1/13/2026 14:10,2.441,Working,-1,
2026-01-13T11:20:00Z,1/13/2026 14:20,2.441,Working,-1,
2026-01-13T11:30:00Z,1/13/2026 14:30,2.441,Working,-1,
2026-01-13T11:40:00Z,1/13/2026 14:40,2.44,Working,-1,
2026-01-13T11:50:00Z,1/13/2026 14:50,2.441,Working,-1,
2026-01-13T12:00:00Z,1/13/2026 15:00,2.441,Working,-1,
2026-01-13T12:10:00Z,1/13/2026 15:10,2.44,Working,-1,
2026-01-13T12:20:00Z,1/13/2026 15:20,2.441,Working,-1,
2026-01-13T12:30:00Z,1/13/2026 15:30,2.44,Working,-1,
2026-01-13T12:40:00Z,1/13/2026 15:40,2.44,Working,-1,
2026-01-13T12:50:00Z,1/13/2026 15:50,2.441,Working,-1,
2026-01-13T13:00:00Z,1/13/2026 16:00,2.439,Working,-1,
2026-01-13T13:10:00Z,1/13/2026 16:10,2.439,Working,-1,
2026-01-13T13:20:00Z,1/13/2026 16:20,2.44,Working,-1,
2026-01-13T13:30:00Z,1/13/2026 16:30,2.44,Working,-1,
2026-01-13T13:40:00Z,1/13/2026 16:40,2.439,Working,-1,
2026-01-13T13:50:00Z,1/13/2026 16:50,2.439,Working,-1,
2026-01-13T14:00:00Z,1/13/2026 17:00,2.439,Working,-1,
2026-01-13T14:10:00Z,1/13/2026 17:10,2.439,Working,-1,
2026-01-13T14:20:00Z,1/13/2026 17:20,2.438,Working,-1,
2026-01-13T14:30:00Z,1/13/2026 17:30,2.439,Working,-1,
2026-01-13T14:40:00Z,1/13/2026 17:40,2.438,Working,-1,
2026-01-13T14:50:00Z,1/13/2026 17:50,2.438,Working,-1,
2026-01-13T15:00:00Z,1/13/2026 18:00,2.437,Working,-1,
2026-01-13T15:10:00Z,1/13/2026 18:10,2.438,Working,-1,
2026-01-13T15:20:00Z,1/13/2026 18:20,2.437,Working,-1,
2026-01-13T15:30:00Z,1/13/2026 18:30,2.437,Working,-1,
2026-01-13T15:40:00Z,1/13/2026 18:40,2.437,Working,-1,
2026-01-13T15:50:00Z,1/13/2026 18:50,2.437,Working,-1,
2026-01-13T16:00:00Z,1/13/2026 19:00,2.437,Working,-1,
2026-01-13T16:10:00Z,1/13/2026 19:10,2.436,Working,-1,
2026-01-13T16:20:00Z,1/13/2026 19:20,2.436,Working,-1,
2026-01-13T16:30:00Z,1/13/2026 19:30,2.434,Working,-1,
2026-01-13T16:40:00Z,1/13/2026 19:40,2.435,Working,-1,
2026-01-13T16:50:00Z,1/13/2026 19:50,2.434,Working,-1,
2026-01-13T17:00:00Z,1/13/2026 20:00,2.432,Working,-1,
2026-01-13T17:10:00Z,1/13/2026 20:10,2.433,Working,-1,
2026-01-13T17:20:00Z,1/13/2026 20:20,2.432,Working,-1,
2026-01-13T17:30:00Z,1/13/2026 20:30,2.431,Working,-1,
2026-01-13T17:40:00Z,1/13/2026 20:40,2.432,Working,-1,
2026-01-13T17:50:00Z,1/13/2026 20:50,2.431,Working,-1,
2026-01-13T18:00:00Z,1/13/2026 21:00,2.431,Working,-1,
2026-01-13T18:10:00Z,1/13/2026 21:10,2.431,Working,-1,
2026-01-13T18:20:00Z,1/13/2026 21:20,2.43,Working,-1,
2026-01-13T18:30:00Z,1/13/2026 21:30,2.43,Working,-1,
2026-01-13T18:40:00Z,1/13/2026 21:40,2.43,Working,-1,
2026-01-13T18:50:00Z,1/13/2026 21:50,2.428,Working,-1,
2026-01-13T19:00:00Z,1/13/2026 22:00,2.429,Working,-1,
2026-01-13T19:10:00Z,1/13/2026 22:10,2.43,Working,-1,
2026-01-13T19:20:00Z,1/13/2026 22:20,2.428,Working,-1,
2026-01-13T19:30:00Z,1/13/2026 22:30,2.427,Working,-1,
2026-01-13T19:40:00Z,1/13/2026 22:40,2.429,Working,-1,
2026-01-13T19:50:00Z,1/13/2026 22:50,2.427,Working,-1,
2026-01-13T20:00:00Z,1/13/2026 23:00,2.428,Working,-1,
2026-01-13T20:10:00Z,1/13/2026 23:10,2.427,Working,-1,
2026-01-13T20:20:00Z,1/13/2026 23:20,2.427,Working,-1,
2026-01-13T20:30:00Z,1/13/2026 23:30,2.426,Working,-1,
2026-01-13T20:40:00Z,1/13/2026 23:40,2.428,Working,-1,
2026-01-13T20:50:00Z,1/13/2026 23:50,2.424,Working,-1,
2026-01-13T21:00:00Z,1/14/2026 0:00,2.425,Working,-1,
2026-01-13T21:10:00Z,1/14/2026 0:10,2.423,Working,-1,
2026-01-13T21:20:00Z,1/14/2026 0:20,2.423,Working,-1,
2026-01-13T21:30:00Z,1/14/2026 0:30,2.424,Working,-1,
2026-01-13T21:40:00Z,1/14/2026 0:40,2.423,Working,-1,
2026-01-13T21:50:00Z,1/14/2026 0:50,2.424,Working,-1,
2026-01-13T22:00:00Z,1/14/2026 1:00,2.422,Working,-1,
2026-01-13T22:10:00Z,1/14/2026 1:10,2.422,Working,-1,
2026-01-13T22:20:00Z,1/14/2026 1:20,2.423,Working,-1,
2026-01-13T22:30:00Z,1/14/2026 1:30,2.423,Working,-1,
2026-01-13T22:40:00Z,1/14/2026 1:40,2.422,Working,-1,
2026-01-13T22:50:00Z,1/14/2026 1:50,2.422,Working,-1,
2026-01-13T23:00:00Z,1/14/2026 2:00,2.421,Working,-1,
2026-01-13T23:10:00Z,1/14/2026 2:10,2.421,Working,-1,
2026-01-13T23:20:00Z,1/14/2026 2:20,2.421,Working,-1,
2026-01-13T23:30:00Z,1/14/2026 2:30,2.421,Working,-1,
2026-01-13T23:40:00Z,1/14/2026 2:40,2.42,Working,-1,
2026-01-13T23:50:00Z,1/14/2026 2:50,2.42,Working,-1,
2026-01-14T00:00:00Z,1/14/2026 3:00,2.42,Working,-1,
2026-01-14T00:10:00Z,1/14/2026 3:10,2.42,Working,-1,
2026-01-14T00:20:00Z,1/14/2026 3:20,2.42,Working,-1,
2026-01-14T00:30:00Z,1/14/2026 3:30,2.419,Working,-1,
2026-01-14T00:40:00Z,1/14/2026 3:40,2.42,Working,-1,
2026-01-14T00:50:00Z,1/14/2026 3:50,2.418,Working,-1,
2026-01-14T01:00:00Z,1/14/2026 4:00,2.418,Working,-1,
2026-01-14T01:10:00Z,1/14/2026 4:10,2.418,Working,-1,
2026-01-14T01:20:00Z,1/14/2026 4:20,2.419,Working,-1,
2026-01-14T01:30:00Z,1/14/2026 4:30,2.419,Working,-1,
2026-01-14T01:40:00Z,1/14/2026 4:40,2.418,Working,-1,
2026-01-14T01:50:00Z,1/14/2026 4:50,2.417,Working,-1,
2026-01-14T02:00:00Z,1/14/2026 5:00,2.416,Working,-1,
2026-01-14T02:10:00Z,1/14/2026 5:10,2.416,Working,-1,
2026-01-14T02:20:00Z,1/14/2026 5:20,2.417,Working,-1,
2026-01-14T02:30:00Z,1/14/2026 5:30,2.416,Working,-1,
2026-01-14T02:40:00Z,1/14/2026 5:40,2.415,Working,-1,
2026-01-14T02:50:00Z,1/14/2026 5:50,2.416,Working,-1,
2026-01-14T03:00:00Z,1/14/2026 6:00,2.415,Working,-1,
2026-01-14T03:10:00Z,1/14/2026 6:10,2.414,Working,-1,
2026-01-14T03:20:00Z,1/14/2026 6:20,2.413,Working,-1,
2026-01-14T04:25:00Z,1/14/2026 7:25,,,,
2026-01-14T05:30:00Z,1/14/2026 8:30,2.411,Working,-1,
2026-01-14T05:40:00Z,1/14/2026 8:40,2.411,Working,-1,
2026-01-14T05:50:00Z,1/14/2026 8:50,2.411,Working,-1,
2026-01-14T06:00:00Z,1/14/2026 9:00,2.41,Working,-1,
2026-01-14T06:10:00Z,1/14/2026 9:10,2.41,Working,-1,
2026-01-14T06:20:00Z,1/14/2026 9:20,2.409,Working,-1,
2026-01-14T06:30:00Z,1/14/2026 9:30,2.409,Working,-1,
2026-01-14T06:40:00Z,1/14/2026 9:40,2.409,Working,-1,
2026-01-14T06:50:00Z,1/14/2026 9:50,2.41,Working,-1,
2026-01-14T07:00:00Z,1/14/2026 10:00,2.411,Working,-1,
2026-01-14T07:10:00Z,1/14/2026 10:10,2.408,Working,-1,
2026-01-14T07:20:00Z,1/14/2026 10:20,2.409,Working,-1,
2026-01-14T07:30:00Z,1/14/2026 10:30,2.408,Working,-1,
2026-01-14T07:40:00Z,1/14/2026 10:40,2.409,Working,-1,
2026-01-14T07:50:00Z,1/14/2026 10:50,2.407,Working,-1,
2026-01-14T08:00:00Z,1/14/2026 11:00,2.408,Working,-1,
2026-01-14T08:10:00Z,1/14/2026 11:10,2.406,Working,-1,
2026-01-14T08:20:00Z,1/14/2026 11:20,2.407,Working,-1,
2026-01-14T08:30:00Z,1/14/2026 11:30,2.407,Working,-1,
2026-01-14T08:40:00Z,1/14/2026 11:40,2.407,Working,-1,
2026-01-14T08:50:00Z,1/14/2026 11:50,2.406,Working,-1,
2026-01-14T09:00:00Z,1/14/2026 12:00,2.406,Working,-1,
2026-01-14T09:10:00Z,1/14/2026 12:10,2.406,Working,-1,
2026-01-14T09:20:00Z,1/14/2026 12:20,2.406,Working,-1,
2026-01-14T09:30:00Z,1/14/2026 12:30,2.407,Working,-1,
2026-01-14T09:40:00Z,1/14/2026 12:40,2.404,Working,-1,
2026-01-14T09:50:00Z,1/14/2026 12:50,2.407,Working,-1,
2026-01-14T10:00:00Z,1/14/2026 13:00,2.406,Working,-1,
2026-01-14T10:10:00Z,1/14/2026 13:10,2.407,Working,-1,
2026-01-14T10:20:00Z,1/14/2026 13:20,2.405,Working,-1,
2026-01-14T10:30:00Z,1/14/2026 13:30,2.406,Working,-1,
2026-01-14T10:40:00Z,1/14/2026 13:40,2.407,Working,-1,
2026-01-14T10:50:00Z,1/14/2026 13:50,2.406,Working,-1,
2026-01-14T11:00:00Z,1/14/2026 14:00,2.407,Working,-1,
2026-01-14T11:10:00Z,1/14/2026 14:10,2.406,Working,-1,
2026-01-14T11:20:00Z,1/14/2026 14:20,2.405,Working,-1,
2026-01-14T11:30:00Z,1/14/2026 14:30,2.405,Working,-1,
2026-01-14T11:40:00Z,1/14/2026 14:40,2.405,Working,-1,
2026-01-14T11:50:00Z,1/14/2026 14:50,2.405,Working,-1,
2026-01-14T12:00:00Z,1/14/2026 15:00,2.406,Working,-1,
2026-01-14T12:10:00Z,1/14/2026 15:10,2.405,Working,-1,
2026-01-14T12:20:00Z,1/14/2026 15:20,2.405,Working,-1,
2026-01-14T12:30:00Z,1/14/2026 15:30,2.406,Working,-1,
2026-01-14T12:40:00Z,1/14/2026 15:40,2.405,Working,-1,
2026-01-14T12:50:00Z,1/14/2026 15:50,2.404,Working,-1,
2026-01-14T13:00:00Z,1/14/2026 16:00,2.405,Working,-1,
2026-01-14T13:10:00Z,1/14/2026 16:10,2.405,Working,-1,
2026-01-14T13:20:00Z,1/14/2026 16:20,2.403,Working,-1,
2026-01-14T14:25:00Z,1/14/2026 17:25,,,,
2026-01-14T15:30:00Z,1/14/2026 18:30,2.403,Working,-1,
2026-01-14T15:40:00Z,1/14/2026 18:40,2.403,Working,-1,
2026-01-14T15:50:00Z,1/14/2026 18:50,2.403,Working,-1,
2026-01-14T16:00:00Z,1/14/2026 19:00,2.401,Working,-1,
2026-01-14T16:10:00Z,1/14/2026 19:10,2.402,Working,-1,
2026-01-14T16:20:00Z,1/14/2026 19:20,2.402,Working,-1,
2026-01-14T16:30:00Z,1/14/2026 19:30,2.401,Working,-1,
2026-01-14T16:40:00Z,1/14/2026 19:40,2.403,Working,-1,
2026-01-14T16:50:00Z,1/14/2026 19:50,2.401,Working,-1,
2026-01-14T17:00:00Z,1/14/2026 20:00,2.401,Working,-1,
2026-01-14T17:10:00Z,1/14/2026 20:10,2.399,Working,-1,
2026-01-14T17:20:00Z,1/14/2026 20:20,2.4,Working,-1,
2026-01-14T17:30:00Z,1/14/2026 20:30,2.399,Working,-1,
2026-01-14T17:40:00Z,1/14/2026 20:40,2.4,Working,-1,
2026-01-14T17:50:00Z,1/14/2026 20:50,2.399,Working,-1,
2026-01-14T18:00:00Z,1/14/2026 21:00,2.399,Working,-1,
2026-01-14T18:10:00Z,1/14/2026 21:10,2.399,Working,-1,
2026-01-14T18:20:00Z,1/14/2026 21:20,2.398,Working,-1,
2026-01-14T19:25:00Z,1/14/2026 22:25,,,,
2026-01-14T20:30:00Z,1/14/2026 23:30,2.397,Working,-1,
2026-01-14T20:40:00Z,1/14/2026 23:40,2.396,Working,-1,
2026-01-14T20:50:00Z,1/14/2026 23:50,2.395,Working,-1,
2026-01-14T21:00:00Z,1/15/2026 0:00,2.395,Working,-1,
2026-01-14T21:10:00Z,1/15/2026 0:10,2.396,Working,-1,
2026-01-14T21:20:00Z,1/15/2026 0:20,2.395,Working,-1,
2026-01-14T21:30:00Z,1/15/2026 0:30,2.396,Working,-1,
2026-01-14T21:40:00Z,1/15/2026 0:40,2.396,Working,-1,
2026-01-14T21:50:00Z,1/15/2026 0:50,2.395,Working,-1,
2026-01-14T22:00:00Z,1/15/2026 1:00,2.395,Working,-1,
2026-01-14T22:10:00Z,1/15/2026 1:10,2.396,Working,-1,
2026-01-14T22:20:00Z,1/15/2026 1:20,2.395,Working,-1,
2026-01-14T22:30:00Z,1/15/2026 1:30,2.394,Working,-1,
2026-01-14T22:40:00Z,1/15/2026 1:40,2.394,Working,-1,
2026-01-14T22:50:00Z,1/15/2026 1:50,2.393,Working,-1,
2026-01-14T23:00:00Z,1/15/2026 2:00,2.394,Working,-1,
2026-01-14T23:10:00Z,1/15/2026 2:10,2.394,Working,-1,
2026-01-14T23:20:00Z,1/15/2026 2:20,2.394,Working,-1,
2026-01-14T23:30:00Z,1/15/2026 2:30,2.394,Working,-1,
2026-01-14T23:40:00Z,1/15/2026 2:40,2.394,Working,-1,
2026-01-14T23:50:00Z,1/15/2026 2:50,2.392,Working,-1,
2026-01-15T00:00:00Z,1/15/2026 3:00,2.392,Working,-1,
2026-01-15T00:10:00Z,1/15/2026 3:10,2.393,Working,-1,
2026-01-15T00:20:00Z,1/15/2026 3:20,2.392,Working,-1,
2026-01-15T00:30:00Z,1/15/2026 3:30,2.391,Working,-1,
2026-01-15T00:40:00Z,1/15/2026 3:40,2.391,Working,-1,
2026-01-15T00:50:00Z,1/15/2026 3:50,2.391,Working,-1,
2026-01-15T01:00:00Z,1/15/2026 4:00,2.391,Working,-1,
2026-01-15T01:10:00Z,1/15/2026 4:10,2.391,Working,-1,
2026-01-15T01:20:00Z,1/15/2026 4:20,2.39,Working,-1,
2026-01-15T01:30:00Z,1/15/2026 4:30,2.389,Working,-1,
2026-01-15T01:40:00Z,1/15/2026 4:40,2.39,Working,-1,
2026-01-15T01:50:00Z,1/15/2026 4:50,2.389,Working,-1,
2026-01-15T02:00:00Z,1/15/2026 5:00,2.391,Working,-1,
2026-01-15T02:10:00Z,1/15/2026 5:10,2.389,Working,-1,
2026-01-15T02:20:00Z,1/15/2026 5:20,2.389,Working,-1,
2026-01-15T02:30:00Z,1/15/2026 5:30,2.389,Working,-1,
2026-01-15T02:40:00Z,1/15/2026 5:40,2.389,Working,-1,
2026-01-15T02:50:00Z,1/15/2026 5:50,2.386,Working,-1,
2026-01-15T03:00:00Z,1/15/2026 6:00,2.386,Working,-1,
2026-01-15T03:10:00Z,1/15/2026 6:10,2.387,Working,-1,
2026-01-15T03:20:00Z,1/15/2026 6:20,2.387,Working,-1,
2026-01-15T03:30:00Z,1/15/2026 6:30,2.386,Working,-1,
2026-01-15T03:40:00Z,1/15/2026 6:40,2.387,Working,-1,
2026-01-15T03:50:00Z,1/15/2026 6:50,2.386,Working,-1,
2026-01-15T04:00:00Z,1/15/2026 7:00,2.385,Working,-1,
2026-01-15T04:10:00Z,1/15/2026 7:10,2.385,Working,-1,
2026-01-15T04:20:00Z,1/15/2026 7:20,2.384,Working,-1,
2026-01-15T04:30:00Z,1/15/2026 7:30,2.382,Working,-1,
2026-01-15T04:40:00Z,1/15/2026 7:40,2.382,Working,-1,
2026-01-15T04:50:00Z,1/15/2026 7:50,2.383,Working,-1,
2026-01-15T05:00:00Z,1/15/2026 8:00,2.382,Working,-1,
2026-01-15T05:10:00Z,1/15/2026 8:10,2.381,Working,-1,
2026-01-15T05:20:00Z,1/15/2026 8:20,2.383,Working,-1,
2026-01-15T05:30:00Z,1/15/2026 8:30,2.382,Working,-1,
2026-01-15T05:40:00Z,1/15/2026 8:40,2.38,Working,-1,
2026-01-15T05:50:00Z,1/15/2026 8:50,2.381,Working,-1,
2026-01-15T06:00:00Z,1/15/2026 9:00,2.382,Working,-1,
2026-01-15T06:10:00Z,1/15/2026 9:10,2.38,Working,-1,
2026-01-15T06:20:00Z,1/15/2026 9:20,2.379,Working,-1,
2026-01-15T07:25:00Z,1/15/2026 10:25,,,,
2026-01-15T08:30:00Z,1/15/2026 11:30,2.375,Working,-1,
2026-01-15T08:40:00Z,1/15/2026 11:40,2.373,Working,-1,
2026-01-15T08:50:00Z,1/15/2026 11:50,2.374,Working,-1,
2026-01-15T09:00:00Z,1/15/2026 12:00,2.374,Working,-1,
2026-01-15T09:10:00Z,1/15/2026 12:10,2.373,Working,-1,
2026-01-15T09:20:00Z,1/15/2026 12:20,2.373,Working,-1,
2026-01-15T09:30:00Z,1/15/2026 12:30,2.374,Working,-1,
2026-01-15T09:40:00Z,1/15/2026 12:40,2.374,Working,-1,
2026-01-15T09:50:00Z,1/15/2026 12:50,2.372,Working,-1,
2026-01-15T10:00:00Z,1/15/2026 13:00,2.373,Working,-1,
2026-01-15T10:10:00Z,1/15/2026 13:10,2.372,Working,-1,
2026-01-15T10:20:00Z,1/15/2026 13:20,2.372,Working,-1,
2026-01-15T11:55:00Z,1/15/2026 14:55,,,,
2026-01-15T13:30:00Z,1/15/2026 16:30,2.373,Working,-1,
2026-01-15T13:40:00Z,1/15/2026 16:40,2.374,Working,-1,
2026-01-15T13:50:00Z,1/15/2026 16:50,2.373,Working,-1,
2026-01-15T14:00:00Z,1/15/2026 17:00,2.373,Working,-1,
2026-01-15T14:10:00Z,1/15/2026 17:10,2.374,Working,-1,
2026-01-15T14:20:00Z,1/15/2026 17:20,2.374,Working,-1,
2026-01-15T14:30:00Z,1/15/2026 17:30,2.373,Working,-1,
2026-01-15T14:40:00Z,1/15/2026 17:40,2.374,Working,-1,
2026-01-15T14:50:00Z,1/15/2026 17:50,2.373,Working,-1,
2026-01-15T15:00:00Z,1/15/2026 18:00,2.372,Working,-1,
2026-01-15T15:10:00Z,1/15/2026 18:10,2.371,Working,-1,
2026-01-15T15:20:00Z,1/15/2026 18:20,2.371,Working,-1,
2026-01-15T15:30:00Z,1/15/2026 18:30,2.371,Working,-1,
2026-01-15T15:40:00Z,1/15/2026 18:40,2.37,Working,-1,
2026-01-15T15:50:00Z,1/15/2026 18:50,2.371,Working,-1,
2026-01-15T16:00:00Z,1/15/2026 19:00,2.372,Working,-1,
2026-01-15T16:10:00Z,1/15/2026 19:10,2.371,Working,-1,
2026-01-15T16:20:00Z,1/15/2026 19:20,2.371,Working,-1,
2026-01-15T17:25:00Z,1/15/2026 20:25,,,,
2026-01-15T18:30:00Z,1/15/2026 21:30,2.369,Working,-1,
2026-01-15T18:40:00Z,1/15/2026 21:40,2.369,Working,-1,
2026-01-15T18:50:00Z,1/15/2026 21:50,2.369,Working,-1,
2026-01-15T19:00:00Z,1/15/2026 22:00,2.369,Working,-1,
2026-01-15T19:10:00Z,1/15/2026 22:10,2.368,Working,-1,
2026-01-15T19:20:00Z,1/15/2026 22:20,2.367,Working,-1,
2026-01-15T19:30:00Z,1/15/2026 22:30,2.368,Working,-1,
2026-01-15T19:40:00Z,1/15/2026 22:40,2.368,Working,-1,
2026-01-15T19:50:00Z,1/15/2026 22:50,2.367,Working,-1,
2026-01-15T20:00:00Z,1/15/2026 23:00,2.368,Working,-1,
2026-01-15T20:10:00Z,1/15/2026 23:10,2.366,Working,-1,
2026-01-15T20:20:00Z,1/15/2026 23:20,2.367,Working,-1,
2026-01-15T20:30:00Z,1/15/2026 23:30,2.367,Working,-1,
2026-01-15T20:40:00Z,1/15/2026 23:40,2.367,Working,-1,
2026-01-15T20:50:00Z,1/15/2026 23:50,2.366,Working,-1,
2026-01-15T21:00:00Z,1/16/2026 0:00,2.368,Working,-1,
2026-01-15T21:10:00Z,1/16/2026 0:10,2.366,Working,-1,
2026-01-15T21:20:00Z,1/16/2026 0:20,2.366,Working,-1,
2026-01-15T22:25:00Z,1/16/2026 1:25,,,,
2026-01-15T23:30:00Z,1/16/2026 2:30,2.363,Working,-1,
2026-01-15T23:40:00Z,1/16/2026 2:40,2.363,Working,-1,
2026-01-15T23:50:00Z,1/16/2026 2:50,2.363,Working,-1,
2026-01-16T00:00:00Z,1/16/2026 3:00,2.363,Working,-1,
2026-01-16T00:10:00Z,1/16/2026 3:10,2.362,Working,-1,
2026-01-16T00:20:00Z,1/16/2026 3:20,2.362,Working,-1,
2026-01-16T00:30:00Z,1/16/2026 3:30,2.361,Working,-1,
2026-01-16T00:40:00Z,1/16/2026 3:40,2.361,Working,-1,
2026-01-16T00:50:00Z,1/16/2026 3:50,2.362,Working,-1,
2026-01-16T01:00:00Z,1/16/2026 4:00,2.362,Working,-1,
2026-01-16T01:10:00Z,1/16/2026 4:10,2.36,Working,-1,
2026-01-16T01:20:00Z,1/16/2026 4:20,2.36,Working,-1,
2026-01-16T01:30:00Z,1/16/2026 4:30,2.36,Working,-1,
2026-01-16T01:40:00Z,1/16/2026 4:40,2.36,Working,-1,
2026-01-16T01:50:00Z,1/16/2026 4:50,2.36,Working,-1,
2026-01-16T02:00:00Z,1/16/2026 5:00,2.36,Working,-1,
2026-01-16T02:10:00Z,1/16/2026 5:10,2.359,Working,-1,
2026-01-16T02:20:00Z,1/16/2026 5:20,2.359,Working,-1,
2026-01-16T02:55:00Z,1/16/2026 5:55,,,,
2026-01-16T03:30:00Z,1/16/2026 6:30,2.357,Working,-1,
2026-01-16T03:40:00Z,1/16/2026 6:40,2.358,Working,-1,
2026-01-16T03:50:00Z,1/16/2026 6:50,2.357,Working,-1,
2026-01-16T04:00:00Z,1/16/2026 7:00,2.356,Working,-1,
2026-01-16T04:10:00Z,1/16/2026 7:10,2.357,Working,-1,
2026-01-16T04:20:00Z,1/16/2026 7:20,2.356,Working,-1,
2026-01-16T04:30:00Z,1/16/2026 7:30,2.355,Working,-1,
2026-01-16T04:40:00Z,1/16/2026 7:40,2.355,Working,-1,
2026-01-16T04:50:00Z,1/16/2026 7:50,2.354,Working,-1,
2026-01-16T05:00:00Z,1/16/2026 8:00,2.355,Working,-1,
2026-01-16T05:10:00Z,1/16/2026 8:10,2.354,Working,-1,
2026-01-16T05:20:00Z,1/16/2026 8:20,2.354,Working,-1,
2026-01-16T05:55:00Z,1/16/2026 8:55,,,,
2026-01-16T06:30:00Z,1/16/2026 9:30,2.35,Working,-1,
2026-01-16T06:40:00Z,1/16/2026 9:40,2.349,Working,-1,
2026-01-16T06:50:00Z,1/16/2026 9:50,2.35,Working,-1,
2026-01-16T07:00:00Z,1/16/2026 10:00,2.349,Working,-1,
2026-01-16T07:10:00Z,1/16/2026 10:10,2.349,Working,-1,
2026-01-16T07:20:00Z,1/16/2026 10:20,2.348,Working,-1,
2026-01-16T07:30:00Z,1/16/2026 10:30,2.347,Working,-1,
2026-01-16T07:40:00Z,1/16/2026 10:40,2.347,Working,-1,
2026-01-16T07:50:00Z,1/16/2026 10:50,2.346,Working,-1,
2026-01-16T08:00:00Z,1/16/2026 11:00,2.347,Working,-1,
2026-01-16T08:10:00Z,1/16/2026 11:10,2.347,Working,-1,
2026-01-16T08:20:00Z,1/16/2026 11:20,2.347,Working,-1,
2026-01-16T08:30:00Z,1/16/2026 11:30,2.347,Working,-1,
2026-01-16T08:40:00Z,1/16/2026 11:40,2.345,Working,-1,
2026-01-16T08:50:00Z,1/16/2026 11:50,2.345,Working,-1,
2026-01-16T09:00:00Z,1/16/2026 12:00,2.346,Working,-1,
2026-01-16T09:10:00Z,1/16/2026 12:10,2.386,Working,-1,
2026-01-16T09:20:00Z,1/16/2026 12:20,2.346,Working,-1,
2026-01-16T09:30:00Z,1/16/2026 12:30,2.345,Working,-1,
2026-01-16T09:40:00Z,1/16/2026 12:40,2.345,Working,-1,
2026-01-16T09:50:00Z,1/16/2026 12:50,2.345,Working,-1,
2026-01-16T10:00:00Z,1/16/2026 13:00,2.344,Working,-1,
2026-01-16T10:10:00Z,1/16/2026 13:10,2.345,Working,-1,
2026-01-16T10:20:00Z,1/16/2026 13:20,2.344,Working,-1,
2026-01-16T10:30:00Z,1/16/2026 13:30,2.344,Working,-1,
2026-01-16T10:40:00Z,1/16/2026 13:40,2.343,Working,-1,
2026-01-16T10:50:00Z,1/16/2026 13:50,2.343,Working,-1,
2026-01-16T11:00:00Z,1/16/2026 14:00,2.344,Working,-1,
2026-01-16T11:10:00Z,1/16/2026 14:10,2.343,Working,-1,
2026-01-16T11:20:00Z,1/16/2026 14:20,2.343,Working,-1,
2026-01-16T11:30:00Z,1/16/2026 14:30,2.345,Working,-1,
2026-01-16T11:40:00Z,1/16/2026 14:40,2.344,Working,-1,
2026-01-16T11:50:00Z,1/16/2026 14:50,2.344,Working,-1,
2026-01-16T12:00:00Z,1/16/2026 15:00,2.343,Working,-1,
2026-01-16T12:10:00Z,1/16/2026 15:10,2.344,Working,-1,
2026-01-16T12:20:00Z,1/16/2026 15:20,2.343,Working,-1,
2026-01-16T12:30:00Z,1/16/2026 15:30,2.343,Working,-1,
2026-01-16T12:40:00Z,1/16/2026 15:40,2.343,Working,-1,
2026-01-16T12:50:00Z,1/16/2026 15:50,2.343,Working,-1,
2026-01-16T13:00:00Z,1/16/2026 16:00,2.343,Working,-1,
2026-01-16T13:10:00Z,1/16/2026 16:10,2.343,Working,-1,
2026-01-16T13:20:00Z,1/16/2026 16:20,2.343,Working,-1,
2026-01-16T13:30:00Z,1/16/2026 16:30,2.343,Working,-1,
2026-01-16T13:40:00Z,1/16/2026 16:40,2.343,Working,-1,
2026-01-16T13:50:00Z,1/16/2026 16:50,2.341,Working,-1,
2026-01-16T14:00:00Z,1/16/2026 17:00,2.342,Working,-1,
2026-01-16T14:10:00Z,1/16/2026 17:10,2.343,Working,-1,
2026-01-16T14:20:00Z,1/16/2026 17:20,2.342,Working,-1,
2026-01-16T14:30:00Z,1/16/2026 17:30,2.342,Working,-1,
2026-01-16T14:40:00Z,1/16/2026 17:40,2.343,Working,-1,
2026-01-16T14:50:00Z,1/16/2026 17:50,2.343,Working,-1,
2026-01-16T15:00:00Z,1/16/2026 18:00,2.342,Working,-1,
2026-01-16T15:10:00Z,1/16/2026 18:10,2.342,Working,-1,
2026-01-16T15:20:00Z,1/16/2026 18:20,2.343,Working,-1,
2026-01-16T15:30:00Z,1/16/2026 18:30,2.343,Working,-1,
2026-01-16T15:40:00Z,1/16/2026 18:40,2.341,Working,-1,
2026-01-16T15:50:00Z,1/16/2026 18:50,2.341,Working,-1,
2026-01-16T16:00:00Z,1/16/2026 19:00,2.342,Working,-1,
2026-01-16T16:10:00Z,1/16/2026 19:10,2.342,Working,-1,
2026-01-16T16:20:00Z,1/16/2026 19:20,2.342,Working,-1,
2026-01-16T16:55:00Z,1/16/2026 19:55,,,,
2026-01-16T17:30:00Z,1/16/2026 20:30,2.342,Working,-1,
2026-01-16T17:40:00Z,1/16/2026 20:40,2.343,Working,-1,
2026-01-16T17:50:00Z,1/16/2026 20:50,2.343,Working,-1,
2026-01-16T18:00:00Z,1/16/2026 21:00,2.344,Working,-1,
2026-01-16T18:10:00Z,1/16/2026 21:10,2.342,Working,-1,
2026-01-16T18:20:00Z,1/16/2026 21:20,2.342,Working,-1,
2026-01-16T18:30:00Z,1/16/2026 21:30,2.342,Working,-1,
2026-01-16T18:40:00Z,1/16/2026 21:40,2.342,Working,-1,
2026-01-16T18:50:00Z,1/16/2026 21:50,2.342,Working,-1,
2026-01-16T19:00:00Z,1/16/2026 22:00,2.342,Working,-1,
2026-01-16T19:10:00Z,1/16/2026 22:10,2.341,Working,-1,
2026-01-16T19:20:00Z,1/16/2026 22:20,2.341,Working,-1,
2026-01-16T19:30:00Z,1/16/2026 22:30,2.342,Working,-1,
2026-01-16T19:40:00Z,1/16/2026 22:40,2.342,Working,-1,
2026-01-16T19:50:00Z,1/16/2026 22:50,2.343,Working,-1,
2026-01-16T20:00:00Z,1/16/2026 23:00,2.342,Working,-1,
2026-01-16T20:10:00Z,1/16/2026 23:10,2.342,Working,-1,
2026-01-16T20:20:00Z,1/16/2026 23:20,2.342,Working,-1,
2026-01-16T20:30:00Z,1/16/2026 23:30,2.342,Working,-1,
2026-01-16T20:40:00Z,1/16/2026 23:40,2.342,Working,-1,
2026-01-16T20:50:00Z,1/16/2026 23:50,2.343,Working,-1,
2026-01-16T21:00:00Z,1/17/2026 0:00,2.342,Working,-1,
2026-01-16T21:10:00Z,1/17/2026 0:10,2.342,Working,-1,
2026-01-16T21:20:00Z,1/17/2026 0:20,2.342,Working,-1,
2026-01-16T21:55:00Z,1/17/2026 0:55,,,,
2026-01-16T22:30:00Z,1/17/2026 1:30,2.342,Working,-1,
2026-01-16T22:40:00Z,1/17/2026 1:40,2.342,Working,-1,
2026-01-16T22:50:00Z,1/17/2026 1:50,2.342,Working,-1,
2026-01-16T23:00:00Z,1/17/2026 2:00,2.343,Working,-1,
2026-01-16T23:10:00Z,1/17/2026 2:10,2.341,Working,-1,
2026-01-16T23:20:00Z,1/17/2026 2:20,2.342,Working,-1,
2026-01-16T23:30:00Z,1/17/2026 2:30,2.342,Working,-1,
2026-01-16T23:40:00Z,1/17/2026 2:40,2.342,Working,-1,
2026-01-16T23:50:00Z,1/17/2026 2:50,2.342,Working,-1,
2026-01-17T00:00:00Z,1/17/2026 3:00,2.342,Working,-1,
2026-01-17T00:10:00Z,1/17/2026 3:10,2.342,Working,-1,
2026-01-17T00:20:00Z,1/17/2026 3:20,2.341,Working,-1,
2026-01-17T01:25:00Z,1/17/2026 4:25,,,,
2026-01-17T02:30:00Z,1/17/2026 5:30,2.339,Working,-1,
2026-01-17T02:40:00Z,1/17/2026 5:40,2.338,Working,-1,
2026-01-17T02:50:00Z,1/17/2026 5:50,2.339,Working,-1,
2026-01-17T03:00:00Z,1/17/2026 6:00,2.338,Working,-1,
2026-01-17T03:10:00Z,1/17/2026 6:10,2.338,Working,-1,
2026-01-17T03:20:00Z,1/17/2026 6:20,2.338,Working,-1,
2026-01-17T03:30:00Z,1/17/2026 6:30,2.337,Working,-1,
2026-01-17T03:40:00Z,1/17/2026 6:40,2.337,Working,-1,
2026-01-17T03:50:00Z,1/17/2026 6:50,2.337,Working,-1,
2026-01-17T04:00:00Z,1/17/2026 7:00,2.337,Working,-1,
2026-01-17T04:10:00Z,1/17/2026 7:10,2.336,Working,-1,
2026-01-17T04:20:00Z,1/17/2026 7:20,2.336,Working,-1,
2026-01-17T04:30:00Z,1/17/2026 7:30,2.336,Working,-1,
2026-01-17T04:40:00Z,1/17/2026 7:40,2.335,Working,-1,
2026-01-17T04:50:00Z,1/17/2026 7:50,2.335,Working,-1,
2026-01-17T05:00:00Z,1/17/2026 8:00,2.334,Working,-1,
2026-01-17T05:10:00Z,1/17/2026 8:10,2.333,Working,-1,
2026-01-17T05:20:00Z,1/17/2026 8:20,2.334,Working,-1,
2026-01-17T05:30:00Z,1/17/2026 8:30,2.332,Working,-1,
2026-01-17T05:40:00Z,1/17/2026 8:40,2.333,Working,-1,
2026-01-17T05:50:00Z,1/17/2026 8:50,2.332,Working,-1,
2026-01-17T06:00:00Z,1/17/2026 9:00,2.332,Working,-1,
2026-01-17T06:10:00Z,1/17/2026 9:10,2.332,Working,-1,
2026-01-17T06:20:00Z,1/17/2026 9:20,2.333,Working,-1,
2026-01-17T06:30:00Z,1/17/2026 9:30,2.333,Working,-1,
2026-01-17T06:40:00Z,1/17/2026 9:40,2.331,Working,-1,
2026-01-17T06:50:00Z,1/17/2026 9:50,2.333,Working,-1,
2026-01-17T07:00:00Z,1/17/2026 10:00,2.33,Working,-1,
2026-01-17T07:10:00Z,1/17/2026 10:10,2.33,Working,-1,
2026-01-17T07:20:00Z,1/17/2026 10:20,2.33,Working,-1,
2026-01-17T07:55:00Z,1/17/2026 10:55,,,,
2026-01-17T08:30:00Z,1/17/2026 11:30,2.329,Working,-1,
2026-01-17T08:40:00Z,1/17/2026 11:40,2.33,Working,-1,
2026-01-17T08:50:00Z,1/17/2026 11:50,2.329,Working,-1,
2026-01-17T09:00:00Z,1/17/2026 12:00,2.328,Working,-1,
2026-01-17T09:10:00Z,1/17/2026 12:10,2.328,Working,-1,
2026-01-17T09:20:00Z,1/17/2026 12:20,2.329,Working,-1,
2026-01-17T09:30:00Z,1/17/2026 12:30,2.328,Working,-1,
2026-01-17T09:40:00Z,1/17/2026 12:40,2.326,Working,-1,
2026-01-17T09:50:00Z,1/17/2026 12:50,2.327,Working,-1,
2026-01-17T10:00:00Z,1/17/2026 13:00,2.326,Working,-1,
2026-01-17T10:10:00Z,1/17/2026 13:10,2.327,Working,-1,
2026-01-17T10:20:00Z,1/17/2026 13:20,2.327,Working,-1,
2026-01-17T10:30:00Z,1/17/2026 13:30,2.327,Working,-1,
2026-01-17T10:40:00Z,1/17/2026 13:40,2.325,Working,-1,
2026-01-17T10:50:00Z,1/17/2026 13:50,2.327,Working,-1,
2026-01-17T11:00:00Z,1/17/2026 14:00,2.324,Working,-1,
2026-01-17T11:10:00Z,1/17/2026 14:10,2.327,Working,-1,
2026-01-17T11:20:00Z,1/17/2026 14:20,2.326,Working,-1,
2026-01-17T11:30:00Z,1/17/2026 14:30,2.325,Working,-1,
2026-01-17T11:40:00Z,1/17/2026 14:40,2.325,Working,-1,
2026-01-17T11:50:00Z,1/17/2026 14:50,2.326,Working,-1,
2026-01-17T12:00:00Z,1/17/2026 15:00,2.325,Working,-1,
2026-01-17T12:10:00Z,1/17/2026 15:10,2.326,Working,-1,
2026-01-17T12:20:00Z,1/17/2026 15:20,2.326,Working,-1,
2026-01-17T12:30:00Z,1/17/2026 15:30,2.327,Working,-1,
2026-01-17T12:40:00Z,1/17/2026 15:40,2.326,Working,-1,
2026-01-17T12:50:00Z,1/17/2026 15:50,2.325,Working,-1,
2026-01-17T13:00:00Z,1/17/2026 16:00,2.324,Working,-1,
2026-01-17T13:10:00Z,1/17/2026 16:10,2.326,Working,-1,
2026-01-17T13:20:00Z,1/17/2026 16:20,2.324,Working,-1,
2026-01-17T13:30:00Z,1/17/2026 16:30,2.325,Working,-1,
2026-01-17T13:40:00Z,1/17/2026 16:40,2.326,Working,-1,
2026-01-17T13:50:00Z,1/17/2026 16:50,2.326,Working,-1,
2026-01-17T14:00:00Z,1/17/2026 17:00,2.325,Working,-1,
2026-01-17T14:10:00Z,1/17/2026 17:10,2.337,Working,-1,
2026-01-17T14:20:00Z,1/17/2026 17:20,2.331,Working,-1,
2026-01-17T14:30:00Z,1/17/2026 17:30,2.33,Working,-1,
2026-01-17T14:40:00Z,1/17/2026 17:40,2.328,Working,-1,
2026-01-17T14:50:00Z,1/17/2026 17:50,2.328,Working,-1,
2026-01-17T15:00:00Z,1/17/2026 18:00,2.326,Working,-1,
2026-01-17T15:10:00Z,1/17/2026 18:10,2.326,Working,-1,
2026-01-17T15:20:00Z,1/17/2026 18:20,2.327,Working,-1,
2026-01-17T15:30:00Z,1/17/2026 18:30,2.327,Working,-1,
2026-01-17T15:40:00Z,1/17/2026 18:40,2.326,Working,-1,
2026-01-17T15:50:00Z,1/17/2026 18:50,2.325,Working,-1,
2026-01-17T16:00:00Z,1/17/2026 19:00,2.326,Working,-1,
2026-01-17T16:10:00Z,1/17/2026 19:10,2.326,Working,-1,
2026-01-17T16:20:00Z,1/17/2026 19:20,2.326,Working,-1,
2026-01-17T16:55:00Z,1/17/2026 19:55,,,,
2026-01-17T17:30:00Z,1/17/2026 20:30,2.326,Working,-1,
2026-01-17T17:40:00Z,1/17/2026 20:40,2.326,Working,-1,
2026-01-17T17:50:00Z,1/17/2026 20:50,2.326,Working,-1,
2026-01-17T18:00:00Z,1/17/2026 21:00,2.327,Working,-1,
2026-01-17T18:10:00Z,1/17/2026 21:10,2.327,Working,-1,
2026-01-17T18:20:00Z,1/17/2026 21:20,2.327,Working,-1,
2026-01-17T18:30:00Z,1/17/2026 21:30,2.327,Working,-1,
2026-01-17T18:40:00Z,1/17/2026 21:40,2.327,Working,-1,
2026-01-17T18:50:00Z,1/17/2026 21:50,2.328,Working,-1,
2026-01-17T19:00:00Z,1/17/2026 22:00,2.326,Working,-1,
2026-01-17T19:10:00Z,1/17/2026 22:10,2.327,Working,-1,
2026-01-17T19:20:00Z,1/17/2026 22:20,2.327,Working,-1,
2026-01-17T19:30:00Z,1/17/2026 22:30,2.326,Working,-1,
2026-01-17T19:40:00Z,1/17/2026 22:40,2.327,Working,-1,
2026-01-17T19:50:00Z,1/17/2026 22:50,2.327,Working,-1,
2026-01-17T20:00:00Z,1/17/2026 23:00,2.328,Working,-1,
2026-01-17T20:10:00Z,1/17/2026 23:10,2.327,Working,-1,
2026-01-17T20:20:00Z,1/17/2026 23:20,2.327,Working,-1,
2026-01-17T20:30:00Z,1/17/2026 23:30,2.328,Working,-1,
2026-01-17T20:40:00Z,1/17/2026 23:40,2.328,Working,-1,
2026-01-17T20:50:00Z,1/17/2026 23:50,2.328,Working,-1,
2026-01-17T21:00:00Z,1/18/2026 0:00,2.328,Working,-1,
2026-01-17T21:10:00Z,1/18/2026 0:10,2.328,Working,-1,
2026-01-17T21:20:00Z,1/18/2026 0:20,2.328,Working,-1,
2026-01-17T21:30:00Z,1/18/2026 0:30,2.327,Working,-1,
2026-01-17T21:40:00Z,1/18/2026 0:40,2.327,Working,-1,
2026-01-17T21:50:00Z,1/18/2026 0:50,2.327,Working,-1,
2026-01-17T22:00:00Z,1/18/2026 1:00,2.327,Working,-1,
2026-01-17T22:10:00Z,1/18/2026 1:10,2.328,Working,-1,
2026-01-17T22:20:00Z,1/18/2026 1:20,2.327,Working,-1,
2026-01-17T22:30:00Z,1/18/2026 1:30,2.328,Working,-1,
2026-01-17T22:40:00Z,1/18/2026 1:40,2.328,Working,-1,
2026-01-17T22:50:00Z,1/18/2026 1:50,2.328,Working,-1,
2026-01-17T23:00:00Z,1/18/2026 2:00,2.328,Working,-1,
2026-01-17T23:10:00Z,1/18/2026 2:10,2.328,Working,-1,
2026-01-17T23:20:00Z,1/18/2026 2:20,2.328,Working,-1,
2026-01-17T23:30:00Z,1/18/2026 2:30,2.327,Working,-1,
2026-01-17T23:40:00Z,1/18/2026 2:40,2.327,Working,-1,
2026-01-17T23:50:00Z,1/18/2026 2:50,2.326,Working,-1,
2026-01-18T00:00:00Z,1/18/2026 3:00,2.327,Working,-1,
2026-01-18T00:10:00Z,1/18/2026 3:10,2.328,Working,-1,
2026-01-18T00:20:00Z,1/18/2026 3:20,2.327,Working,-1,
2026-01-18T00:30:00Z,1/18/2026 3:30,2.326,Working,-1,
2026-01-18T00:40:00Z,1/18/2026 3:40,2.326,Working,-1,
2026-01-18T00:50:00Z,1/18/2026 3:50,2.325,Working,-1,
2026-01-18T01:00:00Z,1/18/2026 4:00,2.324,Working,-1,
2026-01-18T01:10:00Z,1/18/2026 4:10,2.326,Working,-1,
2026-01-18T01:20:00Z,1/18/2026 4:20,2.327,Working,-1,
2026-01-18T01:30:00Z,1/18/2026 4:30,2.325,Working,-1,
2026-01-18T01:40:00Z,1/18/2026 4:40,2.325,Working,-1,
2026-01-18T01:50:00Z,1/18/2026 4:50,2.325,Working,-1,
2026-01-18T02:00:00Z,1/18/2026 5:00,2.325,Working,-1,
2026-01-18T02:10:00Z,1/18/2026 5:10,2.325,Working,-1,
2026-01-18T02:20:00Z,1/18/2026 5:20,2.325,Working,-1,
2026-01-18T02:30:00Z,1/18/2026 5:30,2.325,Working,-1,
2026-01-18T02:40:00Z,1/18/2026 5:40,2.326,Working,-1,
2026-01-18T02:50:00Z,1/18/2026 5:50,2.325,Working,-1,
2026-01-18T03:00:00Z,1/18/2026 6:00,2.325,Working,-1,
2026-01-18T03:10:00Z,1/18/2026 6:10,2.326,Working,-1,
2026-01-18T03:20:00Z,1/18/2026 6:20,2.325,Working,-1,
2026-01-18T03:30:00Z,1/18/2026 6:30,2.324,Working,-1,
2026-01-18T03:40:00Z,1/18/2026 6:40,2.324,Working,-1,
2026-01-18T03:50:00Z,1/18/2026 6:50,2.324,Working,-1,
2026-01-18T04:00:00Z,1/18/2026 7:00,2.324,Working,-1,
2026-01-18T04:10:00Z,1/18/2026 7:10,2.323,Working,-1,
2026-01-18T04:20:00Z,1/18/2026 7:20,2.323,Working,-1,
2026-01-18T04:30:00Z,1/18/2026 7:30,2.323,Working,-1,
2026-01-18T04:40:00Z,1/18/2026 7:40,2.325,Working,-1,
2026-01-18T04:50:00Z,1/18/2026 7:50,2.322,Working,-1,
2026-01-18T05:00:00Z,1/18/2026 8:00,2.322,Working,-1,
2026-01-18T05:10:00Z,1/18/2026 8:10,2.323,Working,-1,
2026-01-18T05:20:00Z,1/18/2026 8:20,2.323,Working,-1,
2026-01-18T05:30:00Z,1/18/2026 8:30,2.321,Working,-1,
2026-01-18T05:40:00Z,1/18/2026 8:40,2.322,Working,-1,
2026-01-18T05:50:00Z,1/18/2026 8:50,2.322,Working,-1,
2026-01-18T06:00:00Z,1/18/2026 9:00,2.323,Working,-1,
2026-01-18T06:10:00Z,1/18/2026 9:10,2.322,Working,-1,
2026-01-18T06:20:00Z,1/18/2026 9:20,2.322,Working,-1,
2026-01-18T06:55:00Z,1/18/2026 9:55,,,,
2026-01-18T07:30:00Z,1/18/2026 10:30,2.32,Working,-1,
2026-01-18T07:40:00Z,1/18/2026 10:40,2.321,Working,-1,
2026-01-18T07:50:00Z,1/18/2026 10:50,2.321,Working,-1,
2026-01-18T08:00:00Z,1/18/2026 11:00,2.321,Working,-1,
2026-01-18T08:10:00Z,1/18/2026 11:10,2.321,Working,-1,
2026-01-18T08:20:00Z,1/18/2026 11:20,2.32,Working,-1,
2026-01-18T08:30:00Z,1/18/2026 11:30,2.32,Working,-1,
2026-01-18T08:40:00Z,1/18/2026 11:40,2.32,Working,-1,
2026-01-18T08:50:00Z,1/18/2026 11:50,2.32,Working,-1,
2026-01-18T09:00:00Z,1/18/2026 12:00,2.319,Working,-1,
2026-01-18T09:10:00Z,1/18/2026 12:10,2.32,Working,-1,
2026-01-18T09:20:00Z,1/18/2026 12:20,2.316,Working,-1,
2026-01-18T10:25:00Z,1/18/2026 13:25,,,,
2026-01-18T11:30:00Z,1/18/2026 14:30,2.32,Working,-1,
2026-01-18T11:40:00Z,1/18/2026 14:40,2.319,Working,-1,
2026-01-18T11:50:00Z,1/18/2026 14:50,2.32,Working,-1,
2026-01-18T12:00:00Z,1/18/2026 15:00,2.319,Working,-1,
2026-01-18T12:10:00Z,1/18/2026 15:10,2.319,Working,-1,
2026-01-18T12:20:00Z,1/18/2026 15:20,2.32,Working,-1,
2026-01-18T12:30:00Z,1/18/2026 15:30,2.319,Working,-1,
2026-01-18T12:40:00Z,1/18/2026 15:40,2.319,Working,-1,
2026-01-18T12:50:00Z,1/18/2026 15:50,2.319,Working,-1,
2026-01-18T13:00:00Z,1/18/2026 16:00,2.32,Working,-1,
2026-01-18T13:10:00Z,1/18/2026 16:10,2.319,Working,-1,
2026-01-18T13:20:00Z,1/18/2026 16:20,2.32,Working,-1,
2026-01-18T13:30:00Z,1/18/2026 16:30,2.319,Working,-1,
2026-01-18T13:40:00Z,1/18/2026 16:40,2.32,Working,-1,
2026-01-18T13:50:00Z,1/18/2026 16:50,2.318,Working,-1,
2026-01-18T14:00:00Z,1/18/2026 17:00,2.32,Working,-1,
2026-01-18T14:10:00Z,1/18/2026 17:10,2.319,Working,-1,
2026-01-18T14:20:00Z,1/18/2026 17:20,2.318,Working,-1,
2026-01-18T14:30:00Z,1/18/2026 17:30,2.319,Working,-1,
2026-01-18T14:40:00Z,1/18/2026 17:40,2.319,Working,-1,
2026-01-18T14:50:00Z,1/18/2026 17:50,2.318,Working,-1,
2026-01-18T15:00:00Z,1/18/2026 18:00,2.318,Working,-1,
2026-01-18T15:10:00Z,1/18/2026 18:10,2.319,Working,-1,
2026-01-18T15:20:00Z,1/18/2026 18:20,2.319,Working,-1,
2026-01-18T15:30:00Z,1/18/2026 18:30,2.319,Working,-1,
2026-01-18T15:40:00Z,1/18/2026 18:40,2.319,Working,-1,
2026-01-18T15:50:00Z,1/18/2026 18:50,2.319,Working,-1,
2026-01-18T16:00:00Z,1/18/2026 19:00,2.319,Working,-1,
2026-01-18T16:10:00Z,1/18/2026 19:10,2.32,Working,-1,
2026-01-18T16:20:00Z,1/18/2026 19:20,2.32,Working,-1,
2026-01-18T16:30:00Z,1/18/2026 19:30,2.32,Working,-1,
2026-01-18T16:40:00Z,1/18/2026 19:40,2.32,Working,-1,
2026-01-18T16:50:00Z,1/18/2026 19:50,2.319,Working,-1,
2026-01-18T17:00:00Z,1/18/2026 20:00,2.32,Working,-1,
2026-01-18T17:10:00Z,1/18/2026 20:10,2.32,Working,-1,
2026-01-18T17:20:00Z,1/18/2026 20:20,2.32,Working,-1,
2026-01-18T18:55:00Z,1/18/2026 21:55,,,,
2026-01-18T20:30:00Z,1/18/2026 23:30,2.321,Working,-1,
2026-01-18T20:40:00Z,1/18/2026 23:40,2.322,Working,-1,
2026-01-18T20:50:00Z,1/18/2026 23:50,2.321,Working,-1,
2026-01-18T21:00:00Z,1/19/2026 0:00,2.32,Working,-1,
2026-01-18T21:10:00Z,1/19/2026 0:10,2.321,Working,-1,
2026-01-18T21:20:00Z,1/19/2026 0:20,2.322,Working,-1,
2026-01-18T21:30:00Z,1/19/2026 0:30,2.321,Working,-1,
2026-01-18T21:40:00Z,1/19/2026 0:40,2.32,Working,-1,
2026-01-18T21:50:00Z,1/19/2026 0:50,2.32,Working,-1,
2026-01-18T22:00:00Z,1/19/2026 1:00,2.32,Working,-1,
2026-01-18T22:10:00Z,1/19/2026 1:10,2.32,Working,-1,
2026-01-18T22:20:00Z,1/19/2026 1:20,2.321,Working,-1,
2026-01-18T23:25:00Z,1/19/2026 2:25,,,,
2026-01-19T00:30:00Z,1/19/2026 3:30,2.319,Working,-1,
2026-01-19T00:40:00Z,1/19/2026 3:40,2.32,Working,-1,
2026-01-19T00:50:00Z,1/19/2026 3:50,2.321,Working,-1,
2026-01-19T01:00:00Z,1/19/2026 4:00,2.319,Working,-1,
2026-01-19T01:10:00Z,1/19/2026 4:10,2.32,Working,-1,
2026-01-19T01:20:00Z,1/19/2026 4:20,2.32,Working,-1,
2026-01-19T01:30:00Z,1/19/2026 4:30,2.321,Working,-1,
2026-01-19T01:40:00Z,1/19/2026 4:40,2.319,Working,-1,
2026-01-19T01:50:00Z,1/19/2026 4:50,2.319,Working,-1,
2026-01-19T02:00:00Z,1/19/2026 5:00,2.319,Working,-1,
2026-01-19T02:10:00Z,1/19/2026 5:10,2.32,Working,-1,
2026-01-19T02:20:00Z,1/19/2026 5:20,2.32,Working,-1,
2026-01-19T02:30:00Z,1/19/2026 5:30,2.318,Working,-1,
2026-01-19T02:40:00Z,1/19/2026 5:40,2.319,Working,-1,
2026-01-19T02:50:00Z,1/19/2026 5:50,2.319,Working,-1,
2026-01-19T03:00:00Z,1/19/2026 6:00,2.317,Working,-1,
2026-01-19T03:10:00Z,1/19/2026 6:10,2.319,Working,-1,
2026-01-19T03:20:00Z,1/19/2026 6:20,2.318,Working,-1,
2026-01-19T03:30:00Z,1/19/2026 6:30,2.318,Working,-1,
2026-01-19T03:40:00Z,1/19/2026 6:40,2.318,Working,-1,
2026-01-19T03:50:00Z,1/19/2026 6:50,2.316,Working,-1,
2026-01-19T04:00:00Z,1/19/2026 7:00,2.316,Working,-1,
2026-01-19T04:10:00Z,1/19/2026 7:10,2.316,Working,-1,
2026-01-19T04:20:00Z,1/19/2026 7:20,2.315,Working,-1,
2026-01-19T04:30:00Z,1/19/2026 7:30,2.316,Working,-1,
2026-01-19T04:40:00Z,1/19/2026 7:40,2.314,Working,-1,
2026-01-19T04:50:00Z,1/19/2026 7:50,2.314,Working,-1,
2026-01-19T05:00:00Z,1/19/2026 8:00,2.315,Working,-1,
2026-01-19T05:10:00Z,1/19/2026 8:10,2.313,Working,-1,
2026-01-19T05:20:00Z,1/19/2026 8:20,2.314,Working,-1,
2026-01-19T05:30:00Z,1/19/2026 8:30,2.313,Working,-1,
2026-01-19T05:40:00Z,1/19/2026 8:40,2.314,Working,-1,
2026-01-19T05:50:00Z,1/19/2026 8:50,2.314,Working,-1,
2026-01-19T06:00:00Z,1/19/2026 9:00,2.314,Working,-1,
2026-01-19T06:10:00Z,1/19/2026 9:10,2.314,Working,-1,
2026-01-19T06:20:00Z,1/19/2026 9:20,2.313,Working,-1,
2026-01-19T07:55:00Z,1/19/2026 10:55,,,,
2026-01-19T09:30:00Z,1/19/2026 12:30,2.31,Working,-1,
2026-01-19T09:40:00Z,1/19/2026 12:40,2.311,Working,-1,
2026-01-19T09:50:00Z,1/19/2026 12:50,2.31,Working,-1,
2026-01-19T10:00:00Z,1/19/2026 13:00,2.31,Working,-1,
2026-01-19T10:10:00Z,1/19/2026 13:10,2.31,Working,-1,
2026-01-19T10:20:00Z,1/19/2026 13:20,2.311,Working,-1,
2026-01-19T11:25:00Z,1/19/2026 14:25,,,,
2026-01-19T12:30:00Z,1/19/2026 15:30,2.311,Working,-1,
2026-01-19T12:40:00Z,1/19/2026 15:40,2.311,Working,-1,
2026-01-19T12:50:00Z,1/19/2026 15:50,2.312,Working,-1,
2026-01-19T13:00:00Z,1/19/2026 16:00,2.311,Working,-1,
2026-01-19T13:10:00Z,1/19/2026 16:10,2.311,Working,-1,
2026-01-19T13:20:00Z,1/19/2026 16:20,2.312,Working,-1,
2026-01-19T13:30:00Z,1/19/2026 16:30,2.311,Working,-1,
2026-01-19T13:40:00Z,1/19/2026 16:40,2.312,Working,-1,
2026-01-19T13:50:00Z,1/19/2026 16:50,2.313,Working,-1,
2026-01-19T14:00:00Z,1/19/2026 17:00,2.312,Working,-1,
2026-01-19T14:10:00Z,1/19/2026 17:10,2.312,Working,-1,
2026-01-19T14:20:00Z,1/19/2026 17:20,2.312,Working,-1,
2026-01-19T14:30:00Z,1/19/2026 17:30,2.312,Working,-1,
2026-01-19T14:40:00Z,1/19/2026 17:40,2.311,Working,-1,
2026-01-19T14:50:00Z,1/19/2026 17:50,2.312,Working,-1,
2026-01-19T15:00:00Z,1/19/2026 18:00,2.312,Working,-1,
2026-01-19T15:10:00Z,1/19/2026 18:10,2.312,Working,-1,
2026-01-19T15:20:00Z,1/19/2026 18:20,2.311,Working,-1,
2026-01-19T15:55:00Z,1/19/2026 18:55,,,,
2026-01-19T16:30:00Z,1/19/2026 19:30,2.312,Working,-1,
2026-01-19T16:40:00Z,1/19/2026 19:40,2.313,Working,-1,
2026-01-19T16:50:00Z,1/19/2026 19:50,2.313,Working,-1,
2026-01-19T17:00:00Z,1/19/2026 20:00,2.312,Working,-1,
2026-01-19T17:10:00Z,1/19/2026 20:10,2.312,Working,-1,
2026-01-19T17:20:00Z,1/19/2026 20:20,2.312,Working,-1,
2026-01-19T17:30:00Z,1/19/2026 20:30,2.312,Working,-1,
2026-01-19T17:40:00Z,1/19/2026 20:40,2.313,Working,-1,
2026-01-19T17:50:00Z,1/19/2026 20:50,2.312,Working,-1,
2026-01-19T18:00:00Z,1/19/2026 21:00,2.313,Working,-1,
2026-01-19T18:10:00Z,1/19/2026 21:10,2.313,Working,-1,
2026-01-19T18:20:00Z,1/19/2026 21:20,2.312,Working,-1,
2026-01-19T18:30:00Z,1/19/2026 21:30,2.312,Working,-1,
2026-01-19T18:40:00Z,1/19/2026 21:40,2.313,Working,-1,
2026-01-19T18:50:00Z,1/19/2026 21:50,2.312,Working,-1,
2026-01-19T19:00:00Z,1/19/2026 22:00,2.311,Working,-1,
2026-01-19T19:10:00Z,1/19/2026 22:10,2.312,Working,-1,
2026-01-19T19:20:00Z,1/19/2026 22:20,2.312,Working,-1,
2026-01-19T19:30:00Z,1/19/2026 22:30,2.312,Working,-1,
2026-01-19T19:40:00Z,1/19/2026 22:40,2.314,Working,-1,
2026-01-19T19:50:00Z,1/19/2026 22:50,2.312,Working,-1,
2026-01-19T20:00:00Z,1/19/2026 23:00,2.312,Working,-1,
2026-01-19T20:10:00Z,1/19/2026 23:10,2.314,Working,-1,
2026-01-19T20:20:00Z,1/19/2026 23:20,2.311,Working,-1,
2026-01-19T20:55:00Z,1/19/2026 23:55,,,,
2026-01-19T21:30:00Z,1/20/2026 0:30,2.312,Working,-1,
2026-01-19T21:40:00Z,1/20/2026 0:40,2.313,Working,-1,
2026-01-19T21:50:00Z,1/20/2026 0:50,2.312,Working,-1,
2026-01-19T22:00:00Z,1/20/2026 1:00,2.312,Working,-1,
2026-01-19T22:10:00Z,1/20/2026 1:10,2.313,Working,-1,
2026-01-19T22:20:00Z,1/20/2026 1:20,2.313,Working,-1,
2026-01-19T22:30:00Z,1/20/2026 1:30,2.312,Working,-1,
2026-01-19T22:40:00Z,1/20/2026 1:40,2.312,Working,-1,
2026-01-19T22:50:00Z,1/20/2026 1:50,2.312,Working,-1,
2026-01-19T23:00:00Z,1/20/2026 2:00,2.313,Working,-1,
2026-01-19T23:10:00Z,1/20/2026 2:10,2.312,Working,-1,
2026-01-19T23:20:00Z,1/20/2026 2:20,2.313,Working,-1,
2026-01-19T23:30:00Z,1/20/2026 2:30,2.312,Working,-1,
2026-01-19T23:40:00Z,1/20/2026 2:40,2.313,Working,-1,
2026-01-19T23:50:00Z,1/20/2026 2:50,2.312,Working,-1,
2026-01-20T00:00:00Z,1/20/2026 3:00,2.312,Working,-1,
2026-01-20T00:10:00Z,1/20/2026 3:10,2.312,Working,-1,
2026-01-20T00:20:00Z,1/20/2026 3:20,2.311,Working,-1,
2026-01-20T00:55:00Z,1/20/2026 3:55,,,,
2026-01-20T01:30:00Z,1/20/2026 4:30,2.312,Working,-1,
2026-01-20T01:40:00Z,1/20/2026 4:40,2.31,Working,-1,
2026-01-20T01:50:00Z,1/20/2026 4:50,2.312,Working,-1,
2026-01-20T02:00:00Z,1/20/2026 5:00,2.311,Working,-1,
2026-01-20T02:10:00Z,1/20/2026 5:10,2.311,Working,-1,
2026-01-20T02:20:00Z,1/20/2026 5:20,2.311,Working,-1,
2026-01-20T02:55:00Z,1/20/2026 5:55,,,,
2026-01-20T03:30:00Z,1/20/2026 6:30,2.308,Working,-1,
2026-01-20T03:40:00Z,1/20/2026 6:40,2.307,Working,-1,
2026-01-20T03:50:00Z,1/20/2026 6:50,2.307,Working,-1,
2026-01-20T04:00:00Z,1/20/2026 7:00,2.309,Working,-1,
2026-01-20T04:10:00Z,1/20/2026 7:10,2.308,Working,-1,
2026-01-20T04:20:00Z,1/20/2026 7:20,2.308,Working,-1,
2026-01-20T04:30:00Z,1/20/2026 7:30,2.308,Working,-1,
2026-01-20T04:40:00Z,1/20/2026 7:40,2.307,Working,-1,
2026-01-20T04:50:00Z,1/20/2026 7:50,2.307,Working,-1,
2026-01-20T05:00:00Z,1/20/2026 8:00,2.307,Working,-1,
2026-01-20T05:10:00Z,1/20/2026 8:10,2.306,Working,-1,
2026-01-20T05:20:00Z,1/20/2026 8:20,2.306,Working,-1,
2026-01-20T05:30:00Z,1/20/2026 8:30,2.306,Working,-1,
2026-01-20T05:40:00Z,1/20/2026 8:40,2.305,Working,-1,
2026-01-20T05:50:00Z,1/20/2026 8:50,2.306,Working,-1,
2026-01-20T06:00:00Z,1/20/2026 9:00,2.307,Working,-1,
2026-01-20T06:10:00Z,1/20/2026 9:10,2.306,Working,-1,
2026-01-20T06:20:00Z,1/20/2026 9:20,2.307,Working,-1,
2026-01-20T06:30:00Z,1/20/2026 9:30,2.306,Working,-1,
2026-01-20T06:40:00Z,1/20/2026 9:40,2.305,Working,-1,
2026-01-20T06:50:00Z,1/20/2026 9:50,2.305,Working,-1,
2026-01-20T07:00:00Z,1/20/2026 10:00,2.305,Working,-1,
2026-01-20T07:10:00Z,1/20/2026 10:10,2.306,Working,-1,
2026-01-20T07:20:00Z,1/20/2026 10:20,2.304,Working,-1,
2026-01-20T07:30:00Z,1/20/2026 10:30,2.304,Working,-1,
2026-01-20T07:40:00Z,1/20/2026 10:40,2.305,Working,-1,
2026-01-20T07:50:00Z,1/20/2026 10:50,2.305,Working,-1,
2026-01-20T08:00:00Z,1/20/2026 11:00,2.303,Working,-1,
2026-01-20T08:10:00Z,1/20/2026 11:10,2.304,Working,-1,
2026-01-20T08:20:00Z,1/20/2026 11:20,2.304,Working,-1,
2026-01-20T08:30:00Z,1/20/2026 11:30,2.303,Working,-1,
2026-01-20T08:40:00Z,1/20/2026 11:40,2.302,Working,-1,
2026-01-20T08:50:00Z,1/20/2026 11:50,2.303,Working,-1,
2026-01-20T09:00:00Z,1/20/2026 12:00,2.302,Working,-1,
2026-01-20T09:10:00Z,1/20/2026 12:10,2.302,Working,-1,
2026-01-20T09:20:00Z,1/20/2026 12:20,2.303,Working,-1,
2026-01-20T09:30:00Z,1/20/2026 12:30,2.302,Working,-1,
2026-01-20T09:40:00Z,1/20/2026 12:40,2.301,Working,-1,
2026-01-20T09:50:00Z,1/20/2026 12:50,2.304,Working,-1,
2026-01-20T10:00:00Z,1/20/2026 13:00,2.301,Working,-1,
2026-01-20T10:10:00Z,1/20/2026 13:10,2.302,Working,-1,
2026-01-20T10:20:00Z,1/20/2026 13:20,2.302,Working,-1,
2026-01-20T10:30:00Z,1/20/2026 13:30,2.302,Working,-1,
2026-01-20T10:40:00Z,1/20/2026 13:40,2.302,Working,-1,
2026-01-20T10:50:00Z,1/20/2026 13:50,2.301,Working,-1,
2026-01-20T11:00:00Z,1/20/2026 14:00,2.302,Working,-1,
2026-01-20T11:10:00Z,1/20/2026 14:10,2.302,Working,-1,
2026-01-20T11:20:00Z,1/20/2026 14:20,2.303,Working,-1,
2026-01-20T11:30:00Z,1/20/2026 14:30,2.304,Working,-1,
2026-01-20T11:40:00Z,1/20/2026 14:40,2.303,Working,-1,
2026-01-20T11:50:00Z,1/20/2026 14:50,2.304,Working,-1,
2026-01-20T12:00:00Z,1/20/2026 15:00,2.303,Working,-1,
2026-01-20T12:10:00Z,1/20/2026 15:10,2.304,Working,-1,
2026-01-20T12:20:00Z,1/20/2026 15:20,2.304,Working,-1,
2026-01-20T12:30:00Z,1/20/2026 15:30,2.303,Working,-1,
2026-01-20T12:40:00Z,1/20/2026 15:40,2.303,Working,-1,
2026-01-20T12:50:00Z,1/20/2026 15:50,2.304,Working,-1,
2026-01-20T13:00:00Z,1/20/2026 16:00,2.303,Working,-1,
2026-01-20T13:10:00Z,1/20/2026 16:10,2.303,Working,-1,
2026-01-20T13:20:00Z,1/20/2026 16:20,2.303,Working,-1,
2026-01-20T13:30:00Z,1/20/2026 16:30,2.304,Working,-1,
2026-01-20T13:40:00Z,1/20/2026 16:40,2.305,Working,-1,
2026-01-20T13:50:00Z,1/20/2026 16:50,2.302,Working,-1,
2026-01-20T14:00:00Z,1/20/2026 17:00,2.305,Working,-1,
2026-01-20T14:10:00Z,1/20/2026 17:10,2.305,Working,-1,
2026-01-20T14:20:00Z,1/20/2026 17:20,2.304,Working,-1,
2026-01-20T14:30:00Z,1/20/2026 17:30,2.304,Working,-1,
2026-01-20T14:40:00Z,1/20/2026 17:40,2.303,Working,-1,
2026-01-20T14:50:00Z,1/20/2026 17:50,2.305,Working,-1,
2026-01-20T15:00:00Z,1/20/2026 18:00,2.304,Working,-1,
2026-01-20T15:10:00Z,1/20/2026 18:10,2.306,Working,-1,
2026-01-20T15:20:00Z,1/20/2026 18:20,2.305,Working,-1,
2026-01-20T15:30:00Z,1/20/2026 18:30,2.305,Working,-1,
2026-01-20T15:40:00Z,1/20/2026 18:40,2.305,Working,-1,
2026-01-20T15:50:00Z,1/20/2026 18:50,2.305,Working,-1,
2026-01-20T16:00:00Z,1/20/2026 19:00,2.305,Working,-1,
2026-01-20T16:10:00Z,1/20/2026 19:10,2.306,Working,-1,
2026-01-20T16:20:00Z,1/20/2026 19:20,2.304,Working,-1,
2026-01-20T16:30:00Z,1/20/2026 19:30,2.305,Working,-1,
2026-01-20T16:40:00Z,1/20/2026 19:40,2.306,Working,-1,
2026-01-20T16:50:00Z,1/20/2026 19:50,2.305,Working,-1,
2026-01-20T17:00:00Z,1/20/2026 20:00,2.305,Working,-1,
2026-01-20T17:10:00Z,1/20/2026 20:10,2.305,Working,-1,
2026-01-20T17:20:00Z,1/20/2026 20:20,2.305,Working,-1,
2026-01-20T17:30:00Z,1/20/2026 20:30,2.305,Working,-1,
2026-01-20T17:40:00Z,1/20/2026 20:40,2.305,Working,-1,
2026-01-20T17:50:00Z,1/20/2026 20:50,2.305,Working,-1,
2026-01-20T18:00:00Z,1/20/2026 21:00,2.306,Working,-1,
2026-01-20T18:10:00Z,1/20/2026 21:10,2.305,Working,-1,
2026-01-20T18:20:00Z,1/20/2026 21:20,2.306,Working,-1,
2026-01-20T18:30:00Z,1/20/2026 21:30,2.305,Working,-1,
2026-01-20T18:40:00Z,1/20/2026 21:40,2.305,Working,-1,
2026-01-20T18:50:00Z,1/20/2026 21:50,2.304,Working,-1,
2026-01-20T19:00:00Z,1/20/2026 22:00,2.305,Working,-1,
2026-01-20T19:10:00Z,1/20/2026 22:10,2.304,Working,-1,
2026-01-20T19:20:00Z,1/20/2026 22:20,2.305,Working,-1,
2026-01-20T19:30:00Z,1/20/2026 22:30,2.305,Working,-1,
2026-01-20T19:40:00Z,1/20/2026 22:40,2.305,Working,-1,
2026-01-20T19:50:00Z,1/20/2026 22:50,2.304,Working,-1,
2026-01-20T20:00:00Z,1/20/2026 23:00,2.305,Working,-1,
2026-01-20T20:10:00Z,1/20/2026 23:10,2.305,Working,-1,
2026-01-20T20:20:00Z,1/20/2026 23:20,2.306,Working,-1,
2026-01-20T20:30:00Z,1/20/2026 23:30,2.306,Working,-1,
2026-01-20T20:40:00Z,1/20/2026 23:40,2.306,Working,-1,
2026-01-20T20:50:00Z,1/20/2026 23:50,2.305,Working,-1,
2026-01-20T21:00:00Z,1/21/2026 0:00,2.305,Working,-1,
2026-01-20T21:10:00Z,1/21/2026 0:10,2.306,Working,-1,
2026-01-20T21:20:00Z,1/21/2026 0:20,2.305,Working,-1,
2026-01-20T21:30:00Z,1/21/2026 0:30,2.305,Working,-1,
2026-01-20T21:40:00Z,1/21/2026 0:40,2.305,Working,-1,
2026-01-20T21:50:00Z,1/21/2026 0:50,2.305,Working,-1,
2026-01-20T22:00:00Z,1/21/2026 1:00,2.305,Working,-1,
2026-01-20T22:10:00Z,1/21/2026 1:10,2.305,Working,-1,
2026-01-20T22:20:00Z,1/21/2026 1:20,2.305,Working,-1,
2026-01-20T23:25:00Z,1/21/2026 2:25,,,,
2026-01-21T00:30:00Z,1/21/2026 3:30,2.304,Working,-1,
2026-01-21T00:40:00Z,1/21/2026 3:40,2.304,Working,-1,
2026-01-21T00:50:00Z,1/21/2026 3:50,2.304,Working,-1,
2026-01-21T01:00:00Z,1/21/2026 4:00,2.305,Working,-1,
2026-01-21T01:10:00Z,1/21/2026 4:10,2.303,Working,-1,
2026-01-21T01:20:00Z,1/21/2026 4:20,2.303,Working,-1,
2026-01-21T01:30:00Z,1/21/2026 4:30,2.304,Working,-1,
2026-01-21T01:40:00Z,1/21/2026 4:40,2.303,Working,-1,
2026-01-21T01:50:00Z,1/21/2026 4:50,2.304,Working,-1,
2026-01-21T02:00:00Z,1/21/2026 5:00,2.303,Working,-1,
2026-01-21T02:10:00Z,1/21/2026 5:10,2.302,Working,-1,
2026-01-21T02:20:00Z,1/21/2026 5:20,2.302,Working,-1,
2026-01-21T02:30:00Z,1/21/2026 5:30,2.302,Working,-1,
2026-01-21T02:40:00Z,1/21/2026 5:40,2.301,Working,-1,
2026-01-21T02:50:00Z,1/21/2026 5:50,2.302,Working,-1,
2026-01-21T03:00:00Z,1/21/2026 6:00,2.302,Working,-1,
2026-01-21T03:10:00Z,1/21/2026 6:10,2.302,Working,-1,
2026-01-21T03:20:00Z,1/21/2026 6:20,2.301,Working,-1,
2026-01-21T03:30:00Z,1/21/2026 6:30,2.301,Working,-1,
2026-01-21T03:40:00Z,1/21/2026 6:40,2.302,Working,-1,
2026-01-21T03:50:00Z,1/21/2026 6:50,2.301,Working,-1,
2026-01-21T04:00:00Z,1/21/2026 7:00,2.301,Working,-1,
2026-01-21T04:10:00Z,1/21/2026 7:10,2.301,Working,-1,
2026-01-21T04:20:00Z,1/21/2026 7:20,2.301,Working,-1,
2026-01-21T04:30:00Z,1/21/2026 7:30,2.299,Working,-1,
2026-01-21T04:40:00Z,1/21/2026 7:40,2.3,Working,-1,
2026-01-21T04:50:00Z,1/21/2026 7:50,2.299,Working,-1,
2026-01-21T05:00:00Z,1/21/2026 8:00,2.299,Working,-1,
2026-01-21T05:10:00Z,1/21/2026 8:10,2.3,Working,-1,
2026-01-21T05:20:00Z,1/21/2026 8:20,2.299,Working,-1,
2026-01-21T06:55:00Z,1/21/2026 9:55,,,,
2026-01-21T08:30:00Z,1/21/2026 11:30,2.307,Working,-1,
2026-01-21T08:40:00Z,1/21/2026 11:40,2.32,Working,-1,
2026-01-21T08:50:00Z,1/21/2026 11:50,2.315,Working,-1,
2026-01-21T09:00:00Z,1/21/2026 12:00,2.329,Working,-1,
2026-01-21T09:10:00Z,1/21/2026 12:10,2.329,Working,-1,
2026-01-21T09:20:00Z,1/21/2026 12:20,2.321,Working,-1,
2026-01-21T09:30:00Z,1/21/2026 12:30,2.321,Working,-1,
2026-01-21T09:40:00Z,1/21/2026 12:40,2.321,Working,-1,
2026-01-21T09:50:00Z,1/21/2026 12:50,2.318,Working,-1,
2026-01-21T10:00:00Z,1/21/2026 13:00,2.318,Working,-1,
2026-01-21T10:10:00Z,1/21/2026 13:10,2.32,Working,-1,
2026-01-21T10:20:00Z,1/21/2026 13:20,2.32,Working,-1,
2026-01-21T10:30:00Z,1/21/2026 13:30,2.318,Working,-1,
2026-01-21T10:40:00Z,1/21/2026 13:40,2.32,Working,-1,
2026-01-21T10:50:00Z,1/21/2026 13:50,2.318,Working,-1,
2026-01-21T11:00:00Z,1/21/2026 14:00,2.317,Working,-1,
2026-01-21T11:10:00Z,1/21/2026 14:10,2.315,Working,-1,
2026-01-21T11:20:00Z,1/21/2026 14:20,2.318,Working,-1,
2026-01-21T11:30:00Z,1/21/2026 14:30,2.319,Working,-1,
2026-01-21T11:40:00Z,1/21/2026 14:40,2.32,Working,-1,
2026-01-21T11:50:00Z,1/21/2026 14:50,2.321,Working,-1,
2026-01-21T12:00:00Z,1/21/2026 15:00,2.323,Working,-1,
2026-01-21T12:10:00Z,1/21/2026 15:10,2.319,Working,-1,
2026-01-21T12:20:00Z,1/21/2026 15:20,2.318,Working,-1,
2026-01-21T12:30:00Z,1/21/2026 15:30,2.318,Working,-1,
2026-01-21T12:40:00Z,1/21/2026 15:40,2.319,Working,-1,
2026-01-21T12:50:00Z,1/21/2026 15:50,2.318,Working,-1,
2026-01-21T13:00:00Z,1/21/2026 16:00,2.318,Working,-1,
2026-01-21T13:10:00Z,1/21/2026 16:10,2.318,Working,-1,
2026-01-21T13:20:00Z,1/21/2026 16:20,2.316,Working,-1,
2026-01-21T13:30:00Z,1/21/2026 16:30,2.315,Working,-1,
2026-01-21T13:40:00Z,1/21/2026 16:40,2.313,Working,-1,
2026-01-21T13:50:00Z,1/21/2026 16:50,2.312,Working,-1,
2026-01-21T14:00:00Z,1/21/2026 17:00,2.313,Working,-1,
2026-01-21T14:10:00Z,1/21/2026 17:10,2.313,Working,-1,
2026-01-21T14:20:00Z,1/21/2026 17:20,2.313,Working,-1,
2026-01-21T14:30:00Z,1/21/2026 17:30,2.312,Working,-1,
2026-01-21T14:40:00Z,1/21/2026 17:40,2.312,Working,-1,
2026-01-21T14:50:00Z,1/21/2026 17:50,2.312,Working,-1,
2026-01-21T15:00:00Z,1/21/2026 18:00,2.312,Working,-1,
2026-01-21T15:10:00Z,1/21/2026 18:10,2.312,Working,-1,
2026-01-21T15:20:00Z,1/21/2026 18:20,2.311,Working,-1,
2026-01-21T15:55:00Z,1/21/2026 18:55,,,,
2026-01-21T16:30:00Z,1/21/2026 19:30,2.309,Working,-1,
2026-01-21T16:40:00Z,1/21/2026 19:40,2.307,Working,-1,
2026-01-21T16:50:00Z,1/21/2026 19:50,2.309,Working,-1,
2026-01-21T17:00:00Z,1/21/2026 20:00,2.308,Working,-1,
2026-01-21T17:10:00Z,1/21/2026 20:10,2.306,Working,-1,
2026-01-21T17:20:00Z,1/21/2026 20:20,2.306,Working,-1,
2026-01-21T17:30:00Z,1/21/2026 20:30,2.308,Working,-1,
2026-01-21T17:40:00Z,1/21/2026 20:40,2.307,Working,-1,
2026-01-21T17:50:00Z,1/21/2026 20:50,2.307,Working,-1,
2026-01-21T18:00:00Z,1/21/2026 21:00,2.306,Working,-1,
2026-01-21T18:10:00Z,1/21/2026 21:10,2.306,Working,-1,
2026-01-21T18:20:00Z,1/21/2026 21:20,2.306,Working,-1,
2026-01-21T18:30:00Z,1/21/2026 21:30,2.306,Working,-1,
2026-01-21T18:40:00Z,1/21/2026 21:40,2.306,Working,-1,
2026-01-21T18:50:00Z,1/21/2026 21:50,2.305,Working,-1,
2026-01-21T19:00:00Z,1/21/2026 22:00,2.306,Working,-1,
2026-01-21T19:10:00Z,1/21/2026 22:10,2.305,Working,-1,
2026-01-21T19:20:00Z,1/21/2026 22:20,2.305,Working,-1,
2026-01-21T19:30:00Z,1/21/2026 22:30,2.305,Working,-1,
2026-01-21T19:40:00Z,1/21/2026 22:40,2.306,Working,-1,
2026-01-21T19:50:00Z,1/21/2026 22:50,2.305,Working,-1,
2026-01-21T20:00:00Z,1/21/2026 23:00,2.305,Working,-1,
2026-01-21T20:10:00Z,1/21/2026 23:10,2.306,Working,-1,
2026-01-21T20:20:00Z,1/21/2026 23:20,2.305,Working,-1,
2026-01-21T21:25:00Z,1/22/2026 0:25,,,,
2026-01-21T22:30:00Z,1/22/2026 1:30,2.305,Working,-1,
2026-01-21T22:40:00Z,1/22/2026 1:40,2.306,Working,-1,
2026-01-21T22:50:00Z,1/22/2026 1:50,2.306,Working,-1,
2026-01-21T23:00:00Z,1/22/2026 2:00,2.306,Working,-1,
2026-01-21T23:10:00Z,1/22/2026 2:10,2.305,Working,-1,
2026-01-21T23:20:00Z,1/22/2026 2:20,2.305,Working,-1,
2026-01-21T23:30:00Z,1/22/2026 2:30,2.305,Working,-1,
2026-01-21T23:40:00Z,1/22/2026 2:40,2.305,Working,-1,
2026-01-21T23:50:00Z,1/22/2026 2:50,2.306,Working,-1,
2026-01-22T00:00:00Z,1/22/2026 3:00,2.304,Working,-1,
2026-01-22T00:10:00Z,1/22/2026 3:10,2.305,Working,-1,
2026-01-22T00:20:00Z,1/22/2026 3:20,2.306,Working,-1,
2026-01-22T00:30:00Z,1/22/2026 3:30,2.305,Working,-1,
2026-01-22T00:40:00Z,1/22/2026 3:40,2.306,Working,-1,
2026-01-22T00:50:00Z,1/22/2026 3:50,2.305,Working,-1,
2026-01-22T01:00:00Z,1/22/2026 4:00,2.304,Working,-1,
2026-01-22T01:10:00Z,1/22/2026 4:10,2.306,Working,-1,
2026-01-22T01:20:00Z,1/22/2026 4:20,2.305,Working,-1,
2026-01-22T01:30:00Z,1/22/2026 4:30,2.306,Working,-1,
2026-01-22T01:40:00Z,1/22/2026 4:40,2.305,Working,-1,
2026-01-22T01:50:00Z,1/22/2026 4:50,2.305,Working,-1,
2026-01-22T02:00:00Z,1/22/2026 5:00,2.305,Working,-1,
2026-01-22T02:10:00Z,1/22/2026 5:10,2.305,Working,-1,
2026-01-22T02:20:00Z,1/22/2026 5:20,2.305,Working,-1,
2026-01-22T02:30:00Z,1/22/2026 5:30,2.305,Working,-1,
2026-01-22T02:40:00Z,1/22/2026 5:40,2.305,Working,-1,
2026-01-22T02:50:00Z,1/22/2026 5:50,2.304,Working,-1,
2026-01-22T03:00:00Z,1/22/2026 6:00,2.304,Working,-1,
2026-01-22T03:10:00Z,1/22/2026 6:10,2.303,Working,-1,
2026-01-22T03:20:00Z,1/22/2026 6:20,2.302,Working,-1,
2026-01-22T03:30:00Z,1/22/2026 6:30,2.303,Working,-1,
2026-01-22T03:40:00Z,1/22/2026 6:40,2.303,Working,-1,
2026-01-22T03:50:00Z,1/22/2026 6:50,2.304,Working,-1,
2026-01-22T04:00:00Z,1/22/2026 7:00,2.305,Working,-1,
2026-01-22T04:10:00Z,1/22/2026 7:10,2.304,Working,-1,
2026-01-22T04:20:00Z,1/22/2026 7:20,2.302,Working,-1,
2026-01-22T04:30:00Z,1/22/2026 7:30,2.303,Working,-1,
2026-01-22T04:40:00Z,1/22/2026 7:40,2.303,Working,-1,
2026-01-22T04:50:00Z,1/22/2026 7:50,2.303,Working,-1,
2026-01-22T05:00:00Z,1/22/2026 8:00,2.301,Working,-1,
2026-01-22T05:10:00Z,1/22/2026 8:10,2.301,Working,-1,
2026-01-22T05:20:00Z,1/22/2026 8:20,2.301,Working,-1,
2026-01-22T05:30:00Z,1/22/2026 8:30,2.301,Working,-1,
2026-01-22T05:40:00Z,1/22/2026 8:40,2.301,Working,-1,
2026-01-22T05:50:00Z,1/22/2026 8:50,2.301,Working,-1,
2026-01-22T06:00:00Z,1/22/2026 9:00,2.3,Working,-1,
2026-01-22T06:10:00Z,1/22/2026 9:10,2.3,Working,-1,
2026-01-22T06:20:00Z,1/22/2026 9:20,2.3,Working,-1,
2026-01-22T06:30:00Z,1/22/2026 9:30,2.3,Working,-1,
2026-01-22T06:40:00Z,1/22/2026 9:40,2.299,Working,-1,
2026-01-22T06:50:00Z,1/22/2026 9:50,2.298,Working,-1,
2026-01-22T07:00:00Z,1/22/2026 10:00,2.3,Working,-1,
2026-01-22T07:10:00Z,1/22/2026 10:10,2.3,Working,-1,
2026-01-22T07:20:00Z,1/22/2026 10:20,2.299,Working,-1,
2026-01-22T07:30:00Z,1/22/2026 10:30,2.299,Working,-1,
2026-01-22T07:40:00Z,1/22/2026 10:40,2.299,Working,-1,
2026-01-22T07:50:00Z,1/22/2026 10:50,2.297,Working,-1,
2026-01-22T08:00:00Z,1/22/2026 11:00,2.296,Working,-1,
2026-01-22T08:10:00Z,1/22/2026 11:10,2.298,Working,-1,
2026-01-22T08:20:00Z,1/22/2026 11:20,2.297,Working,-1,
2026-01-22T09:25:00Z,1/22/2026 12:25,,,,
2026-01-22T10:30:00Z,1/22/2026 13:30,2.294,Working,-1,
2026-01-22T10:40:00Z,1/22/2026 13:40,2.294,Working,-1,
2026-01-22T10:50:00Z,1/22/2026 13:50,2.293,Working,-1,
2026-01-22T11:00:00Z,1/22/2026 14:00,2.295,Working,-1,
2026-01-22T11:10:00Z,1/22/2026 14:10,2.293,Working,-1,
2026-01-22T11:20:00Z,1/22/2026 14:20,2.293,Working,-1,
2026-01-22T11:30:00Z,1/22/2026 14:30,2.294,Working,-1,
2026-01-22T11:40:00Z,1/22/2026 14:40,2.293,Working,-1,
2026-01-22T11:50:00Z,1/22/2026 14:50,2.293,Working,-1,
2026-01-22T12:00:00Z,1/22/2026 15:00,2.294,Working,-1,
2026-01-22T12:10:00Z,1/22/2026 15:10,2.293,Working,-1,
2026-01-22T12:20:00Z,1/22/2026 15:20,2.292,Working,-1,
2026-01-22T12:30:00Z,1/22/2026 15:30,2.293,Working,-1,
2026-01-22T12:40:00Z,1/22/2026 15:40,2.293,Working,-1,
2026-01-22T12:50:00Z,1/22/2026 15:50,2.292,Working,-1,
2026-01-22T13:00:00Z,1/22/2026 16:00,2.293,Working,-1,
2026-01-22T13:10:00Z,1/22/2026 16:10,2.291,Working,-1,
2026-01-22T13:20:00Z,1/22/2026 16:20,2.293,Working,-1,
2026-01-22T13:30:00Z,1/22/2026 16:30,2.292,Working,-1,
2026-01-22T13:40:00Z,1/22/2026 16:40,2.292,Working,-1,
2026-01-22T13:50:00Z,1/22/2026 16:50,2.293,Working,-1,
2026-01-22T14:00:00Z,1/22/2026 17:00,2.293,Working,-1,
2026-01-22T14:10:00Z,1/22/2026 17:10,2.292,Working,-1,
2026-01-22T14:20:00Z,1/22/2026 17:20,2.292,Working,-1,
2026-01-22T14:55:00Z,1/22/2026 17:55,,,,
2026-01-22T15:30:00Z,1/22/2026 18:30,2.292,Working,-1,
2026-01-22T15:40:00Z,1/22/2026 18:40,2.293,Working,-1,
2026-01-22T15:50:00Z,1/22/2026 18:50,2.291,Working,-1,
2026-01-22T16:00:00Z,1/22/2026 19:00,2.292,Working,-1,
2026-01-22T16:10:00Z,1/22/2026 19:10,2.291,Working,-1,
2026-01-22T16:20:00Z,1/22/2026 19:20,2.291,Working,-1,
2026-01-22T16:30:00Z,1/22/2026 19:30,2.291,Working,-1,
2026-01-22T16:40:00Z,1/22/2026 19:40,2.291,Working,-1,
2026-01-22T16:50:00Z,1/22/2026 19:50,2.291,Working,-1,
2026-01-22T17:00:00Z,1/22/2026 20:00,2.289,Working,-1,
2026-01-22T17:10:00Z,1/22/2026 20:10,2.291,Working,-1,
2026-01-22T17:20:00Z,1/22/2026 20:20,2.29,Working,-1,
2026-01-22T17:30:00Z,1/22/2026 20:30,2.289,Working,-1,
2026-01-22T17:40:00Z,1/22/2026 20:40,2.289,Working,-1,
2026-01-22T17:50:00Z,1/22/2026 20:50,2.289,Working,-1,
2026-01-22T18:00:00Z,1/22/2026 21:00,2.29,Working,-1,
2026-01-22T18:10:00Z,1/22/2026 21:10,2.29,Working,-1,
2026-01-22T18:20:00Z,1/22/2026 21:20,2.29,Working,-1,
2026-01-22T18:30:00Z,1/22/2026 21:30,2.289,Working,-1,
2026-01-22T18:40:00Z,1/22/2026 21:40,2.288,Working,-1,
2026-01-22T18:50:00Z,1/22/2026 21:50,2.287,Working,-1,
2026-01-22T19:00:00Z,1/22/2026 22:00,2.288,Working,-1,
2026-01-22T19:10:00Z,1/22/2026 22:10,2.288,Working,-1,
2026-01-22T19:20:00Z,1/22/2026 22:20,2.288,Working,-1,
2026-01-22T20:55:00Z,1/22/2026 23:55,,,,
2026-01-22T22:30:00Z,1/23/2026 1:30,2.285,Working,-1,
2026-01-22T22:40:00Z,1/23/2026 1:40,2.284,Working,-1,
2026-01-22T22:50:00Z,1/23/2026 1:50,2.284,Working,-1,
2026-01-22T23:00:00Z,1/23/2026 2:00,2.285,Working,-1,
2026-01-22T23:10:00Z,1/23/2026 2:10,2.283,Working,-1,
2026-01-22T23:20:00Z,1/23/2026 2:20,2.284,Working,-1,
2026-01-22T23:55:00Z,1/23/2026 2:55,,,,
2026-01-23T00:30:00Z,1/23/2026 3:30,2.284,Working,-1,
2026-01-23T00:40:00Z,1/23/2026 3:40,2.282,Working,-1,
2026-01-23T00:50:00Z,1/23/2026 3:50,2.283,Working,-1,
2026-01-23T01:00:00Z,1/23/2026 4:00,2.282,Working,-1,
2026-01-23T01:10:00Z,1/23/2026 4:10,2.282,Working,-1,
2026-01-23T01:20:00Z,1/23/2026 4:20,2.281,Working,-1,
2026-01-23T01:30:00Z,1/23/2026 4:30,2.281,Working,-1,
2026-01-23T01:40:00Z,1/23/2026 4:40,2.281,Working,-1,
2026-01-23T01:50:00Z,1/23/2026 4:50,2.281,Working,-1,
2026-01-23T02:00:00Z,1/23/2026 5:00,2.281,Working,-1,
2026-01-23T02:10:00Z,1/23/2026 5:10,2.281,Working,-1,
2026-01-23T02:20:00Z,1/23/2026 5:20,2.281,Working,-1,
2026-01-23T02:30:00Z,1/23/2026 5:30,2.281,Working,-1,
2026-01-23T02:40:00Z,1/23/2026 5:40,2.28,Working,-1,
2026-01-23T02:50:00Z,1/23/2026 5:50,2.282,Working,-1,
2026-01-23T03:00:00Z,1/23/2026 6:00,2.28,Working,-1,
2026-01-23T03:10:00Z,1/23/2026 6:10,2.28,Working,-1,
2026-01-23T03:20:00Z,1/23/2026 6:20,2.28,Working,-1,
2026-01-23T03:30:00Z,1/23/2026 6:30,2.28,Working,-1,
2026-01-23T03:40:00Z,1/23/2026 6:40,2.279,Working,-1,
2026-01-23T03:50:00Z,1/23/2026 6:50,2.279,Working,-1,
2026-01-23T04:00:00Z,1/23/2026 7:00,2.279,Working,-1,
2026-01-23T04:10:00Z,1/23/2026 7:10,2.28,Working,-1,
2026-01-23T04:20:00Z,1/23/2026 7:20,2.279,Working,-1,
2026-01-23T04:30:00Z,1/23/2026 7:30,2.279,Working,-1,
2026-01-23T04:40:00Z,1/23/2026 7:40,2.277,Working,-1,
2026-01-23T04:50:00Z,1/23/2026 7:50,2.279,Working,-1,
2026-01-23T05:00:00Z,1/23/2026 8:00,2.277,Working,-1,
2026-01-23T05:10:00Z,1/23/2026 8:10,2.278,Working,-1,
2026-01-23T05:20:00Z,1/23/2026 8:20,2.277,Working,-1,
2026-01-23T05:30:00Z,1/23/2026 8:30,2.277,Working,-1,
2026-01-23T05:40:00Z,1/23/2026 8:40,2.278,Working,-1,
2026-01-23T05:50:00Z,1/23/2026 8:50,2.277,Working,-1,
2026-01-23T06:00:00Z,1/23/2026 9:00,2.278,Working,-1,
2026-01-23T06:10:00Z,1/23/2026 9:10,2.276,Working,-1,
2026-01-23T06:20:00Z,1/23/2026 9:20,2.276,Working,-1,
2026-01-23T06:30:00Z,1/23/2026 9:30,2.275,Working,-1,
2026-01-23T06:40:00Z,1/23/2026 9:40,2.275,Working,-1,
2026-01-23T06:50:00Z,1/23/2026 9:50,2.275,Working,-1,
2026-01-23T07:00:00Z,1/23/2026 10:00,2.276,Working,-1,
2026-01-23T07:10:00Z,1/23/2026 10:10,2.275,Working,-1,
2026-01-23T07:20:00Z,1/23/2026 10:20,2.276,Working,-1,
2026-01-23T07:30:00Z,1/23/2026 10:30,2.275,Working,-1,
2026-01-23T07:40:00Z,1/23/2026 10:40,2.275,Working,-1,
2026-01-23T07:50:00Z,1/23/2026 10:50,2.274,Working,-1,
2026-01-23T08:00:00Z,1/23/2026 11:00,2.274,Working,-1,
2026-01-23T08:10:00Z,1/23/2026 11:10,2.273,Working,-1,
2026-01-23T08:20:00Z,1/23/2026 11:20,2.273,Working,-1,
2026-01-23T08:30:00Z,1/23/2026 11:30,2.274,Working,-1,
2026-01-23T08:40:00Z,1/23/2026 11:40,2.273,Working,-1,
2026-01-23T08:50:00Z,1/23/2026 11:50,2.274,Working,-1,
2026-01-23T09:00:00Z,1/23/2026 12:00,2.273,Working,-1,
2026-01-23T09:10:00Z,1/23/2026 12:10,2.273,Working,-1,
2026-01-23T09:20:00Z,1/23/2026 12:20,2.273,Working,-1,
2026-01-23T09:30:00Z,1/23/2026 12:30,2.272,Working,-1,
2026-01-23T09:40:00Z,1/23/2026 12:40,2.271,Working,-1,
2026-01-23T09:50:00Z,1/23/2026 12:50,2.273,Working,-1,
2026-01-23T10:00:00Z,1/23/2026 13:00,2.272,Working,-1,
2026-01-23T10:10:00Z,1/23/2026 13:10,2.273,Working,-1,
2026-01-23T10:20:00Z,1/23/2026 13:20,2.272,Working,-1,
2026-01-23T10:30:00Z,1/23/2026 13:30,2.273,Working,-1,
2026-01-23T10:40:00Z,1/23/2026 13:40,2.273,Working,-1,
2026-01-23T10:50:00Z,1/23/2026 13:50,2.271,Working,-1,
2026-01-23T11:00:00Z,1/23/2026 14:00,2.273,Working,-1,
2026-01-23T11:10:00Z,1/23/2026 14:10,2.271,Working,-1,
2026-01-23T11:20:00Z,1/23/2026 14:20,2.273,Working,-1,
2026-01-23T11:30:00Z,1/23/2026 14:30,2.273,Working,-1,
2026-01-23T11:40:00Z,1/23/2026 14:40,2.273,Working,-1,
2026-01-23T11:50:00Z,1/23/2026 14:50,2.272,Working,-1,
2026-01-23T12:00:00Z,1/23/2026 15:00,2.272,Working,-1,
2026-01-23T12:10:00Z,1/23/2026 15:10,2.273,Working,-1,
2026-01-23T12:20:00Z,1/23/2026 15:20,2.273,Working,-1,
2026-01-23T12:30:00Z,1/23/2026 15:30,2.272,Working,-1,
2026-01-23T12:40:00Z,1/23/2026 15:40,2.27,Working,-1,
2026-01-23T12:50:00Z,1/23/2026 15:50,2.271,Working,-1,
2026-01-23T13:00:00Z,1/23/2026 16:00,2.271,Working,-1,
2026-01-23T13:10:00Z,1/23/2026 16:10,2.271,Working,-1,
2026-01-23T13:20:00Z,1/23/2026 16:20,2.274,Working,-1,
2026-01-23T13:30:00Z,1/23/2026 16:30,2.272,Working,-1,
2026-01-23T13:40:00Z,1/23/2026 16:40,2.272,Working,-1,
2026-01-23T13:50:00Z,1/23/2026 16:50,2.272,Working,-1,
2026-01-23T14:00:00Z,1/23/2026 17:00,2.271,Working,-1,
2026-01-23T14:10:00Z,1/23/2026 17:10,2.272,Working,-1,
2026-01-23T14:20:00Z,1/23/2026 17:20,2.271,Working,-1,
2026-01-23T14:30:00Z,1/23/2026 17:30,2.271,Working,-1,
2026-01-23T14:40:00Z,1/23/2026 17:40,2.271,Working,-1,
2026-01-23T14:50:00Z,1/23/2026 17:50,2.271,Working,-1,
2026-01-23T15:00:00Z,1/23/2026 18:00,2.271,Working,-1,
2026-01-23T15:10:00Z,1/23/2026 18:10,2.271,Working,-1,
2026-01-23T15:20:00Z,1/23/2026 18:20,2.27,Working,-1,
2026-01-23T15:30:00Z,1/23/2026 18:30,2.269,Working,-1,
2026-01-23T15:40:00Z,1/23/2026 18:40,2.269,Working,-1,
2026-01-23T15:50:00Z,1/23/2026 18:50,2.27,Working,-1,
2026-01-23T16:00:00Z,1/23/2026 19:00,2.269,Working,-1,
2026-01-23T16:10:00Z,1/23/2026 19:10,2.269,Working,-1,
2026-01-23T16:20:00Z,1/23/2026 19:20,2.268,Working,-1,
2026-01-23T16:30:00Z,1/23/2026 19:30,2.269,Working,-1,
2026-01-23T16:40:00Z,1/23/2026 19:40,2.269,Working,-1,
2026-01-23T16:50:00Z,1/23/2026 19:50,2.268,Working,-1,
2026-01-23T17:00:00Z,1/23/2026 20:00,2.269,Working,-1,
2026-01-23T17:10:00Z,1/23/2026 20:10,2.268,Working,-1,
2026-01-23T17:20:00Z,1/23/2026 20:20,2.268,Working,-1,
2026-01-23T17:30:00Z,1/23/2026 20:30,2.268,Working,-1,
2026-01-23T17:40:00Z,1/23/2026 20:40,2.268,Working,-1,
2026-01-23T17:50:00Z,1/23/2026 20:50,2.269,Working,-1,
2026-01-23T18:00:00Z,1/23/2026 21:00,2.268,Working,-1,
2026-01-23T18:10:00Z,1/23/2026 21:10,2.268,Working,-1,
2026-01-23T18:20:00Z,1/23/2026 21:20,2.268,Working,-1,
2026-01-23T18:30:00Z,1/23/2026 21:30,2.266,Working,-1,
2026-01-23T18:40:00Z,1/23/2026 21:40,2.267,Working,-1,
2026-01-23T18:50:00Z,1/23/2026 21:50,2.266,Working,-1,
2026-01-23T19:00:00Z,1/23/2026 22:00,2.267,Working,-1,
2026-01-23T19:10:00Z,1/23/2026 22:10,2.266,Working,-1,
2026-01-23T19:20:00Z,1/23/2026 22:20,2.267,Working,-1,
2026-01-23T19:30:00Z,1/23/2026 22:30,2.267,Working,-1,
2026-01-23T19:40:00Z,1/23/2026 22:40,2.267,Working,-1,
2026-01-23T19:50:00Z,1/23/2026 22:50,2.266,Working,-1,
2026-01-23T20:00:00Z,1/23/2026 23:00,2.267,Working,-1,
2026-01-23T20:10:00Z,1/23/2026 23:10,2.266,Working,-1,
2026-01-23T20:20:00Z,1/23/2026 23:20,2.266,Working,-1,
2026-01-23T20:30:00Z,1/23/2026 23:30,2.265,Working,-1,
2026-01-23T20:40:00Z,1/23/2026 23:40,2.266,Working,-1,
2026-01-23T20:50:00Z,1/23/2026 23:50,2.265,Working,-1,
2026-01-23T21:00:00Z,1/24/2026 0:00,2.266,Working,-1,
2026-01-23T21:10:00Z,1/24/2026 0:10,2.266,Working,-1,
2026-01-23T21:20:00Z,1/24/2026 0:20,2.265,Working,-1,
2026-01-23T21:30:00Z,1/24/2026 0:30,2.265,Working,-1,
2026-01-23T21:40:00Z,1/24/2026 0:40,2.266,Working,-1,
2026-01-23T21:50:00Z,1/24/2026 0:50,2.264,Working,-1,
2026-01-23T22:00:00Z,1/24/2026 1:00,2.265,Working,-1,
2026-01-23T22:10:00Z,1/24/2026 1:10,2.265,Working,-1,
2026-01-23T22:20:00Z,1/24/2026 1:20,2.264,Working,-1,
2026-01-23T22:30:00Z,1/24/2026 1:30,2.264,Working,-1,
2026-01-23T22:40:00Z,1/24/2026 1:40,2.266,Working,-1,
2026-01-23T22:50:00Z,1/24/2026 1:50,2.264,Working,-1,
2026-01-23T23:00:00Z,1/24/2026 2:00,2.264,Working,-1,
2026-01-23T23:10:00Z,1/24/2026 2:10,2.264,Working,-1,
2026-01-23T23:20:00Z,1/24/2026 2:20,2.264,Working,-1,
2026-01-23T23:30:00Z,1/24/2026 2:30,2.265,Working,-1,
2026-01-23T23:40:00Z,1/24/2026 2:40,2.265,Working,-1,
2026-01-23T23:50:00Z,1/24/2026 2:50,2.263,Working,-1,
2026-01-24T00:00:00Z,1/24/2026 3:00,2.263,Working,-1,
2026-01-24T00:10:00Z,1/24/2026 3:10,2.263,Working,-1,
2026-01-24T00:20:00Z,1/24/2026 3:20,2.264,Working,-1,
2026-01-24T00:30:00Z,1/24/2026 3:30,2.264,Working,-1,
2026-01-24T00:40:00Z,1/24/2026 3:40,2.263,Working,-1,
2026-01-24T00:50:00Z,1/24/2026 3:50,2.263,Working,-1,
2026-01-24T01:00:00Z,1/24/2026 4:00,2.263,Working,-1,
2026-01-24T01:10:00Z,1/24/2026 4:10,2.263,Working,-1,
2026-01-24T01:20:00Z,1/24/2026 4:20,2.262,Working,-1,
2026-01-24T01:30:00Z,1/24/2026 4:30,2.263,Working,-1,
2026-01-24T01:40:00Z,1/24/2026 4:40,2.263,Working,-1,
2026-01-24T01:50:00Z,1/24/2026 4:50,2.263,Working,-1,
2026-01-24T02:00:00Z,1/24/2026 5:00,2.263,Working,-1,
2026-01-24T02:10:00Z,1/24/2026 5:10,2.262,Working,-1,
2026-01-24T02:20:00Z,1/24/2026 5:20,2.263,Working,-1,
2026-01-24T02:55:00Z,1/24/2026 5:55,,,,
2026-01-24T03:30:00Z,1/24/2026 6:30,2.262,Working,-1,
2026-01-24T03:40:00Z,1/24/2026 6:40,2.262,Working,-1,
2026-01-24T03:50:00Z,1/24/2026 6:50,2.262,Working,-1,
2026-01-24T04:00:00Z,1/24/2026 7:00,2.262,Working,-1,
2026-01-24T04:10:00Z,1/24/2026 7:10,2.26,Working,-1,
2026-01-24T04:20:00Z,1/24/2026 7:20,2.262,Working,-1,
2026-01-24T04:30:00Z,1/24/2026 7:30,2.262,Working,-1,
2026-01-24T04:40:00Z,1/24/2026 7:40,2.263,Working,-1,
2026-01-24T04:50:00Z,1/24/2026 7:50,2.261,Working,-1,
2026-01-24T05:00:00Z,1/24/2026 8:00,2.26,Working,-1,
2026-01-24T05:10:00Z,1/24/2026 8:10,2.259,Working,-1,
2026-01-24T05:20:00Z,1/24/2026 8:20,2.26,Working,-1,
2026-01-24T05:30:00Z,1/24/2026 8:30,2.259,Working,-1,
2026-01-24T05:40:00Z,1/24/2026 8:40,2.259,Working,-1,
2026-01-24T05:50:00Z,1/24/2026 8:50,2.26,Working,-1,
2026-01-24T06:00:00Z,1/24/2026 9:00,2.259,Working,-1,
2026-01-24T06:10:00Z,1/24/2026 9:10,2.259,Working,-1,
2026-01-24T06:20:00Z,1/24/2026 9:20,2.258,Working,-1,
2026-01-24T06:30:00Z,1/24/2026 9:30,2.258,Working,-1,
2026-01-24T06:40:00Z,1/24/2026 9:40,2.258,Working,-1,
2026-01-24T06:50:00Z,1/24/2026 9:50,2.257,Working,-1,
2026-01-24T07:00:00Z,1/24/2026 10:00,2.258,Working,-1,
2026-01-24T07:10:00Z,1/24/2026 10:10,2.258,Working,-1,
2026-01-24T07:20:00Z,1/24/2026 10:20,2.257,Working,-1,
2026-01-24T07:30:00Z,1/24/2026 10:30,2.257,Working,-1,
2026-01-24T07:40:00Z,1/24/2026 10:40,2.256,Working,-1,
2026-01-24T07:50:00Z,1/24/2026 10:50,2.258,Working,-1,
2026-01-24T08:00:00Z,1/24/2026 11:00,2.257,Working,-1,
2026-01-24T08:10:00Z,1/24/2026 11:10,2.257,Working,-1,
2026-01-24T08:20:00Z,1/24/2026 11:20,2.257,Working,-1,
2026-01-24T08:55:00Z,1/24/2026 11:55,,,,
2026-01-24T09:30:00Z,1/24/2026 12:30,2.256,Working,-1,
2026-01-24T09:40:00Z,1/24/2026 12:40,2.255,Working,-1,
2026-01-24T09:50:00Z,1/24/2026 12:50,2.254,Working,-1,
2026-01-24T10:00:00Z,1/24/2026 13:00,2.256,Working,-1,
2026-01-24T10:10:00Z,1/24/2026 13:10,2.255,Working,-1,
2026-01-24T10:20:00Z,1/24/2026 13:20,2.255,Working,-1,
2026-01-24T10:30:00Z,1/24/2026 13:30,2.254,Working,-1,
2026-01-24T10:40:00Z,1/24/2026 13:40,2.253,Working,-1,
2026-01-24T10:50:00Z,1/24/2026 13:50,2.255,Working,-1,
2026-01-24T11:00:00Z,1/24/2026 14:00,2.255,Working,-1,
2026-01-24T11:10:00Z,1/24/2026 14:10,2.254,Working,-1,
2026-01-24T11:20:00Z,1/24/2026 14:20,2.255,Working,-1,
2026-01-24T11:55:00Z,1/24/2026 14:55,,,,
2026-01-24T12:30:00Z,1/24/2026 15:30,2.255,Working,-1,
2026-01-24T12:40:00Z,1/24/2026 15:40,2.254,Working,-1,
2026-01-24T12:50:00Z,1/24/2026 15:50,2.254,Working,-1,
2026-01-24T13:00:00Z,1/24/2026 16:00,2.257,Working,-1,
2026-01-24T13:10:00Z,1/24/2026 16:10,2.256,Working,-1,
2026-01-24T13:20:00Z,1/24/2026 16:20,2.256,Working,-1,
2026-01-24T13:55:00Z,1/24/2026 16:55,,,,
2026-01-24T14:30:00Z,1/24/2026 17:30,2.255,Working,-1,
2026-01-24T14:40:00Z,1/24/2026 17:40,2.255,Working,-1,
2026-01-24T14:50:00Z,1/24/2026 17:50,2.255,Working,-1,
2026-01-24T15:00:00Z,1/24/2026 18:00,2.256,Working,-1,
2026-01-24T15:10:00Z,1/24/2026 18:10,2.254,Working,-1,
2026-01-24T15:20:00Z,1/24/2026 18:20,2.256,Working,-1,
2026-01-24T15:30:00Z,1/24/2026 18:30,2.256,Working,-1,
2026-01-24T15:40:00Z,1/24/2026 18:40,2.255,Working,-1,
2026-01-24T15:50:00Z,1/24/2026 18:50,2.255,Working,-1,
2026-01-24T16:00:00Z,1/24/2026 19:00,2.255,Working,-1,
2026-01-24T16:10:00Z,1/24/2026 19:10,2.255,Working,-1,
2026-01-24T16:20:00Z,1/24/2026 19:20,2.256,Working,-1,
2026-01-24T16:30:00Z,1/24/2026 19:30,2.255,Working,-1,
2026-01-24T16:40:00Z,1/24/2026 19:40,2.254,Working,-1,
2026-01-24T16:50:00Z,1/24/2026 19:50,2.255,Working,-1,
2026-01-24T17:00:00Z,1/24/2026 20:00,2.255,Working,-1,
2026-01-24T17:10:00Z,1/24/2026 20:10,2.254,Working,-1,
2026-01-24T17:20:00Z,1/24/2026 20:20,2.253,Working,-1,
2026-01-24T18:25:00Z,1/24/2026 21:25,,,,
2026-01-24T19:30:00Z,1/24/2026 22:30,2.251,Working,-1,
2026-01-24T19:40:00Z,1/24/2026 22:40,2.25,Working,-1,
2026-01-24T19:50:00Z,1/24/2026 22:50,2.251,Working,-1,
2026-01-24T20:00:00Z,1/24/2026 23:00,2.25,Working,-1,
2026-01-24T20:10:00Z,1/24/2026 23:10,2.251,Working,-1,
2026-01-24T20:20:00Z,1/24/2026 23:20,2.251,Working,-1,
2026-01-24T20:30:00Z,1/24/2026 23:30,2.252,Working,-1,
2026-01-24T20:40:00Z,1/24/2026 23:40,2.251,Working,-1,
2026-01-24T20:50:00Z,1/24/2026 23:50,2.251,Working,-1,
2026-01-24T21:00:00Z,1/25/2026 0:00,2.251,Working,-1,
2026-01-24T21:10:00Z,1/25/2026 0:10,2.251,Working,-1,
2026-01-24T21:20:00Z,1/25/2026 0:20,2.25,Working,-1,
2026-01-24T21:30:00Z,1/25/2026 0:30,2.249,Working,-1,
2026-01-24T21:40:00Z,1/25/2026 0:40,2.251,Working,-1,
2026-01-24T21:50:00Z,1/25/2026 0:50,2.249,Working,-1,
2026-01-24T22:00:00Z,1/25/2026 1:00,2.25,Working,-1,
2026-01-24T22:10:00Z,1/25/2026 1:10,2.25,Working,-1,
2026-01-24T22:20:00Z,1/25/2026 1:20,2.25,Working,-1,
2026-01-24T22:30:00Z,1/25/2026 1:30,2.25,Working,-1,
2026-01-24T22:40:00Z,1/25/2026 1:40,2.249,Working,-1,
2026-01-24T22:50:00Z,1/25/2026 1:50,2.25,Working,-1,
2026-01-24T23:00:00Z,1/25/2026 2:00,2.25,Working,-1,
2026-01-24T23:10:00Z,1/25/2026 2:10,2.25,Working,-1,
2026-01-24T23:20:00Z,1/25/2026 2:20,2.25,Working,-1,
2026-01-24T23:30:00Z,1/25/2026 2:30,2.25,Working,-1,
2026-01-24T23:40:00Z,1/25/2026 2:40,2.249,Working,-1,
2026-01-24T23:50:00Z,1/25/2026 2:50,2.249,Working,-1,
2026-01-25T00:00:00Z,1/25/2026 3:00,2.249,Working,-1,
2026-01-25T00:10:00Z,1/25/2026 3:10,2.249,Working,-1,
2026-01-25T00:20:00Z,1/25/2026 3:20,2.248,Working,-1,
2026-01-25T00:30:00Z,1/25/2026 3:30,2.251,Working,-1,
2026-01-25T00:40:00Z,1/25/2026 3:40,2.249,Working,-1,
2026-01-25T00:50:00Z,1/25/2026 3:50,2.25,Working,-1,
2026-01-25T01:00:00Z,1/25/2026 4:00,2.249,Working,-1,
2026-01-25T01:10:00Z,1/25/2026 4:10,2.25,Working,-1,
2026-01-25T01:20:00Z,1/25/2026 4:20,2.249,Working,-1,
2026-01-25T01:30:00Z,1/25/2026 4:30,2.25,Working,-1,
2026-01-25T01:40:00Z,1/25/2026 4:40,2.25,Working,-1,
2026-01-25T01:50:00Z,1/25/2026 4:50,2.25,Working,-1,
2026-01-25T02:00:00Z,1/25/2026 5:00,2.25,Working,-1,
2026-01-25T02:10:00Z,1/25/2026 5:10,2.249,Working,-1,
2026-01-25T02:20:00Z,1/25/2026 5:20,2.251,Working,-1,
2026-01-25T02:30:00Z,1/25/2026 5:30,2.249,Working,-1,
2026-01-25T02:40:00Z,1/25/2026 5:40,2.249,Working,-1,
2026-01-25T02:50:00Z,1/25/2026 5:50,2.25,Working,-1,
2026-01-25T03:00:00Z,1/25/2026 6:00,2.249,Working,-1,
2026-01-25T03:10:00Z,1/25/2026 6:10,2.249,Working,-1,
2026-01-25T03:20:00Z,1/25/2026 6:20,2.249,Working,-1,
2026-01-25T03:30:00Z,1/25/2026 6:30,2.25,Working,-1,
2026-01-25T03:40:00Z,1/25/2026 6:40,2.249,Working,-1,
2026-01-25T03:50:00Z,1/25/2026 6:50,2.249,Working,-1,
2026-01-25T04:00:00Z,1/25/2026 7:00,2.25,Working,-1,
2026-01-25T04:10:00Z,1/25/2026 7:10,2.25,Working,-1,
2026-01-25T04:20:00Z,1/25/2026 7:20,2.25,Working,-1,
2026-01-25T04:30:00Z,1/25/2026 7:30,2.248,Working,-1,
2026-01-25T04:40:00Z,1/25/2026 7:40,2.247,Working,-1,
2026-01-25T04:50:00Z,1/25/2026 7:50,2.247,Working,-1,
2026-01-25T05:00:00Z,1/25/2026 8:00,2.247,Working,-1,
2026-01-25T05:10:00Z,1/25/2026 8:10,2.246,Working,-1,
2026-01-25T05:20:00Z,1/25/2026 8:20,2.245,Working,-1,
2026-01-25T05:30:00Z,1/25/2026 8:30,2.244,Working,-1,
2026-01-25T05:40:00Z,1/25/2026 8:40,2.244,Working,-1,
2026-01-25T05:50:00Z,1/25/2026 8:50,2.246,Working,-1,
2026-01-25T06:00:00Z,1/25/2026 9:00,2.245,Working,-1,
2026-01-25T06:10:00Z,1/25/2026 9:10,2.245,Working,-1,
2026-01-25T06:20:00Z,1/25/2026 9:20,2.243,Working,-1,
2026-01-25T06:55:00Z,1/25/2026 9:55,,,,
2026-01-25T07:30:00Z,1/25/2026 10:30,2.242,Working,-1,
2026-01-25T07:40:00Z,1/25/2026 10:40,2.245,Working,-1,
2026-01-25T07:50:00Z,1/25/2026 10:50,2.248,Working,-1,
2026-01-25T08:00:00Z,1/25/2026 11:00,2.25,Working,-1,
2026-01-25T08:10:00Z,1/25/2026 11:10,2.25,Working,-1,
2026-01-25T08:20:00Z,1/25/2026 11:20,2.249,Working,-1,
2026-01-25T08:30:00Z,1/25/2026 11:30,2.248,Working,-1,
2026-01-25T08:40:00Z,1/25/2026 11:40,2.249,Working,-1,
2026-01-25T08:50:00Z,1/25/2026 11:50,2.25,Working,-1,
2026-01-25T09:00:00Z,1/25/2026 12:00,2.249,Working,-1,
2026-01-25T09:10:00Z,1/25/2026 12:10,2.248,Working,-1,
2026-01-25T09:20:00Z,1/25/2026 12:20,2.247,Working,-1,
2026-01-25T09:30:00Z,1/25/2026 12:30,2.245,Working,-1,
2026-01-25T09:40:00Z,1/25/2026 12:40,2.246,Working,-1,
2026-01-25T09:50:00Z,1/25/2026 12:50,2.247,Working,-1,
2026-01-25T10:00:00Z,1/25/2026 13:00,2.25,Working,-1,
2026-01-25T10:10:00Z,1/25/2026 13:10,2.252,Working,-1,
2026-01-25T10:20:00Z,1/25/2026 13:20,2.251,Working,-1,
2026-01-25T11:25:00Z,1/25/2026 14:25,,,,
2026-01-25T12:30:00Z,1/25/2026 15:30,2.25,Working,-1,
2026-01-25T12:40:00Z,1/25/2026 15:40,2.248,Working,-1,
2026-01-25T12:50:00Z,1/25/2026 15:50,2.25,Working,-1,
2026-01-25T13:00:00Z,1/25/2026 16:00,2.249,Working,-1,
2026-01-25T13:10:00Z,1/25/2026 16:10,2.247,Working,-1,
2026-01-25T13:20:00Z,1/25/2026 16:20,2.248,Working,-1,
2026-01-25T13:30:00Z,1/25/2026 16:30,2.248,Working,-1,
2026-01-25T13:40:00Z,1/25/2026 16:40,2.248,Working,-1,
2026-01-25T13:50:00Z,1/25/2026 16:50,2.247,Working,-1,
2026-01-25T14:00:00Z,1/25/2026 17:00,2.247,Working,-1,
2026-01-25T14:10:00Z,1/25/2026 17:10,2.247,Working,-1,
2026-01-25T14:20:00Z,1/25/2026 17:20,2.247,Working,-1,
2026-01-25T14:30:00Z,1/25/2026 17:30,2.245,Working,-1,
2026-01-25T14:40:00Z,1/25/2026 17:40,2.247,Working,-1,
2026-01-25T14:50:00Z,1/25/2026 17:50,2.246,Working,-1,
2026-01-25T15:00:00Z,1/25/2026 18:00,2.246,Working,-1,
2026-01-25T15:10:00Z,1/25/2026 18:10,2.247,Working,-1,
2026-01-25T15:20:00Z,1/25/2026 18:20,2.246,Working,-1,
2026-01-25T16:25:00Z,1/25/2026 19:25,,,,
2026-01-25T17:30:00Z,1/25/2026 20:30,2.244,Working,-1,
2026-01-25T17:40:00Z,1/25/2026 20:40,2.244,Working,-1,
2026-01-25T17:50:00Z,1/25/2026 20:50,2.244,Working,-1,
2026-01-25T18:00:00Z,1/25/2026 21:00,2.243,Working,-1,
2026-01-25T18:10:00Z,1/25/2026 21:10,2.243,Working,-1,
2026-01-25T18:20:00Z,1/25/2026 21:20,2.243,Working,-1,
2026-01-25T18:30:00Z,1/25/2026 21:30,2.244,Working,-1,
2026-01-25T18:40:00Z,1/25/2026 21:40,2.242,Working,-1,
2026-01-25T18:50:00Z,1/25/2026 21:50,2.242,Working,-1,
2026-01-25T19:00:00Z,1/25/2026 22:00,2.242,Working,-1,
2026-01-25T19:10:00Z,1/25/2026 22:10,2.243,Working,-1,
2026-01-25T19:20:00Z,1/25/2026 22:20,2.241,Working,-1,
2026-01-25T19:30:00Z,1/25/2026 22:30,2.243,Working,-1,
2026-01-25T19:40:00Z,1/25/2026 22:40,2.242,Working,-1,
2026-01-25T19:50:00Z,1/25/2026 22:50,2.242,Working,-1,
2026-01-25T20:00:00Z,1/25/2026 23:00,2.242,Working,-1,
2026-01-25T20:10:00Z,1/25/2026 23:10,2.242,Working,-1,
2026-01-25T20:20:00Z,1/25/2026 23:20,2.243,Working,-1,
2026-01-25T21:25:00Z,1/26/2026 0:25,,,,
2026-01-25T22:30:00Z,1/26/2026 1:30,2.241,Working,-1,
2026-01-25T22:40:00Z,1/26/2026 1:40,2.242,Working,-1,
2026-01-25T22:50:00Z,1/26/2026 1:50,2.241,Working,-1,
2026-01-25T23:00:00Z,1/26/2026 2:00,2.24,Working,-1,
2026-01-25T23:10:00Z,1/26/2026 2:10,2.243,Working,-1,
2026-01-25T23:20:00Z,1/26/2026 2:20,2.242,Working,-1,
2026-01-25T23:30:00Z,1/26/2026 2:30,2.241,Working,-1,
2026-01-25T23:40:00Z,1/26/2026 2:40,2.242,Working,-1,
2026-01-25T23:50:00Z,1/26/2026 2:50,2.241,Working,-1,
2026-01-26T00:00:00Z,1/26/2026 3:00,2.241,Working,-1,
2026-01-26T00:10:00Z,1/26/2026 3:10,2.242,Working,-1,
2026-01-26T00:20:00Z,1/26/2026 3:20,2.241,Working,-1,
2026-01-26T00:30:00Z,1/26/2026 3:30,2.241,Working,-1,
2026-01-26T00:40:00Z,1/26/2026 3:40,2.242,Working,-1,
2026-01-26T00:50:00Z,1/26/2026 3:50,2.242,Working,-1,
2026-01-26T01:00:00Z,1/26/2026 4:00,2.243,Working,-1,
2026-01-26T01:10:00Z,1/26/2026 4:10,2.242,Working,-1,
2026-01-26T01:20:00Z,1/26/2026 4:20,2.242,Working,-1,
2026-01-26T01:55:00Z,1/26/2026 4:55,,,,
2026-01-26T02:30:00Z,1/26/2026 5:30,2.241,Working,-1,
2026-01-26T02:40:00Z,1/26/2026 5:40,2.241,Working,-1,
2026-01-26T02:50:00Z,1/26/2026 5:50,2.241,Working,-1,
2026-01-26T03:00:00Z,1/26/2026 6:00,2.24,Working,-1,
2026-01-26T03:10:00Z,1/26/2026 6:10,2.24,Working,-1,
2026-01-26T03:20:00Z,1/26/2026 6:20,2.24,Working,-1,
2026-01-26T03:30:00Z,1/26/2026 6:30,2.24,Working,-1,
2026-01-26T03:40:00Z,1/26/2026 6:40,2.24,Working,-1,
2026-01-26T03:50:00Z,1/26/2026 6:50,2.24,Working,-1,
2026-01-26T04:00:00Z,1/26/2026 7:00,2.241,Working,-1,
2026-01-26T04:10:00Z,1/26/2026 7:10,2.24,Working,-1,
2026-01-26T04:20:00Z,1/26/2026 7:20,2.239,Working,-1,
2026-01-26T04:30:00Z,1/26/2026 7:30,2.24,Working,-1,
2026-01-26T04:40:00Z,1/26/2026 7:40,2.24,Working,-1,
2026-01-26T04:50:00Z,1/26/2026 7:50,2.239,Working,-1,
2026-01-26T05:00:00Z,1/26/2026 8:00,2.239,Working,-1,
2026-01-26T05:10:00Z,1/26/2026 8:10,2.24,Working,-1,
2026-01-26T05:20:00Z,1/26/2026 8:20,2.238,Working,-1,
2026-01-26T05:30:00Z,1/26/2026 8:30,2.238,Working,-1,
2026-01-26T05:40:00Z,1/26/2026 8:40,2.239,Working,-1,
2026-01-26T05:50:00Z,1/26/2026 8:50,2.239,Working,-1,
2026-01-26T06:00:00Z,1/26/2026 9:00,2.239,Working,-1,
2026-01-26T06:10:00Z,1/26/2026 9:10,2.238,Working,-1,
2026-01-26T06:20:00Z,1/26/2026 9:20,2.238,Working,-1,
2026-01-26T06:30:00Z,1/26/2026 9:30,2.238,Working,-1,
2026-01-26T06:40:00Z,1/26/2026 9:40,2.238,Working,-1,
2026-01-26T06:50:00Z,1/26/2026 9:50,2.238,Working,-1,
2026-01-26T07:00:00Z,1/26/2026 10:00,2.237,Working,-1,
2026-01-26T07:10:00Z,1/26/2026 10:10,2.238,Working,-1,
2026-01-26T07:20:00Z,1/26/2026 10:20,2.236,Working,-1,
2026-01-26T07:30:00Z,1/26/2026 10:30,2.237,Working,-1,
2026-01-26T07:40:00Z,1/26/2026 10:40,2.236,Working,-1,
2026-01-26T07:50:00Z,1/26/2026 10:50,2.237,Working,-1,
2026-01-26T08:00:00Z,1/26/2026 11:00,2.236,Working,-1,
2026-01-26T08:10:00Z,1/26/2026 11:10,2.236,Working,-1,
2026-01-26T08:20:00Z,1/26/2026 11:20,2.235,Working,-1,
2026-01-26T08:30:00Z,1/26/2026 11:30,2.237,Working,-1,
2026-01-26T08:40:00Z,1/26/2026 11:40,2.236,Working,-1,
2026-01-26T08:50:00Z,1/26/2026 11:50,2.236,Working,-1,
2026-01-26T09:00:00Z,1/26/2026 12:00,2.237,Working,-1,
2026-01-26T09:10:00Z,1/26/2026 12:10,2.237,Working,-1,
2026-01-26T09:20:00Z,1/26/2026 12:20,2.237,Working,-1,
2026-01-26T09:30:00Z,1/26/2026 12:30,2.236,Working,-1,
2026-01-26T09:40:00Z,1/26/2026 12:40,2.235,Working,-1,
2026-01-26T09:50:00Z,1/26/2026 12:50,2.236,Working,-1,
2026-01-26T10:00:00Z,1/26/2026 13:00,2.236,Working,-1,
2026-01-26T10:10:00Z,1/26/2026 13:10,2.235,Working,-1,
2026-01-26T10:20:00Z,1/26/2026 13:20,2.235,Working,-1,
2026-01-26T10:30:00Z,1/26/2026 13:30,2.236,Working,-1,
2026-01-26T10:40:00Z,1/26/2026 13:40,2.237,Working,-1,
2026-01-26T10:50:00Z,1/26/2026 13:50,2.236,Working,-1,
2026-01-26T11:00:00Z,1/26/2026 14:00,2.236,Working,-1,
2026-01-26T11:10:00Z,1/26/2026 14:10,2.235,Working,-1,
2026-01-26T11:20:00Z,1/26/2026 14:20,2.235,Working,-1,
2026-01-26T11:55:00Z,1/26/2026 14:55,,,,
2026-01-26T12:30:00Z,1/26/2026 15:30,2.235,Working,-1,
2026-01-26T12:40:00Z,1/26/2026 15:40,2.234,Working,-1,
2026-01-26T12:50:00Z,1/26/2026 15:50,2.235,Working,-1,
2026-01-26T13:00:00Z,1/26/2026 16:00,2.235,Working,-1,
2026-01-26T13:10:00Z,1/26/2026 16:10,2.235,Working,-1,
2026-01-26T13:20:00Z,1/26/2026 16:20,2.235,Working,-1,
2026-01-26T13:30:00Z,1/26/2026 16:30,2.235,Working,-1,
2026-01-26T13:40:00Z,1/26/2026 16:40,2.234,Working,-1,
2026-01-26T13:50:00Z,1/26/2026 16:50,2.235,Working,-1,
2026-01-26T14:00:00Z,1/26/2026 17:00,2.236,Working,-1,
2026-01-26T14:10:00Z,1/26/2026 17:10,2.235,Working,-1,
2026-01-26T14:20:00Z,1/26/2026 17:20,2.235,Working,-1,
2026-01-26T14:30:00Z,1/26/2026 17:30,2.235,Working,-1,
2026-01-26T14:40:00Z,1/26/2026 17:40,2.236,Working,-1,
2026-01-26T14:50:00Z,1/26/2026 17:50,2.236,Working,-1,
2026-01-26T15:00:00Z,1/26/2026 18:00,2.236,Working,-1,
2026-01-26T15:10:00Z,1/26/2026 18:10,2.235,Working,-1,
2026-01-26T15:20:00Z,1/26/2026 18:20,2.236,Working,-1,
2026-01-26T15:30:00Z,1/26/2026 18:30,2.236,Working,-1,
2026-01-26T15:40:00Z,1/26/2026 18:40,2.236,Working,-1,
2026-01-26T15:50:00Z,1/26/2026 18:50,2.237,Working,-1,
2026-01-26T16:00:00Z,1/26/2026 19:00,2.237,Working,-1,
2026-01-26T16:10:00Z,1/26/2026 19:10,2.237,Working,-1,
2026-01-26T16:20:00Z,1/26/2026 19:20,2.236,Working,-1,
2026-01-26T16:30:00Z,1/26/2026 19:30,2.235,Working,-1,
2026-01-26T16:40:00Z,1/26/2026 19:40,2.236,Working,-1,
2026-01-26T16:50:00Z,1/26/2026 19:50,2.236,Working,-1,
2026-01-26T17:00:00Z,1/26/2026 20:00,2.237,Working,-1,
2026-01-26T17:10:00Z,1/26/2026 20:10,2.237,Working,-1,
2026-01-26T17:20:00Z,1/26/2026 20:20,2.238,Working,-1,
2026-01-26T17:30:00Z,1/26/2026 20:30,2.237,Working,-1,
2026-01-26T17:40:00Z,1/26/2026 20:40,2.238,Working,-1,
2026-01-26T17:50:00Z,1/26/2026 20:50,2.238,Working,-1,
2026-01-26T18:00:00Z,1/26/2026 21:00,2.238,Working,-1,
2026-01-26T18:10:00Z,1/26/2026 21:10,2.238,Working,-1,
2026-01-26T18:20:00Z,1/26/2026 21:20,2.238,Working,-1,
2026-01-26T18:30:00Z,1/26/2026 21:30,2.24,Working,-1,
2026-01-26T18:40:00Z,1/26/2026 21:40,2.238,Working,-1,
2026-01-26T18:50:00Z,1/26/2026 21:50,2.241,Working,-1,
2026-01-26T19:00:00Z,1/26/2026 22:00,2.238,Working,-1,
2026-01-26T19:10:00Z,1/26/2026 22:10,2.239,Working,-1,
2026-01-26T19:20:00Z,1/26/2026 22:20,2.238,Working,-1,
2026-01-26T19:30:00Z,1/26/2026 22:30,2.238,Working,-1,
2026-01-26T19:40:00Z,1/26/2026 22:40,2.238,Working,-1,
2026-01-26T19:50:00Z,1/26/2026 22:50,2.239,Working,-1,
2026-01-26T20:00:00Z,1/26/2026 23:00,2.239,Working,-1,
2026-01-26T20:10:00Z,1/26/2026 23:10,2.239,Working,-1,
2026-01-26T20:20:00Z,1/26/2026 23:20,2.237,Working,-1,
2026-01-26T20:30:00Z,1/26/2026 23:30,2.238,Working,-1,
2026-01-26T20:40:00Z,1/26/2026 23:40,2.238,Working,-1,
2026-01-26T20:50:00Z,1/26/2026 23:50,2.238,Working,-1,
2026-01-26T21:00:00Z,1/27/2026 0:00,2.236,Working,-1,
2026-01-26T21:10:00Z,1/27/2026 0:10,2.237,Working,-1,
2026-01-26T21:20:00Z,1/27/2026 0:20,2.237,Working,-1,
2026-01-26T21:30:00Z,1/27/2026 0:30,2.236,Working,-1,
2026-01-26T21:40:00Z,1/27/2026 0:40,2.236,Working,-1,
2026-01-26T21:50:00Z,1/27/2026 0:50,2.234,Working,-1,
2026-01-26T22:00:00Z,1/27/2026 1:00,2.237,Working,-1,
2026-01-26T22:10:00Z,1/27/2026 1:10,2.236,Working,-1,
2026-01-26T22:20:00Z,1/27/2026 1:20,2.237,Working,-1,
2026-01-26T22:30:00Z,1/27/2026 1:30,2.235,Working,-1,
2026-01-26T22:40:00Z,1/27/2026 1:40,2.236,Working,-1,
2026-01-26T22:50:00Z,1/27/2026 1:50,2.234,Working,-1,
2026-01-26T23:00:00Z,1/27/2026 2:00,2.236,Working,-1,
2026-01-26T23:10:00Z,1/27/2026 2:10,2.236,Working,-1,
2026-01-26T23:20:00Z,1/27/2026 2:20,2.235,Working,-1,
2026-01-27T00:25:00Z,1/27/2026 3:25,,,,
2026-01-27T01:30:00Z,1/27/2026 4:30,2.235,Working,-1,
2026-01-27T01:40:00Z,1/27/2026 4:40,2.235,Working,-1,
2026-01-27T01:50:00Z,1/27/2026 4:50,2.234,Working,-1,
2026-01-27T02:00:00Z,1/27/2026 5:00,2.235,Working,-1,
2026-01-27T02:10:00Z,1/27/2026 5:10,2.235,Working,-1,
2026-01-27T02:20:00Z,1/27/2026 5:20,2.235,Working,-1,
2026-01-27T02:30:00Z,1/27/2026 5:30,2.236,Working,-1,
2026-01-27T02:40:00Z,1/27/2026 5:40,2.234,Working,-1,
2026-01-27T02:50:00Z,1/27/2026 5:50,2.235,Working,-1,
2026-01-27T03:00:00Z,1/27/2026 6:00,2.236,Working,-1,
2026-01-27T03:10:00Z,1/27/2026 6:10,2.235,Working,-1,
2026-01-27T03:20:00Z,1/27/2026 6:20,2.236,Working,-1,
2026-01-27T03:30:00Z,1/27/2026 6:30,2.235,Working,-1,
2026-01-27T03:40:00Z,1/27/2026 6:40,2.236,Working,-1,
2026-01-27T03:50:00Z,1/27/2026 6:50,2.236,Working,-1,
2026-01-27T04:00:00Z,1/27/2026 7:00,2.235,Working,-1,
2026-01-27T04:10:00Z,1/27/2026 7:10,2.236,Working,-1,
2026-01-27T04:20:00Z,1/27/2026 7:20,2.237,Working,-1,
2026-01-27T04:30:00Z,1/27/2026 7:30,2.236,Working,-1,
2026-01-27T04:40:00Z,1/27/2026 7:40,2.235,Working,-1,
2026-01-27T04:50:00Z,1/27/2026 7:50,2.236,Working,-1,
2026-01-27T05:00:00Z,1/27/2026 8:00,2.235,Working,-1,
2026-01-27T05:10:00Z,1/27/2026 8:10,2.235,Working,-1,
2026-01-27T05:20:00Z,1/27/2026 8:20,2.236,Working,-1,
2026-01-27T05:30:00Z,1/27/2026 8:30,2.236,Working,-1,
2026-01-27T05:40:00Z,1/27/2026 8:40,2.235,Working,-1,
2026-01-27T05:50:00Z,1/27/2026 8:50,2.236,Working,-1,
2026-01-27T06:00:00Z,1/27/2026 9:00,2.235,Working,-1,
2026-01-27T06:10:00Z,1/27/2026 9:10,2.234,Working,-1,
2026-01-27T06:20:00Z,1/27/2026 9:20,2.237,Working,-1,
2026-01-27T06:30:00Z,1/27/2026 9:30,2.236,Working,-1,
2026-01-27T06:40:00Z,1/27/2026 9:40,2.236,Working,-1,
2026-01-27T06:50:00Z,1/27/2026 9:50,2.236,Working,-1,
2026-01-27T07:00:00Z,1/27/2026 10:00,2.234,Working,-1,
2026-01-27T07:10:00Z,1/27/2026 10:10,2.234,Working,-1,
2026-01-27T07:20:00Z,1/27/2026 10:20,2.234,Working,-1,
2026-01-27T07:30:00Z,1/27/2026 10:30,2.235,Working,-1,
2026-01-27T07:40:00Z,1/27/2026 10:40,2.234,Working,-1,
2026-01-27T07:50:00Z,1/27/2026 10:50,2.236,Working,-1,
2026-01-27T08:00:00Z,1/27/2026 11:00,2.235,Working,-1,
2026-01-27T08:10:00Z,1/27/2026 11:10,2.234,Working,-1,
2026-01-27T08:20:00Z,1/27/2026 11:20,2.236,Working,-1,
2026-01-27T08:30:00Z,1/27/2026 11:30,2.233,Working,-1,
2026-01-27T08:40:00Z,1/27/2026 11:40,2.234,Working,-1,
2026-01-27T08:50:00Z,1/27/2026 11:50,2.234,Working,-1,
2026-01-27T09:00:00Z,1/27/2026 12:00,2.236,Working,-1,
2026-01-27T09:10:00Z,1/27/2026 12:10,2.232,Working,-1,
2026-01-27T09:20:00Z,1/27/2026 12:20,2.234,Working,-1,
2026-01-27T09:30:00Z,1/27/2026 12:30,2.234,Working,-1,
2026-01-27T09:40:00Z,1/27/2026 12:40,2.233,Working,-1,
2026-01-27T09:50:00Z,1/27/2026 12:50,2.234,Working,-1,
2026-01-27T10:00:00Z,1/27/2026 13:00,2.232,Working,-1,
2026-01-27T10:10:00Z,1/27/2026 13:10,2.233,Working,-1,
2026-01-27T10:20:00Z,1/27/2026 13:20,2.233,Working,-1,
2026-01-27T10:30:00Z,1/27/2026 13:30,2.232,Working,-1,
2026-01-27T10:40:00Z,1/27/2026 13:40,2.233,Working,-1,
2026-01-27T10:50:00Z,1/27/2026 13:50,2.234,Working,-1,
2026-01-27T11:00:00Z,1/27/2026 14:00,2.235,Working,-1,
2026-01-27T11:10:00Z,1/27/2026 14:10,2.233,Working,-1,
2026-01-27T11:20:00Z,1/27/2026 14:20,2.233,Working,-1,
2026-01-27T11:55:00Z,1/27/2026 14:55,,,,
2026-01-27T12:30:00Z,1/27/2026 15:30,2.219,Working,-1,
2026-01-27T12:40:00Z,1/27/2026 15:40,2.218,Working,-1,
2026-01-27T12:50:00Z,1/27/2026 15:50,2.216,Working,-1,
2026-01-27T13:00:00Z,1/27/2026 16:00,2.215,Working,-1,
2026-01-27T13:10:00Z,1/27/2026 16:10,2.218,Working,-1,
2026-01-27T13:20:00Z,1/27/2026 16:20,2.217,Working,-1,
2026-01-27T13:30:00Z,1/27/2026 16:30,2.217,Working,-1,
2026-01-27T13:40:00Z,1/27/2026 16:40,2.217,Working,-1,
2026-01-27T13:50:00Z,1/27/2026 16:50,2.217,Working,-1,
2026-01-27T14:00:00Z,1/27/2026 17:00,2.218,Working,-1,
2026-01-27T14:10:00Z,1/27/2026 17:10,2.217,Working,-1,
2026-01-27T14:20:00Z,1/27/2026 17:20,2.218,Working,-1,
2026-01-27T14:30:00Z,1/27/2026 17:30,2.217,Working,-1,
2026-01-27T14:40:00Z,1/27/2026 17:40,2.217,Working,-1,
2026-01-27T14:50:00Z,1/27/2026 17:50,2.217,Working,-1,
2026-01-27T15:00:00Z,1/27/2026 18:00,2.218,Working,-1,
2026-01-27T15:10:00Z,1/27/2026 18:10,2.217,Working,-1,
2026-01-27T15:20:00Z,1/27/2026 18:20,2.216,Working,-1,
2026-01-27T15:30:00Z,1/27/2026 18:30,2.218,Working,-1,
2026-01-27T15:40:00Z,1/27/2026 18:40,2.216,Working,-1,
2026-01-27T15:50:00Z,1/27/2026 18:50,2.216,Working,-1,
2026-01-27T16:00:00Z,1/27/2026 19:00,2.215,Working,-1,
2026-01-27T16:10:00Z,1/27/2026 19:10,2.217,Working,-1,
2026-01-27T16:20:00Z,1/27/2026 19:20,2.217,Working,-1,
2026-01-27T16:30:00Z,1/27/2026 19:30,2.217,Working,-1,
2026-01-27T16:40:00Z,1/27/2026 19:40,2.216,Working,-1,
2026-01-27T16:50:00Z,1/27/2026 19:50,2.216,Working,-1,
2026-01-27T17:00:00Z,1/27/2026 20:00,2.217,Working,-1,
2026-01-27T17:10:00Z,1/27/2026 20:10,2.218,Working,-1,
2026-01-27T17:20:00Z,1/27/2026 20:20,2.216,Working,-1,
2026-01-27T17:30:00Z,1/27/2026 20:30,2.216,Working,-1,
2026-01-27T17:40:00Z,1/27/2026 20:40,2.216,Working,-1,
2026-01-27T17:50:00Z,1/27/2026 20:50,2.217,Working,-1,
2026-01-27T18:00:00Z,1/27/2026 21:00,2.217,Working,-1,
2026-01-27T18:10:00Z,1/27/2026 21:10,2.217,Working,-1,
2026-01-27T18:20:00Z,1/27/2026 21:20,2.217,Working,-1,
2026-01-27T18:30:00Z,1/27/2026 21:30,2.216,Working,-1,
2026-01-27T18:40:00Z,1/27/2026 21:40,2.217,Working,-1,
2026-01-27T18:50:00Z,1/27/2026 21:50,2.216,Working,-1,
2026-01-27T19:00:00Z,1/27/2026 22:00,2.217,Working,-1,
2026-01-27T19:10:00Z,1/27/2026 22:10,2.217,Working,-1,
2026-01-27T19:20:00Z,1/27/2026 22:20,2.216,Working,-1,
2026-01-27T19:30:00Z,1/27/2026 22:30,2.217,Working,-1,
2026-01-27T19:40:00Z,1/27/2026 22:40,2.217,Working,-1,
2026-01-27T19:50:00Z,1/27/2026 22:50,2.217,Working,-1,
2026-01-27T20:00:00Z,1/27/2026 23:00,2.216,Working,-1,
2026-01-27T20:10:00Z,1/27/2026 23:10,2.216,Working,-1,
2026-01-27T20:20:00Z,1/27/2026 23:20,2.216,Working,-1,
2026-01-27T20:30:00Z,1/27/2026 23:30,2.216,Working,-1,
2026-01-27T20:40:00Z,1/27/2026 23:40,2.216,Working,-1,
2026-01-27T20:50:00Z,1/27/2026 23:50,2.215,Working,-1,
2026-01-27T21:00:00Z,1/28/2026 0:00,2.217,Working,-1,
2026-01-27T21:10:00Z,1/28/2026 0:10,2.214,Working,-1,
2026-01-27T21:20:00Z,1/28/2026 0:20,2.214,Working,-1,
2026-01-27T21:30:00Z,1/28/2026 0:30,2.213,Working,-1,
2026-01-27T21:40:00Z,1/28/2026 0:40,2.214,Working,-1,
2026-01-27T21:50:00Z,1/28/2026 0:50,2.214,Working,-1,
2026-01-27T22:00:00Z,1/28/2026 1:00,2.214,Working,-1,
2026-01-27T22:10:00Z,1/28/2026 1:10,2.214,Working,-1,
2026-01-27T22:20:00Z,1/28/2026 1:20,2.214,Working,-1,
2026-01-27T22:30:00Z,1/28/2026 1:30,2.214,Working,-1,
2026-01-27T22:40:00Z,1/28/2026 1:40,2.213,Working,-1,
2026-01-27T22:50:00Z,1/28/2026 1:50,2.214,Working,-1,
2026-01-27T23:00:00Z,1/28/2026 2:00,2.213,Working,-1,
2026-01-27T23:10:00Z,1/28/2026 2:10,2.214,Working,-1,
2026-01-27T23:20:00Z,1/28/2026 2:20,2.214,Working,-1,
2026-01-27T23:30:00Z,1/28/2026 2:30,2.213,Working,-1,
2026-01-27T23:40:00Z,1/28/2026 2:40,2.214,Working,-1,
2026-01-27T23:50:00Z,1/28/2026 2:50,2.215,Working,-1,
2026-01-28T00:00:00Z,1/28/2026 3:00,2.214,Working,-1,
2026-01-28T00:10:00Z,1/28/2026 3:10,2.213,Working,-1,
2026-01-28T00:20:00Z,1/28/2026 3:20,2.214,Working,-1,
2026-01-28T00:30:00Z,1/28/2026 3:30,2.213,Working,-1,
2026-01-28T00:40:00Z,1/28/2026 3:40,2.213,Working,-1,
2026-01-28T00:50:00Z,1/28/2026 3:50,2.213,Working,-1,
2026-01-28T01:00:00Z,1/28/2026 4:00,2.212,Working,-1,
2026-01-28T01:10:00Z,1/28/2026 4:10,2.213,Working,-1,
2026-01-28T01:20:00Z,1/28/2026 4:20,2.214,Working,-1,
2026-01-28T01:30:00Z,1/28/2026 4:30,2.215,Working,-1,
2026-01-28T01:40:00Z,1/28/2026 4:40,2.213,Working,-1,
2026-01-28T01:50:00Z,1/28/2026 4:50,2.214,Working,-1,
2026-01-28T02:00:00Z,1/28/2026 5:00,2.213,Working,-1,
2026-01-28T02:10:00Z,1/28/2026 5:10,2.214,Working,-1,
2026-01-28T02:20:00Z,1/28/2026 5:20,2.213,Working,-1,
2026-01-28T02:30:00Z,1/28/2026 5:30,2.213,Working,-1,
2026-01-28T02:40:00Z,1/28/2026 5:40,2.213,Working,-1,
2026-01-28T02:50:00Z,1/28/2026 5:50,2.214,Working,-1,
2026-01-28T03:00:00Z,1/28/2026 6:00,2.214,Working,-1,
2026-01-28T03:10:00Z,1/28/2026 6:10,2.215,Working,-1,
2026-01-28T03:20:00Z,1/28/2026 6:20,2.213,Working,-1,
2026-01-28T03:30:00Z,1/28/2026 6:30,2.214,Working,-1,
2026-01-28T03:40:00Z,1/28/2026 6:40,2.214,Working,-1,
2026-01-28T03:50:00Z,1/28/2026 6:50,2.214,Working,-1,
2026-01-28T04:00:00Z,1/28/2026 7:00,2.213,Working,-1,
2026-01-28T04:10:00Z,1/28/2026 7:10,2.214,Working,-1,
2026-01-28T04:20:00Z,1/28/2026 7:20,2.214,Working,-1,
2026-01-28T04:30:00Z,1/28/2026 7:30,2.214,Working,-1,
2026-01-28T04:40:00Z,1/28/2026 7:40,2.213,Working,-1,
2026-01-28T04:50:00Z,1/28/2026 7:50,2.214,Working,-1,
2026-01-28T05:00:00Z,1/28/2026 8:00,2.214,Working,-1,
2026-01-28T05:10:00Z,1/28/2026 8:10,2.214,Working,-1,
2026-01-28T05:20:00Z,1/28/2026 8:20,2.214,Working,-1,
2026-01-28T05:30:00Z,1/28/2026 8:30,2.215,Working,-1,
2026-01-28T05:40:00Z,1/28/2026 8:40,2.215,Working,-1,
2026-01-28T05:50:00Z,1/28/2026 8:50,2.214,Working,-1,
2026-01-28T06:00:00Z,1/28/2026 9:00,2.214,Working,-1,
2026-01-28T06:10:00Z,1/28/2026 9:10,2.213,Working,-1,
2026-01-28T06:20:00Z,1/28/2026 9:20,2.214,Working,-1,
2026-01-28T06:30:00Z,1/28/2026 9:30,2.215,Working,-1,
2026-01-28T06:40:00Z,1/28/2026 9:40,2.214,Working,-1,
2026-01-28T06:50:00Z,1/28/2026 9:50,2.214,Working,-1,
2026-01-28T07:00:00Z,1/28/2026 10:00,2.214,Working,-1,
2026-01-28T07:10:00Z,1/28/2026 10:10,2.213,Working,-1,
2026-01-28T07:20:00Z,1/28/2026 10:20,2.216,Working,-1,
2026-01-28T08:25:00Z,1/28/2026 11:25,,,,
2026-01-28T09:30:00Z,1/28/2026 12:30,2.214,Working,-1,
2026-01-28T09:40:00Z,1/28/2026 12:40,2.214,Working,-1,
2026-01-28T09:50:00Z,1/28/2026 12:50,2.213,Working,-1,
2026-01-28T10:00:00Z,1/28/2026 13:00,2.213,Working,-1,
2026-01-28T10:10:00Z,1/28/2026 13:10,2.215,Working,-1,
2026-01-28T10:20:00Z,1/28/2026 13:20,2.215,Working,-1,
2026-01-28T10:30:00Z,1/28/2026 13:30,2.214,Working,-1,
2026-01-28T10:40:00Z,1/28/2026 13:40,2.214,Working,-1,
2026-01-28T10:50:00Z,1/28/2026 13:50,2.214,Working,-1,
2026-01-28T11:00:00Z,1/28/2026 14:00,2.214,Working,-1,
2026-01-28T11:10:00Z,1/28/2026 14:10,2.214,Working,-1,
2026-01-28T11:20:00Z,1/28/2026 14:20,2.215,Working,-1,
2026-01-28T11:30:00Z,1/28/2026 14:30,2.215,Working,-1,
2026-01-28T11:40:00Z,1/28/2026 14:40,2.213,Working,-1,
2026-01-28T11:50:00Z,1/28/2026 14:50,2.213,Working,-1,
2026-01-28T12:00:00Z,1/28/2026 15:00,2.214,Working,-1,
2026-01-28T12:10:00Z,1/28/2026 15:10,2.214,Working,-1,
2026-01-28T12:20:00Z,1/28/2026 15:20,2.214,Working,-1,
2026-01-28T13:25:00Z,1/28/2026 16:25,,,,
2026-01-28T14:30:00Z,1/28/2026 17:30,2.213,Working,-1,
2026-01-28T14:40:00Z,1/28/2026 17:40,2.214,Working,-1,
2026-01-28T14:50:00Z,1/28/2026 17:50,2.214,Working,-1,
2026-01-28T15:00:00Z,1/28/2026 18:00,2.214,Working,-1,
2026-01-28T15:10:00Z,1/28/2026 18:10,2.214,Working,-1,
2026-01-28T15:20:00Z,1/28/2026 18:20,2.215,Working,-1,
2026-01-28T17:55:00Z,1/28/2026 20:55,,,,
2026-01-28T20:30:00Z,1/28/2026 23:30,2.214,Working,-1,
2026-01-28T20:40:00Z,1/28/2026 23:40,2.214,Working,-1,
2026-01-28T20:50:00Z,1/28/2026 23:50,2.214,Working,-1,
2026-01-28T21:00:00Z,1/29/2026 0:00,2.214,Working,-1,
2026-01-28T21:10:00Z,1/29/2026 0:10,2.214,Working,-1,
2026-01-28T21:20:00Z,1/29/2026 0:20,2.214,Working,-1,
2026-01-28T22:55:00Z,1/29/2026 1:55,,,,
2026-01-29T00:30:00Z,1/29/2026 3:30,2.213,Working,-1,
2026-01-29T00:40:00Z,1/29/2026 3:40,2.214,Working,-1,
2026-01-29T00:50:00Z,1/29/2026 3:50,2.214,Working,-1,
2026-01-29T01:00:00Z,1/29/2026 4:00,2.213,Working,-1,
2026-01-29T01:10:00Z,1/29/2026 4:10,2.213,Working,-1,
2026-01-29T01:20:00Z,1/29/2026 4:20,2.214,Working,-1,
2026-01-29T04:55:00Z,1/29/2026 7:55,,,,
2026-01-29T08:30:00Z,1/29/2026 11:30,2.215,Working,-1,
2026-01-29T08:40:00Z,1/29/2026 11:40,2.214,Working,-1,
2026-01-29T08:50:00Z,1/29/2026 11:50,2.215,Working,-1,
2026-01-29T09:00:00Z,1/29/2026 12:00,2.214,Working,-1,
2026-01-29T09:10:00Z,1/29/2026 12:10,2.216,Working,-1,
2026-01-29T09:20:00Z,1/29/2026 12:20,2.215,Working,-1,
2026-01-29T09:30:00Z,1/29/2026 12:30,2.215,Working,-1,
2026-01-29T09:40:00Z,1/29/2026 12:40,2.215,Working,-1,
2026-01-29T09:50:00Z,1/29/2026 12:50,2.215,Working,-1,
2026-01-29T10:00:00Z,1/29/2026 13:00,2.215,Working,-1,
2026-01-29T10:10:00Z,1/29/2026 13:10,2.214,Working,-1,
2026-01-29T10:20:00Z,1/29/2026 13:20,2.217,Working,-1,
2026-01-29T10:30:00Z,1/29/2026 13:30,2.215,Working,-1,
2026-01-29T10:40:00Z,1/29/2026 13:40,2.215,Working,-1,
2026-01-29T10:50:00Z,1/29/2026 13:50,2.215,Working,-1,
2026-01-29T11:00:00Z,1/29/2026 14:00,2.216,Working,-1,
2026-01-29T11:10:00Z,1/29/2026 14:10,2.215,Working,-1,
2026-01-29T11:20:00Z,1/29/2026 14:20,2.217,Working,-1,
2026-01-29T12:25:00Z,1/29/2026 15:25,,,,
2026-01-29T13:30:00Z,1/29/2026 16:30,2.218,Working,-1,
2026-01-29T13:40:00Z,1/29/2026 16:40,2.217,Working,-1,
2026-01-29T13:50:00Z,1/29/2026 16:50,2.219,Working,-1,
2026-01-29T14:00:00Z,1/29/2026 17:00,2.218,Working,-1,
2026-01-29T14:10:00Z,1/29/2026 17:10,2.218,Working,-1,
2026-01-29T14:20:00Z,1/29/2026 17:20,2.218,Working,-1,
2026-01-29T14:30:00Z,1/29/2026 17:30,2.218,Working,-1,
2026-01-29T14:40:00Z,1/29/2026 17:40,2.218,Working,-1,
2026-01-29T14:50:00Z,1/29/2026 17:50,2.218,Working,-1,
2026-01-29T15:00:00Z,1/29/2026 18:00,2.218,Working,-1,
2026-01-29T15:10:00Z,1/29/2026 18:10,2.218,Working,-1,
2026-01-29T15:20:00Z,1/29/2026 18:20,2.219,Working,-1,
2026-01-29T16:25:00Z,1/29/2026 19:25,,,,
2026-01-29T17:30:00Z,1/29/2026 20:30,2.219,Working,-1,
2026-01-29T17:40:00Z,1/29/2026 20:40,2.219,Working,-1,
2026-01-29T17:50:00Z,1/29/2026 20:50,2.218,Working,-1,
2026-01-29T18:00:00Z,1/29/2026 21:00,2.219,Working,-1,
2026-01-29T18:10:00Z,1/29/2026 21:10,2.219,Working,-1,
2026-01-29T18:20:00Z,1/29/2026 21:20,2.219,Working,-1,
2026-01-29T18:30:00Z,1/29/2026 21:30,2.22,Working,-1,
2026-01-29T18:40:00Z,1/29/2026 21:40,2.219,Working,-1,
2026-01-29T18:50:00Z,1/29/2026 21:50,2.218,Working,-1,
2026-01-29T19:00:00Z,1/29/2026 22:00,2.218,Working,-1,
2026-01-29T19:10:00Z,1/29/2026 22:10,2.217,Working,-1,
2026-01-29T19:20:00Z,1/29/2026 22:20,2.219,Working,-1,
2026-01-29T21:55:00Z,1/30/2026 0:55,,,,
2026-01-30T00:30:00Z,1/30/2026 3:30,2.218,Working,-1,
2026-01-30T00:40:00Z,1/30/2026 3:40,2.219,Working,-1,
2026-01-30T00:50:00Z,1/30/2026 3:50,2.218,Working,-1,
2026-01-30T01:00:00Z,1/30/2026 4:00,2.219,Working,-1,
2026-01-30T01:10:00Z,1/30/2026 4:10,2.217,Working,-1,
2026-01-30T01:20:00Z,1/30/2026 4:20,2.217,Working,-1,
2026-01-30T01:55:00Z,1/30/2026 4:55,,,,
2026-01-30T02:30:00Z,1/30/2026 5:30,2.216,Working,-1,
2026-01-30T02:40:00Z,1/30/2026 5:40,2.216,Working,-1,
2026-01-30T02:50:00Z,1/30/2026 5:50,2.216,Working,-1,
2026-01-30T03:00:00Z,1/30/2026 6:00,2.216,Working,-1,
2026-01-30T03:10:00Z,1/30/2026 6:10,2.218,Working,-1,
2026-01-30T03:20:00Z,1/30/2026 6:20,2.218,Working,-1,
2026-01-30T03:30:00Z,1/30/2026 6:30,2.217,Working,-1,
2026-01-30T03:40:00Z,1/30/2026 6:40,2.218,Working,-1,
2026-01-30T03:50:00Z,1/30/2026 6:50,2.218,Working,-1,
2026-01-30T04:00:00Z,1/30/2026 7:00,2.217,Working,-1,
2026-01-30T04:10:00Z,1/30/2026 7:10,2.217,Working,-1,
2026-01-30T04:20:00Z,1/30/2026 7:20,2.216,Working,-1,
2026-01-30T04:30:00Z,1/30/2026 7:30,2.217,Working,-1,
2026-01-30T04:40:00Z,1/30/2026 7:40,2.217,Working,-1,
2026-01-30T04:50:00Z,1/30/2026 7:50,2.217,Working,-1,
2026-01-30T05:00:00Z,1/30/2026 8:00,2.215,Working,-1,
2026-01-30T05:10:00Z,1/30/2026 8:10,2.215,Working,-1,
2026-01-30T05:20:00Z,1/30/2026 8:20,2.215,Working,-1,
2026-01-30T05:55:00Z,1/30/2026 8:55,,,,
2026-01-30T06:30:00Z,1/30/2026 9:30,2.215,Working,-1,
2026-01-30T06:40:00Z,1/30/2026 9:40,2.215,Working,-1,
2026-01-30T06:50:00Z,1/30/2026 9:50,2.215,Working,-1,
2026-01-30T07:00:00Z,1/30/2026 10:00,2.215,Working,-1,
2026-01-30T07:10:00Z,1/30/2026 10:10,2.215,Working,-1,
2026-01-30T07:20:00Z,1/30/2026 10:20,2.214,Working,-1,
2026-01-30T08:25:00Z,1/30/2026 11:25,,,,
2026-01-30T09:30:00Z,1/30/2026 12:30,2.217,Working,-1,
2026-01-30T09:40:00Z,1/30/2026 12:40,2.217,Working,-1,
2026-01-30T09:50:00Z,1/30/2026 12:50,2.217,Working,-1,
2026-01-30T10:00:00Z,1/30/2026 13:00,2.215,Working,-1,
2026-01-30T10:10:00Z,1/30/2026 13:10,2.216,Working,-1,
2026-01-30T10:20:00Z,1/30/2026 13:20,2.215,Working,-1,
2026-01-30T11:25:00Z,1/30/2026 14:25,,,,
2026-01-30T12:30:00Z,1/30/2026 15:30,2.221,Working,-1,
2026-01-30T12:40:00Z,1/30/2026 15:40,2.222,Working,-1,
2026-01-30T12:50:00Z,1/30/2026 15:50,2.238,Working,-1,
2026-01-30T13:00:00Z,1/30/2026 16:00,2.239,Working,-1,
2026-01-30T13:10:00Z,1/30/2026 16:10,2.24,Working,-1,
2026-01-30T13:20:00Z,1/30/2026 16:20,2.243,Working,-1,
2026-01-30T13:30:00Z,1/30/2026 16:30,2.241,Working,-1,
2026-01-30T13:40:00Z,1/30/2026 16:40,2.243,Working,-1,
2026-01-30T13:50:00Z,1/30/2026 16:50,2.243,Working,-1,
2026-01-30T14:00:00Z,1/30/2026 17:00,2.242,Working,-1,
2026-01-30T14:10:00Z,1/30/2026 17:10,2.243,Working,-1,
2026-01-30T14:20:00Z,1/30/2026 17:20,2.242,Working,-1,
2026-01-30T14:30:00Z,1/30/2026 17:30,2.244,Working,-1,
2026-01-30T14:40:00Z,1/30/2026 17:40,2.243,Working,-1,
2026-01-30T14:50:00Z,1/30/2026 17:50,2.243,Working,-1,
2026-01-30T15:00:00Z,1/30/2026 18:00,2.242,Working,-1,
2026-01-30T15:10:00Z,1/30/2026 18:10,2.244,Working,-1,
2026-01-30T15:20:00Z,1/30/2026 18:20,2.243,Working,-1,
2026-01-30T16:25:00Z,1/30/2026 19:25,,,,
2026-01-30T17:30:00Z,1/30/2026 20:30,2.244,Working,-1,
2026-01-30T17:40:00Z,1/30/2026 20:40,2.244,Working,-1,
2026-01-30T17:50:00Z,1/30/2026 20:50,2.245,Working,-1,
2026-01-30T18:00:00Z,1/30/2026 21:00,2.245,Working,-1,
2026-01-30T18:10:00Z,1/30/2026 21:10,2.246,Working,-1,
2026-01-30T18:20:00Z,1/30/2026 21:20,2.245,Working,-1,
2026-01-30T18:30:00Z,1/30/2026 21:30,2.245,Working,-1,
2026-01-30T18:40:00Z,1/30/2026 21:40,2.245,Working,-1,
2026-01-30T18:50:00Z,1/30/2026 21:50,2.246,Working,-1,
2026-01-30T19:00:00Z,1/30/2026 22:00,2.246,Working,-1,
2026-01-30T19:10:00Z,1/30/2026 22:10,2.245,Working,-1,
2026-01-30T19:20:00Z,1/30/2026 22:20,2.245,Working,-1,
2026-01-30T19:30:00Z,1/30/2026 22:30,2.245,Working,-1,
2026-01-30T19:40:00Z,1/30/2026 22:40,2.247,Working,-1,
2026-01-30T19:50:00Z,1/30/2026 22:50,2.247,Working,-1,
2026-01-30T20:00:00Z,1/30/2026 23:00,2.246,Working,-1,
2026-01-30T20:10:00Z,1/30/2026 23:10,2.246,Working,-1,
2026-01-30T20:20:00Z,1/30/2026 23:20,2.246,Working,-1,
2026-01-30T20:30:00Z,1/30/2026 23:30,2.246,Working,-1,
2026-01-30T20:40:00Z,1/30/2026 23:40,2.247,Working,-1,
2026-01-30T20:50:00Z,1/30/2026 23:50,2.248,Working,-1,
2026-01-30T21:00:00Z,1/31/2026 0:00,2.247,Working,-1,
2026-01-30T21:10:00Z,1/31/2026 0:10,2.247,Working,-1,
2026-01-30T21:20:00Z,1/31/2026 0:20,2.248,Working,-1,
2026-01-30T22:25:00Z,1/31/2026 1:25,,,,
2026-01-30T23:30:00Z,1/31/2026 2:30,2.246,Working,-1,
2026-01-30T23:40:00Z,1/31/2026 2:40,2.245,Working,-1,
2026-01-30T23:50:00Z,1/31/2026 2:50,2.244,Working,-1,
2026-01-31T00:00:00Z,1/31/2026 3:00,2.245,Working,-1,
2026-01-31T00:10:00Z,1/31/2026 3:10,2.245,Working,-1,
2026-01-31T00:20:00Z,1/31/2026 3:20,2.245,Working,-1,
2026-01-31T00:30:00Z,1/31/2026 3:30,2.245,Working,-1,
2026-01-31T00:40:00Z,1/31/2026 3:40,2.244,Working,-1,
2026-01-31T00:50:00Z,1/31/2026 3:50,2.244,Working,-1,
2026-01-31T01:00:00Z,1/31/2026 4:00,2.244,Working,-1,
2026-01-31T01:10:00Z,1/31/2026 4:10,2.245,Working,-1,
2026-01-31T01:20:00Z,1/31/2026 4:20,2.244,Working,-1,
2026-01-31T01:30:00Z,1/31/2026 4:30,2.245,Working,-1,
2026-01-31T01:40:00Z,1/31/2026 4:40,2.242,Working,-1,
2026-01-31T01:50:00Z,1/31/2026 4:50,2.244,Working,-1,
2026-01-31T02:00:00Z,1/31/2026 5:00,2.244,Working,-1,
2026-01-31T02:10:00Z,1/31/2026 5:10,2.243,Working,-1,
2026-01-31T02:20:00Z,1/31/2026 5:20,2.243,Working,-1,
2026-01-31T02:30:00Z,1/31/2026 5:30,2.244,Working,-1,
2026-01-31T02:40:00Z,1/31/2026 5:40,2.242,Working,-1,
2026-01-31T02:50:00Z,1/31/2026 5:50,2.244,Working,-1,
2026-01-31T03:00:00Z,1/31/2026 6:00,2.243,Working,-1,
2026-01-31T03:10:00Z,1/31/2026 6:10,2.243,Working,-1,
2026-01-31T03:20:00Z,1/31/2026 6:20,2.243,Working,-1,
2026-01-31T04:55:00Z,1/31/2026 7:55,,,,
2026-01-31T06:30:00Z,1/31/2026 9:30,2.239,Working,-1,
2026-01-31T06:40:00Z,1/31/2026 9:40,2.239,Working,-1,
2026-01-31T06:50:00Z,1/31/2026 9:50,2.239,Working,-1,
2026-01-31T07:00:00Z,1/31/2026 10:00,2.239,Working,-1,
2026-01-31T07:10:00Z,1/31/2026 10:10,2.239,Working,-1,
2026-01-31T07:20:00Z,1/31/2026 10:20,2.239,Working,-1,
2026-01-31T07:30:00Z,1/31/2026 10:30,2.239,Working,-1,
2026-01-31T07:40:00Z,1/31/2026 10:40,2.239,Working,-1,
2026-01-31T07:50:00Z,1/31/2026 10:50,2.238,Working,-1,
2026-01-31T08:00:00Z,1/31/2026 11:00,2.239,Working,-1,
2026-01-31T08:10:00Z,1/31/2026 11:10,2.238,Working,-1,
2026-01-31T08:20:00Z,1/31/2026 11:20,2.239,Working,-1,
2026-01-31T08:30:00Z,1/31/2026 11:30,2.237,Working,-1,
2026-01-31T08:40:00Z,1/31/2026 11:40,2.237,Working,-1,
2026-01-31T08:50:00Z,1/31/2026 11:50,2.236,Working,-1,
2026-01-31T09:00:00Z,1/31/2026 12:00,2.236,Working,-1,
2026-01-31T09:10:00Z,1/31/2026 12:10,2.236,Working,-1,
2026-01-31T09:20:00Z,1/31/2026 12:20,2.237,Working,-1,
2026-01-31T13:25:00Z,1/31/2026 16:25,,,,
2026-01-31T17:30:00Z,1/31/2026 20:30,2.234,Working,-1,
2026-01-31T17:40:00Z,1/31/2026 20:40,2.233,Working,-1,
2026-01-31T17:50:00Z,1/31/2026 20:50,2.233,Working,-1,
2026-01-31T18:00:00Z,1/31/2026 21:00,2.235,Working,-1,
2026-01-31T18:10:00Z,1/31/2026 21:10,2.234,Working,-1,
2026-01-31T18:20:00Z,1/31/2026 21:20,2.234,Working,-1,
2026-01-31T22:25:00Z,2/1/2026 1:25,,,,
2026-02-01T02:30:00Z,2/1/2026 5:30,2.23,Working,-1,
2026-02-01T02:40:00Z,2/1/2026 5:40,2.232,Working,-1,
2026-02-01T02:50:00Z,2/1/2026 5:50,2.231,Working,-1,
2026-02-01T03:00:00Z,2/1/2026 6:00,2.232,Working,-1,
2026-02-01T03:10:00Z,2/1/2026 6:10,2.232,Working,-1,
2026-02-01T03:20:00Z,2/1/2026 6:20,2.232,Working,-1,
2026-02-01T03:30:00Z,2/1/2026 6:30,2.231,Working,-1,
2026-02-01T03:40:00Z,2/1/2026 6:40,2.233,Working,-1,
2026-02-01T03:50:00Z,2/1/2026 6:50,2.233,Working,-1,
2026-02-01T04:00:00Z,2/1/2026 7:00,2.232,Working,-1,
2026-02-01T04:10:00Z,2/1/2026 7:10,2.231,Working,-1,
2026-02-01T04:20:00Z,2/1/2026 7:20,2.232,Working,-1,
2026-02-01T04:30:00Z,2/1/2026 7:30,2.232,Working,-1,
2026-02-01T04:40:00Z,2/1/2026 7:40,2.231,Working,-1,
2026-02-01T04:50:00Z,2/1/2026 7:50,2.232,Working,-1,
2026-02-01T05:00:00Z,2/1/2026 8:00,2.231,Working,-1,
2026-02-01T05:10:00Z,2/1/2026 8:10,2.231,Working,-1,
2026-02-01T05:20:00Z,2/1/2026 8:20,2.231,Working,-1,
2026-02-01T05:55:00Z,2/1/2026 8:55,,,,
2026-02-01T06:30:00Z,2/1/2026 9:30,2.233,Working,-1,
2026-02-01T06:40:00Z,2/1/2026 9:40,2.233,Working,-1,
2026-02-01T06:50:00Z,2/1/2026 9:50,2.232,Working,-1,
2026-02-01T07:00:00Z,2/1/2026 10:00,2.232,Working,-1,
2026-02-01T07:10:00Z,2/1/2026 10:10,2.233,Working,-1,
2026-02-01T07:20:00Z,2/1/2026 10:20,2.233,Working,-1,
2026-02-01T08:25:00Z,2/1/2026 11:25,,,,
2026-02-01T09:30:00Z,2/1/2026 12:30,2.236,Working,-1,
2026-02-01T09:40:00Z,2/1/2026 12:40,2.235,Working,-1,
2026-02-01T09:50:00Z,2/1/2026 12:50,2.235,Working,-1,
2026-02-01T10:00:00Z,2/1/2026 13:00,2.234,Working,-1,
2026-02-01T10:10:00Z,2/1/2026 13:10,2.235,Working,-1,
2026-02-01T10:20:00Z,2/1/2026 13:20,2.237,Working,-1,
2026-02-01T10:55:00Z,2/1/2026 13:55,,,,
2026-02-01T11:30:00Z,2/1/2026 14:30,2.235,Working,-1,
2026-02-01T11:40:00Z,2/1/2026 14:40,2.236,Working,-1,
2026-02-01T11:50:00Z,2/1/2026 14:50,2.236,Working,-1,
2026-02-01T12:00:00Z,2/1/2026 15:00,2.236,Working,-1,
2026-02-01T12:10:00Z,2/1/2026 15:10,2.236,Working,-1,
2026-02-01T12:20:00Z,2/1/2026 15:20,2.236,Working,-1,
2026-02-01T13:25:00Z,2/1/2026 16:25,,,,
2026-02-01T14:30:00Z,2/1/2026 17:30,2.236,Working,-1,
2026-02-01T14:40:00Z,2/1/2026 17:40,2.234,Working,-1,
2026-02-01T14:50:00Z,2/1/2026 17:50,2.235,Working,-1,
2026-02-01T15:00:00Z,2/1/2026 18:00,2.235,Working,-1,
2026-02-01T15:10:00Z,2/1/2026 18:10,2.236,Working,-1,
2026-02-01T15:20:00Z,2/1/2026 18:20,2.235,Working,-1,
2026-02-01T17:55:00Z,2/1/2026 20:55,,,,
2026-02-01T20:30:00Z,2/1/2026 23:30,2.24,Working,-1,
2026-02-01T20:40:00Z,2/1/2026 23:40,2.24,Working,-1,
2026-02-01T20:50:00Z,2/1/2026 23:50,2.24,Working,-1,
2026-02-01T21:00:00Z,2/2/2026 0:00,2.239,Working,-1,
2026-02-01T21:10:00Z,2/2/2026 0:10,2.238,Working,-1,
2026-02-01T21:20:00Z,2/2/2026 0:20,2.237,Working,-1,
2026-02-01T22:55:00Z,2/2/2026 1:55,,,,
2026-02-02T00:30:00Z,2/2/2026 3:30,2.238,Working,-1,
2026-02-02T00:40:00Z,2/2/2026 3:40,2.238,Working,-1,
2026-02-02T00:50:00Z,2/2/2026 3:50,2.238,Working,-1,
2026-02-02T01:00:00Z,2/2/2026 4:00,2.239,Working,-1,
2026-02-02T01:10:00Z,2/2/2026 4:10,2.238,Working,-1,
2026-02-02T01:20:00Z,2/2/2026 4:20,2.238,Working,-1,
2026-02-02T01:30:00Z,2/2/2026 4:30,2.239,Working,-1,
2026-02-02T01:40:00Z,2/2/2026 4:40,2.238,Working,-1,
2026-02-02T01:50:00Z,2/2/2026 4:50,2.24,Working,-1,
2026-02-02T02:00:00Z,2/2/2026 5:00,2.239,Working,-1,
2026-02-02T02:10:00Z,2/2/2026 5:10,2.24,Working,-1,
2026-02-02T02:20:00Z,2/2/2026 5:20,2.239,Working,-1,
2026-02-02T02:30:00Z,2/2/2026 5:30,2.24,Working,-1,
2026-02-02T02:40:00Z,2/2/2026 5:40,2.24,Working,-1,
2026-02-02T02:50:00Z,2/2/2026 5:50,2.24,Working,-1,
2026-02-02T03:00:00Z,2/2/2026 6:00,2.241,Working,-1,
2026-02-02T03:10:00Z,2/2/2026 6:10,2.242,Working,-1,
2026-02-02T03:20:00Z,2/2/2026 6:20,2.242,Working,-1,
2026-02-02T03:55:00Z,2/2/2026 6:55,,,,
2026-02-02T04:30:00Z,2/2/2026 7:30,2.245,Working,-1,
2026-02-02T04:40:00Z,2/2/2026 7:40,2.246,Working,-1,
2026-02-02T04:50:00Z,2/2/2026 7:50,2.246,Working,-1,
2026-02-02T05:00:00Z,2/2/2026 8:00,2.247,Working,-1,
2026-02-02T05:10:00Z,2/2/2026 8:10,2.248,Working,-1,
2026-02-02T05:20:00Z,2/2/2026 8:20,2.249,Working,-1,
2026-02-02T06:25:00Z,2/2/2026 9:25,,,,
2026-02-02T07:30:00Z,2/2/2026 10:30,2.264,Working,-1,
2026-02-02T07:40:00Z,2/2/2026 10:40,2.268,Working,-1,
2026-02-02T07:50:00Z,2/2/2026 10:50,2.272,Working,-1,
2026-02-02T08:00:00Z,2/2/2026 11:00,2.273,Working,-1,
2026-02-02T08:10:00Z,2/2/2026 11:10,2.275,Working,-1,
2026-02-02T08:20:00Z,2/2/2026 11:20,2.276,Working,-1,
2026-02-02T08:55:00Z,2/2/2026 11:55,,,,
2026-02-02T09:30:00Z,2/2/2026 12:30,2.287,Working,-1,
2026-02-02T09:40:00Z,2/2/2026 12:40,2.29,Working,-1,
2026-02-02T09:50:00Z,2/2/2026 12:50,2.293,Working,-1,
2026-02-02T10:00:00Z,2/2/2026 13:00,2.294,Working,-1,
2026-02-02T10:10:00Z,2/2/2026 13:10,2.296,Working,-1,
2026-02-02T10:20:00Z,2/2/2026 13:20,2.298,Working,-1,
2026-02-02T11:25:00Z,2/2/2026 14:25,,,,
2026-02-02T12:30:00Z,2/2/2026 15:30,2.321,Working,-1,
2026-02-02T12:40:00Z,2/2/2026 15:40,2.324,Working,-1,
2026-02-02T12:50:00Z,2/2/2026 15:50,2.325,Working,-1,
2026-02-02T13:00:00Z,2/2/2026 16:00,2.325,Working,-1,
2026-02-02T13:10:00Z,2/2/2026 16:10,2.326,Working,-1,
2026-02-02T13:20:00Z,2/2/2026 16:20,2.327,Working,-1,
2026-02-02T13:55:00Z,2/2/2026 16:55,,,,
2026-02-02T14:30:00Z,2/2/2026 17:30,2.333,Working,-1,
2026-02-02T14:40:00Z,2/2/2026 17:40,2.332,Working,-1,
2026-02-02T14:50:00Z,2/2/2026 17:50,2.33,Working,-1,
2026-02-02T15:00:00Z,2/2/2026 18:00,2.33,Working,-1,
2026-02-02T15:10:00Z,2/2/2026 18:10,2.329,Working,-1,
2026-02-02T15:20:00Z,2/2/2026 18:20,2.328,Working,-1,
2026-02-02T16:55:00Z,2/2/2026 19:55,,,,
2026-02-02T18:30:00Z,2/2/2026 21:30,2.312,Working,-1,
2026-02-02T18:40:00Z,2/2/2026 21:40,2.31,Working,-1,
2026-02-02T18:50:00Z,2/2/2026 21:50,2.311,Working,-1,
2026-02-02T19:00:00Z,2/2/2026 22:00,2.31,Working,-1,
2026-02-02T19:10:00Z,2/2/2026 22:10,2.309,Working,-1,
2026-02-02T19:20:00Z,2/2/2026 22:20,2.308,Working,-1,
2026-02-02T19:30:00Z,2/2/2026 22:30,2.307,Working,-1,
2026-02-02T19:40:00Z,2/2/2026 22:40,2.306,Working,-1,
2026-02-02T19:50:00Z,2/2/2026 22:50,2.306,Working,-1,
2026-02-02T20:00:00Z,2/2/2026 23:00,2.305,Working,-1,
2026-02-02T20:10:00Z,2/2/2026 23:10,2.304,Working,-1,
2026-02-02T20:20:00Z,2/2/2026 23:20,2.303,Working,-1,
2026-02-02T20:30:00Z,2/2/2026 23:30,2.304,Working,-1,
2026-02-02T20:40:00Z,2/2/2026 23:40,2.303,Working,-1,
2026-02-02T20:50:00Z,2/2/2026 23:50,2.303,Working,-1,
2026-02-02T21:00:00Z,2/3/2026 0:00,2.302,Working,-1,
2026-02-02T21:10:00Z,2/3/2026 0:10,2.302,Working,-1,
2026-02-02T21:20:00Z,2/3/2026 0:20,2.301,Working,-1,
2026-02-02T21:55:00Z,2/3/2026 0:55,,,,
2026-02-02T22:30:00Z,2/3/2026 1:30,2.298,Working,-1,
2026-02-02T22:40:00Z,2/3/2026 1:40,2.298,Working,-1,
2026-02-02T22:50:00Z,2/3/2026 1:50,2.297,Working,-1,
2026-02-02T23:00:00Z,2/3/2026 2:00,2.297,Working,-1,
2026-02-02T23:10:00Z,2/3/2026 2:10,2.295,Working,-1,
2026-02-02T23:20:00Z,2/3/2026 2:20,2.296,Working,-1,
2026-02-02T23:30:00Z,2/3/2026 2:30,2.296,Working,-1,
2026-02-02T23:40:00Z,2/3/2026 2:40,2.295,Working,-1,
2026-02-02T23:50:00Z,2/3/2026 2:50,2.294,Working,-1,
2026-02-03T00:00:00Z,2/3/2026 3:00,2.295,Working,-1,
2026-02-03T00:10:00Z,2/3/2026 3:10,2.296,Working,-1,
2026-02-03T00:20:00Z,2/3/2026 3:20,2.295,Working,-1,
2026-02-03T01:55:00Z,2/3/2026 4:55,,,,
2026-02-03T03:30:00Z,2/3/2026 6:30,2.292,Working,-1,
2026-02-03T03:40:00Z,2/3/2026 6:40,2.293,Working,-1,
2026-02-03T03:50:00Z,2/3/2026 6:50,2.292,Working,-1,
2026-02-03T04:00:00Z,2/3/2026 7:00,2.292,Working,-1,
2026-02-03T04:10:00Z,2/3/2026 7:10,2.292,Working,-1,
2026-02-03T04:20:00Z,2/3/2026 7:20,2.293,Working,-1,
2026-02-03T04:30:00Z,2/3/2026 7:30,2.294,Working,-1,
2026-02-03T04:40:00Z,2/3/2026 7:40,2.292,Working,-1,
2026-02-03T04:50:00Z,2/3/2026 7:50,2.293,Working,-1,
2026-02-03T05:00:00Z,2/3/2026 8:00,2.293,Working,-1,
2026-02-03T05:10:00Z,2/3/2026 8:10,2.292,Working,-1,
2026-02-03T05:20:00Z,2/3/2026 8:20,2.293,Working,-1,
2026-02-03T05:30:00Z,2/3/2026 8:30,2.292,Working,-1,
2026-02-03T05:40:00Z,2/3/2026 8:40,2.292,Working,-1,
2026-02-03T05:50:00Z,2/3/2026 8:50,2.293,Working,-1,
2026-02-03T06:00:00Z,2/3/2026 9:00,2.294,Working,-1,
2026-02-03T06:10:00Z,2/3/2026 9:10,2.293,Working,-1,
2026-02-03T06:20:00Z,2/3/2026 9:20,2.294,Working,-1,
2026-02-03T06:30:00Z,2/3/2026 9:30,2.294,Working,-1,
2026-02-03T06:40:00Z,2/3/2026 9:40,2.293,Working,-1,
2026-02-03T06:50:00Z,2/3/2026 9:50,2.295,Working,-1,
2026-02-03T07:00:00Z,2/3/2026 10:00,2.295,Working,-1,
2026-02-03T07:10:00Z,2/3/2026 10:10,2.295,Working,-1,
2026-02-03T07:20:00Z,2/3/2026 10:20,2.295,Working,-1,
2026-02-03T07:55:00Z,2/3/2026 10:55,,,,
2026-02-03T08:30:00Z,2/3/2026 11:30,2.296,Working,-1,
2026-02-03T08:40:00Z,2/3/2026 11:40,2.295,Working,-1,
2026-02-03T08:50:00Z,2/3/2026 11:50,2.296,Working,-1,
2026-02-03T09:00:00Z,2/3/2026 12:00,2.296,Working,-1,
2026-02-03T09:10:00Z,2/3/2026 12:10,2.297,Working,-1,
2026-02-03T09:20:00Z,2/3/2026 12:20,2.298,Working,-1,
2026-02-03T09:30:00Z,2/3/2026 12:30,2.299,Working,-1,
2026-02-03T09:40:00Z,2/3/2026 12:40,2.299,Working,-1,
2026-02-03T09:50:00Z,2/3/2026 12:50,2.298,Working,-1,
2026-02-03T10:00:00Z,2/3/2026 13:00,2.299,Working,-1,
2026-02-03T10:10:00Z,2/3/2026 13:10,2.299,Working,-1,
2026-02-03T10:20:00Z,2/3/2026 13:20,2.297,Working,-1,
2026-02-03T10:30:00Z,2/3/2026 13:30,2.299,Working,-1,
2026-02-03T10:40:00Z,2/3/2026 13:40,2.296,Working,-1,
2026-02-03T10:50:00Z,2/3/2026 13:50,2.299,Working,-1,
2026-02-03T11:00:00Z,2/3/2026 14:00,2.299,Working,-1,
2026-02-03T11:10:00Z,2/3/2026 14:10,2.297,Working,-1,
2026-02-03T11:20:00Z,2/3/2026 14:20,2.298,Working,-1,
2026-02-03T12:25:00Z,2/3/2026 15:25,,,,
2026-02-03T13:30:00Z,2/3/2026 16:30,2.284,Working,-1,
2026-02-03T13:40:00Z,2/3/2026 16:40,2.284,Working,-1,
2026-02-03T13:50:00Z,2/3/2026 16:50,2.284,Working,-1,
2026-02-03T14:00:00Z,2/3/2026 17:00,2.282,Working,-1,
2026-02-03T14:10:00Z,2/3/2026 17:10,2.282,Working,-1,
2026-02-03T14:20:00Z,2/3/2026 17:20,2.283,Working,-1,
2026-02-03T14:55:00Z,2/3/2026 17:55,,,,
2026-02-03T15:30:00Z,2/3/2026 18:30,2.283,Working,-1,
2026-02-03T15:40:00Z,2/3/2026 18:40,2.283,Working,-1,
2026-02-03T15:50:00Z,2/3/2026 18:50,2.283,Working,-1,
2026-02-03T16:00:00Z,2/3/2026 19:00,2.283,Working,-1,
2026-02-03T16:10:00Z,2/3/2026 19:10,2.282,Working,-1,
2026-02-03T16:20:00Z,2/3/2026 19:20,2.283,Working,-1,
2026-02-03T16:30:00Z,2/3/2026 19:30,2.282,Working,-1,
2026-02-03T16:40:00Z,2/3/2026 19:40,2.283,Working,-1,
2026-02-03T16:50:00Z,2/3/2026 19:50,2.281,Working,-1,
2026-02-03T17:00:00Z,2/3/2026 20:00,2.282,Working,-1,
2026-02-03T17:10:00Z,2/3/2026 20:10,2.28,Working,-1,
2026-02-03T17:20:00Z,2/3/2026 20:20,2.282,Working,-1,
2026-02-03T17:55:00Z,2/3/2026 20:55,,,,
2026-02-03T18:30:00Z,2/3/2026 21:30,2.278,Working,-1,
2026-02-03T18:40:00Z,2/3/2026 21:40,2.28,Working,-1,
2026-02-03T18:50:00Z,2/3/2026 21:50,2.279,Working,-1,
2026-02-03T19:00:00Z,2/3/2026 22:00,2.279,Working,-1,
2026-02-03T19:10:00Z,2/3/2026 22:10,2.279,Working,-1,
2026-02-03T19:20:00Z,2/3/2026 22:20,2.278,Working,-1,
2026-02-03T19:30:00Z,2/3/2026 22:30,2.278,Working,-1,
2026-02-03T19:40:00Z,2/3/2026 22:40,2.276,Working,-1,
2026-02-03T19:50:00Z,2/3/2026 22:50,2.277,Working,-1,
2026-02-03T20:00:00Z,2/3/2026 23:00,2.276,Working,-1,
2026-02-03T20:10:00Z,2/3/2026 23:10,2.276,Working,-1,
2026-02-03T20:20:00Z,2/3/2026 23:20,2.276,Working,-1,
2026-02-03T21:25:00Z,2/4/2026 0:25,,,,
2026-02-03T22:30:00Z,2/4/2026 1:30,2.271,Working,-1,
2026-02-03T22:40:00Z,2/4/2026 1:40,2.271,Working,-1,
2026-02-03T22:50:00Z,2/4/2026 1:50,2.27,Working,-1,
2026-02-03T23:00:00Z,2/4/2026 2:00,2.271,Working,-1,
2026-02-03T23:10:00Z,2/4/2026 2:10,2.27,Working,-1,
2026-02-03T23:20:00Z,2/4/2026 2:20,2.27,Working,-1,
2026-02-03T23:30:00Z,2/4/2026 2:30,2.268,Working,-1,
2026-02-03T23:40:00Z,2/4/2026 2:40,2.268,Working,-1,
2026-02-03T23:50:00Z,2/4/2026 2:50,2.27,Working,-1,
2026-02-04T00:00:00Z,2/4/2026 3:00,2.269,Working,-1,
2026-02-04T00:10:00Z,2/4/2026 3:10,2.269,Working,-1,
2026-02-04T00:20:00Z,2/4/2026 3:20,2.268,Working,-1,
2026-02-04T00:30:00Z,2/4/2026 3:30,2.268,Working,-1,
2026-02-04T00:40:00Z,2/4/2026 3:40,2.266,Working,-1,
2026-02-04T00:50:00Z,2/4/2026 3:50,2.265,Working,-1,
2026-02-04T01:00:00Z,2/4/2026 4:00,2.265,Working,-1,
2026-02-04T01:10:00Z,2/4/2026 4:10,2.266,Working,-1,
2026-02-04T01:20:00Z,2/4/2026 4:20,2.265,Working,-1,
2026-02-04T01:30:00Z,2/4/2026 4:30,2.263,Working,-1,
2026-02-04T01:40:00Z,2/4/2026 4:40,2.262,Working,-1,
2026-02-04T01:50:00Z,2/4/2026 4:50,2.262,Working,-1,
2026-02-04T02:00:00Z,2/4/2026 5:00,2.262,Working,-1,
2026-02-04T02:10:00Z,2/4/2026 5:10,2.262,Working,-1,
2026-02-04T02:20:00Z,2/4/2026 5:20,2.261,Working,-1,
2026-02-04T02:55:00Z,2/4/2026 5:55,,,,
2026-02-04T03:30:00Z,2/4/2026 6:30,2.259,Working,-1,
2026-02-04T03:40:00Z,2/4/2026 6:40,2.259,Working,-1,
2026-02-04T03:50:00Z,2/4/2026 6:50,2.258,Working,-1,
2026-02-04T04:00:00Z,2/4/2026 7:00,2.257,Working,-1,
2026-02-04T04:10:00Z,2/4/2026 7:10,2.257,Working,-1,
2026-02-04T04:20:00Z,2/4/2026 7:20,2.257,Working,-1,
2026-02-04T07:55:00Z,2/4/2026 10:55,,,,
2026-02-04T11:30:00Z,2/4/2026 14:30,2.238,Working,-1,
2026-02-04T11:40:00Z,2/4/2026 14:40,2.239,Working,-1,
2026-02-04T11:50:00Z,2/4/2026 14:50,2.237,Working,-1,
2026-02-04T12:00:00Z,2/4/2026 15:00,2.237,Working,-1,
2026-02-04T12:10:00Z,2/4/2026 15:10,2.237,Working,-1,
2026-02-04T12:20:00Z,2/4/2026 15:20,2.235,Working,-1,
2026-02-04T14:55:00Z,2/4/2026 17:55,,,,
2026-02-04T17:30:00Z,2/4/2026 20:30,2.232,Working,-1,
2026-02-04T17:40:00Z,2/4/2026 20:40,2.232,Working,-1,
2026-02-04T17:50:00Z,2/4/2026 20:50,2.232,Working,-1,
2026-02-04T18:00:00Z,2/4/2026 21:00,2.23,Working,-1,
2026-02-04T18:10:00Z,2/4/2026 21:10,2.231,Working,-1,
2026-02-04T18:20:00Z,2/4/2026 21:20,2.231,Working,-1,
2026-02-04T19:55:00Z,2/4/2026 22:55,,,,
2026-02-04T21:30:00Z,2/5/2026 0:30,2.226,Working,-1,
2026-02-04T21:40:00Z,2/5/2026 0:40,2.226,Working,-1,
2026-02-04T21:50:00Z,2/5/2026 0:50,2.226,Working,-1,
2026-02-04T22:00:00Z,2/5/2026 1:00,2.225,Working,-1,
2026-02-04T22:10:00Z,2/5/2026 1:10,2.225,Working,-1,
2026-02-04T22:20:00Z,2/5/2026 1:20,2.226,Working,-1,
2026-02-04T22:30:00Z,2/5/2026 1:30,2.227,Working,-1,
2026-02-04T22:40:00Z,2/5/2026 1:40,2.227,Working,-1,
2026-02-04T22:50:00Z,2/5/2026 1:50,2.226,Working,-1,
2026-02-04T23:00:00Z,2/5/2026 2:00,2.225,Working,-1,
2026-02-04T23:10:00Z,2/5/2026 2:10,2.227,Working,-1,
2026-02-04T23:20:00Z,2/5/2026 2:20,2.227,Working,-1,
2026-02-04T23:30:00Z,2/5/2026 2:30,2.226,Working,-1,
2026-02-04T23:40:00Z,2/5/2026 2:40,2.226,Working,-1,
2026-02-04T23:50:00Z,2/5/2026 2:50,2.227,Working,-1,
2026-02-05T00:00:00Z,2/5/2026 3:00,2.226,Working,-1,
2026-02-05T00:10:00Z,2/5/2026 3:10,2.226,Working,-1,
2026-02-05T00:20:00Z,2/5/2026 3:20,2.226,Working,-1,
2026-02-05T01:25:00Z,2/5/2026 4:25,,,,
2026-02-05T02:30:00Z,2/5/2026 5:30,2.225,Working,-1,
2026-02-05T02:40:00Z,2/5/2026 5:40,2.226,Working,-1,
2026-02-05T02:50:00Z,2/5/2026 5:50,2.225,Working,-1,
2026-02-05T03:00:00Z,2/5/2026 6:00,2.224,Working,-1,
2026-02-05T03:10:00Z,2/5/2026 6:10,2.224,Working,-1,
2026-02-05T03:20:00Z,2/5/2026 6:20,2.224,Working,-1,
2026-02-05T05:25:00Z,2/5/2026 8:25,,,,
2026-02-05T07:30:00Z,2/5/2026 10:30,2.223,Working,-1,
2026-02-05T07:40:00Z,2/5/2026 10:40,2.222,Working,-1,
2026-02-05T07:50:00Z,2/5/2026 10:50,2.223,Working,-1,
2026-02-05T08:00:00Z,2/5/2026 11:00,2.222,Working,-1,
2026-02-05T08:10:00Z,2/5/2026 11:10,2.222,Working,-1,
2026-02-05T08:20:00Z,2/5/2026 11:20,2.222,Working,-1,
2026-02-05T08:30:00Z,2/5/2026 11:30,2.222,Working,-1,
2026-02-05T08:40:00Z,2/5/2026 11:40,2.221,Working,-1,
2026-02-05T08:50:00Z,2/5/2026 11:50,2.222,Working,-1,
2026-02-05T09:00:00Z,2/5/2026 12:00,2.221,Working,-1,
2026-02-05T09:10:00Z,2/5/2026 12:10,2.222,Working,-1,
2026-02-05T09:20:00Z,2/5/2026 12:20,2.222,Working,-1,
2026-02-05T09:55:00Z,2/5/2026 12:55,,,,
2026-02-05T10:30:00Z,2/5/2026 13:30,2.222,Working,-1,
2026-02-05T10:40:00Z,2/5/2026 13:40,2.222,Working,-1,
2026-02-05T10:50:00Z,2/5/2026 13:50,2.223,Working,-1,
2026-02-05T11:00:00Z,2/5/2026 14:00,2.223,Working,-1,
2026-02-05T11:10:00Z,2/5/2026 14:10,2.222,Working,-1,
2026-02-05T11:20:00Z,2/5/2026 14:20,2.222,Working,-1,
2026-02-05T12:55:00Z,2/5/2026 15:55,,,,
2026-02-05T14:30:00Z,2/5/2026 17:30,2.226,Working,-1,
2026-02-05T14:40:00Z,2/5/2026 17:40,2.226,Working,-1,
2026-02-05T14:50:00Z,2/5/2026 17:50,2.226,Working,-1,
2026-02-05T15:00:00Z,2/5/2026 18:00,2.225,Working,-1,
2026-02-05T15:10:00Z,2/5/2026 18:10,2.226,Working,-1,
2026-02-05T15:20:00Z,2/5/2026 18:20,2.226,Working,-1,
2026-02-05T15:30:00Z,2/5/2026 18:30,2.226,Working,-1,
2026-02-05T15:40:00Z,2/5/2026 18:40,2.227,Working,-1,
2026-02-05T15:50:00Z,2/5/2026 18:50,2.226,Working,-1,
2026-02-05T16:00:00Z,2/5/2026 19:00,2.227,Working,-1,
2026-02-05T16:10:00Z,2/5/2026 19:10,2.227,Working,-1,
2026-02-05T16:20:00Z,2/5/2026 19:20,2.227,Working,-1,
2026-02-05T16:30:00Z,2/5/2026 19:30,2.227,Working,-1,
2026-02-05T16:40:00Z,2/5/2026 19:40,2.228,Working,-1,
2026-02-05T16:50:00Z,2/5/2026 19:50,2.228,Working,-1,
2026-02-05T17:00:00Z,2/5/2026 20:00,2.227,Working,-1,
2026-02-05T17:10:00Z,2/5/2026 20:10,2.228,Working,-1,
2026-02-05T17:20:00Z,2/5/2026 20:20,2.229,Working,-1,
2026-02-05T17:55:00Z,2/5/2026 20:55,,,,
2026-02-05T18:30:00Z,2/5/2026 21:30,2.23,Working,-1,
2026-02-05T18:40:00Z,2/5/2026 21:40,2.229,Working,-1,
2026-02-05T18:50:00Z,2/5/2026 21:50,2.23,Working,-1,
2026-02-05T19:00:00Z,2/5/2026 22:00,2.228,Working,-1,
2026-02-05T19:10:00Z,2/5/2026 22:10,2.229,Working,-1,
2026-02-05T19:20:00Z,2/5/2026 22:20,2.229,Working,-1,
2026-02-05T19:55:00Z,2/5/2026 22:55,,,,
2026-02-05T20:30:00Z,2/5/2026 23:30,2.232,Working,-1,
2026-02-05T20:40:00Z,2/5/2026 23:40,2.23,Working,-1,
2026-02-05T20:50:00Z,2/5/2026 23:50,2.231,Working,-1,
2026-02-05T21:00:00Z,2/6/2026 0:00,2.23,Working,-1,
2026-02-05T21:10:00Z,2/6/2026 0:10,2.23,Working,-1,
2026-02-05T21:20:00Z,2/6/2026 0:20,2.23,Working,-1,
2026-02-05T22:55:00Z,2/6/2026 1:55,,,,
2026-02-06T00:30:00Z,2/6/2026 3:30,2.229,Working,-1,
2026-02-06T00:40:00Z,2/6/2026 3:40,2.229,Working,-1,
2026-02-06T00:50:00Z,2/6/2026 3:50,2.23,Working,-1,
2026-02-06T01:00:00Z,2/6/2026 4:00,2.228,Working,-1,
2026-02-06T01:10:00Z,2/6/2026 4:10,2.228,Working,-1,
2026-02-06T01:20:00Z,2/6/2026 4:20,2.229,Working,-1,
2026-02-06T01:30:00Z,2/6/2026 4:30,2.229,Working,-1,
2026-02-06T01:40:00Z,2/6/2026 4:40,2.227,Working,-1,
2026-02-06T01:50:00Z,2/6/2026 4:50,2.228,Working,-1,
2026-02-06T02:00:00Z,2/6/2026 5:00,2.228,Working,-1,
2026-02-06T02:10:00Z,2/6/2026 5:10,2.227,Working,-1,
2026-02-06T02:20:00Z,2/6/2026 5:20,2.227,Working,-1,
2026-02-06T03:25:00Z,2/6/2026 6:25,,,,
2026-02-06T04:30:00Z,2/6/2026 7:30,2.223,Working,-1,
2026-02-06T04:40:00Z,2/6/2026 7:40,2.223,Working,-1,
2026-02-06T04:50:00Z,2/6/2026 7:50,2.222,Working,-1,
2026-02-06T05:00:00Z,2/6/2026 8:00,2.222,Working,-1,
2026-02-06T05:10:00Z,2/6/2026 8:10,2.222,Working,-1,
2026-02-06T05:20:00Z,2/6/2026 8:20,2.222,Working,-1,
2026-02-06T05:30:00Z,2/6/2026 8:30,2.223,Working,-1,
2026-02-06T05:40:00Z,2/6/2026 8:40,2.22,Working,-1,
2026-02-06T05:50:00Z,2/6/2026 8:50,2.221,Working,-1,
2026-02-06T06:00:00Z,2/6/2026 9:00,2.221,Working,-1,
2026-02-06T06:10:00Z,2/6/2026 9:10,2.22,Working,-1,
2026-02-06T06:20:00Z,2/6/2026 9:20,2.219,Working,-1,
2026-02-06T06:30:00Z,2/6/2026 9:30,2.22,Working,-1,
2026-02-06T06:40:00Z,2/6/2026 9:40,2.219,Working,-1,
2026-02-06T06:50:00Z,2/6/2026 9:50,2.218,Working,-1,
2026-02-06T07:00:00Z,2/6/2026 10:00,2.218,Working,-1,
2026-02-06T07:10:00Z,2/6/2026 10:10,2.218,Working,-1,
2026-02-06T07:20:00Z,2/6/2026 10:20,2.218,Working,-1,
2026-02-06T08:25:00Z,2/6/2026 11:25,,,,
2026-02-06T09:30:00Z,2/6/2026 12:30,2.213,Working,-1,
2026-02-06T09:40:00Z,2/6/2026 12:40,2.212,Working,-1,
2026-02-06T09:50:00Z,2/6/2026 12:50,2.213,Working,-1,
2026-02-06T10:00:00Z,2/6/2026 13:00,2.214,Working,-1,
2026-02-06T10:10:00Z,2/6/2026 13:10,2.213,Working,-1,
2026-02-06T10:20:00Z,2/6/2026 13:20,2.212,Working,-1,
2026-02-06T10:30:00Z,2/6/2026 13:30,2.212,Working,-1,
2026-02-06T10:40:00Z,2/6/2026 13:40,2.212,Working,-1,
2026-02-06T10:50:00Z,2/6/2026 13:50,2.212,Working,-1,
2026-02-06T11:00:00Z,2/6/2026 14:00,2.212,Working,-1,
2026-02-06T11:10:00Z,2/6/2026 14:10,2.211,Working,-1,
2026-02-06T11:20:00Z,2/6/2026 14:20,2.212,Working,-1,
2026-02-06T12:25:00Z,2/6/2026 15:25,,,,
2026-02-06T13:30:00Z,2/6/2026 16:30,2.209,Working,-1,
2026-02-06T13:40:00Z,2/6/2026 16:40,2.209,Working,-1,
2026-02-06T13:50:00Z,2/6/2026 16:50,2.208,Working,-1,
2026-02-06T14:00:00Z,2/6/2026 17:00,2.21,Working,-1,
2026-02-06T14:10:00Z,2/6/2026 17:10,2.208,Working,-1,
2026-02-06T14:20:00Z,2/6/2026 17:20,2.209,Working,-1,
2026-02-06T14:30:00Z,2/6/2026 17:30,2.208,Working,-1,
2026-02-06T14:40:00Z,2/6/2026 17:40,2.207,Working,-1,
2026-02-06T14:50:00Z,2/6/2026 17:50,2.207,Working,-1,
2026-02-06T15:00:00Z,2/6/2026 18:00,2.208,Working,-1,
2026-02-06T15:10:00Z,2/6/2026 18:10,2.208,Working,-1,
2026-02-06T15:20:00Z,2/6/2026 18:20,2.207,Working,-1,
2026-02-06T15:30:00Z,2/6/2026 18:30,2.207,Working,-1,
2026-02-06T15:40:00Z,2/6/2026 18:40,2.207,Working,-1,
2026-02-06T15:50:00Z,2/6/2026 18:50,2.207,Working,-1,
2026-02-06T16:00:00Z,2/6/2026 19:00,2.207,Working,-1,
2026-02-06T16:10:00Z,2/6/2026 19:10,2.206,Working,-1,
2026-02-06T16:20:00Z,2/6/2026 19:20,2.207,Working,-1,
2026-02-06T16:55:00Z,2/6/2026 19:55,,,,
2026-02-06T17:30:00Z,2/6/2026 20:30,2.205,Working,-1,
2026-02-06T17:40:00Z,2/6/2026 20:40,2.205,Working,-1,
2026-02-06T17:50:00Z,2/6/2026 20:50,2.206,Working,-1,
2026-02-06T18:00:00Z,2/6/2026 21:00,2.206,Working,-1,
2026-02-06T18:10:00Z,2/6/2026 21:10,2.205,Working,-1,
2026-02-06T18:20:00Z,2/6/2026 21:20,2.205,Working,-1,
2026-02-06T19:25:00Z,2/6/2026 22:25,,,,
2026-02-06T20:30:00Z,2/6/2026 23:30,2.205,Working,-1,
2026-02-06T20:40:00Z,2/6/2026 23:40,2.205,Working,-1,
2026-02-06T20:50:00Z,2/6/2026 23:50,2.205,Working,-1,
2026-02-06T21:00:00Z,2/7/2026 0:00,2.205,Working,-1,
2026-02-06T21:10:00Z,2/7/2026 0:10,2.205,Working,-1,
2026-02-06T21:20:00Z,2/7/2026 0:20,2.205,Working,-1,
2026-02-06T22:25:00Z,2/7/2026 1:25,,,,
2026-02-06T23:30:00Z,2/7/2026 2:30,2.205,Working,-1,
2026-02-06T23:40:00Z,2/7/2026 2:40,2.205,Working,-1,
2026-02-06T23:50:00Z,2/7/2026 2:50,2.205,Working,-1,
2026-02-07T00:00:00Z,2/7/2026 3:00,2.206,Working,-1,
2026-02-07T00:10:00Z,2/7/2026 3:10,2.206,Working,-1,
2026-02-07T00:20:00Z,2/7/2026 3:20,2.205,Working,-1,
2026-02-07T00:55:00Z,2/7/2026 3:55,,,,
2026-02-07T01:30:00Z,2/7/2026 4:30,2.206,Working,-1,
2026-02-07T01:40:00Z,2/7/2026 4:40,2.207,Working,-1,
2026-02-07T01:50:00Z,2/7/2026 4:50,2.207,Working,-1,
2026-02-07T02:00:00Z,2/7/2026 5:00,2.207,Working,-1,
2026-02-07T02:10:00Z,2/7/2026 5:10,2.206,Working,-1,
2026-02-07T02:20:00Z,2/7/2026 5:20,2.208,Working,-1,
2026-02-07T03:55:00Z,2/7/2026 6:55,,,,
2026-02-07T05:30:00Z,2/7/2026 8:30,2.211,Working,-1,
2026-02-07T05:40:00Z,2/7/2026 8:40,2.211,Working,-1,
2026-02-07T05:50:00Z,2/7/2026 8:50,2.211,Working,-1,
2026-02-07T06:00:00Z,2/7/2026 9:00,2.21,Working,-1,
2026-02-07T06:10:00Z,2/7/2026 9:10,2.211,Working,-1,
2026-02-07T06:20:00Z,2/7/2026 9:20,2.21,Working,-1,
2026-02-07T08:25:00Z,2/7/2026 11:25,,,,
2026-02-07T10:30:00Z,2/7/2026 13:30,2.216,Working,-1,
2026-02-07T10:40:00Z,2/7/2026 13:40,2.218,Working,-1,
2026-02-07T10:50:00Z,2/7/2026 13:50,2.217,Working,-1,
2026-02-07T11:00:00Z,2/7/2026 14:00,2.216,Working,-1,
2026-02-07T11:10:00Z,2/7/2026 14:10,2.216,Working,-1,
2026-02-07T11:20:00Z,2/7/2026 14:20,2.217,Working,-1,
2026-02-07T12:55:00Z,2/7/2026 15:55,,,,
2026-02-07T14:30:00Z,2/7/2026 17:30,2.224,Working,-1,
2026-02-07T14:40:00Z,2/7/2026 17:40,2.223,Working,-1,
2026-02-07T14:50:00Z,2/7/2026 17:50,2.224,Working,-1,
2026-02-07T15:00:00Z,2/7/2026 18:00,2.222,Working,-1,
2026-02-07T15:10:00Z,2/7/2026 18:10,2.223,Working,-1,
2026-02-07T15:20:00Z,2/7/2026 18:20,2.224,Working,-1,
2026-02-07T15:30:00Z,2/7/2026 18:30,2.222,Working,-1,
2026-02-07T15:40:00Z,2/7/2026 18:40,2.222,Working,-1,
2026-02-07T15:50:00Z,2/7/2026 18:50,2.222,Working,-1,
2026-02-07T16:00:00Z,2/7/2026 19:00,2.223,Working,-1,
2026-02-07T16:10:00Z,2/7/2026 19:10,2.222,Working,-1,
2026-02-07T16:20:00Z,2/7/2026 19:20,2.225,Working,-1,
2026-02-07T17:25:00Z,2/7/2026 20:25,,,,
2026-02-07T18:30:00Z,2/7/2026 21:30,2.224,Working,-1,
2026-02-07T18:40:00Z,2/7/2026 21:40,2.223,Working,-1,
2026-02-07T18:50:00Z,2/7/2026 21:50,2.223,Working,-1,
2026-02-07T19:00:00Z,2/7/2026 22:00,2.223,Working,-1,
2026-02-07T19:10:00Z,2/7/2026 22:10,2.225,Working,-1,
2026-02-07T19:20:00Z,2/7/2026 22:20,2.225,Working,-1,
2026-02-07T21:25:00Z,2/8/2026 0:25,,,,
2026-02-07T23:30:00Z,2/8/2026 2:30,2.223,Working,-1,
2026-02-07T23:40:00Z,2/8/2026 2:40,2.223,Working,-1,
2026-02-07T23:50:00Z,2/8/2026 2:50,2.224,Working,-1,
2026-02-08T00:00:00Z,2/8/2026 3:00,2.222,Working,-1,
2026-02-08T00:10:00Z,2/8/2026 3:10,2.222,Working,-1,
2026-02-08T00:20:00Z,2/8/2026 3:20,2.221,Working,-1,
2026-02-08T00:30:00Z,2/8/2026 3:30,2.221,Working,-1,
2026-02-08T00:40:00Z,2/8/2026 3:40,2.221,Working,-1,
2026-02-08T00:50:00Z,2/8/2026 3:50,2.221,Working,-1,
2026-02-08T01:00:00Z,2/8/2026 4:00,2.221,Working,-1,
2026-02-08T01:10:00Z,2/8/2026 4:10,2.22,Working,-1,
2026-02-08T01:20:00Z,2/8/2026 4:20,2.22,Working,-1,
2026-02-08T01:30:00Z,2/8/2026 4:30,2.22,Working,-1,
2026-02-08T01:40:00Z,2/8/2026 4:40,2.219,Working,-1,
2026-02-08T01:50:00Z,2/8/2026 4:50,2.219,Working,-1,
2026-02-08T02:00:00Z,2/8/2026 5:00,2.22,Working,-1,
2026-02-08T02:10:00Z,2/8/2026 5:10,2.22,Working,-1,
2026-02-08T02:20:00Z,2/8/2026 5:20,2.22,Working,-1,
2026-02-08T02:55:00Z,2/8/2026 5:55,,,,
2026-02-08T03:30:00Z,2/8/2026 6:30,2.217,Working,-1,
2026-02-08T03:40:00Z,2/8/2026 6:40,2.218,Working,-1,
2026-02-08T03:50:00Z,2/8/2026 6:50,2.218,Working,-1,
2026-02-08T04:00:00Z,2/8/2026 7:00,2.219,Working,-1,
2026-02-08T04:10:00Z,2/8/2026 7:10,2.217,Working,-1,
2026-02-08T04:20:00Z,2/8/2026 7:20,2.218,Working,-1,
2026-02-08T05:55:00Z,2/8/2026 8:55,,,,
2026-02-08T07:30:00Z,2/8/2026 10:30,2.213,Working,-1,
2026-02-08T07:40:00Z,2/8/2026 10:40,2.214,Working,-1,
2026-02-08T07:50:00Z,2/8/2026 10:50,2.213,Working,-1,
2026-02-08T08:00:00Z,2/8/2026 11:00,2.214,Working,-1,
2026-02-08T08:10:00Z,2/8/2026 11:10,2.214,Working,-1,
2026-02-08T08:20:00Z,2/8/2026 11:20,2.214,Working,-1,
2026-02-08T08:30:00Z,2/8/2026 11:30,2.214,Working,-1,
2026-02-08T08:40:00Z,2/8/2026 11:40,2.213,Working,-1,
2026-02-08T08:50:00Z,2/8/2026 11:50,2.214,Working,-1,
2026-02-08T09:00:00Z,2/8/2026 12:00,2.215,Working,-1,
2026-02-08T09:10:00Z,2/8/2026 12:10,2.214,Working,-1,
2026-02-08T09:20:00Z,2/8/2026 12:20,2.215,Working,-1,
2026-02-08T10:55:00Z,2/8/2026 13:55,,,,
2026-02-08T12:30:00Z,2/8/2026 15:30,2.215,Working,-1,
2026-02-08T12:40:00Z,2/8/2026 15:40,2.215,Working,-1,
2026-02-08T12:50:00Z,2/8/2026 15:50,2.215,Working,-1,
2026-02-08T13:00:00Z,2/8/2026 16:00,2.217,Working,-1,
2026-02-08T13:10:00Z,2/8/2026 16:10,2.216,Working,-1,
2026-02-08T13:20:00Z,2/8/2026 16:20,2.217,Working,-1,
2026-02-08T13:30:00Z,2/8/2026 16:30,2.217,Working,-1,
2026-02-08T13:40:00Z,2/8/2026 16:40,2.217,Working,-1,
2026-02-08T13:50:00Z,2/8/2026 16:50,2.216,Working,-1,
2026-02-08T14:00:00Z,2/8/2026 17:00,2.216,Working,-1,
2026-02-08T14:10:00Z,2/8/2026 17:10,2.217,Working,-1,
2026-02-08T14:20:00Z,2/8/2026 17:20,2.217,Working,-1,
2026-02-08T14:55:00Z,2/8/2026 17:55,,,,
2026-02-08T15:30:00Z,2/8/2026 18:30,2.215,Working,-1,
2026-02-08T15:40:00Z,2/8/2026 18:40,2.216,Working,-1,
2026-02-08T15:50:00Z,2/8/2026 18:50,2.216,Working,-1,
2026-02-08T16:00:00Z,2/8/2026 19:00,2.215,Working,-1,
2026-02-08T16:10:00Z,2/8/2026 19:10,2.215,Working,-1,
2026-02-08T16:20:00Z,2/8/2026 19:20,2.216,Working,-1,
2026-02-08T16:30:00Z,2/8/2026 19:30,2.217,Working,-1,
2026-02-08T16:40:00Z,2/8/2026 19:40,2.215,Working,-1,
2026-02-08T16:50:00Z,2/8/2026 19:50,2.216,Working,-1,
2026-02-08T17:00:00Z,2/8/2026 20:00,2.215,Working,-1,
2026-02-08T17:10:00Z,2/8/2026 20:10,2.214,Working,-1,
2026-02-08T17:20:00Z,2/8/2026 20:20,2.217,Working,-1,
2026-02-08T17:55:00Z,2/8/2026 20:55,,,,
2026-02-08T18:30:00Z,2/8/2026 21:30,2.217,Working,-1,
2026-02-08T18:40:00Z,2/8/2026 21:40,2.217,Working,-1,
2026-02-08T18:50:00Z,2/8/2026 21:50,2.217,Working,-1,
2026-02-08T19:00:00Z,2/8/2026 22:00,2.217,Working,-1,
2026-02-08T19:10:00Z,2/8/2026 22:10,2.216,Working,-1,
2026-02-08T19:20:00Z,2/8/2026 22:20,2.217,Working,-1,
2026-02-08T20:55:00Z,2/8/2026 23:55,,,,
2026-02-08T22:30:00Z,2/9/2026 1:30,2.219,Working,-1,
2026-02-08T22:40:00Z,2/9/2026 1:40,2.22,Working,-1,
2026-02-08T22:50:00Z,2/9/2026 1:50,2.218,Working,-1,
2026-02-08T23:00:00Z,2/9/2026 2:00,2.219,Working,-1,
2026-02-08T23:10:00Z,2/9/2026 2:10,2.219,Working,-1,
2026-02-08T23:20:00Z,2/9/2026 2:20,2.218,Working,-1,
2026-02-09T00:55:00Z,2/9/2026 3:55,,,,
2026-02-09T02:30:00Z,2/9/2026 5:30,2.218,Working,-1,
2026-02-09T02:40:00Z,2/9/2026 5:40,2.219,Working,-1,
2026-02-09T02:50:00Z,2/9/2026 5:50,2.218,Working,-1,
2026-02-09T03:00:00Z,2/9/2026 6:00,2.218,Working,-1,
2026-02-09T03:10:00Z,2/9/2026 6:10,2.219,Working,-1,
2026-02-09T03:20:00Z,2/9/2026 6:20,2.218,Working,-1,
2026-02-09T03:30:00Z,2/9/2026 6:30,2.219,Working,-1,
2026-02-09T03:40:00Z,2/9/2026 6:40,2.219,Working,-1,
2026-02-09T03:50:00Z,2/9/2026 6:50,2.218,Working,-1,
2026-02-09T04:00:00Z,2/9/2026 7:00,2.219,Working,-1,
2026-02-09T04:10:00Z,2/9/2026 7:10,2.219,Working,-1,
2026-02-09T04:20:00Z,2/9/2026 7:20,2.219,Working,-1,
2026-02-09T04:55:00Z,2/9/2026 7:55,,,,
2026-02-09T05:30:00Z,2/9/2026 8:30,2.222,Working,-1,
2026-02-09T05:40:00Z,2/9/2026 8:40,2.223,Working,-1,
2026-02-09T05:50:00Z,2/9/2026 8:50,2.223,Working,-1,
2026-02-09T06:00:00Z,2/9/2026 9:00,2.223,Working,-1,
2026-02-09T06:10:00Z,2/9/2026 9:10,2.225,Working,-1,
2026-02-09T06:20:00Z,2/9/2026 9:20,2.226,Working,-1,
2026-02-09T10:25:00Z,2/9/2026 13:25,,,,
2026-02-09T14:30:00Z,2/9/2026 17:30,2.259,Working,-1,
2026-02-09T14:40:00Z,2/9/2026 17:40,2.258,Working,-1,
2026-02-09T14:50:00Z,2/9/2026 17:50,2.26,Working,-1,
2026-02-09T15:00:00Z,2/9/2026 18:00,2.261,Working,-1,
2026-02-09T15:10:00Z,2/9/2026 18:10,2.262,Working,-1,
2026-02-09T15:20:00Z,2/9/2026 18:20,2.26,Working,-1,
2026-02-09T15:30:00Z,2/9/2026 18:30,2.26,Working,-1,
2026-02-09T15:40:00Z,2/9/2026 18:40,2.262,Working,-1,
2026-02-09T15:50:00Z,2/9/2026 18:50,2.262,Working,-1,
2026-02-09T16:00:00Z,2/9/2026 19:00,2.262,Working,-1,
2026-02-09T16:10:00Z,2/9/2026 19:10,2.261,Working,-1,
2026-02-09T16:20:00Z,2/9/2026 19:20,2.262,Working,-1,
2026-02-09T16:55:00Z,2/9/2026 19:55,,,,
2026-02-09T17:30:00Z,2/9/2026 20:30,2.261,Working,-1,
2026-02-09T17:40:00Z,2/9/2026 20:40,2.261,Working,-1,
2026-02-09T17:50:00Z,2/9/2026 20:50,2.262,Working,-1,
2026-02-09T18:00:00Z,2/9/2026 21:00,2.259,Working,-1,
2026-02-09T18:10:00Z,2/9/2026 21:10,2.259,Working,-1,
2026-02-09T18:20:00Z,2/9/2026 21:20,2.26,Working,-1,
2026-02-09T18:30:00Z,2/9/2026 21:30,2.261,Working,-1,
2026-02-09T18:40:00Z,2/9/2026 21:40,2.259,Working,-1,
2026-02-09T18:50:00Z,2/9/2026 21:50,2.26,Working,-1,
2026-02-09T19:00:00Z,2/9/2026 22:00,2.259,Working,-1,
2026-02-09T19:10:00Z,2/9/2026 22:10,2.257,Working,-1,
2026-02-09T19:20:00Z,2/9/2026 22:20,2.257,Working,-1,
2026-02-09T19:55:00Z,2/9/2026 22:55,,,,
2026-02-09T20:30:00Z,2/9/2026 23:30,2.257,Working,-1,
2026-02-09T20:40:00Z,2/9/2026 23:40,2.257,Working,-1,
2026-02-09T20:50:00Z,2/9/2026 23:50,2.257,Working,-1,
2026-02-09T21:00:00Z,2/10/2026 0:00,2.257,Working,-1,
2026-02-09T21:10:00Z,2/10/2026 0:10,2.258,Working,-1,
2026-02-09T21:20:00Z,2/10/2026 0:20,2.258,Working,-1,
2026-02-09T22:25:00Z,2/10/2026 1:25,,,,
2026-02-09T23:30:00Z,2/10/2026 2:30,2.257,Working,-1,
2026-02-09T23:40:00Z,2/10/2026 2:40,2.258,Working,-1,
2026-02-09T23:50:00Z,2/10/2026 2:50,2.258,Working,-1,
2026-02-10T00:00:00Z,2/10/2026 3:00,2.258,Working,-1,
2026-02-10T00:10:00Z,2/10/2026 3:10,2.257,Working,-1,
2026-02-10T00:20:00Z,2/10/2026 3:20,2.257,Working,-1,
2026-02-10T02:55:00Z,2/10/2026 5:55,,,,
2026-02-10T05:30:00Z,2/10/2026 8:30,2.257,Working,-1,
2026-02-10T05:40:00Z,2/10/2026 8:40,2.256,Working,-1,
2026-02-10T05:50:00Z,2/10/2026 8:50,2.256,Working,-1,
2026-02-10T06:00:00Z,2/10/2026 9:00,2.255,Working,-1,
2026-02-10T06:10:00Z,2/10/2026 9:10,2.256,Working,-1,
2026-02-10T06:20:00Z,2/10/2026 9:20,2.256,Working,-1,
2026-02-10T08:25:00Z,2/10/2026 11:25,,,,
2026-02-10T10:30:00Z,2/10/2026 13:30,2.259,Working,-1,
2026-02-10T10:40:00Z,2/10/2026 13:40,2.26,Working,-1,
2026-02-10T10:50:00Z,2/10/2026 13:50,2.261,Working,-1,
2026-02-10T11:00:00Z,2/10/2026 14:00,2.26,Working,-1,
2026-02-10T11:10:00Z,2/10/2026 14:10,2.262,Working,-1,
2026-02-10T11:20:00Z,2/10/2026 14:20,2.26,Working,-1,
2026-02-10T11:30:00Z,2/10/2026 14:30,2.26,Working,-1,
2026-02-10T11:40:00Z,2/10/2026 14:40,2.261,Working,-1,
2026-02-10T11:50:00Z,2/10/2026 14:50,2.26,Working,-1,
2026-02-10T12:00:00Z,2/10/2026 15:00,2.262,Working,-1,
2026-02-10T12:10:00Z,2/10/2026 15:10,2.262,Working,-1,
2026-02-10T12:20:00Z,2/10/2026 15:20,2.262,Working,-1,
2026-02-10T12:30:00Z,2/10/2026 15:30,2.263,Working,-1,
2026-02-10T12:40:00Z,2/10/2026 15:40,2.263,Working,-1,
2026-02-10T12:50:00Z,2/10/2026 15:50,2.262,Working,-1,
2026-02-10T13:00:00Z,2/10/2026 16:00,2.264,Working,-1,
2026-02-10T13:10:00Z,2/10/2026 16:10,2.264,Working,-1,
2026-02-10T13:20:00Z,2/10/2026 16:20,2.264,Working,-1,
2026-02-10T14:25:00Z,2/10/2026 17:25,,,,
2026-02-10T15:30:00Z,2/10/2026 18:30,2.266,Working,-1,
2026-02-10T15:40:00Z,2/10/2026 18:40,2.265,Working,-1,
2026-02-10T15:50:00Z,2/10/2026 18:50,2.265,Working,-1,
2026-02-10T16:00:00Z,2/10/2026 19:00,2.265,Working,-1,
2026-02-10T16:10:00Z,2/10/2026 19:10,2.264,Working,-1,
2026-02-10T16:20:00Z,2/10/2026 19:20,2.266,Working,-1,
2026-02-10T16:30:00Z,2/10/2026 19:30,2.266,Working,-1,
2026-02-10T16:40:00Z,2/10/2026 19:40,2.266,Working,-1,
2026-02-10T16:50:00Z,2/10/2026 19:50,2.266,Working,-1,
2026-02-10T17:00:00Z,2/10/2026 20:00,2.268,Working,-1,
2026-02-10T17:10:00Z,2/10/2026 20:10,2.269,Working,-1,
2026-02-10T17:20:00Z,2/10/2026 20:20,2.27,Working,-1,
2026-02-10T18:55:00Z,2/10/2026 21:55,,,,
2026-02-10T20:30:00Z,2/10/2026 23:30,2.338,Working,-1,
2026-02-10T20:40:00Z,2/10/2026 23:40,2.343,Working,-1,
2026-02-10T20:50:00Z,2/10/2026 23:50,2.349,Working,-1,
2026-02-10T21:00:00Z,2/11/2026 0:00,2.357,Working,-1,
2026-02-10T21:10:00Z,2/11/2026 0:10,2.363,Working,-1,
2026-02-10T21:20:00Z,2/11/2026 0:20,2.37,Working,-1,
2026-02-10T21:30:00Z,2/11/2026 0:30,2.376,Working,-1,
2026-02-10T21:40:00Z,2/11/2026 0:40,2.381,Working,-1,
2026-02-10T21:50:00Z,2/11/2026 0:50,2.387,Working,-1,
2026-02-10T22:00:00Z,2/11/2026 1:00,2.392,Working,-1,
2026-02-10T22:10:00Z,2/11/2026 1:10,2.397,Working,-1,
2026-02-10T22:20:00Z,2/11/2026 1:20,2.401,Working,-1,
2026-02-10T22:30:00Z,2/11/2026 1:30,2.406,Working,-1,
2026-02-10T22:40:00Z,2/11/2026 1:40,2.412,Working,-1,
2026-02-10T22:50:00Z,2/11/2026 1:50,2.417,Working,-1,
2026-02-10T23:00:00Z,2/11/2026 2:00,2.422,Working,-1,
2026-02-10T23:10:00Z,2/11/2026 2:10,2.427,Working,-1,
2026-02-10T23:20:00Z,2/11/2026 2:20,2.432,Working,-1,
2026-02-11T01:55:00Z,2/11/2026 4:55,,,,
2026-02-11T04:30:00Z,2/11/2026 7:30,2.479,Working,-1,
2026-02-11T04:40:00Z,2/11/2026 7:40,2.479,Working,-1,
2026-02-11T04:50:00Z,2/11/2026 7:50,2.478,Working,-1,
2026-02-11T05:00:00Z,2/11/2026 8:00,2.479,Working,-1,
2026-02-11T05:10:00Z,2/11/2026 8:10,2.48,Working,-1,
2026-02-11T05:20:00Z,2/11/2026 8:20,2.48,Working,-1,
2026-02-11T06:55:00Z,2/11/2026 9:55,,,,
2026-02-11T08:30:00Z,2/11/2026 11:30,2.49,Working,-1,
2026-02-11T08:40:00Z,2/11/2026 11:40,2.491,Working,-1,
2026-02-11T08:50:00Z,2/11/2026 11:50,2.491,Working,-1,
2026-02-11T09:00:00Z,2/11/2026 12:00,2.49,Working,-1,
2026-02-11T09:10:00Z,2/11/2026 12:10,2.492,Working,-1,
2026-02-11T09:20:00Z,2/11/2026 12:20,2.492,Working,-1,
2026-02-11T09:30:00Z,2/11/2026 12:30,2.495,Working,-1,
2026-02-11T09:40:00Z,2/11/2026 12:40,2.496,Working,-1,
2026-02-11T09:50:00Z,2/11/2026 12:50,2.498,Working,-1,
2026-02-11T10:00:00Z,2/11/2026 13:00,2.501,Working,-1,
2026-02-11T10:10:00Z,2/11/2026 13:10,2.513,Working,-1,
2026-02-11T10:20:00Z,2/11/2026 13:20,2.515,Working,-1,
2026-02-11T10:30:00Z,2/11/2026 13:30,2.518,Working,-1,
2026-02-11T10:40:00Z,2/11/2026 13:40,2.518,Working,-1,
2026-02-11T10:50:00Z,2/11/2026 13:50,2.519,Working,-1,
2026-02-11T11:00:00Z,2/11/2026 14:00,2.52,Working,-1,
2026-02-11T11:10:00Z,2/11/2026 14:10,2.522,Working,-1,
2026-02-11T11:20:00Z,2/11/2026 14:20,2.523,Working,-1,
2026-02-11T12:25:00Z,2/11/2026 15:25,,,,
2026-02-11T13:30:00Z,2/11/2026 16:30,2.521,Working,-1,
2026-02-11T13:40:00Z,2/11/2026 16:40,2.522,Working,-1,
2026-02-11T13:50:00Z,2/11/2026 16:50,2.521,Working,-1,
2026-02-11T14:00:00Z,2/11/2026 17:00,2.518,Working,-1,
2026-02-11T14:10:00Z,2/11/2026 17:10,2.519,Working,-1,
2026-02-11T14:20:00Z,2/11/2026 17:20,2.518,Working,-1,
2026-02-11T14:55:00Z,2/11/2026 17:55,,,,
2026-02-11T15:30:00Z,2/11/2026 18:30,2.51,Working,-1,
2026-02-11T15:40:00Z,2/11/2026 18:40,2.509,Working,-1,
2026-02-11T15:50:00Z,2/11/2026 18:50,2.507,Working,-1,
2026-02-11T16:00:00Z,2/11/2026 19:00,2.506,Working,-1,
2026-02-11T16:10:00Z,2/11/2026 19:10,2.504,Working,-1,
2026-02-11T16:20:00Z,2/11/2026 19:20,2.505,Working,-1,
2026-02-11T17:25:00Z,2/11/2026 20:25,,,,
2026-02-11T18:30:00Z,2/11/2026 21:30,2.483,Working,-1,
2026-02-11T18:40:00Z,2/11/2026 21:40,2.479,Working,-1,
2026-02-11T18:50:00Z,2/11/2026 21:50,2.479,Working,-1,
2026-02-11T19:00:00Z,2/11/2026 22:00,2.477,Working,-1,
2026-02-11T19:10:00Z,2/11/2026 22:10,2.475,Working,-1,
2026-02-11T19:20:00Z,2/11/2026 22:20,2.475,Working,-1,
2026-02-11T19:30:00Z,2/11/2026 22:30,2.472,Working,-1,
2026-02-11T19:40:00Z,2/11/2026 22:40,2.471,Working,-1,
2026-02-11T19:50:00Z,2/11/2026 22:50,2.47,Working,-1,
2026-02-11T20:00:00Z,2/11/2026 23:00,2.469,Working,-1,
2026-02-11T20:10:00Z,2/11/2026 23:10,2.467,Working,-1,
2026-02-11T20:20:00Z,2/11/2026 23:20,2.466,Working,-1,
2026-02-11T20:30:00Z,2/11/2026 23:30,2.465,Working,-1,
2026-02-11T20:40:00Z,2/11/2026 23:40,2.464,Working,-1,
2026-02-11T20:50:00Z,2/11/2026 23:50,2.463,Working,-1,
2026-02-11T21:00:00Z,2/12/2026 0:00,2.463,Working,-1,
2026-02-11T21:10:00Z,2/12/2026 0:10,2.462,Working,-1,
2026-02-11T21:20:00Z,2/12/2026 0:20,2.462,Working,-1,
2026-02-11T23:55:00Z,2/12/2026 2:55,,,,
2026-02-12T02:30:00Z,2/12/2026 5:30,2.525,Working,-1,
2026-02-12T02:40:00Z,2/12/2026 5:40,2.528,Working,-1,
2026-02-12T02:50:00Z,2/12/2026 5:50,2.532,Working,-1,
2026-02-12T03:00:00Z,2/12/2026 6:00,2.535,Working,-1,
2026-02-12T03:10:00Z,2/12/2026 6:10,2.539,Working,-1,
2026-02-12T03:20:00Z,2/12/2026 6:20,2.541,Working,-1,
2026-02-12T03:55:00Z,2/12/2026 6:55,,,,
2026-02-12T04:30:00Z,2/12/2026 7:30,2.556,Working,-1,
2026-02-12T04:40:00Z,2/12/2026 7:40,2.558,Working,-1,
2026-02-12T04:50:00Z,2/12/2026 7:50,2.558,Working,-1,
2026-02-12T05:00:00Z,2/12/2026 8:00,2.55,Working,-1,
2026-02-12T05:10:00Z,2/12/2026 8:10,2.551,Working,-1,
2026-02-12T05:20:00Z,2/12/2026 8:20,2.551,Working,-1,
2026-02-12T05:55:00Z,2/12/2026 8:55,,,,
2026-02-12T06:30:00Z,2/12/2026 9:30,2.549,Working,-1,
2026-02-12T06:40:00Z,2/12/2026 9:40,2.548,Working,-1,
2026-02-12T06:50:00Z,2/12/2026 9:50,2.549,Working,-1,
2026-02-12T07:00:00Z,2/12/2026 10:00,2.546,Working,-1,
2026-02-12T07:10:00Z,2/12/2026 10:10,2.548,Working,-1,
2026-02-12T07:20:00Z,2/12/2026 10:20,2.545,Working,-1,
2026-02-12T07:30:00Z,2/12/2026 10:30,2.545,Working,-1,
2026-02-12T07:40:00Z,2/12/2026 10:40,2.543,Working,-1,
2026-02-12T07:50:00Z,2/12/2026 10:50,2.541,Working,-1,
2026-02-12T08:00:00Z,2/12/2026 11:00,2.54,Working,-1,
2026-02-12T08:10:00Z,2/12/2026 11:10,2.539,Working,-1,
2026-02-12T08:20:00Z,2/12/2026 11:20,2.537,Working,-1,
2026-02-12T08:30:00Z,2/12/2026 11:30,2.536,Working,-1,
2026-02-12T08:40:00Z,2/12/2026 11:40,2.534,Working,-1,
2026-02-12T08:50:00Z,2/12/2026 11:50,2.533,Working,-1,
2026-02-12T09:00:00Z,2/12/2026 12:00,2.533,Working,-1,
2026-02-12T09:10:00Z,2/12/2026 12:10,2.529,Working,-1,
2026-02-12T09:20:00Z,2/12/2026 12:20,2.529,Working,-1,
2026-02-12T10:25:00Z,2/12/2026 13:25,,,,
2026-02-12T11:30:00Z,2/12/2026 14:30,2.504,Working,-1,
2026-02-12T11:40:00Z,2/12/2026 14:40,2.501,Working,-1,
2026-02-12T11:50:00Z,2/12/2026 14:50,2.501,Working,-1,
2026-02-12T12:00:00Z,2/12/2026 15:00,2.498,Working,-1,
2026-02-12T12:10:00Z,2/12/2026 15:10,2.495,Working,-1,
2026-02-12T12:20:00Z,2/12/2026 15:20,2.494,Working,-1,
2026-02-12T13:25:00Z,2/12/2026 16:25,,,,
2026-02-12T14:30:00Z,2/12/2026 17:30,2.465,Working,-1,
2026-02-12T14:40:00Z,2/12/2026 17:40,2.465,Working,-1,
2026-02-12T14:50:00Z,2/12/2026 17:50,2.462,Working,-1,
2026-02-12T15:00:00Z,2/12/2026 18:00,2.46,Working,-1,
2026-02-12T15:10:00Z,2/12/2026 18:10,2.458,Working,-1,
2026-02-12T15:20:00Z,2/12/2026 18:20,2.457,Working,-1,
2026-02-12T15:30:00Z,2/12/2026 18:30,2.454,Working,-1,
2026-02-12T15:40:00Z,2/12/2026 18:40,2.453,Working,-1,
2026-02-12T15:50:00Z,2/12/2026 18:50,2.451,Working,-1,
2026-02-12T16:00:00Z,2/12/2026 19:00,2.45,Working,-1,
2026-02-12T16:10:00Z,2/12/2026 19:10,2.448,Working,-1,
2026-02-12T16:20:00Z,2/12/2026 19:20,2.446,Working,-1,
2026-02-12T16:55:00Z,2/12/2026 19:55,,,,
2026-02-12T17:30:00Z,2/12/2026 20:30,2.435,Working,-1,
2026-02-12T17:40:00Z,2/12/2026 20:40,2.433,Working,-1,
2026-02-12T17:50:00Z,2/12/2026 20:50,2.431,Working,-1,
2026-02-12T18:00:00Z,2/12/2026 21:00,2.43,Working,-1,
2026-02-12T18:10:00Z,2/12/2026 21:10,2.429,Working,-1,
2026-02-12T18:20:00Z,2/12/2026 21:20,2.427,Working,-1,
2026-02-12T18:30:00Z,2/12/2026 21:30,2.426,Working,-1,
2026-02-12T18:40:00Z,2/12/2026 21:40,2.425,Working,-1,
2026-02-12T18:50:00Z,2/12/2026 21:50,2.424,Working,-1,
2026-02-12T19:00:00Z,2/12/2026 22:00,2.424,Working,-1,
2026-02-12T19:10:00Z,2/12/2026 22:10,2.423,Working,-1,
2026-02-12T19:20:00Z,2/12/2026 22:20,2.42,Working,-1,
2026-02-12T20:25:00Z,2/12/2026 23:25,,,,
2026-02-12T21:30:00Z,2/13/2026 0:30,2.406,Working,-1,
2026-02-12T21:40:00Z,2/13/2026 0:40,2.404,Working,-1,
2026-02-12T21:50:00Z,2/13/2026 0:50,2.403,Working,-1,
2026-02-12T22:00:00Z,2/13/2026 1:00,2.401,Working,-1,
2026-02-12T22:10:00Z,2/13/2026 1:10,2.4,Working,-1,
2026-02-12T22:20:00Z,2/13/2026 1:20,2.398,Working,-1,
2026-02-12T22:30:00Z,2/13/2026 1:30,2.398,Working,-1,
2026-02-12T22:40:00Z,2/13/2026 1:40,2.396,Working,-1,
2026-02-12T22:50:00Z,2/13/2026 1:50,2.397,Working,-1,
2026-02-12T23:00:00Z,2/13/2026 2:00,2.395,Working,-1,
2026-02-12T23:10:00Z,2/13/2026 2:10,2.393,Working,-1,
2026-02-12T23:20:00Z,2/13/2026 2:20,2.394,Working,-1,
2026-02-12T23:30:00Z,2/13/2026 2:30,2.392,Working,-1,
2026-02-12T23:40:00Z,2/13/2026 2:40,2.391,Working,-1,
2026-02-12T23:50:00Z,2/13/2026 2:50,2.389,Working,-1,
2026-02-13T00:00:00Z,2/13/2026 3:00,2.388,Working,-1,
2026-02-13T00:10:00Z,2/13/2026 3:10,2.387,Working,-1,
2026-02-13T00:20:00Z,2/13/2026 3:20,2.385,Working,-1,
2026-02-13T01:25:00Z,2/13/2026 4:25,,,,
2026-02-13T02:30:00Z,2/13/2026 5:30,2.369,Working,-1,
2026-02-13T02:40:00Z,2/13/2026 5:40,2.369,Working,-1,
2026-02-13T02:50:00Z,2/13/2026 5:50,2.367,Working,-1,
2026-02-13T03:00:00Z,2/13/2026 6:00,2.366,Working,-1,
2026-02-13T03:10:00Z,2/13/2026 6:10,2.365,Working,-1,
2026-02-13T03:20:00Z,2/13/2026 6:20,2.362,Working,-1,
2026-02-13T03:55:00Z,2/13/2026 6:55,,,,
2026-02-13T04:30:00Z,2/13/2026 7:30,2.355,Working,-1,
2026-02-13T04:40:00Z,2/13/2026 7:40,2.354,Working,-1,
2026-02-13T04:50:00Z,2/13/2026 7:50,2.352,Working,-1,
2026-02-13T05:00:00Z,2/13/2026 8:00,2.351,Working,-1,
2026-02-13T05:10:00Z,2/13/2026 8:10,2.35,Working,-1,
2026-02-13T05:20:00Z,2/13/2026 8:20,2.349,Working,-1,
2026-02-13T05:55:00Z,2/13/2026 8:55,,,,
2026-02-13T06:30:00Z,2/13/2026 9:30,2.341,Working,-1,
2026-02-13T06:40:00Z,2/13/2026 9:40,2.339,Working,-1,
2026-02-13T06:50:00Z,2/13/2026 9:50,2.339,Working,-1,
2026-02-13T07:00:00Z,2/13/2026 10:00,2.337,Working,-1,
2026-02-13T07:10:00Z,2/13/2026 10:10,2.335,Working,-1,
2026-02-13T07:20:00Z,2/13/2026 10:20,2.335,Working,-1,
2026-02-13T07:30:00Z,2/13/2026 10:30,2.334,Working,-1,
2026-02-13T07:40:00Z,2/13/2026 10:40,2.334,Working,-1,
2026-02-13T07:50:00Z,2/13/2026 10:50,2.331,Working,-1,
2026-02-13T08:00:00Z,2/13/2026 11:00,2.329,Working,-1,
2026-02-13T08:10:00Z,2/13/2026 11:10,2.33,Working,-1,
2026-02-13T08:20:00Z,2/13/2026 11:20,2.329,Working,-1,
2026-02-13T08:55:00Z,2/13/2026 11:55,,,,
2026-02-13T09:30:00Z,2/13/2026 12:30,2.322,Working,-1,
2026-02-13T09:40:00Z,2/13/2026 12:40,2.321,Working,-1,
2026-02-13T09:50:00Z,2/13/2026 12:50,2.321,Working,-1,
2026-02-13T10:00:00Z,2/13/2026 13:00,2.321,Working,-1,
2026-02-13T10:10:00Z,2/13/2026 13:10,2.319,Working,-1,
2026-02-13T10:20:00Z,2/13/2026 13:20,2.318,Working,-1,
2026-02-13T11:25:00Z,2/13/2026 14:25,,,,
2026-02-13T12:30:00Z,2/13/2026 15:30,2.306,Working,-1,
2026-02-13T12:40:00Z,2/13/2026 15:40,2.306,Working,-1,
2026-02-13T12:50:00Z,2/13/2026 15:50,2.304,Working,-1,
2026-02-13T13:00:00Z,2/13/2026 16:00,2.303,Working,-1,
2026-02-13T13:10:00Z,2/13/2026 16:10,2.302,Working,-1,
2026-02-13T13:20:00Z,2/13/2026 16:20,2.303,Working,-1,
2026-02-13T14:25:00Z,2/13/2026 17:25,,,,
2026-02-13T15:30:00Z,2/13/2026 18:30,2.296,Working,-1,
2026-02-13T15:40:00Z,2/13/2026 18:40,2.294,Working,-1,
2026-02-13T15:50:00Z,2/13/2026 18:50,2.3,Working,-1,
2026-02-13T16:00:00Z,2/13/2026 19:00,2.304,Working,-1,
2026-02-13T16:10:00Z,2/13/2026 19:10,2.305,Working,-1,
2026-02-13T16:20:00Z,2/13/2026 19:20,2.305,Working,-1,
2026-02-13T16:30:00Z,2/13/2026 19:30,2.306,Working,-1,
2026-02-13T16:40:00Z,2/13/2026 19:40,2.305,Working,-1,
2026-02-13T16:50:00Z,2/13/2026 19:50,2.305,Working,-1,
2026-02-13T17:00:00Z,2/13/2026 20:00,2.304,Working,-1,
2026-02-13T17:10:00Z,2/13/2026 20:10,2.305,Working,-1,
2026-02-13T17:20:00Z,2/13/2026 20:20,2.303,Working,-1,
2026-02-13T18:25:00Z,2/13/2026 21:25,,,,
2026-02-13T19:30:00Z,2/13/2026 22:30,2.295,Working,-1,
2026-02-13T19:40:00Z,2/13/2026 22:40,2.295,Working,-1,
2026-02-13T19:50:00Z,2/13/2026 22:50,2.295,Working,-1,
2026-02-13T20:00:00Z,2/13/2026 23:00,2.294,Working,-1,
2026-02-13T20:10:00Z,2/13/2026 23:10,2.295,Working,-1,
2026-02-13T20:20:00Z,2/13/2026 23:20,2.293,Working,-1,
2026-02-13T20:55:00Z,2/13/2026 23:55,,,,
2026-02-13T21:30:00Z,2/14/2026 0:30,2.292,Working,-1,
2026-02-13T21:40:00Z,2/14/2026 0:40,2.293,Working,-1,
2026-02-13T21:50:00Z,2/14/2026 0:50,2.291,Working,-1,
2026-02-13T22:00:00Z,2/14/2026 1:00,2.292,Working,-1,
2026-02-13T22:10:00Z,2/14/2026 1:10,2.292,Working,-1,
2026-02-13T22:20:00Z,2/14/2026 1:20,2.292,Working,-1,
2026-02-13T22:30:00Z,2/14/2026 1:30,2.29,Working,-1,
2026-02-13T22:40:00Z,2/14/2026 1:40,2.291,Working,-1,
2026-02-13T22:50:00Z,2/14/2026 1:50,2.291,Working,-1,
2026-02-13T23:00:00Z,2/14/2026 2:00,2.29,Working,-1,
2026-02-13T23:10:00Z,2/14/2026 2:10,2.291,Working,-1,
2026-02-13T23:20:00Z,2/14/2026 2:20,2.29,Working,-1,
2026-02-13T23:30:00Z,2/14/2026 2:30,2.29,Working,-1,
2026-02-13T23:40:00Z,2/14/2026 2:40,2.291,Working,-1,
2026-02-13T23:50:00Z,2/14/2026 2:50,2.291,Working,-1,
2026-02-14T00:00:00Z,2/14/2026 3:00,2.29,Working,-1,
2026-02-14T00:10:00Z,2/14/2026 3:10,2.291,Working,-1,
2026-02-14T00:20:00Z,2/14/2026 3:20,2.291,Working,-1,
2026-02-14T00:30:00Z,2/14/2026 3:30,2.291,Working,-1,
2026-02-14T00:40:00Z,2/14/2026 3:40,2.289,Working,-1,
2026-02-14T00:50:00Z,2/14/2026 3:50,2.29,Working,-1,
2026-02-14T01:00:00Z,2/14/2026 4:00,2.291,Working,-1,
2026-02-14T01:10:00Z,2/14/2026 4:10,2.29,Working,-1,
2026-02-14T01:20:00Z,2/14/2026 4:20,2.29,Working,-1,
2026-02-14T01:30:00Z,2/14/2026 4:30,2.291,Working,-1,
2026-02-14T01:40:00Z,2/14/2026 4:40,2.291,Working,-1,
2026-02-14T01:50:00Z,2/14/2026 4:50,2.29,Working,-1,
2026-02-14T02:00:00Z,2/14/2026 5:00,2.291,Working,-1,
2026-02-14T02:10:00Z,2/14/2026 5:10,2.291,Working,-1,
2026-02-14T02:20:00Z,2/14/2026 5:20,2.291,Working,-1,
2026-02-14T02:30:00Z,2/14/2026 5:30,2.29,Working,-1,
2026-02-14T02:40:00Z,2/14/2026 5:40,2.289,Working,-1,
2026-02-14T02:50:00Z,2/14/2026 5:50,2.29,Working,-1,
2026-02-14T03:00:00Z,2/14/2026 6:00,2.288,Working,-1,
2026-02-14T03:10:00Z,2/14/2026 6:10,2.289,Working,-1,
2026-02-14T03:20:00Z,2/14/2026 6:20,2.289,Working,-1,
2026-02-14T04:25:00Z,2/14/2026 7:25,,,,
2026-02-14T05:30:00Z,2/14/2026 8:30,2.287,Working,-1,
2026-02-14T05:40:00Z,2/14/2026 8:40,2.286,Working,-1,
2026-02-14T05:50:00Z,2/14/2026 8:50,2.286,Working,-1,
2026-02-14T06:00:00Z,2/14/2026 9:00,2.285,Working,-1,
2026-02-14T06:10:00Z,2/14/2026 9:10,2.286,Working,-1,
2026-02-14T06:20:00Z,2/14/2026 9:20,2.286,Working,-1,
2026-02-14T06:30:00Z,2/14/2026 9:30,2.287,Working,-1,
2026-02-14T06:40:00Z,2/14/2026 9:40,2.286,Working,-1,
2026-02-14T06:50:00Z,2/14/2026 9:50,2.287,Working,-1,
2026-02-14T07:00:00Z,2/14/2026 10:00,2.287,Working,-1,
2026-02-14T07:10:00Z,2/14/2026 10:10,2.286,Working,-1,
2026-02-14T07:20:00Z,2/14/2026 10:20,2.287,Working,-1,
2026-02-14T07:30:00Z,2/14/2026 10:30,2.285,Working,-1,
2026-02-14T07:40:00Z,2/14/2026 10:40,2.286,Working,-1,
2026-02-14T07:50:00Z,2/14/2026 10:50,2.287,Working,-1,
2026-02-14T08:00:00Z,2/14/2026 11:00,2.287,Working,-1,
2026-02-14T08:10:00Z,2/14/2026 11:10,2.288,Working,-1,
2026-02-14T08:20:00Z,2/14/2026 11:20,2.287,Working,-1,
2026-02-14T09:25:00Z,2/14/2026 12:25,,,,
2026-02-14T10:30:00Z,2/14/2026 13:30,2.285,Working,-1,
2026-02-14T10:40:00Z,2/14/2026 13:40,2.284,Working,-1,
2026-02-14T10:50:00Z,2/14/2026 13:50,2.284,Working,-1,
2026-02-14T11:00:00Z,2/14/2026 14:00,2.284,Working,-1,
2026-02-14T11:10:00Z,2/14/2026 14:10,2.283,Working,-1,
2026-02-14T11:20:00Z,2/14/2026 14:20,2.284,Working,-1,
2026-02-14T11:30:00Z,2/14/2026 14:30,2.284,Working,-1,
2026-02-14T11:40:00Z,2/14/2026 14:40,2.284,Working,-1,
2026-02-14T11:50:00Z,2/14/2026 14:50,2.283,Working,-1,
2026-02-14T12:00:00Z,2/14/2026 15:00,2.282,Working,-1,
2026-02-14T12:10:00Z,2/14/2026 15:10,2.282,Working,-1,
2026-02-14T12:20:00Z,2/14/2026 15:20,2.281,Working,-1,
2026-02-14T13:55:00Z,2/14/2026 16:55,,,,
2026-02-14T15:30:00Z,2/14/2026 18:30,2.273,Working,-1,
2026-02-14T15:40:00Z,2/14/2026 18:40,2.273,Working,-1,
2026-02-14T15:50:00Z,2/14/2026 18:50,2.274,Working,-1,
2026-02-14T16:00:00Z,2/14/2026 19:00,2.273,Working,-1,
2026-02-14T16:10:00Z,2/14/2026 19:10,2.274,Working,-1,
2026-02-14T16:20:00Z,2/14/2026 19:20,2.271,Working,-1,
2026-02-14T16:30:00Z,2/14/2026 19:30,2.271,Working,-1,
2026-02-14T16:40:00Z,2/14/2026 19:40,2.272,Working,-1,
2026-02-14T16:50:00Z,2/14/2026 19:50,2.27,Working,-1,
2026-02-14T17:00:00Z,2/14/2026 20:00,2.268,Working,-1,
2026-02-14T17:10:00Z,2/14/2026 20:10,2.269,Working,-1,
2026-02-14T17:20:00Z,2/14/2026 20:20,2.268,Working,-1,
2026-02-14T17:30:00Z,2/14/2026 20:30,2.267,Working,-1,
2026-02-14T17:40:00Z,2/14/2026 20:40,2.267,Working,-1,
2026-02-14T17:50:00Z,2/14/2026 20:50,2.264,Working,-1,
2026-02-14T18:00:00Z,2/14/2026 21:00,2.264,Working,-1,
2026-02-14T18:10:00Z,2/14/2026 21:10,2.265,Working,-1,
2026-02-14T18:20:00Z,2/14/2026 21:20,2.263,Working,-1,
2026-02-14T19:55:00Z,2/14/2026 22:55,,,,
2026-02-14T21:30:00Z,2/15/2026 0:30,2.251,Working,-1,
2026-02-14T21:40:00Z,2/15/2026 0:40,2.251,Working,-1,
2026-02-14T21:50:00Z,2/15/2026 0:50,2.251,Working,-1,
2026-02-14T22:00:00Z,2/15/2026 1:00,2.25,Working,-1,
2026-02-14T22:10:00Z,2/15/2026 1:10,2.25,Working,-1,
2026-02-14T22:20:00Z,2/15/2026 1:20,2.249,Working,-1,
2026-02-14T23:55:00Z,2/15/2026 2:55,,,,
2026-02-15T01:30:00Z,2/15/2026 4:30,2.241,Working,-1,
2026-02-15T01:40:00Z,2/15/2026 4:40,2.241,Working,-1,
2026-02-15T01:50:00Z,2/15/2026 4:50,2.241,Working,-1,
2026-02-15T02:00:00Z,2/15/2026 5:00,2.242,Working,-1,
2026-02-15T02:10:00Z,2/15/2026 5:10,2.24,Working,-1,
2026-02-15T02:20:00Z,2/15/2026 5:20,2.241,Working,-1,
2026-02-15T02:30:00Z,2/15/2026 5:30,2.239,Working,-1,
2026-02-15T02:40:00Z,2/15/2026 5:40,2.241,Working,-1,
2026-02-15T02:50:00Z,2/15/2026 5:50,2.24,Working,-1,
2026-02-15T03:00:00Z,2/15/2026 6:00,2.24,Working,-1,
2026-02-15T03:10:00Z,2/15/2026 6:10,2.239,Working,-1,
2026-02-15T03:20:00Z,2/15/2026 6:20,2.24,Working,-1,
2026-02-15T03:30:00Z,2/15/2026 6:30,2.239,Working,-1,
2026-02-15T03:40:00Z,2/15/2026 6:40,2.239,Working,-1,
2026-02-15T03:50:00Z,2/15/2026 6:50,2.239,Working,-1,
2026-02-15T04:00:00Z,2/15/2026 7:00,2.24,Working,-1,
2026-02-15T04:10:00Z,2/15/2026 7:10,2.239,Working,-1,
2026-02-15T04:20:00Z,2/15/2026 7:20,2.239,Working,-1,
2026-02-15T04:30:00Z,2/15/2026 7:30,2.24,Working,-1,
2026-02-15T04:40:00Z,2/15/2026 7:40,2.239,Working,-1,
2026-02-15T04:50:00Z,2/15/2026 7:50,2.24,Working,-1,
2026-02-15T05:00:00Z,2/15/2026 8:00,2.24,Working,-1,
2026-02-15T05:10:00Z,2/15/2026 8:10,2.24,Working,-1,
2026-02-15T05:20:00Z,2/15/2026 8:20,2.239,Working,-1,
2026-02-15T05:30:00Z,2/15/2026 8:30,2.241,Working,-1,
2026-02-15T05:40:00Z,2/15/2026 8:40,2.24,Working,-1,
2026-02-15T05:50:00Z,2/15/2026 8:50,2.244,Working,-1,
2026-02-15T06:00:00Z,2/15/2026 9:00,2.243,Working,-1,
2026-02-15T06:10:00Z,2/15/2026 9:10,2.244,Working,-1,
2026-02-15T06:20:00Z,2/15/2026 9:20,2.244,Working,-1,
2026-02-15T06:55:00Z,2/15/2026 9:55,,,,
2026-02-15T07:30:00Z,2/15/2026 10:30,2.25,Working,-1,
2026-02-15T07:40:00Z,2/15/2026 10:40,2.252,Working,-1,
2026-02-15T07:50:00Z,2/15/2026 10:50,2.252,Working,-1,
2026-02-15T08:00:00Z,2/15/2026 11:00,2.254,Working,-1,
2026-02-15T08:10:00Z,2/15/2026 11:10,2.254,Working,-1,
2026-02-15T08:20:00Z,2/15/2026 11:20,2.256,Working,-1,
2026-02-15T08:30:00Z,2/15/2026 11:30,2.258,Working,-1,
2026-02-15T08:40:00Z,2/15/2026 11:40,2.258,Working,-1,
2026-02-15T08:50:00Z,2/15/2026 11:50,2.259,Working,-1,
2026-02-15T09:00:00Z,2/15/2026 12:00,2.259,Working,-1,
2026-02-15T09:10:00Z,2/15/2026 12:10,2.261,Working,-1,
2026-02-15T09:20:00Z,2/15/2026 12:20,2.263,Working,-1,
2026-02-15T11:55:00Z,2/15/2026 14:55,,,,
2026-02-15T14:30:00Z,2/15/2026 17:30,2.294,Working,-1,
2026-02-15T14:40:00Z,2/15/2026 17:40,2.293,Working,-1,
2026-02-15T14:50:00Z,2/15/2026 17:50,2.295,Working,-1,
2026-02-15T15:00:00Z,2/15/2026 18:00,2.296,Working,-1,
2026-02-15T15:10:00Z,2/15/2026 18:10,2.296,Working,-1,
2026-02-15T15:20:00Z,2/15/2026 18:20,2.298,Working,-1,
2026-02-15T15:30:00Z,2/15/2026 18:30,2.298,Working,-1,
2026-02-15T15:40:00Z,2/15/2026 18:40,2.299,Working,-1,
2026-02-15T15:50:00Z,2/15/2026 18:50,2.3,Working,-1,
2026-02-15T16:00:00Z,2/15/2026 19:00,2.3,Working,-1,
2026-02-15T16:10:00Z,2/15/2026 19:10,2.3,Working,-1,
2026-02-15T16:20:00Z,2/15/2026 19:20,2.301,Working,-1,
2026-02-15T16:55:00Z,2/15/2026 19:55,,,,
2026-02-15T17:30:00Z,2/15/2026 20:30,2.306,Working,-1,
2026-02-15T17:40:00Z,2/15/2026 20:40,2.308,Working,-1,
2026-02-15T17:50:00Z,2/15/2026 20:50,2.309,Working,-1,
2026-02-15T18:00:00Z,2/15/2026 21:00,2.309,Working,-1,
2026-02-15T18:10:00Z,2/15/2026 21:10,2.309,Working,-1,
2026-02-15T18:20:00Z,2/15/2026 21:20,2.309,Working,-1,
2026-02-15T18:30:00Z,2/15/2026 21:30,2.311,Working,-1,
2026-02-15T18:40:00Z,2/15/2026 21:40,2.31,Working,-1,
2026-02-15T18:50:00Z,2/15/2026 21:50,2.309,Working,-1,
2026-02-15T19:00:00Z,2/15/2026 22:00,2.31,Working,-1,
2026-02-15T19:10:00Z,2/15/2026 22:10,2.31,Working,-1,
2026-02-15T19:20:00Z,2/15/2026 22:20,2.309,Working,-1,
2026-02-15T19:30:00Z,2/15/2026 22:30,2.307,Working,-1,
2026-02-15T19:40:00Z,2/15/2026 22:40,2.309,Working,-1,
2026-02-15T19:50:00Z,2/15/2026 22:50,2.308,Working,-1,
2026-02-15T20:00:00Z,2/15/2026 23:00,2.307,Working,-1,
2026-02-15T20:10:00Z,2/15/2026 23:10,2.307,Working,-1,
2026-02-15T20:20:00Z,2/15/2026 23:20,2.307,Working,-1,
2026-02-15T20:30:00Z,2/15/2026 23:30,2.307,Working,-1,
2026-02-15T20:40:00Z,2/15/2026 23:40,2.306,Working,-1,
2026-02-15T20:50:00Z,2/15/2026 23:50,2.307,Working,-1,
2026-02-15T21:00:00Z,2/16/2026 0:00,2.306,Working,-1,
2026-02-15T21:10:00Z,2/16/2026 0:10,2.307,Working,-1,
2026-02-15T21:20:00Z,2/16/2026 0:20,2.305,Working,-1,
2026-02-15T22:25:00Z,2/16/2026 1:25,,,,
2026-02-15T23:30:00Z,2/16/2026 2:30,2.306,Working,-1,
2026-02-15T23:40:00Z,2/16/2026 2:40,2.305,Working,-1,
2026-02-15T23:50:00Z,2/16/2026 2:50,2.306,Working,-1,
2026-02-16T00:00:00Z,2/16/2026 3:00,2.306,Working,-1,
2026-02-16T00:10:00Z,2/16/2026 3:10,2.306,Working,-1,
2026-02-16T00:20:00Z,2/16/2026 3:20,2.307,Working,-1,
2026-02-16T00:55:00Z,2/16/2026 3:55,,,,
2026-02-16T01:30:00Z,2/16/2026 4:30,2.31,Working,-1,
2026-02-16T01:40:00Z,2/16/2026 4:40,2.312,Working,-1,
2026-02-16T01:50:00Z,2/16/2026 4:50,2.312,Working,-1,
2026-02-16T02:00:00Z,2/16/2026 5:00,2.311,Working,-1,
2026-02-16T02:10:00Z,2/16/2026 5:10,2.313,Working,-1,
2026-02-16T02:20:00Z,2/16/2026 5:20,2.316,Working,-1,
2026-02-21T03:00:00Z,2/21/2026 6:00,,,,
2026-02-26T03:40:00Z,2/26/2026 6:40,-99999,Working,-1,
2026-02-26T03:50:00Z,2/26/2026 6:50,-99999,Working,-1,
2026-02-26T04:00:00Z,2/26/2026 7:00,-99999,Working,-1,
2026-02-26T04:10:00Z,2/26/2026 7:10,-99999,Working,-1,
2026-02-26T04:20:00Z,2/26/2026 7:20,-99999,Working,-1,
2026-02-26T04:30:00Z,2/26/2026 7:30,-99999,Working,-1,
2026-02-26T04:40:00Z,2/26/2026 7:40,-99999,Working,-1,
2026-02-26T04:50:00Z,2/26/2026 7:50,-99999,Working,-1,
2026-02-26T05:00:00Z,2/26/2026 8:00,-99999,Working,-1,
2026-02-26T05:10:00Z,2/26/2026 8:10,-99999,Working,-1,
2026-02-26T05:20:00Z,2/26/2026 8:20,-99999,Working,-1,
2026-02-26T05:30:00Z,2/26/2026 8:30,-99999,Working,-1,
2026-02-26T05:40:00Z,2/26/2026 8:40,-99999,Working,-1,
2026-02-26T05:50:00Z,2/26/2026 8:50,-99999,Working,-1,
2026-02-26T06:00:00Z,2/26/2026 9:00,-99999,Working,-1,
2026-02-26T06:10:00Z,2/26/2026 9:10,-99999,Working,-1,
2026-02-26T06:20:00Z,2/26/2026 9:20,-99999,Working,-1,
2026-02-26T06:30:00Z,2/26/2026 9:30,-99999,Working,-1,
2026-02-26T06:40:00Z,2/26/2026 9:40,-99999,Working,-1,
2026-02-26T06:50:00Z,2/26/2026 9:50,-99999,Working,-1,
2026-02-26T07:00:00Z,2/26/2026 10:00,-99999,Working,-1,
2026-02-26T07:10:00Z,2/26/2026 10:10,-99999,Working,-1,
2026-02-26T07:20:00Z,2/26/2026 10:20,-99999,Working,-1,
2026-02-26T07:30:00Z,2/26/2026 10:30,-99999,Working,-1,
2026-02-26T07:40:00Z,2/26/2026 10:40,-99999,Working,-1,
2026-02-26T07:50:00Z,2/26/2026 10:50,-99999,Working,-1,
2026-02-26T08:00:00Z,2/26/2026 11:00,-99999,Working,-1,
2026-02-26T08:10:00Z,2/26/2026 11:10,-99999,Working,-1,
2026-02-26T08:20:00Z,2/26/2026 11:20,-99999,Working,-1,
2026-02-26T08:30:00Z,2/26/2026 11:30,-99999,Working,-1,
2026-02-26T08:40:00Z,2/26/2026 11:40,-99999,Working,-1,
2026-02-26T08:50:00Z,2/26/2026 11:50,-99999,Working,-1,
2026-02-26T09:00:00Z,2/26/2026 12:00,-99999,Working,-1,
2026-02-26T09:10:00Z,2/26/2026 12:10,-99999,Working,-1,
2026-02-26T09:20:00Z,2/26/2026 12:20,-99999,Working,-1,
2026-02-26T09:30:00Z,2/26/2026 12:30,-99999,Working,-1,
2026-02-26T09:40:00Z,2/26/2026 12:40,-99999,Working,-1,
2026-02-26T09:50:00Z,2/26/2026 12:50,-99999,Working,-1,
2026-02-26T10:00:00Z,2/26/2026 13:00,-99999,Working,-1,
2026-02-26T10:10:00Z,2/26/2026 13:10,-99999,Working,-1,
2026-02-26T10:20:00Z,2/26/2026 13:20,-99999,Working,-1,
2026-02-26T10:30:00Z,2/26/2026 13:30,-99999,Working,-1,
2026-02-26T10:40:00Z,2/26/2026 13:40,-99999,Working,-1,
2026-02-26T10:50:00Z,2/26/2026 13:50,-99999,Working,-1,
2026-02-26T11:00:00Z,2/26/2026 14:00,-99999,Working,-1,
2026-02-26T11:10:00Z,2/26/2026 14:10,-99999,Working,-1,
2026-02-26T11:20:00Z,2/26/2026 14:20,-99999,Working,-1,
2026-02-26T11:30:00Z,2/26/2026 14:30,-99999,Working,-1,
2026-02-26T11:40:00Z,2/26/2026 14:40,-99999,Working,-1,
2026-02-26T11:50:00Z,2/26/2026 14:50,-99999,Working,-1,
2026-02-26T12:00:00Z,2/26/2026 15:00,-99999,Working,-1,
2026-02-26T12:10:00Z,2/26/2026 15:10,-99999,Working,-1,
2026-02-26T12:20:00Z,2/26/2026 15:20,-99999,Working,-1,
2026-02-26T12:30:00Z,2/26/2026 15:30,-99999,Working,-1,
2026-02-26T12:40:00Z,2/26/2026 15:40,-99999,Working,-1,
2026-02-26T12:50:00Z,2/26/2026 15:50,-99999,Working,-1,
2026-02-26T13:00:00Z,2/26/2026 16:00,-99999,Working,-1,
2026-02-26T13:10:00Z,2/26/2026 16:10,-99999,Working,-1,
2026-02-26T13:20:00Z,2/26/2026 16:20,-99999,Working,-1,
2026-02-26T13:30:00Z,2/26/2026 16:30,-99999,Working,-1,
2026-02-26T13:40:00Z,2/26/2026 16:40,-99999,Working,-1,
2026-02-26T13:50:00Z,2/26/2026 16:50,-99999,Working,-1,
2026-02-26T14:00:00Z,2/26/2026 17:00,-99999,Working,-1,
2026-02-26T14:10:00Z,2/26/2026 17:10,-99999,Working,-1,
2026-02-26T14:20:00Z,2/26/2026 17:20,-99999,Working,-1,
2026-02-26T14:30:00Z,2/26/2026 17:30,-99999,Working,-1,
2026-02-26T14:40:00Z,2/26/2026 17:40,-99999,Working,-1,
2026-02-26T14:50:00Z,2/26/2026 17:50,-99999,Working,-1,
2026-02-26T15:00:00Z,2/26/2026 18:00,-99999,Working,-1,
2026-02-26T15:10:00Z,2/26/2026 18:10,-99999,Working,-1,
2026-02-26T15:20:00Z,2/26/2026 18:20,-99999,Working,-1,
2026-02-26T15:30:00Z,2/26/2026 18:30,-99999,Working,-1,
2026-02-26T15:40:00Z,2/26/2026 18:40,-99999,Working,-1,
2026-02-26T15:50:00Z,2/26/2026 18:50,-99999,Working,-1,
2026-02-26T16:00:00Z,2/26/2026 19:00,-99999,Working,-1,
2026-02-26T16:10:00Z,2/26/2026 19:10,-99999,Working,-1,
2026-02-26T16:20:00Z,2/26/2026 19:20,-99999,Working,-1,
2026-02-26T16:30:00Z,2/26/2026 19:30,-99999,Working,-1,
2026-02-26T16:40:00Z,2/26/2026 19:40,-99999,Working,-1,
2026-02-26T16:50:00Z,2/26/2026 19:50,-99999,Working,-1,
2026-02-26T17:00:00Z,2/26/2026 20:00,-99999,Working,-1,
2026-02-26T17:10:00Z,2/26/2026 20:10,-99999,Working,-1,
2026-02-26T17:20:00Z,2/26/2026 20:20,-99999,Working,-1,
2026-02-26T17:30:00Z,2/26/2026 20:30,-99999,Working,-1,
2026-02-26T17:40:00Z,2/26/2026 20:40,-99999,Working,-1,
2026-02-26T17:50:00Z,2/26/2026 20:50,-99999,Working,-1,
2026-02-26T18:00:00Z,2/26/2026 21:00,-99999,Working,-1,
2026-02-26T18:10:00Z,2/26/2026 21:10,-99999,Working,-1,
2026-02-26T18:20:00Z,2/26/2026 21:20,-99999,Working,-1,
2026-02-26T18:30:00Z,2/26/2026 21:30,-99999,Working,-1,
2026-02-26T18:40:00Z,2/26/2026 21:40,-99999,Working,-1,
2026-02-26T18:50:00Z,2/26/2026 21:50,-99999,Working,-1,
2026-02-26T19:00:00Z,2/26/2026 22:00,-99999,Working,-1,
2026-02-26T19:10:00Z,2/26/2026 22:10,-99999,Working,-1,
2026-02-26T19:20:00Z,2/26/2026 22:20,-99999,Working,-1,
2026-02-26T19:30:00Z,2/26/2026 22:30,-99999,Working,-1,
2026-02-26T19:40:00Z,2/26/2026 22:40,-99999,Working,-1,
2026-02-26T19:50:00Z,2/26/2026 22:50,-99999,Working,-1,
2026-02-26T20:00:00Z,2/26/2026 23:00,-99999,Working,-1,
2026-02-26T20:10:00Z,2/26/2026 23:10,-99999,Working,-1,
2026-02-26T20:20:00Z,2/26/2026 23:20,-99999,Working,-1,
2026-02-26T20:30:00Z,2/26/2026 23:30,-99999,Working,-1,
2026-02-26T20:40:00Z,2/26/2026 23:40,-99999,Working,-1,
2026-02-26T20:50:00Z,2/26/2026 23:50,-99999,Working,-1,
2026-02-26T21:00:00Z,2/27/2026 0:00,-99999,Working,-1,
2026-02-26T21:10:00Z,2/27/2026 0:10,-99999,Working,-1,
2026-02-26T21:20:00Z,2/27/2026 0:20,-99999,Working,-1,
2026-02-26T21:30:00Z,2/27/2026 0:30,-99999,Working,-1,
2026-02-26T21:40:00Z,2/27/2026 0:40,-99999,Working,-1,
2026-02-26T21:50:00Z,2/27/2026 0:50,-99999,Working,-1,
2026-02-26T22:00:00Z,2/27/2026 1:00,-99999,Working,-1,
2026-02-26T22:10:00Z,2/27/2026 1:10,-99999,Working,-1,
2026-02-26T22:20:00Z,2/27/2026 1:20,-99999,Working,-1,
2026-02-26T22:30:00Z,2/27/2026 1:30,-99999,Working,-1,
2026-02-26T22:40:00Z,2/27/2026 1:40,-99999,Working,-1,
2026-02-26T22:50:00Z,2/27/2026 1:50,-99999,Working,-1,
2026-02-26T23:00:00Z,2/27/2026 2:00,-99999,Working,-1,
2026-02-26T23:10:00Z,2/27/2026 2:10,-99999,Working,-1,
2026-02-26T23:20:00Z,2/27/2026 2:20,-99999,Working,-1,
2026-02-26T23:30:00Z,2/27/2026 2:30,-99999,Working,-1,
2026-02-26T23:40:00Z,2/27/2026 2:40,-99999,Working,-1,
2026-02-26T23:50:00Z,2/27/2026 2:50,-99999,Working,-1,
2026-02-27T00:00:00Z,2/27/2026 3:00,-99999,Working,-1,
2026-02-27T00:10:00Z,2/27/2026 3:10,-99999,Working,-1,
2026-02-27T00:20:00Z,2/27/2026 3:20,-99999,Working,-1,
2026-02-27T00:30:00Z,2/27/2026 3:30,-99999,Working,-1,
2026-02-27T00:40:00Z,2/27/2026 3:40,-99999,Working,-1,
2026-02-27T00:50:00Z,2/27/2026 3:50,-99999,Working,-1,
2026-02-27T01:00:00Z,2/27/2026 4:00,-99999,Working,-1,
2026-02-27T01:10:00Z,2/27/2026 4:10,-99999,Working,-1,
2026-02-27T01:20:00Z,2/27/2026 4:20,-99999,Working,-1,
2026-02-27T01:30:00Z,2/27/2026 4:30,-99999,Working,-1,
2026-02-27T01:40:00Z,2/27/2026 4:40,-99999,Working,-1,
2026-02-27T01:50:00Z,2/27/2026 4:50,-99999,Working,-1,
2026-02-27T02:00:00Z,2/27/2026 5:00,-99999,Working,-1,
2026-02-27T02:10:00Z,2/27/2026 5:10,-99999,Working,-1,
2026-02-27T02:20:00Z,2/27/2026 5:20,-99999,Working,-1,
2026-02-27T02:30:00Z,2/27/2026 5:30,-99999,Working,-1,
2026-02-27T02:40:00Z,2/27/2026 5:40,-99999,Working,-1,
2026-02-27T02:50:00Z,2/27/2026 5:50,-99999,Working,-1,
2026-02-27T03:00:00Z,2/27/2026 6:00,-99999,Working,-1,
2026-02-27T03:10:00Z,2/27/2026 6:10,-99999,Working,-1,
2026-02-27T03:20:00Z,2/27/2026 6:20,-99999,Working,-1,
2026-02-27T03:30:00Z,2/27/2026 6:30,-99999,Working,-1,
2026-02-27T03:40:00Z,2/27/2026 6:40,-99999,Working,-1,
2026-02-27T03:50:00Z,2/27/2026 6:50,-99999,Working,-1,
2026-02-27T04:00:00Z,2/27/2026 7:00,-99999,Working,-1,
2026-02-27T04:10:00Z,2/27/2026 7:10,-99999,Working,-1,
2026-02-27T04:20:00Z,2/27/2026 7:20,-99999,Working,-1,
2026-02-27T04:30:00Z,2/27/2026 7:30,-99999,Working,-1,
2026-02-27T04:40:00Z,2/27/2026 7:40,-99999,Working,-1,
2026-02-27T04:50:00Z,2/27/2026 7:50,-99999,Working,-1,
2026-02-27T05:00:00Z,2/27/2026 8:00,-99999,Working,-1,
2026-02-27T05:10:00Z,2/27/2026 8:10,-99999,Working,-1,
2026-02-27T05:20:00Z,2/27/2026 8:20,-99999,Working,-1,
2026-02-27T05:30:00Z,2/27/2026 8:30,-99999,Working,-1,
2026-02-27T05:40:00Z,2/27/2026 8:40,-99999,Working,-1,
2026-02-27T05:50:00Z,2/27/2026 8:50,-99999,Working,-1,
2026-02-27T06:00:00Z,2/27/2026 9:00,-99999,Working,-1,
2026-02-27T06:10:00Z,2/27/2026 9:10,-99999,Working,-1,
2026-02-27T06:20:00Z,2/27/2026 9:20,-99999,Working,-1,
2026-02-27T06:30:00Z,2/27/2026 9:30,-99999,Working,-1,
2026-02-27T06:40:00Z,2/27/2026 9:40,-99999,Working,-1,
2026-02-27T06:50:00Z,2/27/2026 9:50,-99999,Working,-1,
2026-02-27T07:00:00Z,2/27/2026 10:00,-99999,Working,-1,
2026-02-27T07:10:00Z,2/27/2026 10:10,-99999,Working,-1,
2026-02-27T07:20:00Z,2/27/2026 10:20,-99999,Working,-1,
2026-02-27T07:30:00Z,2/27/2026 10:30,-99999,Working,-1,
2026-02-27T07:40:00Z,2/27/2026 10:40,-99999,Working,-1,
2026-02-27T07:50:00Z,2/27/2026 10:50,-99999,Working,-1,
2026-02-27T08:00:00Z,2/27/2026 11:00,-99999,Working,-1,
2026-02-27T08:10:00Z,2/27/2026 11:10,-99999,Working,-1,
2026-02-27T08:20:00Z,2/27/2026 11:20,-99999,Working,-1,
2026-02-27T08:30:00Z,2/27/2026 11:30,-99999,Working,-1,
2026-02-27T08:40:00Z,2/27/2026 11:40,-99999,Working,-1,
2026-02-27T08:50:00Z,2/27/2026 11:50,-99999,Working,-1,
2026-02-27T09:00:00Z,2/27/2026 12:00,-99999,Working,-1,
2026-02-27T09:10:00Z,2/27/2026 12:10,-99999,Working,-1,
2026-02-27T09:20:00Z,2/27/2026 12:20,-99999,Working,-1,
2026-02-27T09:30:00Z,2/27/2026 12:30,-99999,Working,-1,
2026-02-27T09:40:00Z,2/27/2026 12:40,-99999,Working,-1,
2026-02-27T09:50:00Z,2/27/2026 12:50,-99999,Working,-1,
2026-02-27T10:00:00Z,2/27/2026 13:00,-99999,Working,-1,
2026-02-27T10:10:00Z,2/27/2026 13:10,-99999,Working,-1,
2026-02-27T10:20:00Z,2/27/2026 13:20,-99999,Working,-1,
2026-02-27T10:30:00Z,2/27/2026 13:30,-99999,Working,-1,
2026-02-27T10:40:00Z,2/27/2026 13:40,-99999,Working,-1,
2026-02-27T10:50:00Z,2/27/2026 13:50,-99999,Working,-1,
2026-02-27T11:00:00Z,2/27/2026 14:00,-99999,Working,-1,
2026-02-27T11:10:00Z,2/27/2026 14:10,-99999,Working,-1,
2026-02-27T11:20:00Z,2/27/2026 14:20,-99999,Working,-1,
2026-02-27T11:30:00Z,2/27/2026 14:30,-99999,Working,-1,
2026-02-27T11:40:00Z,2/27/2026 14:40,-99999,Working,-1,
2026-02-27T11:50:00Z,2/27/2026 14:50,-99999,Working,-1,
2026-02-27T12:00:00Z,2/27/2026 15:00,-99999,Working,-1,
2026-02-27T12:10:00Z,2/27/2026 15:10,-99999,Working,-1,
2026-02-27T12:20:00Z,2/27/2026 15:20,-99999,Working,-1,
2026-02-27T12:30:00Z,2/27/2026 15:30,-99999,Working,-1,
2026-02-27T12:40:00Z,2/27/2026 15:40,-99999,Working,-1,
2026-02-27T12:50:00Z,2/27/2026 15:50,-99999,Working,-1,
2026-02-27T13:00:00Z,2/27/2026 16:00,-99999,Working,-1,
2026-02-27T13:10:00Z,2/27/2026 16:10,-99999,Working,-1,
2026-02-27T13:20:00Z,2/27/2026 16:20,-99999,Working,-1,
2026-02-27T13:30:00Z,2/27/2026 16:30,-99999,Working,-1,
2026-02-27T13:40:00Z,2/27/2026 16:40,-99999,Working,-1,
2026-02-27T13:50:00Z,2/27/2026 16:50,-99999,Working,-1,
2026-02-27T14:00:00Z,2/27/2026 17:00,-99999,Working,-1,
2026-02-27T14:10:00Z,2/27/2026 17:10,-99999,Working,-1,
2026-02-27T14:20:00Z,2/27/2026 17:20,-99999,Working,-1,
2026-02-27T14:30:00Z,2/27/2026 17:30,-99999,Working,-1,
2026-02-27T14:40:00Z,2/27/2026 17:40,-99999,Working,-1,
2026-02-27T14:50:00Z,2/27/2026 17:50,-99999,Working,-1,
2026-02-27T15:00:00Z,2/27/2026 18:00,-99999,Working,-1,
2026-02-27T15:10:00Z,2/27/2026 18:10,-99999,Working,-1,
2026-02-27T15:20:00Z,2/27/2026 18:20,-99999,Working,-1,
2026-02-27T15:30:00Z,2/27/2026 18:30,-99999,Working,-1,
2026-02-27T15:40:00Z,2/27/2026 18:40,-99999,Working,-1,
2026-02-27T15:50:00Z,2/27/2026 18:50,-99999,Working,-1,
2026-02-27T16:00:00Z,2/27/2026 19:00,-99999,Working,-1,
2026-02-27T16:10:00Z,2/27/2026 19:10,-99999,Working,-1,
2026-02-27T16:20:00Z,2/27/2026 19:20,-99999,Working,-1,
2026-02-27T16:30:00Z,2/27/2026 19:30,-99999,Working,-1,
2026-02-27T16:40:00Z,2/27/2026 19:40,-99999,Working,-1,
2026-02-27T16:50:00Z,2/27/2026 19:50,-99999,Working,-1,
2026-02-27T17:00:00Z,2/27/2026 20:00,-99999,Working,-1,
2026-02-27T17:10:00Z,2/27/2026 20:10,-99999,Working,-1,
2026-02-27T17:20:00Z,2/27/2026 20:20,-99999,Working,-1,
2026-02-27T17:30:00Z,2/27/2026 20:30,-99999,Working,-1,
2026-02-27T17:40:00Z,2/27/2026 20:40,-99999,Working,-1,
2026-02-27T17:50:00Z,2/27/2026 20:50,-99999,Working,-1,
2026-02-27T18:00:00Z,2/27/2026 21:00,-99999,Working,-1,
2026-02-27T18:10:00Z,2/27/2026 21:10,-99999,Working,-1,
2026-02-27T18:20:00Z,2/27/2026 21:20,-99999,Working,-1,
2026-02-27T18:30:00Z,2/27/2026 21:30,-99999,Working,-1,
2026-02-27T18:40:00Z,2/27/2026 21:40,-99999,Working,-1,
2026-02-27T18:50:00Z,2/27/2026 21:50,-99999,Working,-1,
2026-02-27T19:00:00Z,2/27/2026 22:00,-99999,Working,-1,
2026-02-27T19:10:00Z,2/27/2026 22:10,-99999,Working,-1,
2026-02-27T19:20:00Z,2/27/2026 22:20,-99999,Working,-1,
2026-02-27T19:30:00Z,2/27/2026 22:30,-99999,Working,-1,
2026-02-27T19:40:00Z,2/27/2026 22:40,-99999,Working,-1,
2026-02-27T19:50:00Z,2/27/2026 22:50,-99999,Working,-1,
2026-02-27T20:00:00Z,2/27/2026 23:00,-99999,Working,-1,
2026-02-27T20:10:00Z,2/27/2026 23:10,-99999,Working,-1,
2026-02-27T20:20:00Z,2/27/2026 23:20,-99999,Working,-1,
2026-02-27T20:30:00Z,2/27/2026 23:30,-99999,Working,-1,
2026-02-27T20:40:00Z,2/27/2026 23:40,-99999,Working,-1,
2026-02-27T20:50:00Z,2/27/2026 23:50,-99999,Working,-1,
