Location name : Kanzenze,,
Location type : Hydrology Station,,
Identifier : 259501,,
Latitude : -2.0613,Longitude : 30.0877,SRID : 4326
,,
Parameter : Stage,,
Parameter : m,,
,,
Timestamp,Value,
2026-01-01T00:00:00.0000000+02:00,2.387,
2026-01-01T00:10:00.0000000+02:00,2.392,
2026-01-01T00:20:00.0000000+02:00,2.392,
2026-01-01T00:30:00.0000000+02:00,2.395,
2026-01-01T00:40:00.0000000+02:00,2.389,
2026-01-01T00:50:00.0000000+02:00,2.386,
2026-01-01T01:00:00.0000000+02:00,2.385,
2026-01-01T01:10:00.0000000+02:00,2.382,
2026-01-01T01:20:00.0000000+02:00,2.384,
2026-01-01T01:30:00.0000000+02:00,2.385,
2026-01-01T01:40:00.0000000+02:00,2.377,
2026-01-01T01:50:00.0000000+02:00,2.377,
2026-01-01T02:00:00.0000000+02:00,2.374,
2026-01-01T02:10:00.0000000+02:00,2.374,
2026-01-01T02:20:00.0000000+02:00,2.37,
2026-01-01T02:30:00.0000000+02:00,2.366,
2026-01-01T02:40:00.0000000+02:00,2.368,
2026-01-01T02:50:00.0000000+02:00,2.365,
2026-01-01T03:00:00.0000000+02:00,2.359,
2026-01-01T03:10:00.0000000+02:00,2.36,
2026-01-01T03:20:00.0000000+02:00,2.359,
2026-01-01T03:30:00.0000000+02:00,2.364,
2026-01-01T03:40:00.0000000+02:00,2.362,
2026-01-01T03:50:00.0000000+02:00,2.352,
2026-01-01T04:00:00.0000000+02:00,2.349,
2026-01-01T04:10:00.0000000+02:00,2.35,
2026-01-01T04:20:00.0000000+02:00,2.35,
2026-01-01T04:30:00.0000000+02:00,2.342,
2026-01-01T04:40:00.0000000+02:00,2.344,
2026-01-01T04:50:00.0000000+02:00,2.344,
2026-01-01T05:00:00.0000000+02:00,2.344,
2026-01-01T05:10:00.0000000+02:00,2.342,
2026-01-01T05:20:00.0000000+02:00,2.335,
2026-01-01T05:30:00.0000000+02:00,2.334,
2026-01-01T05:40:00.0000000+02:00,2.332,
2026-01-01T05:50:00.0000000+02:00,2.331,
2026-01-01T06:00:00.0000000+02:00,2.328,
2026-01-01T06:10:00.0000000+02:00,2.322,
2026-01-01T06:20:00.0000000+02:00,2.322,
2026-01-01T06:30:00.0000000+02:00,2.319,
2026-01-01T06:40:00.0000000+02:00,2.313,
2026-01-01T06:50:00.0000000+02:00,2.316,
2026-01-01T07:00:00.0000000+02:00,2.309,
2026-01-01T07:10:00.0000000+02:00,2.308,
2026-01-01T07:20:00.0000000+02:00,2.308,
2026-01-01T07:30:00.0000000+02:00,2.301,
2026-01-01T07:40:00.0000000+02:00,2.305,
2026-01-01T07:50:00.0000000+02:00,2.293,
2026-01-01T08:00:00.0000000+02:00,2.294,
2026-01-01T08:10:00.0000000+02:00,2.294,
2026-01-01T08:20:00.0000000+02:00,2.29,
2026-01-01T08:30:00.0000000+02:00,2.29,
2026-01-01T08:40:00.0000000+02:00,2.286,
2026-01-01T08:50:00.0000000+02:00,2.281,
2026-01-01T09:00:00.0000000+02:00,2.282,
2026-01-01T09:10:00.0000000+02:00,2.275,
2026-01-01T09:20:00.0000000+02:00,2.274,
2026-01-01T09:30:00.0000000+02:00,2.274,
2026-01-01T09:40:00.0000000+02:00,2.27,
2026-01-01T09:50:00.0000000+02:00,2.267,
2026-01-01T10:00:00.0000000+02:00,2.262,
2026-01-01T10:10:00.0000000+02:00,2.266,
2026-01-01T10:20:00.0000000+02:00,2.264,
2026-01-01T10:30:00.0000000+02:00,2.258,
2026-01-01T10:40:00.0000000+02:00,2.263,
2026-01-01T10:50:00.0000000+02:00,2.261,
2026-01-01T11:00:00.0000000+02:00,2.259,
2026-01-01T11:10:00.0000000+02:00,2.255,
2026-01-01T11:20:00.0000000+02:00,2.255,
2026-01-01T11:30:00.0000000+02:00,2.254,
2026-01-01T11:40:00.0000000+02:00,2.246,
2026-01-01T11:50:00.0000000+02:00,2.243,
2026-01-01T12:00:00.0000000+02:00,2.24,
2026-01-01T12:10:00.0000000+02:00,2.239,
2026-01-01T12:20:00.0000000+02:00,2.222,
2026-01-01T12:30:00.0000000+02:00,2.225,
2026-01-01T12:40:00.0000000+02:00,2.224,
2026-01-01T12:50:00.0000000+02:00,2.207,
2026-01-01T13:00:00.0000000+02:00,2.227,
2026-01-01T13:10:00.0000000+02:00,2.234,
2026-01-01T13:20:00.0000000+02:00,2.234,
2026-01-01T13:30:00.0000000+02:00,2.231,
2026-01-01T13:40:00.0000000+02:00,2.229,
2026-01-01T13:50:00.0000000+02:00,2.226,
2026-01-01T14:00:00.0000000+02:00,2.217,
2026-01-01T14:10:00.0000000+02:00,2.221,
2026-01-01T14:20:00.0000000+02:00,2.214,
2026-01-01T14:30:00.0000000+02:00,2.204,
2026-01-01T14:40:00.0000000+02:00,2.213,
2026-01-01T14:50:00.0000000+02:00,2.199,
2026-01-01T15:00:00.0000000+02:00,2.203,
2026-01-01T15:10:00.0000000+02:00,2.192,
2026-01-01T15:20:00.0000000+02:00,2.186,
2026-01-01T15:30:00.0000000+02:00,2.192,
2026-01-01T15:40:00.0000000+02:00,2.185,
2026-01-01T15:50:00.0000000+02:00,2.176,
2026-01-01T16:00:00.0000000+02:00,2.176,
2026-01-01T16:10:00.0000000+02:00,2.181,
2026-01-01T16:20:00.0000000+02:00,2.189,
2026-01-01T16:30:00.0000000+02:00,2.201,
2026-01-01T16:40:00.0000000+02:00,2.184,
2026-01-01T16:50:00.0000000+02:00,2.193,
2026-01-01T17:00:00.0000000+02:00,2.182,
2026-01-01T17:10:00.0000000+02:00,2.177,
2026-01-01T17:20:00.0000000+02:00,2.192,
2026-01-01T17:30:00.0000000+02:00,2.2,
2026-01-01T17:40:00.0000000+02:00,2.189,
2026-01-01T17:50:00.0000000+02:00,2.188,
2026-01-01T18:00:00.0000000+02:00,2.193,
2026-01-01T18:10:00.0000000+02:00,2.196,
2026-01-01T18:20:00.0000000+02:00,2.195,
2026-01-01T18:30:00.0000000+02:00,2.197,
2026-01-01T18:40:00.0000000+02:00,2.189,
2026-01-01T18:50:00.0000000+02:00,2.193,
2026-01-01T19:00:00.0000000+02:00,2.194,
2026-01-01T19:10:00.0000000+02:00,2.184,
2026-01-01T19:20:00.0000000+02:00,2.188,
2026-01-01T19:30:00.0000000+02:00,2.187,
2026-01-01T19:40:00.0000000+02:00,2.185,
2026-01-01T19:50:00.0000000+02:00,2.186,
2026-01-01T20:00:00.0000000+02:00,2.185,
2026-01-01T20:10:00.0000000+02:00,2.187,
2026-01-01T20:20:00.0000000+02:00,2.189,
2026-01-01T20:30:00.0000000+02:00,2.182,
2026-01-01T20:40:00.0000000+02:00,2.184,
2026-01-01T20:50:00.0000000+02:00,2.189,
2026-01-01T21:00:00.0000000+02:00,2.188,
2026-01-01T21:10:00.0000000+02:00,2.186,
2026-01-01T21:20:00.0000000+02:00,2.19,
2026-01-01T21:30:00.0000000+02:00,2.184,
2026-01-01T21:40:00.0000000+02:00,2.184,
2026-01-01T21:50:00.0000000+02:00,2.182,
2026-01-01T22:00:00.0000000+02:00,2.186,
2026-01-01T22:10:00.0000000+02:00,2.184,
2026-01-01T22:20:00.0000000+02:00,2.186,
2026-01-01T22:30:00.0000000+02:00,2.185,
2026-01-01T22:40:00.0000000+02:00,2.182,
2026-01-01T22:50:00.0000000+02:00,2.185,
2026-01-01T23:00:00.0000000+02:00,2.183,
2026-01-01T23:10:00.0000000+02:00,2.186,
2026-01-01T23:20:00.0000000+02:00,2.187,
2026-01-01T23:30:00.0000000+02:00,2.184,
2026-01-01T23:40:00.0000000+02:00,2.189,
2026-01-01T23:50:00.0000000+02:00,2.189,
2026-01-02T00:00:00.0000000+02:00,2.186,
2026-01-02T00:10:00.0000000+02:00,2.187,
2026-01-02T00:20:00.0000000+02:00,2.182,
2026-01-02T00:30:00.0000000+02:00,2.188,
2026-01-02T00:40:00.0000000+02:00,2.188,
2026-01-02T00:50:00.0000000+02:00,2.183,
2026-01-02T01:00:00.0000000+02:00,2.182,
2026-01-02T01:10:00.0000000+02:00,2.187,
2026-01-02T01:20:00.0000000+02:00,2.182,
2026-01-02T01:30:00.0000000+02:00,2.185,
2026-01-02T01:40:00.0000000+02:00,2.187,
2026-01-02T01:50:00.0000000+02:00,2.184,
2026-01-02T02:00:00.0000000+02:00,2.187,
2026-01-02T02:10:00.0000000+02:00,2.181,
2026-01-02T02:20:00.0000000+02:00,2.183,
2026-01-02T02:30:00.0000000+02:00,2.18,
2026-01-02T02:40:00.0000000+02:00,2.175,
2026-01-02T02:50:00.0000000+02:00,2.181,
2026-01-02T03:00:00.0000000+02:00,2.181,
2026-01-02T03:10:00.0000000+02:00,2.178,
2026-01-02T03:20:00.0000000+02:00,2.176,
2026-01-02T03:30:00.0000000+02:00,2.18,
2026-01-02T03:40:00.0000000+02:00,2.18,
2026-01-02T03:50:00.0000000+02:00,2.178,
2026-01-02T04:00:00.0000000+02:00,2.178,
2026-01-02T04:10:00.0000000+02:00,2.18,
2026-01-02T04:20:00.0000000+02:00,2.179,
2026-01-02T04:30:00.0000000+02:00,2.172,
2026-01-02T04:40:00.0000000+02:00,2.176,
2026-01-02T04:50:00.0000000+02:00,2.181,
2026-01-02T05:00:00.0000000+02:00,2.175,
2026-01-02T05:10:00.0000000+02:00,2.175,
2026-01-02T05:20:00.0000000+02:00,2.177,
2026-01-02T05:30:00.0000000+02:00,2.176,
2026-01-02T05:40:00.0000000+02:00,2.177,
2026-01-02T05:50:00.0000000+02:00,2.172,
2026-01-02T06:00:00.0000000+02:00,2.176,
2026-01-02T06:10:00.0000000+02:00,2.177,
2026-01-02T06:20:00.0000000+02:00,2.174,
2026-01-02T06:30:00.0000000+02:00,2.172,
2026-01-02T06:40:00.0000000+02:00,2.173,
2026-01-02T06:50:00.0000000+02:00,2.174,
2026-01-02T07:00:00.0000000+02:00,2.168,
2026-01-02T07:10:00.0000000+02:00,2.167,
2026-01-02T07:20:00.0000000+02:00,2.172,
2026-01-02T07:30:00.0000000+02:00,2.165,
2026-01-02T07:40:00.0000000+02:00,2.166,
2026-01-02T07:50:00.0000000+02:00,2.154,
2026-01-02T08:00:00.0000000+02:00,2.16,
2026-01-02T08:10:00.0000000+02:00,2.147,
2026-01-02T08:20:00.0000000+02:00,2.163,
2026-01-02T08:30:00.0000000+02:00,2.165,
2026-01-02T08:40:00.0000000+02:00,2.165,
2026-01-02T08:50:00.0000000+02:00,2.164,
2026-01-02T09:00:00.0000000+02:00,2.161,
2026-01-02T09:10:00.0000000+02:00,2.165,
2026-01-02T09:20:00.0000000+02:00,2.152,
2026-01-02T09:30:00.0000000+02:00,2.156,
2026-01-02T09:40:00.0000000+02:00,2.16,
2026-01-02T09:50:00.0000000+02:00,2.159,
2026-01-02T10:00:00.0000000+02:00,2.158,
2026-01-02T10:10:00.0000000+02:00,2.156,
2026-01-02T10:20:00.0000000+02:00,2.157,
2026-01-02T10:30:00.0000000+02:00,2.156,
2026-01-02T10:40:00.0000000+02:00,2.144,
2026-01-02T10:50:00.0000000+02:00,2.152,
2026-01-02T11:00:00.0000000+02:00,2.159,
2026-01-02T11:10:00.0000000+02:00,2.151,
2026-01-02T11:20:00.0000000+02:00,2.146,
2026-01-02T11:30:00.0000000+02:00,2.149,
2026-01-02T11:40:00.0000000+02:00,2.149,
2026-01-02T11:50:00.0000000+02:00,2.138,
2026-01-02T12:00:00.0000000+02:00,2.141,
2026-01-02T12:10:00.0000000+02:00,2.139,
2026-01-02T12:20:00.0000000+02:00,2.143,
2026-01-02T12:30:00.0000000+02:00,2.129,
2026-01-02T12:40:00.0000000+02:00,2.133,
2026-01-02T12:50:00.0000000+02:00,2.122,
2026-01-02T13:00:00.0000000+02:00,2.122,
2026-01-02T13:10:00.0000000+02:00,2.115,
2026-01-02T13:20:00.0000000+02:00,2.119,
2026-01-02T13:30:00.0000000+02:00,2.099,
2026-01-02T13:40:00.0000000+02:00,2.102,
2026-01-02T13:50:00.0000000+02:00,2.115,
2026-01-02T14:00:00.0000000+02:00,2.122,
2026-01-02T14:10:00.0000000+02:00,2.116,
2026-01-02T14:20:00.0000000+02:00,2.12,
2026-01-02T14:30:00.0000000+02:00,2.108,
2026-01-02T14:40:00.0000000+02:00,2.119,
2026-01-02T14:50:00.0000000+02:00,2.109,
2026-01-02T15:00:00.0000000+02:00,2.1,
2026-01-02T15:10:00.0000000+02:00,2.103,
2026-01-02T15:20:00.0000000+02:00,2.11,
2026-01-02T15:30:00.0000000+02:00,2.111,
2026-01-02T15:40:00.0000000+02:00,2.113,
2026-01-02T15:50:00.0000000+02:00,2.093,
2026-01-02T16:00:00.0000000+02:00,2.114,
2026-01-02T16:10:00.0000000+02:00,2.111,
2026-01-02T16:20:00.0000000+02:00,2.089,
2026-01-02T16:30:00.0000000+02:00,2.111,
2026-01-02T16:40:00.0000000+02:00,2.112,
2026-01-02T16:50:00.0000000+02:00,2.113,
2026-01-02T17:00:00.0000000+02:00,2.108,
2026-01-02T17:10:00.0000000+02:00,2.11,
2026-01-02T17:20:00.0000000+02:00,2.112,
2026-01-02T17:30:00.0000000+02:00,2.11,
2026-01-02T17:40:00.0000000+02:00,2.105,
2026-01-02T17:50:00.0000000+02:00,2.103,
2026-01-02T18:00:00.0000000+02:00,2.102,
2026-01-02T18:10:00.0000000+02:00,2.103,
2026-01-02T18:20:00.0000000+02:00,2.104,
2026-01-02T18:30:00.0000000+02:00,2.103,
2026-01-02T18:40:00.0000000+02:00,2.098,
2026-01-02T18:50:00.0000000+02:00,2.095,
2026-01-02T19:00:00.0000000+02:00,2.09,
2026-01-02T19:10:00.0000000+02:00,2.091,
2026-01-02T19:20:00.0000000+02:00,2.091,
2026-01-02T19:30:00.0000000+02:00,2.09,
2026-01-02T19:40:00.0000000+02:00,2.093,
2026-01-02T19:50:00.0000000+02:00,2.09,
2026-01-02T20:00:00.0000000+02:00,2.088,
2026-01-02T20:10:00.0000000+02:00,2.087,
2026-01-02T20:20:00.0000000+02:00,2.088,
2026-01-02T20:30:00.0000000+02:00,2.088,
2026-01-02T20:40:00.0000000+02:00,2.084,
2026-01-02T20:50:00.0000000+02:00,2.085,
2026-01-02T21:00:00.0000000+02:00,2.084,
2026-01-02T21:10:00.0000000+02:00,2.081,
2026-01-02T21:20:00.0000000+02:00,2.084,
2026-01-02T21:30:00.0000000+02:00,2.084,
2026-01-02T21:40:00.0000000+02:00,2.083,
2026-01-02T21:50:00.0000000+02:00,2.078,
2026-01-02T22:00:00.0000000+02:00,2.08,
2026-01-02T22:10:00.0000000+02:00,2.08,
2026-01-02T22:20:00.0000000+02:00,2.083,
2026-01-02T22:30:00.0000000+02:00,2.084,
2026-01-02T22:40:00.0000000+02:00,2.079,
2026-01-02T22:50:00.0000000+02:00,2.079,
2026-01-02T23:00:00.0000000+02:00,2.083,
2026-01-02T23:10:00.0000000+02:00,2.08,
2026-01-02T23:20:00.0000000+02:00,2.079,
2026-01-02T23:30:00.0000000+02:00,2.084,
2026-01-02T23:40:00.0000000+02:00,2.083,
2026-01-02T23:50:00.0000000+02:00,2.084,
2026-01-03T00:00:00.0000000+02:00,2.084,
2026-01-03T00:10:00.0000000+02:00,2.087,
2026-01-03T00:20:00.0000000+02:00,2.078,
2026-01-03T00:30:00.0000000+02:00,2.087,
2026-01-03T00:40:00.0000000+02:00,2.084,
2026-01-03T00:50:00.0000000+02:00,2.085,
2026-01-03T01:00:00.0000000+02:00,2.084,
2026-01-03T01:10:00.0000000+02:00,2.084,
2026-01-03T01:20:00.0000000+02:00,2.088,
2026-01-03T01:30:00.0000000+02:00,2.087,
2026-01-03T01:40:00.0000000+02:00,2.091,
2026-01-03T01:50:00.0000000+02:00,2.086,
2026-01-03T02:00:00.0000000+02:00,2.088,
2026-01-03T02:10:00.0000000+02:00,2.088,
2026-01-03T02:20:00.0000000+02:00,2.085,
2026-01-03T02:30:00.0000000+02:00,2.087,
2026-01-03T02:40:00.0000000+02:00,2.087,
2026-01-03T02:50:00.0000000+02:00,2.086,
2026-01-03T03:00:00.0000000+02:00,2.092,
2026-01-03T03:10:00.0000000+02:00,2.086,
2026-01-03T03:20:00.0000000+02:00,2.089,
2026-01-03T03:30:00.0000000+02:00,2.088,
2026-01-03T03:40:00.0000000+02:00,2.088,
2026-01-03T03:50:00.0000000+02:00,2.09,
2026-01-03T04:00:00.0000000+02:00,2.087,
2026-01-03T04:10:00.0000000+02:00,2.087,
2026-01-03T04:20:00.0000000+02:00,2.083,
2026-01-03T04:30:00.0000000+02:00,2.085,
2026-01-03T04:40:00.0000000+02:00,2.089,
2026-01-03T04:50:00.0000000+02:00,2.085,
2026-01-03T05:00:00.0000000+02:00,2.085,
2026-01-03T05:10:00.0000000+02:00,2.088,
2026-01-03T05:20:00.0000000+02:00,2.088,
2026-01-03T05:30:00.0000000+02:00,2.086,
2026-01-03T05:40:00.0000000+02:00,2.08,
2026-01-03T05:50:00.0000000+02:00,2.08,
2026-01-03T06:00:00.0000000+02:00,2.085,
2026-01-03T06:10:00.0000000+02:00,2.087,
2026-01-03T06:20:00.0000000+02:00,2.087,
2026-01-03T06:30:00.0000000+02:00,2.08,
2026-01-03T06:40:00.0000000+02:00,2.087,
2026-01-03T06:50:00.0000000+02:00,2.086,
2026-01-03T07:00:00.0000000+02:00,2.09,
2026-01-03T07:10:00.0000000+02:00,2.083,
2026-01-03T07:20:00.0000000+02:00,2.079,
2026-01-03T07:30:00.0000000+02:00,2.081,
2026-01-03T07:40:00.0000000+02:00,2.081,
2026-01-03T07:50:00.0000000+02:00,2.072,
2026-01-03T08:00:00.0000000+02:00,2.085,
2026-01-03T08:10:00.0000000+02:00,2.074,
2026-01-03T08:20:00.0000000+02:00,2.071,
2026-01-03T08:30:00.0000000+02:00,2.072,
2026-01-03T08:40:00.0000000+02:00,2.07,
2026-01-03T08:50:00.0000000+02:00,2.069,
2026-01-03T09:00:00.0000000+02:00,2.068,
2026-01-03T09:10:00.0000000+02:00,2.068,
2026-01-03T09:20:00.0000000+02:00,2.067,
2026-01-03T09:30:00.0000000+02:00,2.059,
2026-01-03T09:40:00.0000000+02:00,2.055,
2026-01-03T09:50:00.0000000+02:00,2.047,
2026-01-03T10:00:00.0000000+02:00,2.048,
2026-01-03T10:10:00.0000000+02:00,2.05,
2026-01-03T10:20:00.0000000+02:00,2.041,
2026-01-03T10:30:00.0000000+02:00,2.037,
2026-01-03T10:40:00.0000000+02:00,2.044,
2026-01-03T10:50:00.0000000+02:00,2.027,
2026-01-03T11:00:00.0000000+02:00,2.04,
2026-01-03T11:10:00.0000000+02:00,2.012,
2026-01-03T11:20:00.0000000+02:00,2.016,
2026-01-03T11:30:00.0000000+02:00,2.027,
2026-01-03T11:40:00.0000000+02:00,1.998,
2026-01-03T11:50:00.0000000+02:00,2.005,
2026-01-03T12:00:00.0000000+02:00,1.993,
2026-01-03T12:10:00.0000000+02:00,2.011,
2026-01-03T12:20:00.0000000+02:00,1.99,
2026-01-03T12:30:00.0000000+02:00,2.016,
2026-01-03T12:40:00.0000000+02:00,2.016,
2026-01-03T12:50:00.0000000+02:00,2.003,
2026-01-03T13:00:00.0000000+02:00,2.014,
2026-01-03T13:10:00.0000000+02:00,2.007,
2026-01-03T13:20:00.0000000+02:00,2.011,
2026-01-03T13:30:00.0000000+02:00,2.012,
2026-01-03T13:40:00.0000000+02:00,2.002,
2026-01-03T13:50:00.0000000+02:00,1.991,
2026-01-03T14:00:00.0000000+02:00,1.989,
2026-01-03T14:10:00.0000000+02:00,1.996,
2026-01-03T14:20:00.0000000+02:00,1.978,
2026-01-03T14:30:00.0000000+02:00,1.988,
2026-01-03T14:40:00.0000000+02:00,1.993,
2026-01-03T14:50:00.0000000+02:00,1.992,
2026-01-03T15:00:00.0000000+02:00,1.99,
2026-01-03T15:10:00.0000000+02:00,1.99,
2026-01-03T15:20:00.0000000+02:00,1.989,
2026-01-03T15:30:00.0000000+02:00,1.976,
2026-01-03T15:40:00.0000000+02:00,1.978,
2026-01-03T15:50:00.0000000+02:00,1.975,
2026-01-03T16:00:00.0000000+02:00,1.977,
2026-01-03T16:10:00.0000000+02:00,1.976,
2026-01-03T16:20:00.0000000+02:00,1.976,
2026-01-03T16:30:00.0000000+02:00,1.978,
2026-01-03T16:40:00.0000000+02:00,1.973,
2026-01-03T16:50:00.0000000+02:00,1.943,
2026-01-03T17:00:00.0000000+02:00,1.938,
2026-01-03T17:10:00.0000000+02:00,1.962,
2026-01-03T17:20:00.0000000+02:00,1.964,
2026-01-03T17:30:00.0000000+02:00,1.962,
2026-01-03T17:40:00.0000000+02:00,1.964,
2026-01-03T17:50:00.0000000+02:00,1.958,
2026-01-03T18:00:00.0000000+02:00,1.965,
2026-01-03T18:10:00.0000000+02:00,1.962,
2026-01-03T18:20:00.0000000+02:00,1.961,
2026-01-03T18:30:00.0000000+02:00,1.959,
2026-01-03T18:40:00.0000000+02:00,1.958,
2026-01-03T18:50:00.0000000+02:00,1.954,
2026-01-03T19:00:00.0000000+02:00,1.958,
2026-01-03T19:10:00.0000000+02:00,1.949,
2026-01-03T19:20:00.0000000+02:00,1.949,
2026-01-03T19:30:00.0000000+02:00,1.951,
2026-01-03T19:40:00.0000000+02:00,1.953,
2026-01-03T19:50:00.0000000+02:00,1.955,
2026-01-03T20:00:00.0000000+02:00,1.953,
2026-01-03T20:10:00.0000000+02:00,1.955,
2026-01-03T20:20:00.0000000+02:00,1.957,
2026-01-03T20:30:00.0000000+02:00,1.951,
2026-01-03T20:40:00.0000000+02:00,1.956,
2026-01-03T20:50:00.0000000+02:00,1.952,
2026-01-03T21:00:00.0000000+02:00,1.953,
2026-01-03T21:10:00.0000000+02:00,1.959,
2026-01-03T21:20:00.0000000+02:00,1.954,
2026-01-03T21:30:00.0000000+02:00,1.959,
2026-01-03T21:40:00.0000000+02:00,1.957,
2026-01-03T21:50:00.0000000+02:00,1.952,
2026-01-03T22:00:00.0000000+02:00,1.952,
2026-01-03T22:10:00.0000000+02:00,1.956,
2026-01-03T22:20:00.0000000+02:00,1.953,
2026-01-03T22:30:00.0000000+02:00,1.955,
2026-01-03T22:40:00.0000000+02:00,1.954,
2026-01-03T22:50:00.0000000+02:00,1.958,
2026-01-03T23:00:00.0000000+02:00,1.959,
2026-01-03T23:10:00.0000000+02:00,1.96,
2026-01-03T23:20:00.0000000+02:00,1.962,
2026-01-03T23:30:00.0000000+02:00,1.961,
2026-01-03T23:40:00.0000000+02:00,1.961,
2026-01-03T23:50:00.0000000+02:00,1.953,
2026-01-04T00:00:00.0000000+02:00,1.961,
2026-01-04T00:10:00.0000000+02:00,1.966,
2026-01-04T00:20:00.0000000+02:00,1.965,
2026-01-04T00:30:00.0000000+02:00,1.968,
2026-01-04T00:40:00.0000000+02:00,1.967,
2026-01-04T00:50:00.0000000+02:00,1.964,
2026-01-04T01:00:00.0000000+02:00,1.968,
2026-01-04T01:10:00.0000000+02:00,1.968,
2026-01-04T01:20:00.0000000+02:00,1.963,
2026-01-04T01:30:00.0000000+02:00,1.969,
2026-01-04T01:40:00.0000000+02:00,1.968,
2026-01-04T01:50:00.0000000+02:00,1.975,
2026-01-04T02:00:00.0000000+02:00,1.978,
2026-01-04T02:10:00.0000000+02:00,1.971,
2026-01-04T02:20:00.0000000+02:00,1.977,
2026-01-04T02:30:00.0000000+02:00,1.971,
2026-01-04T02:40:00.0000000+02:00,1.972,
2026-01-04T02:50:00.0000000+02:00,1.978,
2026-01-04T03:00:00.0000000+02:00,1.98,
2026-01-04T03:10:00.0000000+02:00,1.978,
2026-01-04T03:20:00.0000000+02:00,1.984,
2026-01-04T03:30:00.0000000+02:00,1.986,
2026-01-04T03:40:00.0000000+02:00,1.986,
2026-01-04T03:50:00.0000000+02:00,1.986,
2026-01-04T04:00:00.0000000+02:00,1.987,
2026-01-04T04:10:00.0000000+02:00,1.992,
2026-01-04T04:20:00.0000000+02:00,1.988,
2026-01-04T04:30:00.0000000+02:00,1.991,
2026-01-04T04:40:00.0000000+02:00,1.987,
2026-01-04T04:50:00.0000000+02:00,1.992,
2026-01-04T05:00:00.0000000+02:00,1.991,
2026-01-04T05:10:00.0000000+02:00,1.994,
2026-01-04T05:20:00.0000000+02:00,1.995,
2026-01-04T05:30:00.0000000+02:00,1.991,
2026-01-04T05:40:00.0000000+02:00,2,
2026-01-04T05:50:00.0000000+02:00,1.997,
2026-01-04T06:00:00.0000000+02:00,1.999,
2026-01-04T06:10:00.0000000+02:00,2.001,
2026-01-04T06:20:00.0000000+02:00,1.999,
2026-01-04T06:30:00.0000000+02:00,1.995,
2026-01-04T06:40:00.0000000+02:00,2,
2026-01-04T06:50:00.0000000+02:00,1.998,
2026-01-04T07:00:00.0000000+02:00,2.001,
2026-01-04T07:10:00.0000000+02:00,1.997,
2026-01-04T07:20:00.0000000+02:00,1.997,
2026-01-04T07:30:00.0000000+02:00,1.997,
2026-01-04T07:40:00.0000000+02:00,1.994,
2026-01-04T07:50:00.0000000+02:00,1.995,
2026-01-04T08:00:00.0000000+02:00,1.996,
2026-01-04T08:10:00.0000000+02:00,1.991,
2026-01-04T08:20:00.0000000+02:00,1.989,
2026-01-04T08:30:00.0000000+02:00,1.991,
2026-01-04T08:40:00.0000000+02:00,1.995,
2026-01-04T08:50:00.0000000+02:00,1.989,
2026-01-04T09:00:00.0000000+02:00,1.989,
2026-01-04T09:10:00.0000000+02:00,1.988,
2026-01-04T09:20:00.0000000+02:00,1.988,
2026-01-04T09:30:00.0000000+02:00,1.986,
2026-01-04T09:40:00.0000000+02:00,1.988,
2026-01-04T09:50:00.0000000+02:00,1.987,
2026-01-04T10:00:00.0000000+02:00,1.985,
2026-01-04T10:10:00.0000000+02:00,1.986,
2026-01-04T10:20:00.0000000+02:00,1.99,
2026-01-04T10:30:00.0000000+02:00,1.983,
2026-01-04T10:40:00.0000000+02:00,1.975,
2026-01-04T10:50:00.0000000+02:00,1.98,
2026-01-04T11:00:00.0000000+02:00,1.979,
2026-01-04T11:10:00.0000000+02:00,1.97,
2026-01-04T11:20:00.0000000+02:00,1.979,
2026-01-04T11:30:00.0000000+02:00,1.97,
2026-01-04T11:40:00.0000000+02:00,1.979,
2026-01-04T11:50:00.0000000+02:00,1.973,
2026-01-04T12:00:00.0000000+02:00,1.972,
2026-01-04T12:10:00.0000000+02:00,1.969,
2026-01-04T12:20:00.0000000+02:00,1.966,
2026-01-04T12:30:00.0000000+02:00,1.966,
2026-01-04T12:40:00.0000000+02:00,1.97,
2026-01-04T12:50:00.0000000+02:00,1.965,
2026-01-04T13:00:00.0000000+02:00,1.965,
2026-01-04T13:10:00.0000000+02:00,1.966,
2026-01-04T13:20:00.0000000+02:00,1.969,
2026-01-04T13:30:00.0000000+02:00,1.968,
2026-01-04T13:40:00.0000000+02:00,1.961,
2026-01-04T13:50:00.0000000+02:00,1.959,
2026-01-04T14:00:00.0000000+02:00,1.959,
2026-01-04T14:10:00.0000000+02:00,1.938,
2026-01-04T14:20:00.0000000+02:00,1.92,
2026-01-04T14:30:00.0000000+02:00,1.92,
2026-01-04T14:40:00.0000000+02:00,1.942,
2026-01-04T14:50:00.0000000+02:00,1.953,
2026-01-04T15:00:00.0000000+02:00,1.953,
2026-01-04T15:10:00.0000000+02:00,1.938,
2026-01-04T15:20:00.0000000+02:00,1.948,
2026-01-04T15:30:00.0000000+02:00,1.941,
2026-01-04T15:40:00.0000000+02:00,1.941,
2026-01-04T15:50:00.0000000+02:00,1.934,
2026-01-04T16:00:00.0000000+02:00,1.937,
2026-01-04T16:10:00.0000000+02:00,1.931,
2026-01-04T16:20:00.0000000+02:00,1.933,
2026-01-04T16:30:00.0000000+02:00,1.932,
2026-01-04T16:40:00.0000000+02:00,1.926,
2026-01-04T16:50:00.0000000+02:00,1.93,
2026-01-04T17:00:00.0000000+02:00,1.922,
2026-01-04T17:10:00.0000000+02:00,1.92,
2026-01-04T17:20:00.0000000+02:00,1.923,
2026-01-04T17:30:00.0000000+02:00,1.922,
2026-01-04T17:40:00.0000000+02:00,1.917,
2026-01-04T17:50:00.0000000+02:00,1.912,
2026-01-04T18:00:00.0000000+02:00,1.917,
2026-01-04T18:10:00.0000000+02:00,1.895,
2026-01-04T18:20:00.0000000+02:00,1.897,
2026-01-04T18:30:00.0000000+02:00,1.911,
2026-01-04T18:40:00.0000000+02:00,1.914,
2026-01-04T18:50:00.0000000+02:00,1.917,
2026-01-04T19:00:00.0000000+02:00,1.912,
2026-01-04T19:10:00.0000000+02:00,1.911,
2026-01-04T19:20:00.0000000+02:00,1.914,
2026-01-04T19:30:00.0000000+02:00,1.91,
2026-01-04T19:40:00.0000000+02:00,1.906,
2026-01-04T19:50:00.0000000+02:00,1.902,
2026-01-04T20:00:00.0000000+02:00,1.895,
2026-01-04T20:10:00.0000000+02:00,1.906,
2026-01-04T20:20:00.0000000+02:00,1.898,
2026-01-04T20:30:00.0000000+02:00,1.887,
2026-01-04T20:40:00.0000000+02:00,1.901,
2026-01-04T20:50:00.0000000+02:00,1.893,
2026-01-04T21:00:00.0000000+02:00,1.9,
2026-01-04T21:10:00.0000000+02:00,1.888,
2026-01-04T21:20:00.0000000+02:00,1.892,
2026-01-04T21:30:00.0000000+02:00,1.883,
2026-01-04T21:40:00.0000000+02:00,1.894,
2026-01-04T21:50:00.0000000+02:00,1.892,
2026-01-04T22:00:00.0000000+02:00,1.887,
2026-01-04T22:10:00.0000000+02:00,1.896,
2026-01-04T22:20:00.0000000+02:00,1.897,
2026-01-04T22:30:00.0000000+02:00,1.901,
2026-01-04T22:40:00.0000000+02:00,1.9,
2026-01-04T22:50:00.0000000+02:00,1.903,
2026-01-04T23:00:00.0000000+02:00,1.905,
2026-01-04T23:10:00.0000000+02:00,1.894,
2026-01-04T23:20:00.0000000+02:00,1.903,
2026-01-04T23:30:00.0000000+02:00,1.905,
2026-01-04T23:40:00.0000000+02:00,1.9,
2026-01-04T23:50:00.0000000+02:00,1.902,
2026-01-05T00:00:00.0000000+02:00,1.904,
2026-01-05T00:10:00.0000000+02:00,1.878,
2026-01-05T00:20:00.0000000+02:00,1.891,
2026-01-05T00:30:00.0000000+02:00,1.882,
2026-01-05T00:40:00.0000000+02:00,1.904,
2026-01-05T00:50:00.0000000+02:00,1.915,
2026-01-05T01:00:00.0000000+02:00,1.926,
2026-01-05T01:10:00.0000000+02:00,1.92,
2026-01-05T01:20:00.0000000+02:00,1.927,
2026-01-05T01:30:00.0000000+02:00,1.924,
2026-01-05T01:40:00.0000000+02:00,1.928,
2026-01-05T01:50:00.0000000+02:00,1.927,
2026-01-05T02:00:00.0000000+02:00,1.928,
2026-01-05T02:10:00.0000000+02:00,1.93,
2026-01-05T02:20:00.0000000+02:00,1.931,
2026-01-05T02:30:00.0000000+02:00,1.93,
2026-01-05T02:40:00.0000000+02:00,1.935,
2026-01-05T02:50:00.0000000+02:00,1.938,
2026-01-05T03:00:00.0000000+02:00,1.935,
2026-01-05T03:10:00.0000000+02:00,1.937,
2026-01-05T03:20:00.0000000+02:00,1.934,
2026-01-05T03:30:00.0000000+02:00,1.94,
2026-01-05T03:40:00.0000000+02:00,1.942,
2026-01-05T03:50:00.0000000+02:00,1.947,
2026-01-05T04:00:00.0000000+02:00,1.942,
2026-01-05T04:10:00.0000000+02:00,1.951,
2026-01-05T04:20:00.0000000+02:00,1.948,
2026-01-05T04:30:00.0000000+02:00,1.955,
2026-01-05T04:40:00.0000000+02:00,1.956,
2026-01-05T04:50:00.0000000+02:00,1.95,
2026-01-05T05:00:00.0000000+02:00,1.954,
2026-01-05T05:10:00.0000000+02:00,1.96,
2026-01-05T05:20:00.0000000+02:00,1.962,
2026-01-05T05:30:00.0000000+02:00,1.963,
2026-01-05T05:40:00.0000000+02:00,1.969,
2026-01-05T05:50:00.0000000+02:00,1.963,
2026-01-05T06:00:00.0000000+02:00,1.964,
2026-01-05T06:10:00.0000000+02:00,1.969,
2026-01-05T06:20:00.0000000+02:00,1.972,
2026-01-05T06:30:00.0000000+02:00,1.976,
2026-01-05T06:40:00.0000000+02:00,1.975,
2026-01-05T06:50:00.0000000+02:00,1.977,
2026-01-05T07:00:00.0000000+02:00,1.977,
2026-01-05T07:10:00.0000000+02:00,1.978,
2026-01-05T07:20:00.0000000+02:00,1.979,
2026-01-05T07:30:00.0000000+02:00,1.977,
2026-01-05T07:40:00.0000000+02:00,1.983,
2026-01-05T07:50:00.0000000+02:00,1.986,
2026-01-05T08:00:00.0000000+02:00,1.989,
2026-01-05T08:10:00.0000000+02:00,1.989,
2026-01-05T08:20:00.0000000+02:00,1.996,
2026-01-05T08:30:00.0000000+02:00,1.995,
2026-01-05T08:40:00.0000000+02:00,2.006,
2026-01-05T08:50:00.0000000+02:00,2.006,
2026-01-05T09:00:00.0000000+02:00,2.009,
2026-01-05T09:10:00.0000000+02:00,2.009,
2026-01-05T09:20:00.0000000+02:00,2.012,
2026-01-05T09:30:00.0000000+02:00,2.019,
2026-01-05T09:40:00.0000000+02:00,2.021,
2026-01-05T09:50:00.0000000+02:00,2.016,
2026-01-05T10:00:00.0000000+02:00,2.026,
2026-01-05T10:10:00.0000000+02:00,2.022,
2026-01-05T10:20:00.0000000+02:00,2.018,
2026-01-05T10:30:00.0000000+02:00,2.014,
2026-01-05T10:40:00.0000000+02:00,2.025,
2026-01-05T10:50:00.0000000+02:00,2.024,
2026-01-05T11:00:00.0000000+02:00,2.021,
2026-01-05T11:10:00.0000000+02:00,2.027,
2026-01-05T11:20:00.0000000+02:00,2.025,
2026-01-05T11:30:00.0000000+02:00,2.031,
2026-01-05T11:40:00.0000000+02:00,2.023,
2026-01-05T11:50:00.0000000+02:00,2.033,
2026-01-05T12:00:00.0000000+02:00,2.017,
2026-01-05T12:10:00.0000000+02:00,2.033,
2026-01-05T12:20:00.0000000+02:00,2.012,
2026-01-05T12:30:00.0000000+02:00,2.025,
2026-01-05T12:40:00.0000000+02:00,2.028,
2026-01-05T12:50:00.0000000+02:00,2.025,
2026-01-05T13:00:00.0000000+02:00,2.025,
2026-01-05T13:10:00.0000000+02:00,2.036,
2026-01-05T13:20:00.0000000+02:00,2.024,
2026-01-05T13:30:00.0000000+02:00,2.025,
2026-01-05T13:40:00.0000000+02:00,2.037,
2026-01-05T13:50:00.0000000+02:00,2.026,
2026-01-05T14:00:00.0000000+02:00,2.03,
2026-01-05T14:10:00.0000000+02:00,2.034,
2026-01-05T14:20:00.0000000+02:00,2.06,
2026-01-05T14:30:00.0000000+02:00,2.043,
2026-01-05T14:40:00.0000000+02:00,2.035,
2026-01-05T14:50:00.0000000+02:00,2.046,
2026-01-05T15:00:00.0000000+02:00,2.038,
2026-01-05T15:10:00.0000000+02:00,2.05,
2026-01-05T15:20:00.0000000+02:00,2.055,
2026-01-05T15:30:00.0000000+02:00,2.047,
2026-01-05T15:40:00.0000000+02:00,2.045,
2026-01-05T15:50:00.0000000+02:00,2.053,
2026-01-05T16:00:00.0000000+02:00,2.062,
2026-01-05T16:10:00.0000000+02:00,2.068,
2026-01-05T16:20:00.0000000+02:00,2.069,
2026-01-05T16:30:00.0000000+02:00,2.069,
2026-01-05T16:40:00.0000000+02:00,2.075,
2026-01-05T16:50:00.0000000+02:00,2.073,
2026-01-05T17:00:00.0000000+02:00,2.076,
2026-01-05T17:10:00.0000000+02:00,2.081,
2026-01-05T17:20:00.0000000+02:00,2.075,
2026-01-05T17:30:00.0000000+02:00,2.081,
2026-01-05T17:40:00.0000000+02:00,2.084,
2026-01-05T17:50:00.0000000+02:00,2.075,
2026-01-05T18:00:00.0000000+02:00,2.067,
2026-01-05T18:10:00.0000000+02:00,2.084,
2026-01-05T18:20:00.0000000+02:00,2.086,
2026-01-05T18:30:00.0000000+02:00,2.086,
2026-01-05T18:40:00.0000000+02:00,2.083,
2026-01-05T18:50:00.0000000+02:00,2.087,
2026-01-05T19:00:00.0000000+02:00,2.088,
2026-01-05T19:10:00.0000000+02:00,2.09,
2026-01-05T19:20:00.0000000+02:00,2.091,
2026-01-05T19:30:00.0000000+02:00,2.091,
2026-01-05T19:40:00.0000000+02:00,2.071,
2026-01-05T19:50:00.0000000+02:00,2.096,
2026-01-05T20:00:00.0000000+02:00,2.1,
2026-01-05T20:10:00.0000000+02:00,2.102,
2026-01-05T20:20:00.0000000+02:00,2.104,
2026-01-05T20:30:00.0000000+02:00,2.103,
2026-01-05T20:40:00.0000000+02:00,2.102,
2026-01-05T20:50:00.0000000+02:00,2.108,
2026-01-05T21:00:00.0000000+02:00,2.108,
2026-01-05T21:10:00.0000000+02:00,2.108,
2026-01-05T21:20:00.0000000+02:00,2.09,
2026-01-05T21:30:00.0000000+02:00,2.084,
2026-01-05T21:40:00.0000000+02:00,2.097,
2026-01-05T21:50:00.0000000+02:00,2.078,
2026-01-05T22:00:00.0000000+02:00,2.108,
2026-01-05T22:10:00.0000000+02:00,2.118,
2026-01-05T22:20:00.0000000+02:00,2.119,
2026-01-05T22:30:00.0000000+02:00,2.12,
2026-01-05T22:40:00.0000000+02:00,2.123,
2026-01-05T22:50:00.0000000+02:00,2.125,
2026-01-05T23:00:00.0000000+02:00,2.132,
2026-01-05T23:10:00.0000000+02:00,2.114,
2026-01-05T23:20:00.0000000+02:00,2.129,
2026-01-05T23:30:00.0000000+02:00,2.137,
2026-01-05T23:40:00.0000000+02:00,2.137,
2026-01-05T23:50:00.0000000+02:00,2.129,
2026-01-06T00:00:00.0000000+02:00,2.136,
2026-01-06T00:10:00.0000000+02:00,2.137,
2026-01-06T00:20:00.0000000+02:00,2.141,
2026-01-06T00:30:00.0000000+02:00,2.143,
2026-01-06T00:40:00.0000000+02:00,2.141,
2026-01-06T00:50:00.0000000+02:00,2.144,
2026-01-06T01:00:00.0000000+02:00,2.141,
2026-01-06T01:10:00.0000000+02:00,2.144,
2026-01-06T01:20:00.0000000+02:00,2.145,
2026-01-06T01:30:00.0000000+02:00,2.145,
2026-01-06T01:40:00.0000000+02:00,2.147,
2026-01-06T01:50:00.0000000+02:00,2.147,
2026-01-06T02:00:00.0000000+02:00,2.151,
2026-01-06T02:10:00.0000000+02:00,2.149,
2026-01-06T02:20:00.0000000+02:00,2.149,
2026-01-06T02:30:00.0000000+02:00,2.148,
2026-01-06T02:40:00.0000000+02:00,2.151,
2026-01-06T02:50:00.0000000+02:00,2.154,
2026-01-06T03:00:00.0000000+02:00,2.153,
2026-01-06T03:10:00.0000000+02:00,2.152,
2026-01-06T03:20:00.0000000+02:00,2.156,
2026-01-06T03:30:00.0000000+02:00,2.154,
2026-01-06T03:40:00.0000000+02:00,2.151,
2026-01-06T03:50:00.0000000+02:00,2.159,
2026-01-06T04:00:00.0000000+02:00,2.162,
2026-01-06T04:10:00.0000000+02:00,2.163,
2026-01-06T04:20:00.0000000+02:00,2.167,
2026-01-06T04:30:00.0000000+02:00,2.161,
2026-01-06T04:40:00.0000000+02:00,2.159,
2026-01-06T04:50:00.0000000+02:00,2.161,
2026-01-06T05:00:00.0000000+02:00,2.167,
2026-01-06T05:10:00.0000000+02:00,2.162,
2026-01-06T05:20:00.0000000+02:00,2.164,
2026-01-06T05:30:00.0000000+02:00,2.163,
2026-01-06T05:40:00.0000000+02:00,2.164,
2026-01-06T05:50:00.0000000+02:00,2.16,
2026-01-06T06:00:00.0000000+02:00,2.164,
2026-01-06T06:10:00.0000000+02:00,2.166,
2026-01-06T06:20:00.0000000+02:00,2.165,
2026-01-06T06:30:00.0000000+02:00,2.169,
2026-01-06T06:40:00.0000000+02:00,2.167,
2026-01-06T06:50:00.0000000+02:00,2.164,
2026-01-06T07:00:00.0000000+02:00,2.165,
2026-01-06T07:10:00.0000000+02:00,2.169,
2026-01-06T07:20:00.0000000+02:00,2.167,
2026-01-06T07:30:00.0000000+02:00,2.167,
2026-01-06T07:40:00.0000000+02:00,2.16,
2026-01-06T07:50:00.0000000+02:00,2.163,
2026-01-06T08:00:00.0000000+02:00,2.16,
2026-01-06T08:10:00.0000000+02:00,2.162,
2026-01-06T08:20:00.0000000+02:00,2.149,
2026-01-06T08:30:00.0000000+02:00,2.154,
2026-01-06T08:40:00.0000000+02:00,2.159,
2026-01-06T08:50:00.0000000+02:00,2.158,
2026-01-06T09:00:00.0000000+02:00,2.16,
2026-01-06T09:10:00.0000000+02:00,2.154,
2026-01-06T09:20:00.0000000+02:00,2.151,
2026-01-06T09:30:00.0000000+02:00,2.151,
2026-01-06T09:40:00.0000000+02:00,2.148,
2026-01-06T09:50:00.0000000+02:00,2.153,
2026-01-06T10:00:00.0000000+02:00,2.153,
2026-01-06T10:10:00.0000000+02:00,2.148,
2026-01-06T10:20:00.0000000+02:00,2.146,
2026-01-06T10:30:00.0000000+02:00,2.153,
2026-01-06T10:40:00.0000000+02:00,2.148,
2026-01-06T10:50:00.0000000+02:00,2.142,
2026-01-06T11:00:00.0000000+02:00,2.142,
2026-01-06T11:10:00.0000000+02:00,2.139,
2026-01-06T11:20:00.0000000+02:00,2.137,
2026-01-06T11:30:00.0000000+02:00,2.135,
2026-01-06T11:40:00.0000000+02:00,2.136,
2026-01-06T11:50:00.0000000+02:00,2.128,
2026-01-06T12:00:00.0000000+02:00,2.133,
2026-01-06T12:10:00.0000000+02:00,2.122,
2026-01-06T12:20:00.0000000+02:00,2.124,
2026-01-06T12:30:00.0000000+02:00,2.119,
2026-01-06T12:40:00.0000000+02:00,2.118,
2026-01-06T12:50:00.0000000+02:00,2.111,
2026-01-06T13:00:00.0000000+02:00,2.119,
2026-01-06T13:10:00.0000000+02:00,2.112,
2026-01-06T13:20:00.0000000+02:00,2.111,
2026-01-06T13:30:00.0000000+02:00,2.109,
2026-01-06T13:40:00.0000000+02:00,2.102,
2026-01-06T13:50:00.0000000+02:00,2.111,
2026-01-06T14:00:00.0000000+02:00,2.103,
2026-01-06T14:10:00.0000000+02:00,2.103,
2026-01-06T14:20:00.0000000+02:00,2.101,
2026-01-06T14:30:00.0000000+02:00,2.105,
2026-01-06T14:40:00.0000000+02:00,2.105,
2026-01-06T14:50:00.0000000+02:00,2.095,
2026-01-06T15:00:00.0000000+02:00,2.099,
2026-01-06T15:10:00.0000000+02:00,2.094,
2026-01-06T15:20:00.0000000+02:00,2.095,
2026-01-06T15:30:00.0000000+02:00,2.094,
2026-01-06T15:40:00.0000000+02:00,2.09,
2026-01-06T15:50:00.0000000+02:00,2.093,
2026-01-06T16:00:00.0000000+02:00,2.087,
2026-01-06T16:10:00.0000000+02:00,2.087,
2026-01-06T16:20:00.0000000+02:00,2.09,
2026-01-06T16:30:00.0000000+02:00,2.087,
2026-01-06T16:40:00.0000000+02:00,2.084,
2026-01-06T16:50:00.0000000+02:00,2.086,
2026-01-06T17:00:00.0000000+02:00,2.085,
2026-01-06T17:10:00.0000000+02:00,2.079,
2026-01-06T17:20:00.0000000+02:00,2.082,
2026-01-06T17:30:00.0000000+02:00,2.091,
2026-01-06T17:40:00.0000000+02:00,2.084,
2026-01-06T17:50:00.0000000+02:00,2.093,
2026-01-06T18:00:00.0000000+02:00,2.088,
2026-01-06T18:10:00.0000000+02:00,2.087,
2026-01-06T18:20:00.0000000+02:00,2.089,
2026-01-06T18:30:00.0000000+02:00,2.089,
2026-01-06T18:40:00.0000000+02:00,2.087,
2026-01-06T18:50:00.0000000+02:00,2.09,
2026-01-06T19:00:00.0000000+02:00,2.086,
2026-01-06T19:10:00.0000000+02:00,2.088,
2026-01-06T19:20:00.0000000+02:00,2.087,
2026-01-06T19:30:00.0000000+02:00,2.09,
2026-01-06T19:40:00.0000000+02:00,2.09,
2026-01-06T19:50:00.0000000+02:00,2.088,
2026-01-06T20:00:00.0000000+02:00,2.092,
2026-01-06T20:10:00.0000000+02:00,2.089,
2026-01-06T20:20:00.0000000+02:00,2.091,
2026-01-06T20:30:00.0000000+02:00,2.091,
2026-01-06T20:40:00.0000000+02:00,2.093,
2026-01-06T20:50:00.0000000+02:00,2.091,
2026-01-06T21:00:00.0000000+02:00,2.096,
2026-01-06T21:10:00.0000000+02:00,2.094,
2026-01-06T21:20:00.0000000+02:00,2.094,
2026-01-06T21:30:00.0000000+02:00,2.099,
2026-01-06T21:40:00.0000000+02:00,2.101,
2026-01-06T21:50:00.0000000+02:00,2.101,
2026-01-06T22:00:00.0000000+02:00,2.106,
2026-01-06T22:10:00.0000000+02:00,2.103,
2026-01-06T22:20:00.0000000+02:00,2.105,
2026-01-06T22:30:00.0000000+02:00,2.108,
2026-01-06T22:40:00.0000000+02:00,2.106,
2026-01-06T22:50:00.0000000+02:00,2.107,
2026-01-06T23:00:00.0000000+02:00,2.109,
2026-01-06T23:10:00.0000000+02:00,2.113,
2026-01-06T23:20:00.0000000+02:00,2.11,
2026-01-06T23:30:00.0000000+02:00,2.114,
2026-01-06T23:40:00.0000000+02:00,2.11,
2026-01-06T23:50:00.0000000+02:00,2.116,
2026-01-07T00:00:00.0000000+02:00,2.119,
2026-01-07T00:10:00.0000000+02:00,2.119,
2026-01-07T00:20:00.0000000+02:00,2.121,
2026-01-07T00:30:00.0000000+02:00,2.124,
2026-01-07T00:40:00.0000000+02:00,2.129,
2026-01-07T00:50:00.0000000+02:00,2.125,
2026-01-07T01:00:00.0000000+02:00,2.124,
2026-01-07T01:10:00.0000000+02:00,2.081,
2026-01-07T01:20:00.0000000+02:00,2.12,
2026-01-07T01:30:00.0000000+02:00,2.142,
2026-01-07T01:40:00.0000000+02:00,2.096,
2026-01-07T01:50:00.0000000+02:00,2.123,
2026-01-07T02:00:00.0000000+02:00,2.124,
2026-01-07T02:10:00.0000000+02:00,2.146,
2026-01-07T02:20:00.0000000+02:00,2.144,
2026-01-07T02:30:00.0000000+02:00,2.142,
2026-01-07T02:40:00.0000000+02:00,2.142,
2026-01-07T02:50:00.0000000+02:00,2.141,
2026-01-07T03:00:00.0000000+02:00,2.147,
2026-01-07T03:10:00.0000000+02:00,2.139,
2026-01-07T03:20:00.0000000+02:00,2.138,
2026-01-07T03:30:00.0000000+02:00,2.139,
2026-01-07T03:40:00.0000000+02:00,2.144,
2026-01-07T03:50:00.0000000+02:00,2.145,
2026-01-07T04:00:00.0000000+02:00,2.146,
2026-01-07T04:10:00.0000000+02:00,2.151,
2026-01-07T04:20:00.0000000+02:00,2.152,
2026-01-07T04:30:00.0000000+02:00,2.15,
2026-01-07T04:40:00.0000000+02:00,2.149,
2026-01-07T04:50:00.0000000+02:00,2.148,
2026-01-07T05:00:00.0000000+02:00,2.15,
2026-01-07T05:10:00.0000000+02:00,2.156,
2026-01-07T05:20:00.0000000+02:00,2.154,
2026-01-07T05:30:00.0000000+02:00,2.154,
2026-01-07T05:40:00.0000000+02:00,2.156,
2026-01-07T05:50:00.0000000+02:00,2.154,
2026-01-07T06:00:00.0000000+02:00,2.157,
2026-01-07T06:10:00.0000000+02:00,2.157,
2026-01-07T06:20:00.0000000+02:00,2.157,
2026-01-07T06:30:00.0000000+02:00,2.163,
2026-01-07T06:40:00.0000000+02:00,2.156,
2026-01-07T06:50:00.0000000+02:00,2.158,
2026-01-07T07:00:00.0000000+02:00,2.161,
2026-01-07T07:10:00.0000000+02:00,2.162,
2026-01-07T07:20:00.0000000+02:00,2.162,
2026-01-07T07:30:00.0000000+02:00,2.156,
2026-01-07T07:40:00.0000000+02:00,2.158,
2026-01-07T07:50:00.0000000+02:00,2.16,
2026-01-07T08:00:00.0000000+02:00,2.159,
2026-01-07T08:10:00.0000000+02:00,2.152,
2026-01-07T08:20:00.0000000+02:00,2.153,
2026-01-07T08:30:00.0000000+02:00,2.153,
2026-01-07T08:40:00.0000000+02:00,2.154,
2026-01-07T08:50:00.0000000+02:00,2.156,
2026-01-07T09:00:00.0000000+02:00,2.156,
2026-01-07T09:10:00.0000000+02:00,2.151,
2026-01-07T09:20:00.0000000+02:00,2.155,
2026-01-07T09:30:00.0000000+02:00,2.158,
2026-01-07T09:40:00.0000000+02:00,2.152,
2026-01-07T09:50:00.0000000+02:00,2.148,
2026-01-07T10:00:00.0000000+02:00,2.152,
2026-01-07T10:10:00.0000000+02:00,2.149,
2026-01-07T10:20:00.0000000+02:00,2.148,
2026-01-07T10:30:00.0000000+02:00,2.151,
2026-01-07T10:40:00.0000000+02:00,2.149,
2026-01-07T10:50:00.0000000+02:00,2.154,
2026-01-07T11:00:00.0000000+02:00,2.15,
2026-01-07T11:10:00.0000000+02:00,2.155,
2026-01-07T11:20:00.0000000+02:00,2.154,
2026-01-07T11:30:00.0000000+02:00,2.158,
2026-01-07T11:40:00.0000000+02:00,2.152,
2026-01-07T11:50:00.0000000+02:00,2.154,
2026-01-07T12:00:00.0000000+02:00,2.154,
2026-01-07T12:10:00.0000000+02:00,2.156,
2026-01-07T12:20:00.0000000+02:00,2.158,
2026-01-07T12:30:00.0000000+02:00,2.153,
2026-01-07T12:40:00.0000000+02:00,2.154,
2026-01-07T12:50:00.0000000+02:00,2.158,
2026-01-07T13:00:00.0000000+02:00,2.157,
2026-01-07T13:10:00.0000000+02:00,2.161,
2026-01-07T13:20:00.0000000+02:00,2.156,
2026-01-07T13:30:00.0000000+02:00,2.159,
2026-01-07T13:40:00.0000000+02:00,2.161,
2026-01-07T13:50:00.0000000+02:00,2.158,
2026-01-07T14:00:00.0000000+02:00,2.161,
2026-01-07T14:10:00.0000000+02:00,2.167,
2026-01-07T14:20:00.0000000+02:00,2.169,
2026-01-07T14:30:00.0000000+02:00,2.166,
2026-01-07T14:40:00.0000000+02:00,2.167,
2026-01-07T14:50:00.0000000+02:00,2.167,
2026-01-07T15:00:00.0000000+02:00,2.171,
2026-01-07T15:10:00.0000000+02:00,2.172,
2026-01-07T15:20:00.0000000+02:00,2.172,
2026-01-07T15:30:00.0000000+02:00,2.18,
2026-01-07T15:40:00.0000000+02:00,2.18,
2026-01-07T15:50:00.0000000+02:00,2.182,
2026-01-07T16:00:00.0000000+02:00,2.184,
2026-01-07T16:10:00.0000000+02:00,2.189,
2026-01-07T16:20:00.0000000+02:00,2.188,
2026-01-07T16:30:00.0000000+02:00,2.191,
2026-01-07T16:40:00.0000000+02:00,2.194,
2026-01-07T16:50:00.0000000+02:00,2.193,
2026-01-07T17:00:00.0000000+02:00,2.203,
2026-01-07T17:10:00.0000000+02:00,2.2,
2026-01-07T17:20:00.0000000+02:00,2.206,
2026-01-07T17:30:00.0000000+02:00,2.212,
2026-01-07T17:40:00.0000000+02:00,2.218,
2026-01-07T17:50:00.0000000+02:00,2.217,
2026-01-07T18:00:00.0000000+02:00,2.222,
2026-01-07T18:10:00.0000000+02:00,2.224,
2026-01-07T18:20:00.0000000+02:00,2.228,
2026-01-07T18:30:00.0000000+02:00,2.229,
2026-01-07T18:40:00.0000000+02:00,2.234,
2026-01-07T18:50:00.0000000+02:00,2.238,
2026-01-07T19:00:00.0000000+02:00,2.238,
2026-01-07T19:10:00.0000000+02:00,2.246,
2026-01-07T19:20:00.0000000+02:00,2.254,
2026-01-07T19:30:00.0000000+02:00,2.253,
2026-01-07T19:40:00.0000000+02:00,2.257,
2026-01-07T19:50:00.0000000+02:00,2.261,
2026-01-07T20:00:00.0000000+02:00,2.269,
2026-01-07T20:10:00.0000000+02:00,2.267,
2026-01-07T20:20:00.0000000+02:00,2.269,
2026-01-07T20:30:00.0000000+02:00,2.271,
2026-01-07T20:40:00.0000000+02:00,2.281,
2026-01-07T20:50:00.0000000+02:00,2.283,
2026-01-07T21:00:00.0000000+02:00,2.287,
2026-01-07T21:10:00.0000000+02:00,2.29,
2026-01-07T21:20:00.0000000+02:00,2.294,
2026-01-07T21:30:00.0000000+02:00,2.304,
2026-01-07T21:40:00.0000000+02:00,2.307,
2026-01-07T21:50:00.0000000+02:00,2.31,
2026-01-07T22:00:00.0000000+02:00,2.309,
2026-01-07T22:10:00.0000000+02:00,2.319,
2026-01-07T22:20:00.0000000+02:00,2.324,
2026-01-07T22:30:00.0000000+02:00,2.326,
2026-01-07T22:40:00.0000000+02:00,2.328,
2026-01-07T22:50:00.0000000+02:00,2.334,
2026-01-07T23:00:00.0000000+02:00,2.337,
2026-01-07T23:10:00.0000000+02:00,2.345,
2026-01-07T23:20:00.0000000+02:00,2.343,
2026-01-07T23:30:00.0000000+02:00,2.353,
2026-01-07T23:40:00.0000000+02:00,2.354,
2026-01-07T23:50:00.0000000+02:00,2.362,
2026-01-08T00:00:00.0000000+02:00,2.368,
2026-01-08T00:10:00.0000000+02:00,2.373,
2026-01-08T00:20:00.0000000+02:00,2.371,
2026-01-08T00:30:00.0000000+02:00,2.376,
2026-01-08T00:40:00.0000000+02:00,2.379,
2026-01-08T00:50:00.0000000+02:00,2.387,
2026-01-08T01:00:00.0000000+02:00,2.386,
2026-01-08T01:10:00.0000000+02:00,2.386,
2026-01-08T01:20:00.0000000+02:00,2.393,
2026-01-08T01:30:00.0000000+02:00,2.401,
2026-01-08T01:40:00.0000000+02:00,2.403,
2026-01-08T01:50:00.0000000+02:00,2.409,
2026-01-08T02:00:00.0000000+02:00,2.403,
2026-01-08T02:10:00.0000000+02:00,2.411,
2026-01-08T02:20:00.0000000+02:00,2.413,
2026-01-08T02:30:00.0000000+02:00,2.416,
2026-01-08T02:40:00.0000000+02:00,2.418,
2026-01-08T02:50:00.0000000+02:00,2.417,
2026-01-08T03:00:00.0000000+02:00,2.423,
2026-01-08T03:10:00.0000000+02:00,2.425,
2026-01-08T03:20:00.0000000+02:00,2.425,
2026-01-08T03:30:00.0000000+02:00,2.429,
2026-01-08T03:40:00.0000000+02:00,2.43,
2026-01-08T03:50:00.0000000+02:00,2.433,
2026-01-08T04:00:00.0000000+02:00,2.431,
2026-01-08T04:10:00.0000000+02:00,2.432,
2026-01-08T04:20:00.0000000+02:00,2.437,
2026-01-08T04:30:00.0000000+02:00,2.44,
2026-01-08T04:40:00.0000000+02:00,2.444,
2026-01-08T04:50:00.0000000+02:00,2.45,
2026-01-08T05:00:00.0000000+02:00,2.454,
2026-01-08T05:10:00.0000000+02:00,2.453,
2026-01-08T05:20:00.0000000+02:00,2.456,
2026-01-08T05:30:00.0000000+02:00,2.459,
2026-01-08T05:40:00.0000000+02:00,2.463,
2026-01-08T05:50:00.0000000+02:00,2.466,
2026-01-08T06:00:00.0000000+02:00,2.464,
2026-01-08T06:10:00.0000000+02:00,2.467,
2026-01-08T06:20:00.0000000+02:00,2.47,
2026-01-08T06:30:00.0000000+02:00,2.466,
2026-01-08T06:40:00.0000000+02:00,2.47,
2026-01-08T06:50:00.0000000+02:00,2.47,
2026-01-08T07:00:00.0000000+02:00,2.474,
2026-01-08T07:10:00.0000000+02:00,2.474,
2026-01-08T07:20:00.0000000+02:00,2.478,
2026-01-08T07:30:00.0000000+02:00,2.483,
2026-01-08T07:40:00.0000000+02:00,2.481,
2026-01-08T07:50:00.0000000+02:00,2.487,
2026-01-08T08:00:00.0000000+02:00,2.491,
2026-01-08T08:10:00.0000000+02:00,2.487,
2026-01-08T08:20:00.0000000+02:00,2.494,
2026-01-08T08:30:00.0000000+02:00,2.494,
2026-01-08T08:40:00.0000000+02:00,2.491,
2026-01-08T08:50:00.0000000+02:00,2.497,
2026-01-08T09:00:00.0000000+02:00,2.502,
2026-01-08T09:10:00.0000000+02:00,2.494,
2026-01-08T09:20:00.0000000+02:00,2.496,
2026-01-08T09:30:00.0000000+02:00,2.497,
2026-01-08T09:40:00.0000000+02:00,2.499,
2026-01-08T09:50:00.0000000+02:00,2.499,
2026-01-08T10:00:00.0000000+02:00,2.503,
2026-01-08T10:10:00.0000000+02:00,2.503,
2026-01-08T10:20:00.0000000+02:00,2.509,
2026-01-08T10:30:00.0000000+02:00,2.512,
2026-01-08T10:40:00.0000000+02:00,2.516,
2026-01-08T10:50:00.0000000+02:00,2.512,
2026-01-08T11:00:00.0000000+02:00,2.515,
2026-01-08T11:10:00.0000000+02:00,2.512,
2026-01-08T11:20:00.0000000+02:00,2.515,
2026-01-08T11:30:00.0000000+02:00,2.518,
2026-01-08T11:40:00.0000000+02:00,2.524,
2026-01-08T11:50:00.0000000+02:00,2.518,
2026-01-08T12:00:00.0000000+02:00,2.517,
2026-01-08T12:10:00.0000000+02:00,2.523,
2026-01-08T12:20:00.0000000+02:00,2.525,
2026-01-08T12:30:00.0000000+02:00,2.526,
2026-01-08T12:40:00.0000000+02:00,2.525,
2026-01-08T12:50:00.0000000+02:00,2.525,
2026-01-08T13:00:00.0000000+02:00,2.521,
2026-01-08T13:10:00.0000000+02:00,2.513,
2026-01-08T13:20:00.0000000+02:00,2.518,
2026-01-08T13:30:00.0000000+02:00,2.497,
2026-01-08T13:40:00.0000000+02:00,2.513,
2026-01-08T13:50:00.0000000+02:00,2.52,
2026-01-08T14:00:00.0000000+02:00,2.529,
2026-01-08T14:10:00.0000000+02:00,2.527,
2026-01-08T14:20:00.0000000+02:00,2.532,
2026-01-08T14:30:00.0000000+02:00,2.529,
2026-01-08T14:40:00.0000000+02:00,2.527,
2026-01-08T14:50:00.0000000+02:00,2.53,
2026-01-08T15:00:00.0000000+02:00,2.531,
2026-01-08T15:10:00.0000000+02:00,2.528,
2026-01-08T15:20:00.0000000+02:00,2.533,
2026-01-08T15:30:00.0000000+02:00,2.532,
2026-01-08T15:40:00.0000000+02:00,2.532,
2026-01-08T15:50:00.0000000+02:00,2.531,
2026-01-08T16:00:00.0000000+02:00,2.535,
2026-01-08T16:10:00.0000000+02:00,2.533,
2026-01-08T16:20:00.0000000+02:00,2.519,
2026-01-08T16:30:00.0000000+02:00,2.532,
2026-01-08T16:40:00.0000000+02:00,2.535,
2026-01-08T16:50:00.0000000+02:00,2.535,
2026-01-08T17:00:00.0000000+02:00,2.535,
2026-01-08T17:10:00.0000000+02:00,2.537,
2026-01-08T17:20:00.0000000+02:00,2.535,
2026-01-08T17:30:00.0000000+02:00,2.536,
2026-01-08T17:40:00.0000000+02:00,2.538,
2026-01-08T17:50:00.0000000+02:00,2.533,
2026-01-08T18:00:00.0000000+02:00,2.537,
2026-01-08T18:10:00.0000000+02:00,2.531,
2026-01-08T18:20:00.0000000+02:00,2.536,
2026-01-08T18:30:00.0000000+02:00,2.527,
2026-01-08T18:40:00.0000000+02:00,2.528,
2026-01-08T18:50:00.0000000+02:00,2.524,
2026-01-08T19:00:00.0000000+02:00,2.526,
2026-01-08T19:10:00.0000000+02:00,2.497,
2026-01-08T19:20:00.0000000+02:00,2.493,
2026-01-08T19:30:00.0000000+02:00,2.503,
2026-01-08T19:40:00.0000000+02:00,2.535,
2026-01-08T19:50:00.0000000+02:00,2.535,
2026-01-08T20:00:00.0000000+02:00,2.531,
2026-01-08T20:10:00.0000000+02:00,2.536,
2026-01-08T20:20:00.0000000+02:00,2.536,
2026-01-08T20:30:00.0000000+02:00,2.522,
2026-01-08T20:40:00.0000000+02:00,2.526,
2026-01-08T20:50:00.0000000+02:00,2.523,
2026-01-08T21:00:00.0000000+02:00,2.518,
2026-01-08T21:10:00.0000000+02:00,2.512,
2026-01-08T21:20:00.0000000+02:00,2.506,
2026-01-08T21:30:00.0000000+02:00,2.481,
2026-01-08T21:40:00.0000000+02:00,2.513,
2026-01-08T21:50:00.0000000+02:00,2.518,
2026-01-08T22:00:00.0000000+02:00,2.485,
2026-01-08T22:10:00.0000000+02:00,2.515,
2026-01-08T22:20:00.0000000+02:00,2.516,
2026-01-08T22:30:00.0000000+02:00,2.513,
2026-01-08T22:40:00.0000000+02:00,2.511,
2026-01-08T22:50:00.0000000+02:00,2.51,
2026-01-08T23:00:00.0000000+02:00,2.506,
2026-01-08T23:10:00.0000000+02:00,2.506,
2026-01-08T23:20:00.0000000+02:00,2.509,
2026-01-08T23:30:00.0000000+02:00,2.506,
2026-01-08T23:40:00.0000000+02:00,2.497,
2026-01-08T23:50:00.0000000+02:00,2.491,
2026-01-09T00:00:00.0000000+02:00,2.499,
2026-01-09T00:10:00.0000000+02:00,2.493,
2026-01-09T00:20:00.0000000+02:00,2.493,
2026-01-09T00:30:00.0000000+02:00,2.503,
2026-01-09T00:40:00.0000000+02:00,2.494,
2026-01-09T00:50:00.0000000+02:00,2.49,
2026-01-09T01:00:00.0000000+02:00,2.492,
2026-01-09T01:10:00.0000000+02:00,2.488,
2026-01-09T01:20:00.0000000+02:00,2.492,
2026-01-09T01:30:00.0000000+02:00,2.488,
2026-01-09T01:40:00.0000000+02:00,2.489,
2026-01-09T01:50:00.0000000+02:00,2.49,
2026-01-09T02:00:00.0000000+02:00,2.487,
2026-01-09T02:10:00.0000000+02:00,2.484,
2026-01-09T02:20:00.0000000+02:00,2.483,
2026-01-09T02:30:00.0000000+02:00,2.48,
2026-01-09T02:40:00.0000000+02:00,2.475,
2026-01-09T02:50:00.0000000+02:00,2.477,
2026-01-09T03:00:00.0000000+02:00,2.473,
2026-01-09T03:10:00.0000000+02:00,2.473,
2026-01-09T03:20:00.0000000+02:00,2.473,
2026-01-09T03:30:00.0000000+02:00,2.475,
2026-01-09T03:40:00.0000000+02:00,2.473,
2026-01-09T03:50:00.0000000+02:00,2.473,
2026-01-09T04:00:00.0000000+02:00,2.464,
2026-01-09T04:10:00.0000000+02:00,2.468,
2026-01-09T04:20:00.0000000+02:00,2.467,
2026-01-09T04:30:00.0000000+02:00,2.464,
2026-01-09T04:40:00.0000000+02:00,2.463,
2026-01-09T04:50:00.0000000+02:00,2.463,
2026-01-09T05:00:00.0000000+02:00,2.462,
2026-01-09T05:10:00.0000000+02:00,2.464,
2026-01-09T05:20:00.0000000+02:00,2.462,
2026-01-09T05:30:00.0000000+02:00,2.458,
2026-01-09T05:40:00.0000000+02:00,2.457,
2026-01-09T05:50:00.0000000+02:00,2.458,
2026-01-09T06:00:00.0000000+02:00,2.459,
2026-01-09T06:10:00.0000000+02:00,2.452,
2026-01-09T06:20:00.0000000+02:00,2.453,
2026-01-09T06:30:00.0000000+02:00,2.453,
2026-01-09T06:40:00.0000000+02:00,2.454,
2026-01-09T06:50:00.0000000+02:00,2.456,
2026-01-09T07:00:00.0000000+02:00,2.45,
2026-01-09T07:10:00.0000000+02:00,2.454,
2026-01-09T07:20:00.0000000+02:00,2.448,
2026-01-09T07:30:00.0000000+02:00,2.448,
2026-01-09T07:40:00.0000000+02:00,2.444,
2026-01-09T07:50:00.0000000+02:00,2.447,
2026-01-09T08:00:00.0000000+02:00,2.441,
2026-01-09T08:10:00.0000000+02:00,2.443,
2026-01-09T08:20:00.0000000+02:00,2.438,
2026-01-09T08:30:00.0000000+02:00,2.424,
2026-01-09T08:40:00.0000000+02:00,2.422,
2026-01-09T08:50:00.0000000+02:00,2.429,
2026-01-09T09:00:00.0000000+02:00,2.427,
2026-01-09T09:10:00.0000000+02:00,2.425,
2026-01-09T09:20:00.0000000+02:00,2.427,
2026-01-09T09:30:00.0000000+02:00,2.415,
2026-01-09T09:40:00.0000000+02:00,2.415,
2026-01-09T09:50:00.0000000+02:00,2.414,
2026-01-09T10:00:00.0000000+02:00,2.408,
2026-01-09T10:10:00.0000000+02:00,2.42,
2026-01-09T10:20:00.0000000+02:00,2.424,
2026-01-09T10:30:00.0000000+02:00,2.425,
2026-01-09T10:40:00.0000000+02:00,2.42,
2026-01-09T10:50:00.0000000+02:00,2.421,
2026-01-09T11:00:00.0000000+02:00,2.423,
2026-01-09T11:10:00.0000000+02:00,2.424,
2026-01-09T11:20:00.0000000+02:00,2.416,
2026-01-09T11:30:00.0000000+02:00,2.411,
2026-01-09T11:40:00.0000000+02:00,2.411,
2026-01-09T11:50:00.0000000+02:00,2.413,
2026-01-09T12:00:00.0000000+02:00,2.413,
2026-01-09T12:10:00.0000000+02:00,2.409,
2026-01-09T12:20:00.0000000+02:00,2.421,
2026-01-09T12:30:00.0000000+02:00,2.414,
2026-01-09T12:40:00.0000000+02:00,2.414,
2026-01-09T12:50:00.0000000+02:00,2.411,
2026-01-09T13:00:00.0000000+02:00,2.404,
2026-01-09T13:10:00.0000000+02:00,2.421,
2026-01-09T13:20:00.0000000+02:00,2.414,
2026-01-09T13:30:00.0000000+02:00,2.425,
2026-01-09T13:40:00.0000000+02:00,2.416,
2026-01-09T13:50:00.0000000+02:00,2.418,
2026-01-09T14:00:00.0000000+02:00,2.424,
2026-01-09T14:10:00.0000000+02:00,2.419,
2026-01-09T14:20:00.0000000+02:00,2.416,
2026-01-09T14:30:00.0000000+02:00,2.418,
2026-01-09T14:40:00.0000000+02:00,2.406,
2026-01-09T14:50:00.0000000+02:00,2.418,
2026-01-09T15:00:00.0000000+02:00,2.424,
2026-01-09T15:10:00.0000000+02:00,2.428,
2026-01-09T15:20:00.0000000+02:00,2.417,
2026-01-09T15:30:00.0000000+02:00,2.42,
2026-01-09T15:40:00.0000000+02:00,2.416,
2026-01-09T15:50:00.0000000+02:00,2.423,
2026-01-09T16:00:00.0000000+02:00,2.421,
2026-01-09T16:10:00.0000000+02:00,2.415,
2026-01-09T16:20:00.0000000+02:00,2.416,
2026-01-09T16:30:00.0000000+02:00,2.415,
2026-01-09T16:40:00.0000000+02:00,2.419,
2026-01-09T16:50:00.0000000+02:00,2.417,
2026-01-09T17:00:00.0000000+02:00,2.418,
2026-01-09T17:10:00.0000000+02:00,2.418,
2026-01-09T17:20:00.0000000+02:00,2.413,
2026-01-09T17:30:00.0000000+02:00,2.416,
2026-01-09T17:40:00.0000000+02:00,2.413,
2026-01-09T17:50:00.0000000+02:00,2.418,
2026-01-09T18:00:00.0000000+02:00,2.415,
2026-01-09T18:10:00.0000000+02:00,2.418,
2026-01-09T18:20:00.0000000+02:00,2.419,
2026-01-09T18:30:00.0000000+02:00,2.419,
2026-01-09T18:40:00.0000000+02:00,2.419,
2026-01-09T18:50:00.0000000+02:00,2.421,
2026-01-09T19:00:00.0000000+02:00,2.421,
2026-01-09T19:10:00.0000000+02:00,2.42,
2026-01-09T19:20:00.0000000+02:00,2.42,
2026-01-09T19:30:00.0000000+02:00,2.421,
2026-01-09T19:40:00.0000000+02:00,2.421,
2026-01-09T19:50:00.0000000+02:00,2.401,
2026-01-09T20:00:00.0000000+02:00,2.413,
2026-01-09T20:10:00.0000000+02:00,2.42,
2026-01-09T20:20:00.0000000+02:00,2.418,
2026-01-09T20:30:00.0000000+02:00,2.412,
2026-01-09T20:40:00.0000000+02:00,2.393,
2026-01-09T20:50:00.0000000+02:00,2.413,
2026-01-09T21:00:00.0000000+02:00,2.413,
2026-01-09T21:10:00.0000000+02:00,2.418,
2026-01-09T21:20:00.0000000+02:00,2.416,
2026-01-09T21:30:00.0000000+02:00,2.417,
2026-01-09T21:40:00.0000000+02:00,2.419,
2026-01-09T21:50:00.0000000+02:00,2.42,
2026-01-09T22:00:00.0000000+02:00,2.417,
2026-01-09T22:10:00.0000000+02:00,2.423,
2026-01-09T22:20:00.0000000+02:00,2.421,
2026-01-09T22:30:00.0000000+02:00,2.422,
2026-01-09T22:40:00.0000000+02:00,2.419,
2026-01-09T22:50:00.0000000+02:00,2.419,
2026-01-09T23:00:00.0000000+02:00,2.422,
2026-01-09T23:10:00.0000000+02:00,2.423,
2026-01-09T23:20:00.0000000+02:00,2.418,
2026-01-09T23:30:00.0000000+02:00,2.423,
2026-01-09T23:40:00.0000000+02:00,2.419,
2026-01-09T23:50:00.0000000+02:00,2.423,
2026-01-10T00:00:00.0000000+02:00,2.423,
2026-01-10T00:10:00.0000000+02:00,2.429,
2026-01-10T00:20:00.0000000+02:00,2.42,
2026-01-10T00:30:00.0000000+02:00,2.427,
2026-01-10T00:40:00.0000000+02:00,2.425,
2026-01-10T00:50:00.0000000+02:00,2.425,
2026-01-10T01:00:00.0000000+02:00,2.425,
2026-01-10T01:10:00.0000000+02:00,2.427,
2026-01-10T01:20:00.0000000+02:00,2.426,
2026-01-10T01:30:00.0000000+02:00,2.428,
2026-01-10T01:40:00.0000000+02:00,2.428,
2026-01-10T01:50:00.0000000+02:00,2.428,
2026-01-10T02:00:00.0000000+02:00,2.432,
2026-01-10T02:10:00.0000000+02:00,2.432,
2026-01-10T02:20:00.0000000+02:00,2.428,
2026-01-10T02:30:00.0000000+02:00,2.431,
2026-01-10T02:40:00.0000000+02:00,2.428,
2026-01-10T02:50:00.0000000+02:00,2.433,
2026-01-10T03:00:00.0000000+02:00,2.428,
2026-01-10T03:10:00.0000000+02:00,2.431,
2026-01-10T03:20:00.0000000+02:00,2.433,
2026-01-10T03:30:00.0000000+02:00,2.427,
2026-01-10T03:40:00.0000000+02:00,2.429,
2026-01-10T03:50:00.0000000+02:00,2.43,
2026-01-10T04:00:00.0000000+02:00,2.432,
2026-01-10T04:10:00.0000000+02:00,2.432,
2026-01-10T04:20:00.0000000+02:00,2.427,
2026-01-10T04:30:00.0000000+02:00,2.427,
2026-01-10T04:40:00.0000000+02:00,2.428,
2026-01-10T04:50:00.0000000+02:00,2.432,
2026-01-10T05:00:00.0000000+02:00,2.431,
2026-01-10T05:10:00.0000000+02:00,2.428,
2026-01-10T05:20:00.0000000+02:00,2.427,
2026-01-10T05:30:00.0000000+02:00,2.428,
2026-01-10T05:40:00.0000000+02:00,2.428,
2026-01-10T05:50:00.0000000+02:00,2.423,
2026-01-10T06:00:00.0000000+02:00,2.423,
2026-01-10T06:10:00.0000000+02:00,2.421,
2026-01-10T06:20:00.0000000+02:00,2.422,
2026-01-10T06:30:00.0000000+02:00,2.417,
2026-01-10T06:40:00.0000000+02:00,2.41,
2026-01-10T06:50:00.0000000+02:00,2.418,
2026-01-10T07:00:00.0000000+02:00,2.416,
2026-01-10T07:10:00.0000000+02:00,2.419,
2026-01-10T07:20:00.0000000+02:00,2.417,
2026-01-10T07:30:00.0000000+02:00,2.413,
2026-01-10T07:40:00.0000000+02:00,2.412,
2026-01-10T07:50:00.0000000+02:00,2.413,
2026-01-10T08:00:00.0000000+02:00,2.411,
2026-01-10T08:10:00.0000000+02:00,2.406,
2026-01-10T08:20:00.0000000+02:00,2.406,
2026-01-10T08:30:00.0000000+02:00,2.405,
2026-01-10T08:40:00.0000000+02:00,2.404,
2026-01-10T08:50:00.0000000+02:00,2.402,
2026-01-10T09:00:00.0000000+02:00,2.399,
2026-01-10T09:10:00.0000000+02:00,2.398,
2026-01-10T09:20:00.0000000+02:00,2.396,
2026-01-10T09:30:00.0000000+02:00,2.4,
2026-01-10T09:40:00.0000000+02:00,2.398,
2026-01-10T09:50:00.0000000+02:00,2.395,
2026-01-10T10:00:00.0000000+02:00,2.397,
2026-01-10T10:10:00.0000000+02:00,2.393,
2026-01-10T10:20:00.0000000+02:00,2.386,
2026-01-10T10:30:00.0000000+02:00,2.392,
2026-01-10T10:40:00.0000000+02:00,2.388,
2026-01-10T10:50:00.0000000+02:00,2.389,
2026-01-10T11:00:00.0000000+02:00,2.386,
2026-01-10T11:10:00.0000000+02:00,2.389,
2026-01-10T11:20:00.0000000+02:00,2.385,
2026-01-10T11:30:00.0000000+02:00,2.384,
2026-01-10T11:40:00.0000000+02:00,2.38,
2026-01-10T11:50:00.0000000+02:00,2.381,
2026-01-10T12:00:00.0000000+02:00,2.369,
2026-01-10T12:10:00.0000000+02:00,2.364,
2026-01-10T12:20:00.0000000+02:00,2.372,
2026-01-10T12:30:00.0000000+02:00,2.375,
2026-01-10T12:40:00.0000000+02:00,2.375,
2026-01-10T12:50:00.0000000+02:00,2.378,
2026-01-10T13:00:00.0000000+02:00,2.377,
2026-01-10T13:10:00.0000000+02:00,2.367,
2026-01-10T13:20:00.0000000+02:00,2.373,
2026-01-10T13:30:00.0000000+02:00,2.369,
2026-01-10T13:40:00.0000000+02:00,2.365,
2026-01-10T13:50:00.0000000+02:00,2.35,
2026-01-10T14:00:00.0000000+02:00,2.365,
2026-01-10T14:10:00.0000000+02:00,2.363,
2026-01-10T14:20:00.0000000+02:00,2.363,
2026-01-10T14:30:00.0000000+02:00,2.356,
2026-01-10T14:40:00.0000000+02:00,2.358,
2026-01-10T14:50:00.0000000+02:00,2.358,
2026-01-10T15:00:00.0000000+02:00,2.358,
2026-01-10T15:10:00.0000000+02:00,2.351,
2026-01-10T15:20:00.0000000+02:00,2.354,
2026-01-10T15:30:00.0000000+02:00,2.343,
2026-01-10T15:40:00.0000000+02:00,2.353,
2026-01-10T15:50:00.0000000+02:00,2.351,
2026-01-10T16:00:00.0000000+02:00,2.341,
2026-01-10T16:10:00.0000000+02:00,2.349,
2026-01-10T16:20:00.0000000+02:00,2.346,
2026-01-10T16:30:00.0000000+02:00,2.349,
2026-01-10T16:40:00.0000000+02:00,2.348,
2026-01-10T16:50:00.0000000+02:00,2.347,
2026-01-10T17:00:00.0000000+02:00,2.343,
2026-01-10T17:10:00.0000000+02:00,2.348,
2026-01-10T17:20:00.0000000+02:00,2.346,
2026-01-10T17:30:00.0000000+02:00,2.344,
2026-01-10T17:40:00.0000000+02:00,2.305,
2026-01-10T17:50:00.0000000+02:00,2.308,
2026-01-10T18:00:00.0000000+02:00,2.307,
2026-01-10T18:10:00.0000000+02:00,2.311,
2026-01-10T18:20:00.0000000+02:00,2.341,
2026-01-10T18:30:00.0000000+02:00,2.346,
2026-01-10T18:40:00.0000000+02:00,2.349,
2026-01-10T18:50:00.0000000+02:00,2.35,
2026-01-10T19:00:00.0000000+02:00,2.343,
2026-01-10T19:10:00.0000000+02:00,2.348,
2026-01-10T19:20:00.0000000+02:00,2.35,
2026-01-10T19:30:00.0000000+02:00,2.354,
2026-01-10T19:40:00.0000000+02:00,2.351,
2026-01-10T19:50:00.0000000+02:00,2.355,
2026-01-10T20:00:00.0000000+02:00,2.355,
2026-01-10T20:10:00.0000000+02:00,2.355,
2026-01-10T20:20:00.0000000+02:00,2.351,
2026-01-10T20:30:00.0000000+02:00,2.355,
2026-01-10T20:40:00.0000000+02:00,2.358,
2026-01-10T20:50:00.0000000+02:00,2.354,
2026-01-10T21:00:00.0000000+02:00,2.358,
2026-01-10T21:10:00.0000000+02:00,2.36,
2026-01-10T21:20:00.0000000+02:00,2.362,
2026-01-10T21:30:00.0000000+02:00,2.359,
2026-01-10T21:40:00.0000000+02:00,2.366,
2026-01-10T21:50:00.0000000+02:00,2.364,
2026-01-10T22:00:00.0000000+02:00,2.364,
2026-01-10T22:10:00.0000000+02:00,2.363,
2026-01-10T22:20:00.0000000+02:00,2.367,
2026-01-10T22:30:00.0000000+02:00,2.369,
2026-01-10T22:40:00.0000000+02:00,2.367,
2026-01-10T22:50:00.0000000+02:00,2.367,
2026-01-10T23:00:00.0000000+02:00,2.367,
2026-01-10T23:10:00.0000000+02:00,2.366,
2026-01-10T23:20:00.0000000+02:00,2.374,
2026-01-10T23:30:00.0000000+02:00,2.373,
2026-01-10T23:40:00.0000000+02:00,2.374,
2026-01-10T23:50:00.0000000+02:00,2.371,
2026-01-11T00:00:00.0000000+02:00,2.378,
2026-01-11T00:10:00.0000000+02:00,2.38,
2026-01-11T00:20:00.0000000+02:00,2.373,
2026-01-11T00:30:00.0000000+02:00,2.377,
2026-01-11T00:40:00.0000000+02:00,2.38,
2026-01-11T00:50:00.0000000+02:00,2.379,
2026-01-11T01:00:00.0000000+02:00,2.382,
2026-01-11T01:10:00.0000000+02:00,2.382,
2026-01-11T01:20:00.0000000+02:00,2.387,
2026-01-11T01:30:00.0000000+02:00,2.387,
2026-01-11T01:40:00.0000000+02:00,2.388,
2026-01-11T01:50:00.0000000+02:00,2.386,
2026-01-11T02:00:00.0000000+02:00,2.395,
2026-01-11T02:10:00.0000000+02:00,2.391,
2026-01-11T02:20:00.0000000+02:00,2.394,
2026-01-11T02:30:00.0000000+02:00,2.39,
2026-01-11T02:40:00.0000000+02:00,2.392,
2026-01-11T02:50:00.0000000+02:00,2.395,
2026-01-11T03:00:00.0000000+02:00,2.396,
2026-01-11T03:10:00.0000000+02:00,2.401,
2026-01-11T03:20:00.0000000+02:00,2.396,
2026-01-11T03:30:00.0000000+02:00,2.4,
2026-01-11T03:40:00.0000000+02:00,2.4,
2026-01-11T03:50:00.0000000+02:00,2.397,
2026-01-11T04:00:00.0000000+02:00,2.402,
2026-01-11T04:10:00.0000000+02:00,2.401,
2026-01-11T04:20:00.0000000+02:00,2.404,
2026-01-11T04:30:00.0000000+02:00,2.404,
2026-01-11T04:40:00.0000000+02:00,2.399,
2026-01-11T04:50:00.0000000+02:00,2.406,
2026-01-11T05:00:00.0000000+02:00,2.406,
2026-01-11T05:10:00.0000000+02:00,2.407,
2026-01-11T05:20:00.0000000+02:00,2.41,
2026-01-11T05:30:00.0000000+02:00,2.409,
2026-01-11T05:40:00.0000000+02:00,2.41,
2026-01-11T05:50:00.0000000+02:00,2.409,
2026-01-11T06:00:00.0000000+02:00,2.412,
2026-01-11T06:10:00.0000000+02:00,2.41,
2026-01-11T06:20:00.0000000+02:00,2.411,
2026-01-11T06:30:00.0000000+02:00,2.414,
2026-01-11T06:40:00.0000000+02:00,2.412,
2026-01-11T06:50:00.0000000+02:00,2.411,
2026-01-11T07:00:00.0000000+02:00,2.412,
2026-01-11T07:10:00.0000000+02:00,2.414,
2026-01-11T07:20:00.0000000+02:00,2.415,
2026-01-11T07:30:00.0000000+02:00,2.419,
2026-01-11T07:40:00.0000000+02:00,2.417,
2026-01-11T07:50:00.0000000+02:00,2.412,
2026-01-11T08:00:00.0000000+02:00,2.417,
2026-01-11T08:10:00.0000000+02:00,2.422,
2026-01-11T08:20:00.0000000+02:00,2.418,
2026-01-11T08:30:00.0000000+02:00,2.42,
2026-01-11T08:40:00.0000000+02:00,2.421,
2026-01-11T08:50:00.0000000+02:00,2.418,
2026-01-11T09:00:00.0000000+02:00,2.416,
2026-01-11T09:10:00.0000000+02:00,2.419,
2026-01-11T09:20:00.0000000+02:00,2.419,
2026-01-11T09:30:00.0000000+02:00,2.418,
2026-01-11T09:40:00.0000000+02:00,2.419,
2026-01-11T09:50:00.0000000+02:00,2.423,
2026-01-11T10:00:00.0000000+02:00,2.423,
2026-01-11T10:10:00.0000000+02:00,2.431,
2026-01-11T10:20:00.0000000+02:00,2.422,
2026-01-11T10:30:00.0000000+02:00,2.423,
2026-01-11T10:40:00.0000000+02:00,2.422,
2026-01-11T10:50:00.0000000+02:00,2.423,
2026-01-11T11:00:00.0000000+02:00,2.418,
2026-01-11T11:10:00.0000000+02:00,2.423,
2026-01-11T11:20:00.0000000+02:00,2.424,
2026-01-11T11:30:00.0000000+02:00,2.424,
2026-01-11T11:40:00.0000000+02:00,2.422,
2026-01-11T11:50:00.0000000+02:00,2.428,
2026-01-11T12:00:00.0000000+02:00,2.43,
2026-01-11T12:10:00.0000000+02:00,2.425,
2026-01-11T12:20:00.0000000+02:00,2.431,
2026-01-11T12:30:00.0000000+02:00,2.429,
2026-01-11T12:40:00.0000000+02:00,2.43,
2026-01-11T12:50:00.0000000+02:00,2.432,
2026-01-11T13:00:00.0000000+02:00,2.434,
2026-01-11T13:10:00.0000000+02:00,2.43,
2026-01-11T13:20:00.0000000+02:00,2.438,
2026-01-11T13:30:00.0000000+02:00,2.44,
2026-01-11T13:40:00.0000000+02:00,2.44,
2026-01-11T13:50:00.0000000+02:00,2.442,
2026-01-11T14:00:00.0000000+02:00,2.436,
2026-01-11T14:10:00.0000000+02:00,2.44,
2026-01-11T14:20:00.0000000+02:00,2.441,
2026-01-11T14:30:00.0000000+02:00,2.441,
2026-01-11T14:40:00.0000000+02:00,2.442,
2026-01-11T14:50:00.0000000+02:00,2.44,
2026-01-11T15:00:00.0000000+02:00,2.438,
2026-01-11T15:10:00.0000000+02:00,2.441,
2026-01-11T15:20:00.0000000+02:00,2.438,
2026-01-11T15:30:00.0000000+02:00,2.442,
2026-01-11T15:40:00.0000000+02:00,2.445,
2026-01-11T15:50:00.0000000+02:00,2.444,
2026-01-11T16:00:00.0000000+02:00,2.442,
2026-01-11T16:10:00.0000000+02:00,2.445,
2026-01-11T16:20:00.0000000+02:00,2.446,
2026-01-11T16:30:00.0000000+02:00,2.445,
2026-01-11T16:40:00.0000000+02:00,2.448,
2026-01-11T16:50:00.0000000+02:00,2.448,
2026-01-11T17:00:00.0000000+02:00,2.448,
2026-01-11T17:10:00.0000000+02:00,2.447,
2026-01-11T17:20:00.0000000+02:00,2.453,
2026-01-11T17:30:00.0000000+02:00,2.45,
2026-01-11T17:40:00.0000000+02:00,2.45,
2026-01-11T17:50:00.0000000+02:00,2.459,
2026-01-11T18:00:00.0000000+02:00,2.457,
2026-01-11T18:10:00.0000000+02:00,2.458,
2026-01-11T18:20:00.0000000+02:00,2.459,
2026-01-11T18:30:00.0000000+02:00,2.459,
2026-01-11T18:40:00.0000000+02:00,2.462,
2026-01-11T18:50:00.0000000+02:00,2.456,
2026-01-11T19:00:00.0000000+02:00,2.461,
2026-01-11T19:10:00.0000000+02:00,2.459,
2026-01-11T19:20:00.0000000+02:00,2.469,
2026-01-11T19:30:00.0000000+02:00,2.468,
2026-01-11T19:40:00.0000000+02:00,2.463,
2026-01-11T19:50:00.0000000+02:00,2.466,
2026-01-11T20:00:00.0000000+02:00,2.469,
2026-01-11T20:10:00.0000000+02:00,2.48,
2026-01-11T20:20:00.0000000+02:00,2.475,
2026-01-11T20:30:00.0000000+02:00,2.481,
2026-01-11T20:40:00.0000000+02:00,2.483,
2026-01-11T20:50:00.0000000+02:00,2.486,
2026-01-11T21:00:00.0000000+02:00,2.488,
2026-01-11T21:10:00.0000000+02:00,2.487,
2026-01-11T21:20:00.0000000+02:00,2.491,
2026-01-11T21:30:00.0000000+02:00,2.489,
2026-01-11T21:40:00.0000000+02:00,2.489,
2026-01-11T21:50:00.0000000+02:00,2.492,
2026-01-11T22:00:00.0000000+02:00,2.494,
2026-01-11T22:10:00.0000000+02:00,2.496,
2026-01-11T22:20:00.0000000+02:00,2.496,
2026-01-11T22:30:00.0000000+02:00,2.498,
2026-01-11T22:40:00.0000000+02:00,2.501,
2026-01-11T22:50:00.0000000+02:00,2.504,
2026-01-11T23:00:00.0000000+02:00,2.503,
2026-01-11T23:10:00.0000000+02:00,2.506,
2026-01-11T23:20:00.0000000+02:00,2.507,
2026-01-11T23:30:00.0000000+02:00,2.504,
2026-01-11T23:40:00.0000000+02:00,2.511,
2026-01-11T23:50:00.0000000+02:00,2.511,
2026-01-12T00:00:00.0000000+02:00,2.516,
2026-01-12T00:10:00.0000000+02:00,2.514,
2026-01-12T00:20:00.0000000+02:00,2.518,
2026-01-12T00:30:00.0000000+02:00,2.515,
2026-01-12T00:40:00.0000000+02:00,2.514,
2026-01-12T00:50:00.0000000+02:00,2.516,
2026-01-12T01:00:00.0000000+02:00,2.519,
2026-01-12T01:10:00.0000000+02:00,2.519,
2026-01-12T01:20:00.0000000+02:00,2.519,
2026-01-12T01:30:00.0000000+02:00,2.526,
2026-01-12T01:40:00.0000000+02:00,2.526,
2026-01-12T01:50:00.0000000+02:00,2.527,
2026-01-12T02:00:00.0000000+02:00,2.529,
2026-01-12T02:10:00.0000000+02:00,2.527,
2026-01-12T02:20:00.0000000+02:00,2.531,
2026-01-12T02:30:00.0000000+02:00,2.531,
2026-01-12T02:40:00.0000000+02:00,2.533,
2026-01-12T02:50:00.0000000+02:00,2.533,
2026-01-12T03:00:00.0000000+02:00,2.534,
2026-01-12T03:10:00.0000000+02:00,2.531,
2026-01-12T03:20:00.0000000+02:00,2.533,
2026-01-12T03:30:00.0000000+02:00,2.536,
2026-01-12T03:40:00.0000000+02:00,2.533,
2026-01-12T03:50:00.0000000+02:00,2.535,
2026-01-12T04:00:00.0000000+02:00,2.534,
2026-01-12T04:10:00.0000000+02:00,2.534,
2026-01-12T04:20:00.0000000+02:00,2.539,
2026-01-12T04:30:00.0000000+02:00,2.535,
2026-01-12T04:40:00.0000000+02:00,2.533,
2026-01-12T04:50:00.0000000+02:00,2.534,
2026-01-12T05:00:00.0000000+02:00,2.541,
2026-01-12T05:10:00.0000000+02:00,2.538,
2026-01-12T05:20:00.0000000+02:00,2.538,
2026-01-12T05:30:00.0000000+02:00,2.541,
2026-01-12T05:40:00.0000000+02:00,2.536,
2026-01-12T05:50:00.0000000+02:00,2.542,
2026-01-12T06:00:00.0000000+02:00,2.541,
2026-01-12T06:10:00.0000000+02:00,2.54,
2026-01-12T06:20:00.0000000+02:00,2.544,
2026-01-12T06:30:00.0000000+02:00,2.538,
2026-01-12T06:40:00.0000000+02:00,2.536,
2026-01-12T06:50:00.0000000+02:00,2.535,
2026-01-12T07:00:00.0000000+02:00,2.541,
2026-01-12T07:10:00.0000000+02:00,2.536,
2026-01-12T07:20:00.0000000+02:00,2.538,
2026-01-12T07:30:00.0000000+02:00,2.538,
2026-01-12T07:40:00.0000000+02:00,2.529,
2026-01-12T07:50:00.0000000+02:00,2.533,
2026-01-12T08:00:00.0000000+02:00,2.535,
2026-01-12T08:10:00.0000000+02:00,2.533,
2026-01-12T08:20:00.0000000+02:00,2.538,
2026-01-12T08:30:00.0000000+02:00,2.532,
2026-01-12T08:40:00.0000000+02:00,2.535,
2026-01-12T08:50:00.0000000+02:00,2.527,
2026-01-12T09:00:00.0000000+02:00,2.536,
2026-01-12T09:10:00.0000000+02:00,2.535,
2026-01-12T09:20:00.0000000+02:00,2.527,
2026-01-12T09:30:00.0000000+02:00,2.527,
2026-01-12T09:40:00.0000000+02:00,2.531,
2026-01-12T09:50:00.0000000+02:00,2.526,
2026-01-12T10:00:00.0000000+02:00,2.52,
2026-01-12T10:10:00.0000000+02:00,2.524,
2026-01-12T10:20:00.0000000+02:00,2.52,
2026-01-12T10:30:00.0000000+02:00,2.522,
2026-01-12T10:40:00.0000000+02:00,2.524,
2026-01-12T10:50:00.0000000+02:00,2.518,
2026-01-12T11:00:00.0000000+02:00,2.522,
2026-01-12T11:10:00.0000000+02:00,2.525,
2026-01-12T11:20:00.0000000+02:00,2.516,
2026-01-12T11:30:00.0000000+02:00,2.52,
2026-01-12T11:40:00.0000000+02:00,2.521,
2026-01-12T11:50:00.0000000+02:00,2.522,
2026-01-12T12:00:00.0000000+02:00,2.518,
2026-01-12T12:10:00.0000000+02:00,2.516,
2026-01-12T12:20:00.0000000+02:00,2.517,
2026-01-12T12:30:00.0000000+02:00,2.519,
2026-01-12T12:40:00.0000000+02:00,2.504,
2026-01-12T12:50:00.0000000+02:00,2.506,
2026-01-12T13:00:00.0000000+02:00,2.494,
2026-01-12T13:10:00.0000000+02:00,2.51,
2026-01-12T13:20:00.0000000+02:00,2.514,
2026-01-12T13:30:00.0000000+02:00,2.518,
2026-01-12T13:40:00.0000000+02:00,2.52,
2026-01-12T13:50:00.0000000+02:00,2.504,
2026-01-12T14:00:00.0000000+02:00,2.509,
2026-01-12T14:10:00.0000000+02:00,2.51,
2026-01-12T14:20:00.0000000+02:00,2.514,
2026-01-12T14:30:00.0000000+02:00,2.514,
2026-01-12T14:40:00.0000000+02:00,2.51,
2026-01-12T14:50:00.0000000+02:00,2.509,
2026-01-12T15:00:00.0000000+02:00,2.51,
2026-01-12T15:10:00.0000000+02:00,2.515,
2026-01-12T15:20:00.0000000+02:00,2.505,
2026-01-12T15:30:00.0000000+02:00,2.506,
2026-01-12T15:40:00.0000000+02:00,2.507,
2026-01-12T15:50:00.0000000+02:00,2.497,
2026-01-12T16:00:00.0000000+02:00,2.476,
2026-01-12T16:10:00.0000000+02:00,2.478,
2026-01-12T16:20:00.0000000+02:00,2.49,
2026-01-12T16:30:00.0000000+02:00,2.477,
2026-01-12T16:40:00.0000000+02:00,2.492,
2026-01-12T16:50:00.0000000+02:00,2.511,
2026-01-12T17:00:00.0000000+02:00,2.505,
2026-01-12T17:10:00.0000000+02:00,2.494,
2026-01-12T17:20:00.0000000+02:00,2.5,
2026-01-12T17:30:00.0000000+02:00,2.495,
2026-01-12T17:40:00.0000000+02:00,2.497,
2026-01-12T17:50:00.0000000+02:00,2.497,
2026-01-12T18:00:00.0000000+02:00,2.498,
2026-01-12T18:10:00.0000000+02:00,2.492,
2026-01-12T18:20:00.0000000+02:00,2.491,
2026-01-12T18:30:00.0000000+02:00,2.493,
2026-01-12T18:40:00.0000000+02:00,2.491,
2026-01-12T18:50:00.0000000+02:00,2.496,
2026-01-12T19:00:00.0000000+02:00,2.492,
2026-01-12T19:10:00.0000000+02:00,2.489,
2026-01-12T19:20:00.0000000+02:00,2.488,
2026-01-12T19:30:00.0000000+02:00,2.49,
2026-01-12T19:40:00.0000000+02:00,2.488,
2026-01-12T19:50:00.0000000+02:00,2.49,
2026-01-12T20:00:00.0000000+02:00,2.483,
2026-01-12T20:10:00.0000000+02:00,2.483,
2026-01-12T20:20:00.0000000+02:00,2.481,
2026-01-12T20:30:00.0000000+02:00,2.478,
2026-01-12T20:40:00.0000000+02:00,2.483,
2026-01-12T20:50:00.0000000+02:00,2.482,
2026-01-12T21:00:00.0000000+02:00,2.48,
2026-01-12T21:10:00.0000000+02:00,2.482,
2026-01-12T21:20:00.0000000+02:00,2.477,
2026-01-12T21:30:00.0000000+02:00,2.482,
2026-01-12T21:40:00.0000000+02:00,2.483,
2026-01-12T21:50:00.0000000+02:00,2.482,
2026-01-12T22:00:00.0000000+02:00,2.48,
2026-01-12T22:10:00.0000000+02:00,2.483,
2026-01-12T22:20:00.0000000+02:00,2.477,
2026-01-12T22:30:00.0000000+02:00,2.483,
2026-01-12T22:40:00.0000000+02:00,2.483,
2026-01-12T22:50:00.0000000+02:00,2.481,
2026-01-12T23:00:00.0000000+02:00,2.48,
2026-01-12T23:10:00.0000000+02:00,2.478,
2026-01-12T23:20:00.0000000+02:00,2.479,
2026-01-12T23:30:00.0000000+02:00,2.477,
2026-01-12T23:40:00.0000000+02:00,2.473,
2026-01-12T23:50:00.0000000+02:00,2.483,
2026-01-13T00:00:00.0000000+02:00,2.481,
2026-01-13T00:10:00.0000000+02:00,2.479,
2026-01-13T00:20:00.0000000+02:00,2.475,
2026-01-13T00:30:00.0000000+02:00,2.477,
2026-01-13T00:40:00.0000000+02:00,2.474,
2026-01-13T00:50:00.0000000+02:00,2.475,
2026-01-13T01:00:00.0000000+02:00,2.472,
2026-01-13T01:10:00.0000000+02:00,2.471,
2026-01-13T01:20:00.0000000+02:00,2.471,
2026-01-13T01:30:00.0000000+02:00,2.472,
2026-01-13T01:40:00.0000000+02:00,2.474,
2026-01-13T01:50:00.0000000+02:00,2.471,
2026-01-13T02:00:00.0000000+02:00,2.473,
2026-01-13T02:10:00.0000000+02:00,2.47,
2026-01-13T02:20:00.0000000+02:00,2.47,
2026-01-13T02:30:00.0000000+02:00,2.469,
2026-01-13T02:40:00.0000000+02:00,2.467,
2026-01-13T02:50:00.0000000+02:00,2.463,
2026-01-13T03:00:00.0000000+02:00,2.467,
2026-01-13T03:10:00.0000000+02:00,2.465,
2026-01-13T03:20:00.0000000+02:00,2.466,
2026-01-13T03:30:00.0000000+02:00,2.462,
2026-01-13T03:40:00.0000000+02:00,2.466,
2026-01-13T03:50:00.0000000+02:00,2.467,
2026-01-13T04:00:00.0000000+02:00,2.462,
2026-01-13T04:10:00.0000000+02:00,2.465,
2026-01-13T04:20:00.0000000+02:00,2.466,
2026-01-13T04:30:00.0000000+02:00,2.466,
2026-01-13T04:40:00.0000000+02:00,2.464,
2026-01-13T04:50:00.0000000+02:00,2.47,
2026-01-13T05:00:00.0000000+02:00,2.462,
2026-01-13T05:10:00.0000000+02:00,2.463,
2026-01-13T05:20:00.0000000+02:00,2.462,
2026-01-13T05:30:00.0000000+02:00,2.465,
2026-01-13T05:40:00.0000000+02:00,2.468,
2026-01-13T05:50:00.0000000+02:00,2.461,
2026-01-13T06:00:00.0000000+02:00,2.469,
2026-01-13T06:10:00.0000000+02:00,2.466,
2026-01-13T06:20:00.0000000+02:00,2.464,
2026-01-13T06:30:00.0000000+02:00,2.464,
2026-01-13T06:40:00.0000000+02:00,2.465,
2026-01-13T06:50:00.0000000+02:00,2.464,
2026-01-13T07:00:00.0000000+02:00,2.46,
2026-01-13T07:10:00.0000000+02:00,2.464,
2026-01-13T07:20:00.0000000+02:00,2.458,
2026-01-13T07:30:00.0000000+02:00,2.452,
2026-01-13T07:40:00.0000000+02:00,2.457,
2026-01-13T07:50:00.0000000+02:00,2.453,
2026-01-13T08:00:00.0000000+02:00,2.458,
2026-01-13T08:10:00.0000000+02:00,2.454,
2026-01-13T08:20:00.0000000+02:00,2.453,
2026-01-13T08:30:00.0000000+02:00,2.451,
2026-01-13T08:40:00.0000000+02:00,2.454,
2026-01-13T08:50:00.0000000+02:00,2.456,
2026-01-13T09:00:00.0000000+02:00,2.456,
2026-01-13T09:10:00.0000000+02:00,2.456,
2026-01-13T09:20:00.0000000+02:00,2.456,
2026-01-13T09:30:00.0000000+02:00,2.455,
2026-01-13T09:40:00.0000000+02:00,2.454,
2026-01-13T09:50:00.0000000+02:00,2.456,
2026-01-13T10:00:00.0000000+02:00,2.456,
2026-01-13T10:10:00.0000000+02:00,2.453,
2026-01-13T10:20:00.0000000+02:00,2.456,
2026-01-13T10:30:00.0000000+02:00,2.453,
2026-01-13T10:40:00.0000000+02:00,2.454,
2026-01-13T10:50:00.0000000+02:00,2.459,
2026-01-13T11:00:00.0000000+02:00,2.458,
2026-01-13T11:10:00.0000000+02:00,2.455,
2026-01-13T11:20:00.0000000+02:00,2.453,
2026-01-13T11:30:00.0000000+02:00,2.451,
2026-01-13T11:40:00.0000000+02:00,2.445,
2026-01-13T11:50:00.0000000+02:00,2.447,
2026-01-13T12:00:00.0000000+02:00,2.452,
2026-01-13T12:10:00.0000000+02:00,2.449,
2026-01-13T12:20:00.0000000+02:00,2.445,
2026-01-13T12:30:00.0000000+02:00,2.448,
2026-01-13T12:40:00.0000000+02:00,2.434,
2026-01-13T12:50:00.0000000+02:00,2.408,
2026-01-13T13:00:00.0000000+02:00,2.416,
2026-01-13T13:10:00.0000000+02:00,2.416,
2026-01-13T13:20:00.0000000+02:00,2.434,
2026-01-13T13:30:00.0000000+02:00,2.453,
2026-01-13T13:40:00.0000000+02:00,2.427,
2026-01-13T13:50:00.0000000+02:00,2.434,
2026-01-13T14:00:00.0000000+02:00,2.448,
2026-01-13T14:10:00.0000000+02:00,2.444,
2026-01-13T14:20:00.0000000+02:00,2.449,
2026-01-13T14:30:00.0000000+02:00,2.445,
2026-01-13T14:40:00.0000000+02:00,2.448,
2026-01-13T14:50:00.0000000+02:00,2.445,
2026-01-13T15:00:00.0000000+02:00,2.446,
2026-01-13T15:10:00.0000000+02:00,2.442,
2026-01-13T15:20:00.0000000+02:00,2.441,
2026-01-13T15:30:00.0000000+02:00,2.444,
2026-01-13T15:40:00.0000000+02:00,2.44,
2026-01-13T15:50:00.0000000+02:00,2.438,
2026-01-13T16:00:00.0000000+02:00,2.444,
2026-01-13T16:10:00.0000000+02:00,2.445,
2026-01-13T16:20:00.0000000+02:00,2.439,
2026-01-13T16:30:00.0000000+02:00,2.44,
2026-01-13T16:40:00.0000000+02:00,2.438,
2026-01-13T16:50:00.0000000+02:00,2.439,
2026-01-13T17:00:00.0000000+02:00,2.436,
2026-01-13T17:10:00.0000000+02:00,2.438,
2026-01-13T17:20:00.0000000+02:00,2.44,
2026-01-13T17:30:00.0000000+02:00,2.434,
2026-01-13T17:40:00.0000000+02:00,2.443,
2026-01-13T17:50:00.0000000+02:00,2.437,
2026-01-13T18:00:00.0000000+02:00,2.441,
2026-01-13T18:10:00.0000000+02:00,2.441,
2026-01-13T18:20:00.0000000+02:00,2.442,
2026-01-13T18:30:00.0000000+02:00,2.438,
2026-01-13T18:40:00.0000000+02:00,2.443,
2026-01-13T18:50:00.0000000+02:00,2.443,
2026-01-13T19:00:00.0000000+02:00,2.438,
2026-01-13T19:10:00.0000000+02:00,2.44,
2026-01-13T19:20:00.0000000+02:00,2.437,
2026-01-13T19:30:00.0000000+02:00,2.434,
2026-01-13T19:40:00.0000000+02:00,2.437,
2026-01-13T19:50:00.0000000+02:00,2.437,
2026-01-13T20:00:00.0000000+02:00,2.437,
2026-01-13T20:10:00.0000000+02:00,2.435,
2026-01-13T20:20:00.0000000+02:00,2.439,
2026-01-13T20:30:00.0000000+02:00,2.439,
2026-01-13T20:40:00.0000000+02:00,2.44,
2026-01-13T20:50:00.0000000+02:00,2.442,
2026-01-13T21:00:00.0000000+02:00,2.44,
2026-01-13T21:10:00.0000000+02:00,2.441,
2026-01-13T21:20:00.0000000+02:00,2.439,
2026-01-13T21:30:00.0000000+02:00,2.439,
2026-01-13T21:40:00.0000000+02:00,2.438,
2026-01-13T21:50:00.0000000+02:00,2.44,
2026-01-13T22:00:00.0000000+02:00,2.438,
2026-01-13T22:10:00.0000000+02:00,2.442,
2026-01-13T22:20:00.0000000+02:00,2.437,
2026-01-13T22:30:00.0000000+02:00,2.438,
2026-01-13T22:40:00.0000000+02:00,2.436,
2026-01-13T22:50:00.0000000+02:00,2.439,
2026-01-13T23:00:00.0000000+02:00,2.436,
2026-01-13T23:10:00.0000000+02:00,2.444,
2026-01-13T23:20:00.0000000+02:00,2.44,
2026-01-13T23:30:00.0000000+02:00,2.44,
2026-01-13T23:40:00.0000000+02:00,2.445,
2026-01-13T23:50:00.0000000+02:00,2.446,
2026-01-14T00:00:00.0000000+02:00,2.448,
2026-01-14T00:10:00.0000000+02:00,2.449,
2026-01-14T00:20:00.0000000+02:00,2.443,
2026-01-14T00:30:00.0000000+02:00,2.44,
2026-01-14T00:40:00.0000000+02:00,2.441,
2026-01-14T00:50:00.0000000+02:00,2.437,
2026-01-14T01:00:00.0000000+02:00,2.443,
2026-01-14T01:10:00.0000000+02:00,2.442,
2026-01-14T01:20:00.0000000+02:00,2.438,
2026-01-14T01:30:00.0000000+02:00,2.437,
2026-01-14T01:40:00.0000000+02:00,2.436,
2026-01-14T01:50:00.0000000+02:00,2.435,
2026-01-14T02:00:00.0000000+02:00,2.436,
2026-01-14T02:10:00.0000000+02:00,2.438,
2026-01-14T02:20:00.0000000+02:00,2.434,
2026-01-14T02:30:00.0000000+02:00,2.436,
2026-01-14T02:40:00.0000000+02:00,2.437,
2026-01-14T02:50:00.0000000+02:00,2.433,
2026-01-14T03:00:00.0000000+02:00,2.433,
2026-01-14T03:10:00.0000000+02:00,2.433,
2026-01-14T03:20:00.0000000+02:00,2.439,
2026-01-14T03:30:00.0000000+02:00,2.431,
2026-01-14T03:40:00.0000000+02:00,2.435,
2026-01-14T03:50:00.0000000+02:00,2.434,
2026-01-14T04:00:00.0000000+02:00,2.429,
2026-01-14T04:10:00.0000000+02:00,2.43,
2026-01-14T04:20:00.0000000+02:00,2.433,
2026-01-14T04:30:00.0000000+02:00,2.429,
2026-01-14T04:40:00.0000000+02:00,2.427,
2026-01-14T04:50:00.0000000+02:00,2.425,
2026-01-14T05:00:00.0000000+02:00,2.428,
2026-01-14T05:10:00.0000000+02:00,2.426,
2026-01-14T05:20:00.0000000+02:00,2.426,
2026-01-14T05:30:00.0000000+02:00,2.429,
2026-01-14T05:40:00.0000000+02:00,2.429,
2026-01-14T05:50:00.0000000+02:00,2.425,
2026-01-14T06:00:00.0000000+02:00,2.422,
2026-01-14T06:10:00.0000000+02:00,2.423,
2026-01-14T06:20:00.0000000+02:00,2.423,
2026-01-14T06:30:00.0000000+02:00,2.424,
2026-01-14T06:40:00.0000000+02:00,2.423,
2026-01-14T06:50:00.0000000+02:00,2.419,
2026-01-14T07:00:00.0000000+02:00,2.42,
2026-01-14T07:10:00.0000000+02:00,2.417,
2026-01-14T07:20:00.0000000+02:00,2.412,
2026-01-14T07:30:00.0000000+02:00,2.411,
2026-01-14T07:40:00.0000000+02:00,2.404,
2026-01-14T07:50:00.0000000+02:00,2.403,
2026-01-14T08:00:00.0000000+02:00,2.409,
2026-01-14T08:10:00.0000000+02:00,2.401,
2026-01-14T08:20:00.0000000+02:00,2.404,
2026-01-14T08:30:00.0000000+02:00,2.401,
2026-01-14T08:40:00.0000000+02:00,2.398,
2026-01-14T08:50:00.0000000+02:00,2.396,
2026-01-14T09:00:00.0000000+02:00,2.393,
2026-01-14T09:10:00.0000000+02:00,2.392,
2026-01-14T09:20:00.0000000+02:00,2.39,
2026-01-14T09:30:00.0000000+02:00,2.386,
2026-01-14T09:40:00.0000000+02:00,2.386,
2026-01-14T09:50:00.0000000+02:00,2.384,
2026-01-14T10:00:00.0000000+02:00,2.381,
2026-01-14T10:10:00.0000000+02:00,2.379,
2026-01-14T10:20:00.0000000+02:00,2.381,
2026-01-14T10:30:00.0000000+02:00,2.378,
2026-01-14T10:40:00.0000000+02:00,2.378,
2026-01-14T10:50:00.0000000+02:00,2.375,
2026-01-14T11:00:00.0000000+02:00,2.374,
2026-01-14T11:10:00.0000000+02:00,2.373,
2026-01-14T11:20:00.0000000+02:00,2.361,
2026-01-14T11:30:00.0000000+02:00,2.348,
2026-01-14T11:40:00.0000000+02:00,2.36,
2026-01-14T11:50:00.0000000+02:00,2.367,
2026-01-14T12:00:00.0000000+02:00,2.342,
2026-01-14T12:10:00.0000000+02:00,2.361,
2026-01-14T12:20:00.0000000+02:00,2.357,
2026-01-14T12:30:00.0000000+02:00,2.331,
2026-01-14T12:40:00.0000000+02:00,2.347,
2026-01-14T12:50:00.0000000+02:00,2.339,
2026-01-14T13:00:00.0000000+02:00,2.323,
2026-01-14T13:10:00.0000000+02:00,2.325,
2026-01-14T13:20:00.0000000+02:00,2.334,
2026-01-14T13:30:00.0000000+02:00,2.329,
2026-01-14T13:40:00.0000000+02:00,2.342,
2026-01-14T13:50:00.0000000+02:00,2.33,
2026-01-14T14:00:00.0000000+02:00,2.336,
2026-01-14T14:10:00.0000000+02:00,2.318,
2026-01-14T14:20:00.0000000+02:00,2.333,
2026-01-14T14:30:00.0000000+02:00,2.349,
2026-01-14T14:40:00.0000000+02:00,2.351,
2026-01-14T14:50:00.0000000+02:00,2.333,
2026-01-14T15:00:00.0000000+02:00,2.336,
2026-01-14T15:10:00.0000000+02:00,2.336,
2026-01-14T15:20:00.0000000+02:00,2.349,
2026-01-14T15:30:00.0000000+02:00,2.347,
2026-01-14T15:40:00.0000000+02:00,2.325,
2026-01-14T15:50:00.0000000+02:00,2.329,
2026-01-14T16:00:00.0000000+02:00,2.332,
2026-01-14T16:10:00.0000000+02:00,2.351,
2026-01-14T16:20:00.0000000+02:00,2.347,
2026-01-14T16:30:00.0000000+02:00,2.347,
2026-01-14T16:40:00.0000000+02:00,2.351,
2026-01-14T16:50:00.0000000+02:00,2.35,
2026-01-14T17:00:00.0000000+02:00,2.343,
2026-01-14T17:10:00.0000000+02:00,2.345,
2026-01-14T17:20:00.0000000+02:00,2.345,
2026-01-14T17:30:00.0000000+02:00,2.341,
2026-01-14T17:40:00.0000000+02:00,2.344,
2026-01-14T17:50:00.0000000+02:00,2.342,
2026-01-14T18:00:00.0000000+02:00,2.343,
2026-01-14T18:10:00.0000000+02:00,2.345,
2026-01-14T18:20:00.0000000+02:00,2.342,
2026-01-14T18:30:00.0000000+02:00,2.343,
2026-01-14T18:40:00.0000000+02:00,2.337,
2026-01-14T18:50:00.0000000+02:00,2.338,
2026-01-14T19:00:00.0000000+02:00,2.34,
2026-01-14T19:10:00.0000000+02:00,2.341,
2026-01-14T19:20:00.0000000+02:00,2.343,
2026-01-14T19:30:00.0000000+02:00,2.342,
2026-01-14T19:40:00.0000000+02:00,2.345,
2026-01-14T19:50:00.0000000+02:00,2.342,
2026-01-14T20:00:00.0000000+02:00,2.339,
2026-01-14T20:10:00.0000000+02:00,2.34,
2026-01-14T20:20:00.0000000+02:00,2.345,
2026-01-14T20:30:00.0000000+02:00,2.346,
2026-01-14T20:40:00.0000000+02:00,2.347,
2026-01-14T20:50:00.0000000+02:00,2.343,
2026-01-14T21:00:00.0000000+02:00,2.351,
2026-01-14T21:10:00.0000000+02:00,2.347,
2026-01-14T21:20:00.0000000+02:00,2.347,
2026-01-14T21:30:00.0000000+02:00,2.354,
2026-01-14T21:40:00.0000000+02:00,2.35,
2026-01-14T21:50:00.0000000+02:00,2.346,
2026-01-14T22:00:00.0000000+02:00,2.351,
2026-01-14T22:10:00.0000000+02:00,2.351,
2026-01-14T22:20:00.0000000+02:00,2.348,
2026-01-14T22:30:00.0000000+02:00,2.35,
2026-01-14T22:40:00.0000000+02:00,2.352,
2026-01-14T22:50:00.0000000+02:00,2.35,
2026-01-14T23:00:00.0000000+02:00,2.352,
2026-01-14T23:10:00.0000000+02:00,2.35,
2026-01-14T23:20:00.0000000+02:00,2.348,
2026-01-14T23:30:00.0000000+02:00,2.343,
2026-01-14T23:40:00.0000000+02:00,2.355,
2026-01-14T23:50:00.0000000+02:00,2.353,
2026-01-15T00:00:00.0000000+02:00,2.347,
2026-01-15T00:10:00.0000000+02:00,2.349,
2026-01-15T00:20:00.0000000+02:00,2.351,
2026-01-15T00:30:00.0000000+02:00,2.351,
2026-01-15T00:40:00.0000000+02:00,2.351,
2026-01-15T00:50:00.0000000+02:00,2.352,
2026-01-15T01:00:00.0000000+02:00,2.354,
2026-01-15T01:10:00.0000000+02:00,2.346,
2026-01-15T01:20:00.0000000+02:00,2.349,
2026-01-15T01:30:00.0000000+02:00,2.348,
2026-01-15T01:40:00.0000000+02:00,2.342,
2026-01-15T01:50:00.0000000+02:00,2.34,
2026-01-15T02:00:00.0000000+02:00,2.339,
2026-01-15T02:10:00.0000000+02:00,2.339,
2026-01-15T02:20:00.0000000+02:00,2.34,
2026-01-15T02:30:00.0000000+02:00,2.334,
2026-01-15T02:40:00.0000000+02:00,2.339,
2026-01-15T02:50:00.0000000+02:00,2.334,
2026-01-15T03:00:00.0000000+02:00,2.337,
2026-01-15T03:10:00.0000000+02:00,2.331,
2026-01-15T03:20:00.0000000+02:00,2.33,
2026-01-15T03:30:00.0000000+02:00,2.335,
2026-01-15T03:40:00.0000000+02:00,2.331,
2026-01-15T03:50:00.0000000+02:00,2.335,
2026-01-15T04:00:00.0000000+02:00,2.324,
2026-01-15T04:10:00.0000000+02:00,2.319,
2026-01-15T04:20:00.0000000+02:00,2.32,
2026-01-15T04:30:00.0000000+02:00,2.322,
2026-01-15T04:40:00.0000000+02:00,2.318,
2026-01-15T04:50:00.0000000+02:00,2.317,
2026-01-15T05:00:00.0000000+02:00,2.314,
2026-01-15T05:10:00.0000000+02:00,2.316,
2026-01-15T05:20:00.0000000+02:00,2.314,
2026-01-15T05:30:00.0000000+02:00,2.31,
2026-01-15T05:40:00.0000000+02:00,2.309,
2026-01-15T05:50:00.0000000+02:00,2.304,
2026-01-15T06:00:00.0000000+02:00,2.302,
2026-01-15T06:10:00.0000000+02:00,2.304,
2026-01-15T06:20:00.0000000+02:00,2.302,
2026-01-15T06:30:00.0000000+02:00,2.297,
2026-01-15T06:40:00.0000000+02:00,2.29,
2026-01-15T06:50:00.0000000+02:00,2.291,
2026-01-15T07:00:00.0000000+02:00,2.288,
2026-01-15T07:10:00.0000000+02:00,2.287,
2026-01-15T07:20:00.0000000+02:00,2.287,
2026-01-15T07:30:00.0000000+02:00,2.286,
2026-01-15T07:40:00.0000000+02:00,2.277,
2026-01-15T07:50:00.0000000+02:00,2.273,
2026-01-15T08:00:00.0000000+02:00,2.273,
2026-01-15T08:10:00.0000000+02:00,2.271,
2026-01-15T08:20:00.0000000+02:00,2.264,
2026-01-15T08:30:00.0000000+02:00,2.256,
2026-01-15T08:40:00.0000000+02:00,2.244,
2026-01-15T08:50:00.0000000+02:00,2.256,
2026-01-15T09:00:00.0000000+02:00,2.253,
2026-01-15T09:10:00.0000000+02:00,2.25,
2026-01-15T09:20:00.0000000+02:00,2.248,
2026-01-15T09:30:00.0000000+02:00,2.243,
2026-01-15T09:40:00.0000000+02:00,2.24,
2026-01-15T09:50:00.0000000+02:00,2.23,
2026-01-15T10:00:00.0000000+02:00,2.226,
2026-01-15T10:10:00.0000000+02:00,2.227,
2026-01-15T10:20:00.0000000+02:00,2.223,
2026-01-15T10:30:00.0000000+02:00,2.218,
2026-01-15T10:40:00.0000000+02:00,2.22,
2026-01-15T10:50:00.0000000+02:00,2.211,
2026-01-15T11:00:00.0000000+02:00,2.202,
2026-01-15T11:10:00.0000000+02:00,2.177,
2026-01-15T11:20:00.0000000+02:00,2.18,
2026-01-15T11:30:00.0000000+02:00,2.188,
2026-01-15T11:40:00.0000000+02:00,2.179,
2026-01-15T11:50:00.0000000+02:00,2.171,
2026-01-15T12:00:00.0000000+02:00,2.168,
2026-01-15T12:10:00.0000000+02:00,2.167,
2026-01-15T12:20:00.0000000+02:00,2.175,
2026-01-15T12:30:00.0000000+02:00,2.153,
2026-01-15T12:40:00.0000000+02:00,2.157,
2026-01-15T12:50:00.0000000+02:00,2.154,
2026-01-15T13:00:00.0000000+02:00,2.15,
2026-01-15T13:10:00.0000000+02:00,2.165,
2026-01-15T13:20:00.0000000+02:00,2.169,
2026-01-15T13:30:00.0000000+02:00,2.173,
2026-01-15T13:40:00.0000000+02:00,2.177,
2026-01-15T13:50:00.0000000+02:00,2.168,
2026-01-15T14:00:00.0000000+02:00,2.152,
2026-01-15T14:10:00.0000000+02:00,2.148,
2026-01-15T14:20:00.0000000+02:00,2.149,
2026-01-15T14:30:00.0000000+02:00,2.164,
2026-01-15T14:40:00.0000000+02:00,2.157,
2026-01-15T14:50:00.0000000+02:00,2.165,
2026-01-15T15:00:00.0000000+02:00,2.146,
2026-01-15T15:10:00.0000000+02:00,2.145,
2026-01-15T15:20:00.0000000+02:00,2.147,
2026-01-15T15:30:00.0000000+02:00,2.15,
2026-01-15T15:40:00.0000000+02:00,2.154,
2026-01-15T15:50:00.0000000+02:00,2.152,
2026-01-15T16:00:00.0000000+02:00,2.148,
2026-01-15T16:10:00.0000000+02:00,2.157,
2026-01-15T16:20:00.0000000+02:00,2.157,
2026-01-15T16:30:00.0000000+02:00,2.153,
2026-01-15T16:40:00.0000000+02:00,2.154,
2026-01-15T16:50:00.0000000+02:00,2.149,
2026-01-15T17:00:00.0000000+02:00,2.15,
2026-01-15T17:10:00.0000000+02:00,2.156,
2026-01-15T17:20:00.0000000+02:00,2.156,
2026-01-15T17:30:00.0000000+02:00,2.159,
2026-01-15T17:40:00.0000000+02:00,2.157,
2026-01-15T17:50:00.0000000+02:00,2.149,
2026-01-15T18:00:00.0000000+02:00,2.157,
2026-01-15T18:10:00.0000000+02:00,2.16,
2026-01-15T18:20:00.0000000+02:00,2.164,
2026-01-15T18:30:00.0000000+02:00,2.157,
2026-01-15T18:40:00.0000000+02:00,2.162,
2026-01-15T18:50:00.0000000+02:00,2.164,
2026-01-15T19:00:00.0000000+02:00,2.152,
2026-01-15T19:10:00.0000000+02:00,2.152,
2026-01-15T19:20:00.0000000+02:00,2.16,
2026-01-15T19:30:00.0000000+02:00,2.164,
2026-01-15T19:40:00.0000000+02:00,2.163,
2026-01-15T19:50:00.0000000+02:00,2.166,
2026-01-15T20:00:00.0000000+02:00,2.167,
2026-01-15T20:10:00.0000000+02:00,2.168,
2026-01-15T20:20:00.0000000+02:00,2.172,
2026-01-15T20:30:00.0000000+02:00,2.168,
2026-01-15T20:40:00.0000000+02:00,2.172,
2026-01-15T20:50:00.0000000+02:00,2.172,
2026-01-15T21:00:00.0000000+02:00,2.171,
2026-01-15T21:10:00.0000000+02:00,2.178,
2026-01-15T21:20:00.0000000+02:00,2.183,
2026-01-15T21:30:00.0000000+02:00,2.182,
2026-01-15T21:40:00.0000000+02:00,2.185,
2026-01-15T21:50:00.0000000+02:00,2.181,
2026-01-15T22:00:00.0000000+02:00,2.187,
2026-01-15T22:10:00.0000000+02:00,2.192,
2026-01-15T22:20:00.0000000+02:00,2.192,
2026-01-15T22:30:00.0000000+02:00,2.191,
2026-01-15T22:40:00.0000000+02:00,2.194,
2026-01-15T22:50:00.0000000+02:00,2.196,
2026-01-15T23:00:00.0000000+02:00,2.197,
2026-01-15T23:10:00.0000000+02:00,2.2,
2026-01-15T23:20:00.0000000+02:00,2.201,
2026-01-15T23:30:00.0000000+02:00,2.204,
2026-01-15T23:40:00.0000000+02:00,2.206,
2026-01-15T23:50:00.0000000+02:00,2.211,
2026-01-16T00:00:00.0000000+02:00,2.208,
2026-01-16T00:10:00.0000000+02:00,2.212,
2026-01-16T00:20:00.0000000+02:00,2.213,
2026-01-16T00:30:00.0000000+02:00,2.213,
2026-01-16T00:40:00.0000000+02:00,2.21,
2026-01-16T00:50:00.0000000+02:00,2.213,
2026-01-16T01:00:00.0000000+02:00,2.215,
2026-01-16T01:10:00.0000000+02:00,2.22,
2026-01-16T01:20:00.0000000+02:00,2.222,
2026-01-16T01:30:00.0000000+02:00,2.223,
2026-01-16T01:40:00.0000000+02:00,2.223,
2026-01-16T01:50:00.0000000+02:00,2.227,
2026-01-16T02:00:00.0000000+02:00,2.226,
2026-01-16T02:10:00.0000000+02:00,2.228,
2026-01-16T02:20:00.0000000+02:00,2.23,
2026-01-16T02:30:00.0000000+02:00,2.23,
2026-01-16T02:40:00.0000000+02:00,2.232,
2026-01-16T02:50:00.0000000+02:00,2.227,
2026-01-16T03:00:00.0000000+02:00,2.234,
2026-01-16T03:10:00.0000000+02:00,2.229,
2026-01-16T03:20:00.0000000+02:00,2.229,
2026-01-16T03:30:00.0000000+02:00,2.23,
2026-01-16T03:40:00.0000000+02:00,2.228,
2026-01-16T03:50:00.0000000+02:00,2.229,
2026-01-16T04:00:00.0000000+02:00,2.23,
2026-01-16T04:10:00.0000000+02:00,2.232,
2026-01-16T04:20:00.0000000+02:00,2.231,
2026-01-16T04:30:00.0000000+02:00,2.232,
2026-01-16T04:40:00.0000000+02:00,2.226,
2026-01-16T04:50:00.0000000+02:00,2.227,
2026-01-16T05:00:00.0000000+02:00,2.228,
2026-01-16T05:10:00.0000000+02:00,2.23,
2026-01-16T05:20:00.0000000+02:00,2.236,
2026-01-16T05:30:00.0000000+02:00,2.231,
2026-01-16T05:40:00.0000000+02:00,2.233,
2026-01-16T05:50:00.0000000+02:00,2.231,
2026-01-16T06:00:00.0000000+02:00,2.233,
2026-01-16T06:10:00.0000000+02:00,2.236,
2026-01-16T06:20:00.0000000+02:00,2.232,
2026-01-16T06:30:00.0000000+02:00,2.225,
2026-01-16T06:40:00.0000000+02:00,2.233,
2026-01-16T06:50:00.0000000+02:00,2.23,
2026-01-16T07:00:00.0000000+02:00,2.229,
2026-01-16T07:10:00.0000000+02:00,2.229,
2026-01-16T07:20:00.0000000+02:00,2.23,
2026-01-16T07:30:00.0000000+02:00,2.232,
2026-01-16T07:40:00.0000000+02:00,2.229,
2026-01-16T07:50:00.0000000+02:00,2.224,
2026-01-16T08:00:00.0000000+02:00,2.221,
2026-01-16T08:10:00.0000000+02:00,2.226,
2026-01-16T08:20:00.0000000+02:00,2.226,
2026-01-16T08:30:00.0000000+02:00,2.227,
2026-01-16T08:40:00.0000000+02:00,2.221,
2026-01-16T08:50:00.0000000+02:00,2.225,
2026-01-16T09:00:00.0000000+02:00,2.223,
2026-01-16T09:10:00.0000000+02:00,2.217,
2026-01-16T09:20:00.0000000+02:00,2.216,
2026-01-16T09:30:00.0000000+02:00,2.217,
2026-01-16T09:40:00.0000000+02:00,2.217,
2026-01-16T09:50:00.0000000+02:00,2.215,
2026-01-16T10:00:00.0000000+02:00,2.213,
2026-01-16T10:10:00.0000000+02:00,2.208,
2026-01-16T10:20:00.0000000+02:00,2.212,
2026-01-16T10:30:00.0000000+02:00,2.199,
2026-01-16T10:40:00.0000000+02:00,2.203,
2026-01-16T10:50:00.0000000+02:00,2.191,
2026-01-16T11:00:00.0000000+02:00,2.203,
2026-01-16T11:10:00.0000000+02:00,2.186,
2026-01-16T11:20:00.0000000+02:00,2.191,
2026-01-16T11:30:00.0000000+02:00,2.19,
2026-01-16T11:40:00.0000000+02:00,2.191,
2026-01-16T11:50:00.0000000+02:00,2.179,
2026-01-16T12:00:00.0000000+02:00,2.174,
2026-01-16T12:10:00.0000000+02:00,2.186,
2026-01-16T12:20:00.0000000+02:00,2.183,
2026-01-16T12:30:00.0000000+02:00,2.193,
2026-01-16T12:40:00.0000000+02:00,2.171,
2026-01-16T12:50:00.0000000+02:00,2.181,
2026-01-16T13:00:00.0000000+02:00,2.163,
2026-01-16T13:10:00.0000000+02:00,2.169,
2026-01-16T13:20:00.0000000+02:00,2.179,
2026-01-16T13:30:00.0000000+02:00,2.181,
2026-01-16T13:40:00.0000000+02:00,2.144,
2026-01-16T13:50:00.0000000+02:00,2.154,
2026-01-16T14:00:00.0000000+02:00,2.158,
2026-01-16T14:10:00.0000000+02:00,2.144,
2026-01-16T14:20:00.0000000+02:00,2.139,
2026-01-16T14:30:00.0000000+02:00,2.163,
2026-01-16T14:40:00.0000000+02:00,2.152,
2026-01-16T14:50:00.0000000+02:00,2.15,
2026-01-16T15:00:00.0000000+02:00,2.145,
2026-01-16T15:10:00.0000000+02:00,2.149,
2026-01-16T15:20:00.0000000+02:00,2.144,
2026-01-16T15:30:00.0000000+02:00,2.14,
2026-01-16T15:40:00.0000000+02:00,2.147,
2026-01-16T15:50:00.0000000+02:00,2.145,
2026-01-16T16:00:00.0000000+02:00,2.134,
2026-01-16T16:10:00.0000000+02:00,2.141,
2026-01-16T16:20:00.0000000+02:00,2.138,
2026-01-16T16:30:00.0000000+02:00,2.137,
2026-01-16T16:40:00.0000000+02:00,2.134,
2026-01-16T16:50:00.0000000+02:00,2.133,
2026-01-16T17:00:00.0000000+02:00,2.129,
2026-01-16T17:10:00.0000000+02:00,2.13,
2026-01-16T17:20:00.0000000+02:00,2.126,
2026-01-16T17:30:00.0000000+02:00,2.124,
2026-01-16T17:40:00.0000000+02:00,2.128,
2026-01-16T17:50:00.0000000+02:00,2.123,
2026-01-16T18:00:00.0000000+02:00,2.127,
2026-01-16T18:10:00.0000000+02:00,2.118,
2026-01-16T18:20:00.0000000+02:00,2.111,
2026-01-16T18:30:00.0000000+02:00,2.118,
2026-01-16T18:40:00.0000000+02:00,2.117,
2026-01-16T18:50:00.0000000+02:00,2.111,
2026-01-16T19:00:00.0000000+02:00,2.109,
2026-01-16T19:10:00.0000000+02:00,2.112,
2026-01-16T19:20:00.0000000+02:00,2.107,
2026-01-16T19:30:00.0000000+02:00,2.108,
2026-01-16T19:40:00.0000000+02:00,2.104,
2026-01-16T19:50:00.0000000+02:00,2.104,
2026-01-16T20:00:00.0000000+02:00,2.102,
2026-01-16T20:10:00.0000000+02:00,2.101,
2026-01-16T20:20:00.0000000+02:00,2.097,
2026-01-16T20:30:00.0000000+02:00,2.092,
2026-01-16T20:40:00.0000000+02:00,2.087,
2026-01-16T20:50:00.0000000+02:00,2.086,
2026-01-16T21:00:00.0000000+02:00,2.073,
2026-01-16T21:10:00.0000000+02:00,2.08,
2026-01-16T21:20:00.0000000+02:00,2.089,
2026-01-16T21:30:00.0000000+02:00,2.08,
2026-01-16T21:40:00.0000000+02:00,2.083,
2026-01-16T21:50:00.0000000+02:00,2.086,
2026-01-16T22:00:00.0000000+02:00,2.083,
2026-01-16T22:10:00.0000000+02:00,2.074,
2026-01-16T22:20:00.0000000+02:00,2.079,
2026-01-16T22:30:00.0000000+02:00,2.076,
2026-01-16T22:40:00.0000000+02:00,2.083,
2026-01-16T22:50:00.0000000+02:00,2.077,
2026-01-16T23:00:00.0000000+02:00,2.077,
2026-01-16T23:10:00.0000000+02:00,2.074,
2026-01-16T23:20:00.0000000+02:00,2.078,
2026-01-16T23:30:00.0000000+02:00,2.076,
2026-01-16T23:40:00.0000000+02:00,2.075,
2026-01-16T23:50:00.0000000+02:00,2.081,
2026-01-17T00:00:00.0000000+02:00,2.077,
2026-01-17T00:10:00.0000000+02:00,2.079,
2026-01-17T00:20:00.0000000+02:00,2.077,
2026-01-17T00:30:00.0000000+02:00,2.077,
2026-01-17T00:40:00.0000000+02:00,2.082,
2026-01-17T00:50:00.0000000+02:00,2.08,
2026-01-17T01:00:00.0000000+02:00,2.081,
2026-01-17T01:10:00.0000000+02:00,2.082,
2026-01-17T01:20:00.0000000+02:00,2.076,
2026-01-17T01:30:00.0000000+02:00,2.077,
2026-01-17T01:40:00.0000000+02:00,2.078,
2026-01-17T01:50:00.0000000+02:00,2.076,
2026-01-17T02:00:00.0000000+02:00,2.076,
2026-01-17T02:10:00.0000000+02:00,2.071,
2026-01-17T02:20:00.0000000+02:00,2.073,
2026-01-17T02:30:00.0000000+02:00,2.075,
2026-01-17T02:40:00.0000000+02:00,2.068,
2026-01-17T02:50:00.0000000+02:00,2.071,
2026-01-17T03:00:00.0000000+02:00,2.071,
2026-01-17T03:10:00.0000000+02:00,2.07,
2026-01-17T03:20:00.0000000+02:00,2.071,
2026-01-17T03:30:00.0000000+02:00,2.066,
2026-01-17T03:40:00.0000000+02:00,2.068,
2026-01-17T03:50:00.0000000+02:00,2.067,
2026-01-17T04:00:00.0000000+02:00,2.073,
2026-01-17T04:10:00.0000000+02:00,2.073,
2026-01-17T04:20:00.0000000+02:00,2.066,
2026-01-17T04:30:00.0000000+02:00,2.064,
2026-01-17T04:40:00.0000000+02:00,2.068,
2026-01-17T04:50:00.0000000+02:00,2.069,
2026-01-17T05:00:00.0000000+02:00,2.067,
2026-01-17T05:10:00.0000000+02:00,2.068,
2026-01-17T05:20:00.0000000+02:00,2.067,
2026-01-17T05:30:00.0000000+02:00,2.069,
2026-01-17T05:40:00.0000000+02:00,2.063,
2026-01-17T05:50:00.0000000+02:00,2.068,
2026-01-17T06:00:00.0000000+02:00,2.06,
2026-01-17T06:10:00.0000000+02:00,2.068,
2026-01-17T06:20:00.0000000+02:00,2.068,
2026-01-17T06:30:00.0000000+02:00,2.069,
2026-01-17T06:40:00.0000000+02:00,2.067,
2026-01-17T06:50:00.0000000+02:00,2.065,
2026-01-17T07:00:00.0000000+02:00,2.066,
2026-01-17T07:10:00.0000000+02:00,2.065,
2026-01-17T07:20:00.0000000+02:00,2.059,
2026-01-17T07:30:00.0000000+02:00,2.062,
2026-01-17T07:40:00.0000000+02:00,2.064,
2026-01-17T07:50:00.0000000+02:00,2.055,
2026-01-17T08:00:00.0000000+02:00,2.051,
2026-01-17T08:10:00.0000000+02:00,2.054,
2026-01-17T08:20:00.0000000+02:00,2.053,
2026-01-17T08:30:00.0000000+02:00,2.05,
2026-01-17T08:40:00.0000000+02:00,2.053,
2026-01-17T08:50:00.0000000+02:00,2.053,
2026-01-17T09:00:00.0000000+02:00,2.049,
2026-01-17T09:10:00.0000000+02:00,2.052,
2026-01-17T09:20:00.0000000+02:00,2.049,
2026-01-17T09:30:00.0000000+02:00,2.034,
2026-01-17T09:40:00.0000000+02:00,2.035,
2026-01-17T09:50:00.0000000+02:00,2.036,
2026-01-17T10:00:00.0000000+02:00,2.032,
2026-01-17T10:10:00.0000000+02:00,2.027,
2026-01-17T10:20:00.0000000+02:00,2.037,
2026-01-17T10:30:00.0000000+02:00,2.021,
2026-01-17T10:40:00.0000000+02:00,2.013,
2026-01-17T10:50:00.0000000+02:00,2.018,
2026-01-17T11:00:00.0000000+02:00,2.017,
2026-01-17T11:10:00.0000000+02:00,2.017,
2026-01-17T11:20:00.0000000+02:00,2.022,
2026-01-17T11:30:00.0000000+02:00,2.015,
2026-01-17T11:40:00.0000000+02:00,2.014,
2026-01-17T11:50:00.0000000+02:00,2.011,
2026-01-17T12:00:00.0000000+02:00,1.996,
2026-01-17T12:10:00.0000000+02:00,2.001,
2026-01-17T12:20:00.0000000+02:00,1.997,
2026-01-17T12:30:00.0000000+02:00,1.994,
2026-01-17T12:40:00.0000000+02:00,1.986,
2026-01-17T12:50:00.0000000+02:00,1.965,
2026-01-17T13:00:00.0000000+02:00,1.978,
2026-01-17T13:10:00.0000000+02:00,1.971,
2026-01-17T13:20:00.0000000+02:00,1.964,
2026-01-17T13:30:00.0000000+02:00,1.957,
2026-01-17T13:40:00.0000000+02:00,1.957,
2026-01-17T13:50:00.0000000+02:00,1.967,
2026-01-17T14:00:00.0000000+02:00,1.953,
2026-01-17T14:10:00.0000000+02:00,1.961,
2026-01-17T14:20:00.0000000+02:00,1.954,
2026-01-17T14:30:00.0000000+02:00,1.959,
2026-01-17T14:40:00.0000000+02:00,1.955,
2026-01-17T14:50:00.0000000+02:00,1.954,
2026-01-17T15:00:00.0000000+02:00,1.949,
2026-01-17T15:10:00.0000000+02:00,1.964,
2026-01-17T15:20:00.0000000+02:00,1.941,
2026-01-17T15:30:00.0000000+02:00,1.957,
2026-01-17T15:40:00.0000000+02:00,1.959,
2026-01-17T15:50:00.0000000+02:00,1.94,
2026-01-17T16:00:00.0000000+02:00,1.948,
2026-01-17T16:10:00.0000000+02:00,1.95,
2026-01-17T16:20:00.0000000+02:00,1.945,
2026-01-17T16:30:00.0000000+02:00,1.946,
2026-01-17T16:40:00.0000000+02:00,1.94,
2026-01-17T16:50:00.0000000+02:00,1.939,
2026-01-17T17:00:00.0000000+02:00,1.914,
2026-01-17T17:10:00.0000000+02:00,1.936,
2026-01-17T17:20:00.0000000+02:00,1.928,
2026-01-17T17:30:00.0000000+02:00,1.928,
2026-01-17T17:40:00.0000000+02:00,1.912,
2026-01-17T17:50:00.0000000+02:00,1.91,
2026-01-17T18:00:00.0000000+02:00,1.922,
2026-01-17T18:10:00.0000000+02:00,1.918,
2026-01-17T18:20:00.0000000+02:00,1.922,
2026-01-17T18:30:00.0000000+02:00,1.917,
2026-01-17T18:40:00.0000000+02:00,1.918,
2026-01-17T18:50:00.0000000+02:00,1.921,
2026-01-17T19:00:00.0000000+02:00,1.915,
2026-01-17T19:10:00.0000000+02:00,1.919,
2026-01-17T19:20:00.0000000+02:00,1.918,
2026-01-17T19:30:00.0000000+02:00,1.917,
2026-01-17T19:40:00.0000000+02:00,1.91,
2026-01-17T19:50:00.0000000+02:00,1.911,
2026-01-17T20:00:00.0000000+02:00,1.913,
2026-01-17T20:10:00.0000000+02:00,1.908,
2026-01-17T20:20:00.0000000+02:00,1.909,
2026-01-17T20:30:00.0000000+02:00,1.911,
2026-01-17T20:40:00.0000000+02:00,1.91,
2026-01-17T20:50:00.0000000+02:00,1.905,
2026-01-17T21:00:00.0000000+02:00,1.908,
2026-01-17T21:10:00.0000000+02:00,1.905,
2026-01-17T21:20:00.0000000+02:00,1.905,
2026-01-17T21:30:00.0000000+02:00,1.908,
2026-01-17T21:40:00.0000000+02:00,1.912,
2026-01-17T21:50:00.0000000+02:00,1.913,
2026-01-17T22:00:00.0000000+02:00,1.909,
2026-01-17T22:10:00.0000000+02:00,1.908,
2026-01-17T22:20:00.0000000+02:00,1.91,
2026-01-17T22:30:00.0000000+02:00,1.911,
2026-01-17T22:40:00.0000000+02:00,1.914,
2026-01-17T22:50:00.0000000+02:00,1.912,
2026-01-17T23:00:00.0000000+02:00,1.915,
2026-01-17T23:10:00.0000000+02:00,1.916,
2026-01-17T23:20:00.0000000+02:00,1.918,
2026-01-17T23:30:00.0000000+02:00,1.915,
2026-01-17T23:40:00.0000000+02:00,1.917,
2026-01-17T23:50:00.0000000+02:00,1.911,
2026-01-18T00:00:00.0000000+02:00,1.917,
2026-01-18T00:10:00.0000000+02:00,1.919,
2026-01-18T00:20:00.0000000+02:00,1.921,
2026-01-18T00:30:00.0000000+02:00,1.922,
2026-01-18T00:40:00.0000000+02:00,1.921,
2026-01-18T00:50:00.0000000+02:00,1.929,
2026-01-18T01:00:00.0000000+02:00,1.928,
2026-01-18T01:10:00.0000000+02:00,1.929,
2026-01-18T01:20:00.0000000+02:00,1.928,
2026-01-18T01:30:00.0000000+02:00,1.927,
2026-01-18T01:40:00.0000000+02:00,1.932,
2026-01-18T01:50:00.0000000+02:00,1.933,
2026-01-18T02:00:00.0000000+02:00,1.933,
2026-01-18T02:10:00.0000000+02:00,1.935,
2026-01-18T02:20:00.0000000+02:00,1.939,
2026-01-18T02:30:00.0000000+02:00,1.933,
2026-01-18T02:40:00.0000000+02:00,1.941,
2026-01-18T02:50:00.0000000+02:00,1.948,
2026-01-18T03:00:00.0000000+02:00,1.946,
2026-01-18T03:10:00.0000000+02:00,1.95,
2026-01-18T03:20:00.0000000+02:00,1.946,
2026-01-18T03:30:00.0000000+02:00,1.954,
2026-01-18T03:40:00.0000000+02:00,1.95,
2026-01-18T03:50:00.0000000+02:00,1.954,
2026-01-18T04:00:00.0000000+02:00,1.95,
2026-01-18T04:10:00.0000000+02:00,1.954,
2026-01-18T04:20:00.0000000+02:00,1.956,
2026-01-18T04:30:00.0000000+02:00,1.955,
2026-01-18T04:40:00.0000000+02:00,1.955,
2026-01-18T04:50:00.0000000+02:00,1.945,
2026-01-18T05:00:00.0000000+02:00,1.95,
2026-01-18T05:10:00.0000000+02:00,1.953,
2026-01-18T05:20:00.0000000+02:00,1.952,
2026-01-18T05:30:00.0000000+02:00,1.95,
2026-01-18T05:40:00.0000000+02:00,1.959,
2026-01-18T05:50:00.0000000+02:00,1.959,
2026-01-18T06:00:00.0000000+02:00,1.955,
2026-01-18T06:10:00.0000000+02:00,1.954,
2026-01-18T06:20:00.0000000+02:00,1.955,
2026-01-18T06:30:00.0000000+02:00,1.952,
2026-01-18T06:40:00.0000000+02:00,1.954,
2026-01-18T06:50:00.0000000+02:00,1.961,
2026-01-18T07:00:00.0000000+02:00,1.959,
2026-01-18T07:10:00.0000000+02:00,1.956,
2026-01-18T07:20:00.0000000+02:00,1.958,
2026-01-18T07:30:00.0000000+02:00,1.959,
2026-01-18T07:40:00.0000000+02:00,1.959,
2026-01-18T07:50:00.0000000+02:00,1.955,
2026-01-18T08:00:00.0000000+02:00,1.952,
2026-01-18T08:10:00.0000000+02:00,1.954,
2026-01-18T08:20:00.0000000+02:00,1.951,
2026-01-18T08:30:00.0000000+02:00,1.949,
2026-01-18T08:40:00.0000000+02:00,1.948,
2026-01-18T08:50:00.0000000+02:00,1.948,
2026-01-18T09:00:00.0000000+02:00,1.949,
2026-01-18T09:10:00.0000000+02:00,1.945,
2026-01-18T09:20:00.0000000+02:00,1.948,
2026-01-18T09:30:00.0000000+02:00,1.934,
2026-01-18T09:40:00.0000000+02:00,1.944,
2026-01-18T09:50:00.0000000+02:00,1.942,
2026-01-18T10:00:00.0000000+02:00,1.944,
2026-01-18T10:10:00.0000000+02:00,1.941,
2026-01-18T10:20:00.0000000+02:00,1.936,
2026-01-18T10:30:00.0000000+02:00,1.939,
2026-01-18T10:40:00.0000000+02:00,1.936,
2026-01-18T10:50:00.0000000+02:00,1.937,
2026-01-18T11:00:00.0000000+02:00,1.928,
2026-01-18T11:10:00.0000000+02:00,1.931,
2026-01-18T11:20:00.0000000+02:00,1.927,
2026-01-18T11:30:00.0000000+02:00,1.928,
2026-01-18T11:40:00.0000000+02:00,1.924,
2026-01-18T11:50:00.0000000+02:00,1.922,
2026-01-18T12:00:00.0000000+02:00,1.912,
2026-01-18T12:10:00.0000000+02:00,1.913,
2026-01-18T12:20:00.0000000+02:00,1.912,
2026-01-18T12:30:00.0000000+02:00,1.911,
2026-01-18T12:40:00.0000000+02:00,1.909,
2026-01-18T12:50:00.0000000+02:00,1.903,
2026-01-18T13:00:00.0000000+02:00,1.9,
2026-01-18T13:10:00.0000000+02:00,1.89,
2026-01-18T13:20:00.0000000+02:00,1.891,
2026-01-18T13:30:00.0000000+02:00,1.901,
2026-01-18T13:40:00.0000000+02:00,1.886,
2026-01-18T13:50:00.0000000+02:00,1.881,
2026-01-18T14:00:00.0000000+02:00,1.895,
2026-01-18T14:10:00.0000000+02:00,1.887,
2026-01-18T14:20:00.0000000+02:00,1.883,
2026-01-18T14:30:00.0000000+02:00,1.884,
2026-01-18T14:40:00.0000000+02:00,1.879,
2026-01-18T14:50:00.0000000+02:00,1.88,
2026-01-18T15:00:00.0000000+02:00,1.853,
2026-01-18T15:10:00.0000000+02:00,1.864,
2026-01-18T15:20:00.0000000+02:00,1.868,
2026-01-18T15:30:00.0000000+02:00,1.855,
2026-01-18T15:40:00.0000000+02:00,1.856,
2026-01-18T15:50:00.0000000+02:00,1.841,
2026-01-18T16:00:00.0000000+02:00,1.848,
2026-01-18T16:10:00.0000000+02:00,1.851,
2026-01-18T16:20:00.0000000+02:00,1.85,
2026-01-18T16:30:00.0000000+02:00,1.844,
2026-01-18T16:40:00.0000000+02:00,1.846,
2026-01-18T16:50:00.0000000+02:00,1.842,
2026-01-18T17:00:00.0000000+02:00,1.844,
2026-01-18T17:10:00.0000000+02:00,1.841,
2026-01-18T17:20:00.0000000+02:00,1.84,
2026-01-18T17:30:00.0000000+02:00,1.837,
2026-01-18T17:40:00.0000000+02:00,1.836,
2026-01-18T17:50:00.0000000+02:00,1.835,
2026-01-18T18:00:00.0000000+02:00,1.831,
2026-01-18T18:10:00.0000000+02:00,1.825,
2026-01-18T18:20:00.0000000+02:00,1.827,
2026-01-18T18:30:00.0000000+02:00,1.822,
2026-01-18T18:40:00.0000000+02:00,1.814,
2026-01-18T18:50:00.0000000+02:00,1.812,
2026-01-18T19:00:00.0000000+02:00,1.815,
2026-01-18T19:10:00.0000000+02:00,1.81,
2026-01-18T19:20:00.0000000+02:00,1.807,
2026-01-18T19:30:00.0000000+02:00,1.805,
2026-01-18T19:40:00.0000000+02:00,1.803,
2026-01-18T19:50:00.0000000+02:00,1.799,
2026-01-18T20:00:00.0000000+02:00,1.799,
2026-01-18T20:10:00.0000000+02:00,1.795,
2026-01-18T20:20:00.0000000+02:00,1.795,
2026-01-18T20:30:00.0000000+02:00,1.797,
2026-01-18T20:40:00.0000000+02:00,1.793,
2026-01-18T20:50:00.0000000+02:00,1.794,
2026-01-18T21:00:00.0000000+02:00,1.792,
2026-01-18T21:10:00.0000000+02:00,1.791,
2026-01-18T21:20:00.0000000+02:00,1.787,
2026-01-18T21:30:00.0000000+02:00,1.791,
2026-01-18T21:40:00.0000000+02:00,1.788,
2026-01-18T21:50:00.0000000+02:00,1.784,
2026-01-18T22:00:00.0000000+02:00,1.786,
2026-01-18T22:10:00.0000000+02:00,1.786,
2026-01-18T22:20:00.0000000+02:00,1.787,
2026-01-18T22:30:00.0000000+02:00,1.788,
2026-01-18T22:40:00.0000000+02:00,1.789,
2026-01-18T22:50:00.0000000+02:00,1.788,
2026-01-18T23:00:00.0000000+02:00,1.789,
2026-01-18T23:10:00.0000000+02:00,1.788,
2026-01-18T23:20:00.0000000+02:00,1.794,
2026-01-18T23:30:00.0000000+02:00,1.794,
2026-01-18T23:40:00.0000000+02:00,1.794,
2026-01-18T23:50:00.0000000+02:00,1.797,
2026-01-19T00:00:00.0000000+02:00,1.795,
2026-01-19T00:10:00.0000000+02:00,1.796,
2026-01-19T00:20:00.0000000+02:00,1.794,
2026-01-19T00:30:00.0000000+02:00,1.797,
2026-01-19T00:40:00.0000000+02:00,1.799,
2026-01-19T00:50:00.0000000+02:00,1.802,
2026-01-19T01:00:00.0000000+02:00,1.802,
2026-01-19T01:10:00.0000000+02:00,1.808,
2026-01-19T01:20:00.0000000+02:00,1.806,
2026-01-19T01:30:00.0000000+02:00,1.808,
2026-01-19T01:40:00.0000000+02:00,1.809,
2026-01-19T01:50:00.0000000+02:00,1.814,
2026-01-19T02:00:00.0000000+02:00,1.818,
2026-01-19T02:10:00.0000000+02:00,1.812,
2026-01-19T02:20:00.0000000+02:00,1.819,
2026-01-19T02:30:00.0000000+02:00,1.826,
2026-01-19T02:40:00.0000000+02:00,1.824,
2026-01-19T02:50:00.0000000+02:00,1.825,
2026-01-19T03:00:00.0000000+02:00,1.829,
2026-01-19T03:10:00.0000000+02:00,1.831,
2026-01-19T03:20:00.0000000+02:00,1.838,
2026-01-19T03:30:00.0000000+02:00,1.839,
2026-01-19T03:40:00.0000000+02:00,1.841,
2026-01-19T03:50:00.0000000+02:00,1.847,
2026-01-19T04:00:00.0000000+02:00,1.847,
2026-01-19T04:10:00.0000000+02:00,1.851,
2026-01-19T04:20:00.0000000+02:00,1.856,
2026-01-19T04:30:00.0000000+02:00,1.851,
2026-01-19T04:40:00.0000000+02:00,1.855,
2026-01-19T04:50:00.0000000+02:00,1.857,
2026-01-19T05:00:00.0000000+02:00,1.859,
2026-01-19T05:10:00.0000000+02:00,1.86,
2026-01-19T05:20:00.0000000+02:00,1.862,
2026-01-19T05:30:00.0000000+02:00,1.861,
2026-01-19T05:40:00.0000000+02:00,1.868,
2026-01-19T05:50:00.0000000+02:00,1.871,
2026-01-19T06:00:00.0000000+02:00,1.87,
2026-01-19T06:10:00.0000000+02:00,1.876,
2026-01-19T06:20:00.0000000+02:00,1.88,
2026-01-19T06:30:00.0000000+02:00,1.885,
2026-01-19T06:40:00.0000000+02:00,1.884,
2026-01-19T06:50:00.0000000+02:00,1.887,
2026-01-19T07:00:00.0000000+02:00,1.889,
2026-01-19T07:10:00.0000000+02:00,1.888,
2026-01-19T07:20:00.0000000+02:00,1.887,
2026-01-19T07:30:00.0000000+02:00,1.891,
2026-01-19T07:40:00.0000000+02:00,1.892,
2026-01-19T07:50:00.0000000+02:00,1.894,
2026-01-19T08:00:00.0000000+02:00,1.895,
2026-01-19T08:10:00.0000000+02:00,1.89,
2026-01-19T08:20:00.0000000+02:00,1.891,
2026-01-19T08:30:00.0000000+02:00,1.895,
2026-01-19T08:40:00.0000000+02:00,1.891,
2026-01-19T08:50:00.0000000+02:00,1.893,
2026-01-19T09:00:00.0000000+02:00,1.891,
2026-01-19T09:10:00.0000000+02:00,1.898,
2026-01-19T09:20:00.0000000+02:00,1.891,
2026-01-19T09:30:00.0000000+02:00,1.897,
2026-01-19T09:40:00.0000000+02:00,1.898,
2026-01-19T09:50:00.0000000+02:00,1.895,
2026-01-19T10:00:00.0000000+02:00,1.898,
2026-01-19T10:10:00.0000000+02:00,1.892,
2026-01-19T10:20:00.0000000+02:00,1.887,
2026-01-19T10:30:00.0000000+02:00,1.893,
2026-01-19T10:40:00.0000000+02:00,1.897,
2026-01-19T10:50:00.0000000+02:00,1.894,
2026-01-19T11:00:00.0000000+02:00,1.892,
2026-01-19T11:10:00.0000000+02:00,1.896,
2026-01-19T11:20:00.0000000+02:00,1.888,
2026-01-19T11:30:00.0000000+02:00,1.888,
2026-01-19T11:40:00.0000000+02:00,1.884,
2026-01-19T11:50:00.0000000+02:00,1.888,
2026-01-19T12:00:00.0000000+02:00,1.89,
2026-01-19T12:10:00.0000000+02:00,1.883,
2026-01-19T12:20:00.0000000+02:00,1.886,
2026-01-19T12:30:00.0000000+02:00,1.89,
2026-01-19T12:40:00.0000000+02:00,1.89,
2026-01-19T12:50:00.0000000+02:00,1.887,
2026-01-19T13:00:00.0000000+02:00,1.884,
2026-01-19T13:10:00.0000000+02:00,1.88,
2026-01-19T13:20:00.0000000+02:00,1.882,
2026-01-19T13:30:00.0000000+02:00,1.879,
2026-01-19T13:40:00.0000000+02:00,1.882,
2026-01-19T13:50:00.0000000+02:00,1.879,
2026-01-19T14:00:00.0000000+02:00,1.877,
2026-01-19T14:10:00.0000000+02:00,1.869,
2026-01-19T14:20:00.0000000+02:00,1.867,
2026-01-19T14:30:00.0000000+02:00,1.866,
2026-01-19T14:40:00.0000000+02:00,1.867,
2026-01-19T14:50:00.0000000+02:00,1.865,
2026-01-19T15:00:00.0000000+02:00,1.86,
2026-01-19T15:10:00.0000000+02:00,1.833,
2026-01-19T15:20:00.0000000+02:00,1.845,
2026-01-19T15:30:00.0000000+02:00,1.844,
2026-01-19T15:40:00.0000000+02:00,1.844,
2026-01-19T15:50:00.0000000+02:00,1.832,
2026-01-19T16:00:00.0000000+02:00,1.843,
2026-01-19T16:10:00.0000000+02:00,1.842,
2026-01-19T16:20:00.0000000+02:00,1.844,
2026-01-19T16:30:00.0000000+02:00,1.843,
2026-01-19T16:40:00.0000000+02:00,1.839,
2026-01-19T16:50:00.0000000+02:00,1.834,
2026-01-19T17:00:00.0000000+02:00,1.833,
2026-01-19T17:10:00.0000000+02:00,1.827,
2026-01-19T17:20:00.0000000+02:00,1.822,
2026-01-19T17:30:00.0000000+02:00,1.829,
2026-01-19T17:40:00.0000000+02:00,1.827,
2026-01-19T17:50:00.0000000+02:00,1.824,
2026-01-19T18:00:00.0000000+02:00,1.824,
2026-01-19T18:10:00.0000000+02:00,1.823,
2026-01-19T18:20:00.0000000+02:00,1.817,
2026-01-19T18:30:00.0000000+02:00,1.817,
2026-01-19T18:40:00.0000000+02:00,1.815,
2026-01-19T18:50:00.0000000+02:00,1.812,
2026-01-19T19:00:00.0000000+02:00,1.811,
2026-01-19T19:10:00.0000000+02:00,1.811,
2026-01-19T19:20:00.0000000+02:00,1.803,
2026-01-19T19:30:00.0000000+02:00,1.796,
2026-01-19T19:40:00.0000000+02:00,1.793,
2026-01-19T19:50:00.0000000+02:00,1.794,
2026-01-19T20:00:00.0000000+02:00,1.796,
2026-01-19T20:10:00.0000000+02:00,1.79,
2026-01-19T20:20:00.0000000+02:00,1.787,
2026-01-19T20:30:00.0000000+02:00,1.785,
2026-01-19T20:40:00.0000000+02:00,1.782,
2026-01-19T20:50:00.0000000+02:00,1.783,
2026-01-19T21:00:00.0000000+02:00,1.778,
2026-01-19T21:10:00.0000000+02:00,1.776,
2026-01-19T21:20:00.0000000+02:00,1.771,
2026-01-19T21:30:00.0000000+02:00,1.769,
2026-01-19T21:40:00.0000000+02:00,1.772,
2026-01-19T21:50:00.0000000+02:00,1.774,
2026-01-19T22:00:00.0000000+02:00,1.765,
2026-01-19T22:10:00.0000000+02:00,1.76,
2026-01-19T22:20:00.0000000+02:00,1.765,
2026-01-19T22:30:00.0000000+02:00,1.764,
2026-01-19T22:40:00.0000000+02:00,1.761,
2026-01-19T22:50:00.0000000+02:00,1.762,
2026-01-19T23:00:00.0000000+02:00,1.756,
2026-01-19T23:10:00.0000000+02:00,1.755,
2026-01-19T23:20:00.0000000+02:00,1.748,
2026-01-19T23:30:00.0000000+02:00,1.752,
2026-01-19T23:40:00.0000000+02:00,1.751,
2026-01-19T23:50:00.0000000+02:00,1.75,
2026-01-20T00:00:00.0000000+02:00,1.748,
2026-01-20T00:10:00.0000000+02:00,1.748,
2026-01-20T00:20:00.0000000+02:00,1.746,
2026-01-20T00:30:00.0000000+02:00,1.747,
2026-01-20T00:40:00.0000000+02:00,1.745,
2026-01-20T00:50:00.0000000+02:00,1.745,
2026-01-20T01:00:00.0000000+02:00,1.738,
2026-01-20T01:10:00.0000000+02:00,1.741,
2026-01-20T01:20:00.0000000+02:00,1.739,
2026-01-20T01:30:00.0000000+02:00,1.74,
2026-01-20T01:40:00.0000000+02:00,1.743,
2026-01-20T01:50:00.0000000+02:00,1.743,
2026-01-20T02:00:00.0000000+02:00,1.746,
2026-01-20T02:10:00.0000000+02:00,1.739,
2026-01-20T02:20:00.0000000+02:00,1.739,
2026-01-20T02:30:00.0000000+02:00,1.743,
2026-01-20T02:40:00.0000000+02:00,1.74,
2026-01-20T02:50:00.0000000+02:00,1.744,
2026-01-20T03:00:00.0000000+02:00,1.749,
2026-01-20T03:10:00.0000000+02:00,1.747,
2026-01-20T03:20:00.0000000+02:00,1.743,
2026-01-20T03:30:00.0000000+02:00,1.753,
2026-01-20T03:40:00.0000000+02:00,1.748,
2026-01-20T03:50:00.0000000+02:00,1.752,
2026-01-20T04:00:00.0000000+02:00,1.755,
2026-01-20T04:10:00.0000000+02:00,1.754,
2026-01-20T04:20:00.0000000+02:00,1.755,
2026-01-20T04:30:00.0000000+02:00,1.756,
2026-01-20T04:40:00.0000000+02:00,1.761,
2026-01-20T04:50:00.0000000+02:00,1.763,
2026-01-20T05:00:00.0000000+02:00,1.764,
2026-01-20T05:10:00.0000000+02:00,1.765,
2026-01-20T05:20:00.0000000+02:00,1.768,
2026-01-20T05:30:00.0000000+02:00,1.773,
2026-01-20T05:40:00.0000000+02:00,1.774,
2026-01-20T05:50:00.0000000+02:00,1.777,
2026-01-20T06:00:00.0000000+02:00,1.774,
2026-01-20T06:10:00.0000000+02:00,1.776,
2026-01-20T06:20:00.0000000+02:00,1.78,
2026-01-20T06:30:00.0000000+02:00,1.784,
2026-01-20T06:40:00.0000000+02:00,1.78,
2026-01-20T06:50:00.0000000+02:00,1.779,
2026-01-20T07:00:00.0000000+02:00,1.79,
2026-01-20T07:10:00.0000000+02:00,1.787,
2026-01-20T07:20:00.0000000+02:00,1.789,
2026-01-20T07:30:00.0000000+02:00,1.796,
2026-01-20T07:40:00.0000000+02:00,1.789,
2026-01-20T07:50:00.0000000+02:00,1.793,
2026-01-20T08:00:00.0000000+02:00,1.792,
2026-01-20T08:10:00.0000000+02:00,1.796,
2026-01-20T08:20:00.0000000+02:00,1.8,
2026-01-20T08:30:00.0000000+02:00,1.799,
2026-01-20T08:40:00.0000000+02:00,1.795,
2026-01-20T08:50:00.0000000+02:00,1.791,
2026-01-20T09:00:00.0000000+02:00,1.799,
2026-01-20T09:10:00.0000000+02:00,1.802,
2026-01-20T09:20:00.0000000+02:00,1.799,
2026-01-20T09:30:00.0000000+02:00,1.803,
2026-01-20T09:40:00.0000000+02:00,1.805,
2026-01-20T09:50:00.0000000+02:00,1.804,
2026-01-20T10:00:00.0000000+02:00,1.803,
2026-01-20T10:10:00.0000000+02:00,1.801,
2026-01-20T10:20:00.0000000+02:00,1.809,
2026-01-20T10:30:00.0000000+02:00,1.792,
2026-01-20T10:40:00.0000000+02:00,1.801,
2026-01-20T10:50:00.0000000+02:00,1.805,
2026-01-20T11:00:00.0000000+02:00,1.8,
2026-01-20T11:10:00.0000000+02:00,1.8,
2026-01-20T11:20:00.0000000+02:00,1.803,
2026-01-20T11:30:00.0000000+02:00,1.798,
2026-01-20T11:40:00.0000000+02:00,1.802,
2026-01-20T11:50:00.0000000+02:00,1.788,
2026-01-20T12:00:00.0000000+02:00,1.793,
2026-01-20T12:10:00.0000000+02:00,1.792,
2026-01-20T12:20:00.0000000+02:00,1.786,
2026-01-20T12:30:00.0000000+02:00,1.793,
2026-01-20T12:40:00.0000000+02:00,1.792,
2026-01-20T12:50:00.0000000+02:00,1.759,
2026-01-20T13:00:00.0000000+02:00,1.754,
2026-01-20T13:10:00.0000000+02:00,1.777,
2026-01-20T13:20:00.0000000+02:00,1.761,
2026-01-20T13:30:00.0000000+02:00,1.8,
2026-01-20T13:40:00.0000000+02:00,1.799,
2026-01-20T13:50:00.0000000+02:00,1.799,
2026-01-20T14:00:00.0000000+02:00,1.795,
2026-01-20T14:10:00.0000000+02:00,1.792,
2026-01-20T14:20:00.0000000+02:00,1.79,
2026-01-20T14:30:00.0000000+02:00,1.787,
2026-01-20T14:40:00.0000000+02:00,1.791,
2026-01-20T14:50:00.0000000+02:00,1.79,
2026-01-20T15:00:00.0000000+02:00,1.789,
2026-01-20T15:10:00.0000000+02:00,1.785,
2026-01-20T15:20:00.0000000+02:00,1.786,
2026-01-20T15:30:00.0000000+02:00,1.785,
2026-01-20T15:40:00.0000000+02:00,1.782,
2026-01-20T15:50:00.0000000+02:00,1.78,
2026-01-20T16:00:00.0000000+02:00,1.784,
2026-01-20T16:10:00.0000000+02:00,1.784,
2026-01-20T16:20:00.0000000+02:00,1.787,
2026-01-20T16:30:00.0000000+02:00,1.778,
2026-01-20T16:40:00.0000000+02:00,1.777,
2026-01-20T16:50:00.0000000+02:00,1.779,
2026-01-20T17:00:00.0000000+02:00,1.776,
2026-01-20T17:10:00.0000000+02:00,1.772,
2026-01-20T17:20:00.0000000+02:00,1.769,
2026-01-20T17:30:00.0000000+02:00,1.769,
2026-01-20T17:40:00.0000000+02:00,1.773,
2026-01-20T17:50:00.0000000+02:00,1.771,
2026-01-20T18:00:00.0000000+02:00,1.767,
2026-01-20T18:10:00.0000000+02:00,1.768,
2026-01-20T18:20:00.0000000+02:00,1.767,
2026-01-20T18:30:00.0000000+02:00,1.762,
2026-01-20T18:40:00.0000000+02:00,1.758,
2026-01-20T18:50:00.0000000+02:00,1.762,
2026-01-20T19:00:00.0000000+02:00,1.757,
2026-01-20T19:10:00.0000000+02:00,1.764,
2026-01-20T19:20:00.0000000+02:00,1.757,
2026-01-20T19:30:00.0000000+02:00,1.757,
2026-01-20T19:40:00.0000000+02:00,1.756,
2026-01-20T19:50:00.0000000+02:00,1.753,
2026-01-20T20:00:00.0000000+02:00,1.757,
2026-01-20T20:10:00.0000000+02:00,1.759,
2026-01-20T20:20:00.0000000+02:00,1.761,
2026-01-20T20:30:00.0000000+02:00,1.759,
2026-01-20T20:40:00.0000000+02:00,1.761,
2026-01-20T20:50:00.0000000+02:00,1.756,
2026-01-20T21:00:00.0000000+02:00,1.761,
2026-01-20T21:10:00.0000000+02:00,1.756,
2026-01-20T21:20:00.0000000+02:00,1.756,
2026-01-20T21:30:00.0000000+02:00,1.763,
2026-01-20T21:40:00.0000000+02:00,1.764,
2026-01-20T21:50:00.0000000+02:00,1.76,
2026-01-20T22:00:00.0000000+02:00,1.768,
2026-01-20T22:10:00.0000000+02:00,1.767,
2026-01-20T22:20:00.0000000+02:00,1.763,
2026-01-20T22:30:00.0000000+02:00,1.765,
2026-01-20T22:40:00.0000000+02:00,1.766,
2026-01-20T22:50:00.0000000+02:00,1.771,
2026-01-20T23:00:00.0000000+02:00,1.768,
2026-01-20T23:10:00.0000000+02:00,1.769,
2026-01-20T23:20:00.0000000+02:00,1.776,
2026-01-20T23:30:00.0000000+02:00,1.775,
2026-01-20T23:40:00.0000000+02:00,1.776,
2026-01-20T23:50:00.0000000+02:00,1.781,
2026-01-21T00:00:00.0000000+02:00,1.783,
2026-01-21T00:10:00.0000000+02:00,1.777,
2026-01-21T00:20:00.0000000+02:00,1.785,
2026-01-21T00:30:00.0000000+02:00,1.789,
2026-01-21T00:40:00.0000000+02:00,1.791,
2026-01-21T00:50:00.0000000+02:00,1.785,
2026-01-21T01:00:00.0000000+02:00,1.791,
2026-01-21T01:10:00.0000000+02:00,1.799,
2026-01-21T01:20:00.0000000+02:00,1.797,
2026-01-21T01:30:00.0000000+02:00,1.803,
2026-01-21T01:40:00.0000000+02:00,1.804,
2026-01-21T01:50:00.0000000+02:00,1.808,
2026-01-21T02:00:00.0000000+02:00,1.81,
2026-01-21T02:10:00.0000000+02:00,1.815,
2026-01-21T02:20:00.0000000+02:00,1.819,
2026-01-21T02:30:00.0000000+02:00,1.813,
2026-01-21T02:40:00.0000000+02:00,1.819,
2026-01-21T02:50:00.0000000+02:00,1.828,
2026-01-21T03:00:00.0000000+02:00,1.827,
2026-01-21T03:10:00.0000000+02:00,1.828,
2026-01-21T03:20:00.0000000+02:00,1.828,
2026-01-21T03:30:00.0000000+02:00,1.829,
2026-01-21T03:40:00.0000000+02:00,1.84,
2026-01-21T03:50:00.0000000+02:00,1.843,
2026-01-21T04:00:00.0000000+02:00,1.844,
2026-01-21T04:10:00.0000000+02:00,1.848,
2026-01-21T04:20:00.0000000+02:00,1.849,
2026-01-21T04:30:00.0000000+02:00,1.848,
2026-01-21T04:40:00.0000000+02:00,1.849,
2026-01-21T04:50:00.0000000+02:00,1.857,
2026-01-21T05:00:00.0000000+02:00,1.863,
2026-01-21T05:10:00.0000000+02:00,1.862,
2026-01-21T05:20:00.0000000+02:00,1.862,
2026-01-21T05:30:00.0000000+02:00,1.862,
2026-01-21T05:40:00.0000000+02:00,1.865,
2026-01-21T05:50:00.0000000+02:00,1.871,
2026-01-21T06:00:00.0000000+02:00,1.87,
2026-01-21T06:10:00.0000000+02:00,1.878,
2026-01-21T06:20:00.0000000+02:00,1.871,
2026-01-21T06:30:00.0000000+02:00,1.882,
2026-01-21T06:40:00.0000000+02:00,1.88,
2026-01-21T06:50:00.0000000+02:00,1.877,
2026-01-21T07:00:00.0000000+02:00,1.888,
2026-01-21T07:10:00.0000000+02:00,1.887,
2026-01-21T07:20:00.0000000+02:00,1.888,
2026-01-21T07:30:00.0000000+02:00,1.894,
2026-01-21T07:40:00.0000000+02:00,1.895,
2026-01-21T07:50:00.0000000+02:00,1.896,
2026-01-21T08:00:00.0000000+02:00,1.898,
2026-01-21T08:10:00.0000000+02:00,1.9,
2026-01-21T08:20:00.0000000+02:00,1.897,
2026-01-21T08:30:00.0000000+02:00,1.898,
2026-01-21T08:40:00.0000000+02:00,1.9,
2026-01-21T08:50:00.0000000+02:00,1.902,
2026-01-21T09:00:00.0000000+02:00,1.897,
2026-01-21T09:10:00.0000000+02:00,1.899,
2026-01-21T09:20:00.0000000+02:00,1.901,
2026-01-21T09:30:00.0000000+02:00,1.903,
2026-01-21T09:40:00.0000000+02:00,1.901,
2026-01-21T09:50:00.0000000+02:00,1.901,
2026-01-21T10:00:00.0000000+02:00,1.902,
2026-01-21T10:10:00.0000000+02:00,1.9,
2026-01-21T10:20:00.0000000+02:00,1.899,
2026-01-21T10:30:00.0000000+02:00,1.897,
2026-01-21T10:40:00.0000000+02:00,1.906,
2026-01-21T10:50:00.0000000+02:00,1.904,
2026-01-21T11:00:00.0000000+02:00,1.901,
2026-01-21T11:10:00.0000000+02:00,1.902,
2026-01-21T11:20:00.0000000+02:00,1.904,
2026-01-21T11:30:00.0000000+02:00,1.904,
2026-01-21T11:40:00.0000000+02:00,1.9,
2026-01-21T11:50:00.0000000+02:00,1.9,
2026-01-21T12:00:00.0000000+02:00,1.896,
2026-01-21T12:10:00.0000000+02:00,1.899,
2026-01-21T12:20:00.0000000+02:00,1.897,
2026-01-21T12:30:00.0000000+02:00,1.897,
2026-01-21T12:40:00.0000000+02:00,1.899,
2026-01-21T12:50:00.0000000+02:00,1.895,
2026-01-21T13:00:00.0000000+02:00,1.894,
2026-01-21T13:10:00.0000000+02:00,1.897,
2026-01-21T13:20:00.0000000+02:00,1.901,
2026-01-21T13:30:00.0000000+02:00,1.89,
2026-01-21T13:40:00.0000000+02:00,1.899,
2026-01-21T13:50:00.0000000+02:00,1.883,
2026-01-21T14:00:00.0000000+02:00,1.894,
2026-01-21T14:10:00.0000000+02:00,1.885,
2026-01-21T14:20:00.0000000+02:00,1.893,
2026-01-21T14:30:00.0000000+02:00,1.891,
2026-01-21T14:40:00.0000000+02:00,1.892,
2026-01-21T14:50:00.0000000+02:00,1.887,
2026-01-21T15:00:00.0000000+02:00,1.889,
2026-01-21T15:10:00.0000000+02:00,1.887,
2026-01-21T15:20:00.0000000+02:00,1.882,
2026-01-21T15:30:00.0000000+02:00,1.885,
2026-01-21T15:40:00.0000000+02:00,1.882,
2026-01-21T15:50:00.0000000+02:00,1.876,
2026-01-21T16:00:00.0000000+02:00,1.879,
2026-01-21T16:10:00.0000000+02:00,1.876,
2026-01-21T16:20:00.0000000+02:00,1.874,
2026-01-21T16:30:00.0000000+02:00,1.876,
2026-01-21T16:40:00.0000000+02:00,1.871,
2026-01-21T16:50:00.0000000+02:00,1.87,
2026-01-21T17:00:00.0000000+02:00,1.869,
2026-01-21T17:10:00.0000000+02:00,1.869,
2026-01-21T17:20:00.0000000+02:00,1.869,
2026-01-21T17:30:00.0000000+02:00,1.867,
2026-01-21T17:40:00.0000000+02:00,1.862,
2026-01-21T17:50:00.0000000+02:00,1.858,
2026-01-21T18:00:00.0000000+02:00,1.862,
2026-01-21T18:10:00.0000000+02:00,1.849,
2026-01-21T18:20:00.0000000+02:00,1.846,
2026-01-21T18:30:00.0000000+02:00,1.847,
2026-01-21T18:40:00.0000000+02:00,1.857,
2026-01-21T18:50:00.0000000+02:00,1.843,
2026-01-21T19:00:00.0000000+02:00,1.845,
2026-01-21T19:10:00.0000000+02:00,1.844,
2026-01-21T19:20:00.0000000+02:00,1.841,
2026-01-21T19:30:00.0000000+02:00,1.841,
2026-01-21T19:40:00.0000000+02:00,1.844,
2026-01-21T19:50:00.0000000+02:00,1.84,
2026-01-21T20:00:00.0000000+02:00,1.836,
2026-01-21T20:10:00.0000000+02:00,1.837,
2026-01-21T20:20:00.0000000+02:00,1.83,
2026-01-21T20:30:00.0000000+02:00,1.831,
2026-01-21T20:40:00.0000000+02:00,1.82,
2026-01-21T20:50:00.0000000+02:00,1.824,
2026-01-21T21:00:00.0000000+02:00,1.831,
2026-01-21T21:10:00.0000000+02:00,1.825,
2026-01-21T21:20:00.0000000+02:00,1.823,
2026-01-21T21:30:00.0000000+02:00,1.822,
2026-01-21T21:40:00.0000000+02:00,1.82,
2026-01-21T21:50:00.0000000+02:00,1.823,
2026-01-21T22:00:00.0000000+02:00,1.819,
2026-01-21T22:10:00.0000000+02:00,1.815,
2026-01-21T22:20:00.0000000+02:00,1.82,
2026-01-21T22:30:00.0000000+02:00,1.815,
2026-01-21T22:40:00.0000000+02:00,1.811,
2026-01-21T22:50:00.0000000+02:00,1.814,
2026-01-21T23:00:00.0000000+02:00,1.814,
2026-01-21T23:10:00.0000000+02:00,1.81,
2026-01-21T23:20:00.0000000+02:00,1.815,
2026-01-21T23:30:00.0000000+02:00,1.811,
2026-01-21T23:40:00.0000000+02:00,1.81,
2026-01-21T23:50:00.0000000+02:00,1.808,
2026-01-22T00:00:00.0000000+02:00,1.806,
2026-01-22T00:10:00.0000000+02:00,1.809,
2026-01-22T00:20:00.0000000+02:00,1.808,
2026-01-22T00:30:00.0000000+02:00,1.81,
2026-01-22T00:40:00.0000000+02:00,1.806,
2026-01-22T00:50:00.0000000+02:00,1.807,
2026-01-22T01:00:00.0000000+02:00,1.805,
2026-01-22T01:10:00.0000000+02:00,1.805,
2026-01-22T01:20:00.0000000+02:00,1.803,
2026-01-22T01:30:00.0000000+02:00,1.799,
2026-01-22T01:40:00.0000000+02:00,1.795,
2026-01-22T01:50:00.0000000+02:00,1.805,
2026-01-22T02:00:00.0000000+02:00,1.802,
2026-01-22T02:10:00.0000000+02:00,1.806,
2026-01-22T02:20:00.0000000+02:00,1.81,
2026-01-22T02:30:00.0000000+02:00,1.81,
2026-01-22T02:40:00.0000000+02:00,1.807,
2026-01-22T02:50:00.0000000+02:00,1.806,
2026-01-22T03:00:00.0000000+02:00,1.808,
2026-01-22T03:10:00.0000000+02:00,1.812,
2026-01-22T03:20:00.0000000+02:00,1.815,
2026-01-22T03:30:00.0000000+02:00,1.815,
2026-01-22T03:40:00.0000000+02:00,1.811,
2026-01-22T03:50:00.0000000+02:00,1.811,
2026-01-22T04:00:00.0000000+02:00,1.812,
2026-01-22T04:10:00.0000000+02:00,1.814,
2026-01-22T04:20:00.0000000+02:00,1.814,
2026-01-22T04:30:00.0000000+02:00,1.819,
2026-01-22T04:40:00.0000000+02:00,1.823,
2026-01-22T04:50:00.0000000+02:00,1.821,
2026-01-22T05:00:00.0000000+02:00,1.817,
2026-01-22T05:10:00.0000000+02:00,1.821,
2026-01-22T05:20:00.0000000+02:00,1.825,
2026-01-22T05:30:00.0000000+02:00,1.822,
2026-01-22T05:40:00.0000000+02:00,1.82,
2026-01-22T05:50:00.0000000+02:00,1.824,
2026-01-22T06:00:00.0000000+02:00,1.821,
2026-01-22T06:10:00.0000000+02:00,1.825,
2026-01-22T06:20:00.0000000+02:00,1.83,
2026-01-22T06:30:00.0000000+02:00,1.83,
2026-01-22T06:40:00.0000000+02:00,1.83,
2026-01-22T06:50:00.0000000+02:00,1.83,
2026-01-22T07:00:00.0000000+02:00,1.839,
2026-01-22T07:10:00.0000000+02:00,1.833,
2026-01-22T07:20:00.0000000+02:00,1.828,
2026-01-22T07:30:00.0000000+02:00,1.834,
2026-01-22T07:40:00.0000000+02:00,1.842,
2026-01-22T07:50:00.0000000+02:00,1.841,
2026-01-22T08:00:00.0000000+02:00,1.835,
2026-01-22T08:10:00.0000000+02:00,1.836,
2026-01-22T08:20:00.0000000+02:00,1.839,
2026-01-22T08:30:00.0000000+02:00,1.84,
2026-01-22T08:40:00.0000000+02:00,1.84,
2026-01-22T08:50:00.0000000+02:00,1.837,
2026-01-22T09:00:00.0000000+02:00,1.84,
2026-01-22T09:10:00.0000000+02:00,1.834,
2026-01-22T09:20:00.0000000+02:00,1.837,
2026-01-22T09:30:00.0000000+02:00,1.838,
2026-01-22T09:40:00.0000000+02:00,1.836,
2026-01-22T09:50:00.0000000+02:00,1.837,
2026-01-22T10:00:00.0000000+02:00,1.84,
2026-01-22T10:10:00.0000000+02:00,1.834,
2026-01-22T10:20:00.0000000+02:00,1.838,
2026-01-22T10:30:00.0000000+02:00,1.834,
2026-01-22T10:40:00.0000000+02:00,1.836,
2026-01-22T10:50:00.0000000+02:00,1.84,
2026-01-22T11:00:00.0000000+02:00,1.84,
2026-01-22T11:10:00.0000000+02:00,1.833,
2026-01-22T11:20:00.0000000+02:00,1.816,
2026-01-22T11:30:00.0000000+02:00,1.823,
2026-01-22T11:40:00.0000000+02:00,1.826,
2026-01-22T11:50:00.0000000+02:00,1.818,
2026-01-22T12:00:00.0000000+02:00,1.821,
2026-01-22T12:10:00.0000000+02:00,1.825,
2026-01-22T12:20:00.0000000+02:00,1.823,
2026-01-22T12:30:00.0000000+02:00,1.815,
2026-01-22T12:40:00.0000000+02:00,1.82,
2026-01-22T12:50:00.0000000+02:00,1.815,
2026-01-22T13:00:00.0000000+02:00,1.8,
2026-01-22T13:10:00.0000000+02:00,1.809,
2026-01-22T13:20:00.0000000+02:00,1.813,
2026-01-22T13:30:00.0000000+02:00,1.808,
2026-01-22T13:40:00.0000000+02:00,1.811,
2026-01-22T13:50:00.0000000+02:00,1.808,
2026-01-22T14:00:00.0000000+02:00,1.802,
2026-01-22T14:10:00.0000000+02:00,1.808,
2026-01-22T14:20:00.0000000+02:00,1.804,
2026-01-22T14:30:00.0000000+02:00,1.806,
2026-01-22T14:40:00.0000000+02:00,1.803,
2026-01-22T14:50:00.0000000+02:00,1.802,
2026-01-22T15:00:00.0000000+02:00,1.798,
2026-01-22T15:10:00.0000000+02:00,1.799,
2026-01-22T15:20:00.0000000+02:00,1.794,
2026-01-22T15:30:00.0000000+02:00,1.793,
2026-01-22T15:40:00.0000000+02:00,1.79,
2026-01-22T15:50:00.0000000+02:00,1.787,
2026-01-22T16:00:00.0000000+02:00,1.791,
2026-01-22T16:10:00.0000000+02:00,1.788,
2026-01-22T16:20:00.0000000+02:00,1.783,
2026-01-22T16:30:00.0000000+02:00,1.788,
2026-01-22T16:40:00.0000000+02:00,1.787,
2026-01-22T16:50:00.0000000+02:00,1.781,
2026-01-22T17:00:00.0000000+02:00,1.78,
2026-01-22T17:10:00.0000000+02:00,1.778,
2026-01-22T17:20:00.0000000+02:00,1.777,
2026-01-22T17:30:00.0000000+02:00,1.768,
2026-01-22T17:40:00.0000000+02:00,1.771,
2026-01-22T17:50:00.0000000+02:00,1.768,
2026-01-22T18:00:00.0000000+02:00,1.768,
2026-01-22T18:10:00.0000000+02:00,1.768,
2026-01-22T18:20:00.0000000+02:00,1.768,
2026-01-22T18:30:00.0000000+02:00,1.765,
2026-01-22T18:40:00.0000000+02:00,1.764,
2026-01-22T18:50:00.0000000+02:00,1.765,
2026-01-22T19:00:00.0000000+02:00,1.77,
2026-01-22T19:10:00.0000000+02:00,1.766,
2026-01-22T19:20:00.0000000+02:00,1.769,
2026-01-22T19:30:00.0000000+02:00,1.765,
2026-01-22T19:40:00.0000000+02:00,1.767,
2026-01-22T19:50:00.0000000+02:00,1.77,
2026-01-22T20:00:00.0000000+02:00,1.777,
2026-01-22T20:10:00.0000000+02:00,1.768,
2026-01-22T20:20:00.0000000+02:00,1.784,
2026-01-22T20:30:00.0000000+02:00,1.784,
2026-01-22T20:40:00.0000000+02:00,1.787,
2026-01-22T20:50:00.0000000+02:00,1.785,
2026-01-22T21:00:00.0000000+02:00,1.792,
2026-01-22T21:10:00.0000000+02:00,1.789,
2026-01-22T21:20:00.0000000+02:00,1.797,
2026-01-22T21:30:00.0000000+02:00,1.798,
2026-01-22T21:40:00.0000000+02:00,1.8,
2026-01-22T21:50:00.0000000+02:00,1.803,
2026-01-22T22:00:00.0000000+02:00,1.803,
2026-01-22T22:10:00.0000000+02:00,1.816,
2026-01-22T22:20:00.0000000+02:00,1.813,
2026-01-22T22:30:00.0000000+02:00,1.822,
2026-01-22T22:40:00.0000000+02:00,1.822,
2026-01-22T22:50:00.0000000+02:00,1.825,
2026-01-22T23:00:00.0000000+02:00,1.825,
2026-01-22T23:10:00.0000000+02:00,1.83,
2026-01-22T23:20:00.0000000+02:00,1.831,
2026-01-22T23:30:00.0000000+02:00,1.834,
2026-01-22T23:40:00.0000000+02:00,1.842,
2026-01-22T23:50:00.0000000+02:00,1.842,
2026-01-23T00:00:00.0000000+02:00,1.845,
2026-01-23T00:10:00.0000000+02:00,1.853,
2026-01-23T00:20:00.0000000+02:00,1.851,
2026-01-23T00:30:00.0000000+02:00,1.856,
2026-01-23T00:40:00.0000000+02:00,1.859,
2026-01-23T00:50:00.0000000+02:00,1.861,
2026-01-23T01:00:00.0000000+02:00,1.863,
2026-01-23T01:10:00.0000000+02:00,1.86,
2026-01-23T01:20:00.0000000+02:00,1.865,
2026-01-23T01:30:00.0000000+02:00,1.87,
2026-01-23T01:40:00.0000000+02:00,1.87,
2026-01-23T01:50:00.0000000+02:00,1.873,
2026-01-23T02:00:00.0000000+02:00,1.879,
2026-01-23T02:10:00.0000000+02:00,1.879,
2026-01-23T02:20:00.0000000+02:00,1.882,
2026-01-23T02:30:00.0000000+02:00,1.885,
2026-01-23T02:40:00.0000000+02:00,1.895,
2026-01-23T02:50:00.0000000+02:00,1.891,
2026-01-23T03:00:00.0000000+02:00,1.894,
2026-01-23T03:10:00.0000000+02:00,1.898,
2026-01-23T03:20:00.0000000+02:00,1.905,
2026-01-23T03:30:00.0000000+02:00,1.902,
2026-01-23T03:40:00.0000000+02:00,1.905,
2026-01-23T03:50:00.0000000+02:00,1.907,
2026-01-23T04:00:00.0000000+02:00,1.913,
2026-01-23T04:10:00.0000000+02:00,1.912,
2026-01-23T04:20:00.0000000+02:00,1.916,
2026-01-23T04:30:00.0000000+02:00,1.914,
2026-01-23T04:40:00.0000000+02:00,1.913,
2026-01-23T04:50:00.0000000+02:00,1.923,
2026-01-23T05:00:00.0000000+02:00,1.918,
2026-01-23T05:10:00.0000000+02:00,1.924,
2026-01-23T05:20:00.0000000+02:00,1.92,
2026-01-23T05:30:00.0000000+02:00,1.93,
2026-01-23T05:40:00.0000000+02:00,1.932,
2026-01-23T05:50:00.0000000+02:00,1.936,
2026-01-23T06:00:00.0000000+02:00,1.939,
2026-01-23T06:10:00.0000000+02:00,1.939,
2026-01-23T06:20:00.0000000+02:00,1.933,
2026-01-23T06:30:00.0000000+02:00,1.939,
2026-01-23T06:40:00.0000000+02:00,1.94,
2026-01-23T06:50:00.0000000+02:00,1.939,
2026-01-23T07:00:00.0000000+02:00,1.943,
2026-01-23T07:10:00.0000000+02:00,1.944,
2026-01-23T07:20:00.0000000+02:00,1.939,
2026-01-23T07:30:00.0000000+02:00,1.941,
2026-01-23T07:40:00.0000000+02:00,1.939,
2026-01-23T07:50:00.0000000+02:00,1.936,
2026-01-23T08:00:00.0000000+02:00,1.941,
2026-01-23T08:10:00.0000000+02:00,1.945,
2026-01-23T08:20:00.0000000+02:00,1.94,
2026-01-23T08:30:00.0000000+02:00,1.946,
2026-01-23T08:40:00.0000000+02:00,1.942,
2026-01-23T08:50:00.0000000+02:00,1.943,
2026-01-23T09:00:00.0000000+02:00,1.939,
2026-01-23T09:10:00.0000000+02:00,1.947,
2026-01-23T09:20:00.0000000+02:00,1.942,
2026-01-23T09:30:00.0000000+02:00,1.945,
2026-01-23T09:40:00.0000000+02:00,1.939,
2026-01-23T09:50:00.0000000+02:00,1.944,
2026-01-23T10:00:00.0000000+02:00,1.944,
2026-01-23T10:10:00.0000000+02:00,1.945,
2026-01-23T10:20:00.0000000+02:00,1.943,
2026-01-23T10:30:00.0000000+02:00,1.946,
2026-01-23T10:40:00.0000000+02:00,1.94,
2026-01-23T10:50:00.0000000+02:00,1.939,
2026-01-23T11:00:00.0000000+02:00,1.936,
2026-01-23T11:10:00.0000000+02:00,1.937,
2026-01-23T11:20:00.0000000+02:00,1.937,
2026-01-23T11:30:00.0000000+02:00,1.933,
2026-01-23T11:40:00.0000000+02:00,1.934,
2026-01-23T11:50:00.0000000+02:00,1.935,
2026-01-23T12:00:00.0000000+02:00,1.928,
2026-01-23T12:10:00.0000000+02:00,1.916,
2026-01-23T12:20:00.0000000+02:00,1.926,
2026-01-23T12:30:00.0000000+02:00,1.929,
2026-01-23T12:40:00.0000000+02:00,1.929,
2026-01-23T12:50:00.0000000+02:00,1.923,
2026-01-23T13:00:00.0000000+02:00,1.92,
2026-01-23T13:10:00.0000000+02:00,1.908,
2026-01-23T13:20:00.0000000+02:00,1.919,
2026-01-23T13:30:00.0000000+02:00,1.91,
2026-01-23T13:40:00.0000000+02:00,1.919,
2026-01-23T13:50:00.0000000+02:00,1.919,
2026-01-23T14:00:00.0000000+02:00,1.913,
2026-01-23T14:10:00.0000000+02:00,1.916,
2026-01-23T14:20:00.0000000+02:00,1.915,
2026-01-23T14:30:00.0000000+02:00,1.908,
2026-01-23T14:40:00.0000000+02:00,1.891,
2026-01-23T14:50:00.0000000+02:00,1.894,
2026-01-23T15:00:00.0000000+02:00,1.901,
2026-01-23T15:10:00.0000000+02:00,1.902,
2026-01-23T15:20:00.0000000+02:00,1.902,
2026-01-23T15:30:00.0000000+02:00,1.901,
2026-01-23T15:40:00.0000000+02:00,1.897,
2026-01-23T15:50:00.0000000+02:00,1.891,
2026-01-23T16:00:00.0000000+02:00,1.899,
2026-01-23T16:10:00.0000000+02:00,1.897,
2026-01-23T16:20:00.0000000+02:00,1.9,
2026-01-23T16:30:00.0000000+02:00,1.89,
2026-01-23T16:40:00.0000000+02:00,1.89,
2026-01-23T16:50:00.0000000+02:00,1.885,
2026-01-23T17:00:00.0000000+02:00,1.882,
2026-01-23T17:10:00.0000000+02:00,1.87,
2026-01-23T17:20:00.0000000+02:00,1.865,
2026-01-23T17:30:00.0000000+02:00,1.872,
2026-01-23T17:40:00.0000000+02:00,1.876,
2026-01-23T17:50:00.0000000+02:00,1.864,
2026-01-23T18:00:00.0000000+02:00,1.871,
2026-01-23T18:10:00.0000000+02:00,1.878,
2026-01-23T18:20:00.0000000+02:00,1.872,
2026-01-23T18:30:00.0000000+02:00,1.873,
2026-01-23T18:40:00.0000000+02:00,1.876,
2026-01-23T18:50:00.0000000+02:00,1.878,
2026-01-23T19:00:00.0000000+02:00,1.875,
2026-01-23T19:10:00.0000000+02:00,1.874,
2026-01-23T19:20:00.0000000+02:00,1.875,
2026-01-23T19:30:00.0000000+02:00,1.873,
2026-01-23T19:40:00.0000000+02:00,1.874,
2026-01-23T19:50:00.0000000+02:00,1.873,
2026-01-23T20:00:00.0000000+02:00,1.876,
2026-01-23T20:10:00.0000000+02:00,1.87,
2026-01-23T20:20:00.0000000+02:00,1.876,
2026-01-23T20:30:00.0000000+02:00,1.877,
2026-01-23T20:40:00.0000000+02:00,1.878,
2026-01-23T20:50:00.0000000+02:00,1.878,
2026-01-23T21:00:00.0000000+02:00,1.881,
2026-01-23T21:10:00.0000000+02:00,1.873,
2026-01-23T21:20:00.0000000+02:00,1.881,
2026-01-23T21:30:00.0000000+02:00,1.878,
2026-01-23T21:40:00.0000000+02:00,1.883,
2026-01-23T21:50:00.0000000+02:00,1.884,
2026-01-23T22:00:00.0000000+02:00,1.885,
2026-01-23T22:10:00.0000000+02:00,1.881,
2026-01-23T22:20:00.0000000+02:00,1.885,
2026-01-23T22:30:00.0000000+02:00,1.889,
2026-01-23T22:40:00.0000000+02:00,1.889,
2026-01-23T22:50:00.0000000+02:00,1.897,
2026-01-23T23:00:00.0000000+02:00,1.899,
2026-01-23T23:10:00.0000000+02:00,1.893,
2026-01-23T23:20:00.0000000+02:00,1.895,
2026-01-23T23:30:00.0000000+02:00,1.901,
2026-01-23T23:40:00.0000000+02:00,1.904,
2026-01-23T23:50:00.0000000+02:00,1.902,
2026-01-24T00:00:00.0000000+02:00,1.906,
2026-01-24T00:10:00.0000000+02:00,1.903,
2026-01-24T00:20:00.0000000+02:00,1.915,
2026-01-24T00:30:00.0000000+02:00,1.911,
2026-01-24T00:40:00.0000000+02:00,1.914,
2026-01-24T00:50:00.0000000+02:00,1.915,
2026-01-24T01:00:00.0000000+02:00,1.921,
2026-01-24T01:10:00.0000000+02:00,1.923,
2026-01-24T01:20:00.0000000+02:00,1.925,
2026-01-24T01:30:00.0000000+02:00,1.925,
2026-01-24T01:40:00.0000000+02:00,1.924,
2026-01-24T01:50:00.0000000+02:00,1.926,
2026-01-24T02:00:00.0000000+02:00,1.926,
2026-01-24T02:10:00.0000000+02:00,1.931,
2026-01-24T02:20:00.0000000+02:00,1.941,
2026-01-24T02:30:00.0000000+02:00,1.937,
2026-01-24T02:40:00.0000000+02:00,1.935,
2026-01-24T02:50:00.0000000+02:00,1.94,
2026-01-24T03:00:00.0000000+02:00,1.936,
2026-01-24T03:10:00.0000000+02:00,1.942,
2026-01-24T03:20:00.0000000+02:00,1.94,
2026-01-24T03:30:00.0000000+02:00,1.946,
2026-01-24T03:40:00.0000000+02:00,1.949,
2026-01-24T03:50:00.0000000+02:00,1.948,
2026-01-24T04:00:00.0000000+02:00,1.948,
2026-01-24T04:10:00.0000000+02:00,1.942,
2026-01-24T04:20:00.0000000+02:00,1.946,
2026-01-24T04:30:00.0000000+02:00,1.949,
2026-01-24T04:40:00.0000000+02:00,1.954,
2026-01-24T04:50:00.0000000+02:00,1.948,
2026-01-24T05:00:00.0000000+02:00,1.95,
2026-01-24T05:10:00.0000000+02:00,1.951,
2026-01-24T05:20:00.0000000+02:00,1.954,
2026-01-24T05:30:00.0000000+02:00,1.959,
2026-01-24T05:40:00.0000000+02:00,1.952,
2026-01-24T05:50:00.0000000+02:00,1.948,
2026-01-24T06:00:00.0000000+02:00,1.942,
2026-01-24T06:10:00.0000000+02:00,1.946,
2026-01-24T06:20:00.0000000+02:00,1.947,
2026-01-24T06:30:00.0000000+02:00,1.947,
2026-01-24T06:40:00.0000000+02:00,1.947,
2026-01-24T06:50:00.0000000+02:00,1.95,
2026-01-24T07:00:00.0000000+02:00,1.95,
2026-01-24T07:10:00.0000000+02:00,1.942,
2026-01-24T07:20:00.0000000+02:00,1.948,
2026-01-24T07:30:00.0000000+02:00,1.946,
2026-01-24T07:40:00.0000000+02:00,1.945,
2026-01-24T07:50:00.0000000+02:00,1.94,
2026-01-24T08:00:00.0000000+02:00,1.94,
2026-01-24T08:10:00.0000000+02:00,1.938,
2026-01-24T08:20:00.0000000+02:00,1.942,
2026-01-24T08:30:00.0000000+02:00,1.942,
2026-01-24T08:40:00.0000000+02:00,1.939,
2026-01-24T08:50:00.0000000+02:00,1.938,
2026-01-24T09:00:00.0000000+02:00,1.931,
2026-01-24T09:10:00.0000000+02:00,1.932,
2026-01-24T09:20:00.0000000+02:00,1.936,
2026-01-24T09:30:00.0000000+02:00,1.938,
2026-01-24T09:40:00.0000000+02:00,1.928,
2026-01-24T09:50:00.0000000+02:00,1.933,
2026-01-24T10:00:00.0000000+02:00,1.931,
2026-01-24T10:10:00.0000000+02:00,1.928,
2026-01-24T10:20:00.0000000+02:00,1.924,
2026-01-24T10:30:00.0000000+02:00,1.926,
2026-01-24T10:40:00.0000000+02:00,1.92,
2026-01-24T10:50:00.0000000+02:00,1.923,
2026-01-24T11:00:00.0000000+02:00,1.916,
2026-01-24T11:10:00.0000000+02:00,1.912,
2026-01-24T11:20:00.0000000+02:00,1.906,
2026-01-24T11:30:00.0000000+02:00,1.902,
2026-01-24T11:40:00.0000000+02:00,1.905,
2026-01-24T11:50:00.0000000+02:00,1.897,
2026-01-24T12:00:00.0000000+02:00,1.888,
2026-01-24T12:10:00.0000000+02:00,1.897,
2026-01-24T12:20:00.0000000+02:00,1.882,
2026-01-24T12:30:00.0000000+02:00,1.89,
2026-01-24T12:40:00.0000000+02:00,1.87,
2026-01-24T12:50:00.0000000+02:00,1.87,
2026-01-24T13:00:00.0000000+02:00,1.889,
2026-01-24T13:10:00.0000000+02:00,1.884,
2026-01-24T13:20:00.0000000+02:00,1.867,
2026-01-24T13:30:00.0000000+02:00,1.879,
2026-01-24T13:40:00.0000000+02:00,1.876,
2026-01-24T13:50:00.0000000+02:00,1.875,
2026-01-24T14:00:00.0000000+02:00,1.867,
2026-01-24T14:10:00.0000000+02:00,1.837,
2026-01-24T14:20:00.0000000+02:00,1.834,
2026-01-24T14:30:00.0000000+02:00,1.853,
2026-01-24T14:40:00.0000000+02:00,1.846,
2026-01-24T14:50:00.0000000+02:00,1.853,
2026-01-24T15:00:00.0000000+02:00,1.849,
2026-01-24T15:10:00.0000000+02:00,1.809,
2026-01-24T15:20:00.0000000+02:00,1.832,
2026-01-24T15:30:00.0000000+02:00,1.835,
2026-01-24T15:40:00.0000000+02:00,1.832,
2026-01-24T15:50:00.0000000+02:00,1.833,
2026-01-24T16:00:00.0000000+02:00,1.835,
2026-01-24T16:10:00.0000000+02:00,1.827,
2026-01-24T16:20:00.0000000+02:00,1.824,
2026-01-24T16:30:00.0000000+02:00,1.821,
2026-01-24T16:40:00.0000000+02:00,1.814,
2026-01-24T16:50:00.0000000+02:00,1.815,
2026-01-24T17:00:00.0000000+02:00,1.81,
2026-01-24T17:10:00.0000000+02:00,1.81,
2026-01-24T17:20:00.0000000+02:00,1.809,
2026-01-24T17:30:00.0000000+02:00,1.807,
2026-01-24T17:40:00.0000000+02:00,1.805,
2026-01-24T17:50:00.0000000+02:00,1.8,
2026-01-24T18:00:00.0000000+02:00,1.796,
2026-01-24T18:10:00.0000000+02:00,1.795,
2026-01-24T18:20:00.0000000+02:00,1.793,
2026-01-24T18:30:00.0000000+02:00,1.792,
2026-01-24T18:40:00.0000000+02:00,1.782,
2026-01-24T18:50:00.0000000+02:00,1.783,
2026-01-24T19:00:00.0000000+02:00,1.781,
2026-01-24T19:10:00.0000000+02:00,1.778,
2026-01-24T19:20:00.0000000+02:00,1.768,
2026-01-24T19:30:00.0000000+02:00,1.769,
2026-01-24T19:40:00.0000000+02:00,1.763,
2026-01-24T19:50:00.0000000+02:00,1.768,
2026-01-24T20:00:00.0000000+02:00,1.764,
2026-01-24T20:10:00.0000000+02:00,1.768,
2026-01-24T20:20:00.0000000+02:00,1.769,
2026-01-24T20:30:00.0000000+02:00,1.762,
2026-01-24T20:40:00.0000000+02:00,1.761,
2026-01-24T20:50:00.0000000+02:00,1.763,
2026-01-24T21:00:00.0000000+02:00,1.765,
2026-01-24T21:10:00.0000000+02:00,1.763,
2026-01-24T21:20:00.0000000+02:00,1.761,
2026-01-24T21:30:00.0000000+02:00,1.765,
2026-01-24T21:40:00.0000000+02:00,1.764,
2026-01-24T21:50:00.0000000+02:00,1.765,
2026-01-24T22:00:00.0000000+02:00,1.761,
2026-01-24T22:10:00.0000000+02:00,1.764,
2026-01-24T22:20:00.0000000+02:00,1.765,
2026-01-24T22:30:00.0000000+02:00,1.763,
2026-01-24T22:40:00.0000000+02:00,1.768,
2026-01-24T22:50:00.0000000+02:00,1.763,
2026-01-24T23:00:00.0000000+02:00,1.765,
2026-01-24T23:10:00.0000000+02:00,1.768,
2026-01-24T23:20:00.0000000+02:00,1.773,
2026-01-24T23:30:00.0000000+02:00,1.778,
2026-01-24T23:40:00.0000000+02:00,1.775,
2026-01-24T23:50:00.0000000+02:00,1.779,
2026-01-25T00:00:00.0000000+02:00,1.775,
2026-01-25T00:10:00.0000000+02:00,1.781,
2026-01-25T00:20:00.0000000+02:00,1.786,
2026-01-25T00:30:00.0000000+02:00,1.781,
2026-01-25T00:40:00.0000000+02:00,1.781,
2026-01-25T00:50:00.0000000+02:00,1.787,
2026-01-25T01:00:00.0000000+02:00,1.787,
2026-01-25T01:10:00.0000000+02:00,1.788,
2026-01-25T01:20:00.0000000+02:00,1.797,
2026-01-25T01:30:00.0000000+02:00,1.794,
2026-01-25T01:40:00.0000000+02:00,1.801,
2026-01-25T01:50:00.0000000+02:00,1.8,
2026-01-25T02:00:00.0000000+02:00,1.804,
2026-01-25T02:10:00.0000000+02:00,1.804,
2026-01-25T02:20:00.0000000+02:00,1.809,
2026-01-25T02:30:00.0000000+02:00,1.81,
2026-01-25T02:40:00.0000000+02:00,1.808,
2026-01-25T02:50:00.0000000+02:00,1.814,
2026-01-25T03:00:00.0000000+02:00,1.819,
2026-01-25T03:10:00.0000000+02:00,1.814,
2026-01-25T03:20:00.0000000+02:00,1.823,
2026-01-25T03:30:00.0000000+02:00,1.823,
2026-01-25T03:40:00.0000000+02:00,1.824,
2026-01-25T03:50:00.0000000+02:00,1.827,
2026-01-25T04:00:00.0000000+02:00,1.83,
2026-01-25T04:10:00.0000000+02:00,1.831,
2026-01-25T04:20:00.0000000+02:00,1.83,
2026-01-25T04:30:00.0000000+02:00,1.831,
2026-01-25T04:40:00.0000000+02:00,1.835,
2026-01-25T04:50:00.0000000+02:00,1.836,
2026-01-25T05:00:00.0000000+02:00,1.837,
2026-01-25T05:10:00.0000000+02:00,1.842,
2026-01-25T05:20:00.0000000+02:00,1.844,
2026-01-25T05:30:00.0000000+02:00,1.845,
2026-01-25T05:40:00.0000000+02:00,1.847,
2026-01-25T05:50:00.0000000+02:00,1.844,
2026-01-25T06:00:00.0000000+02:00,1.848,
2026-01-25T06:10:00.0000000+02:00,1.847,
2026-01-25T06:20:00.0000000+02:00,1.854,
2026-01-25T06:30:00.0000000+02:00,1.848,
2026-01-25T06:40:00.0000000+02:00,1.858,
2026-01-25T06:50:00.0000000+02:00,1.853,
2026-01-25T07:00:00.0000000+02:00,1.849,
2026-01-25T07:10:00.0000000+02:00,1.859,
2026-01-25T07:20:00.0000000+02:00,1.857,
2026-01-25T07:30:00.0000000+02:00,1.858,
2026-01-25T07:40:00.0000000+02:00,1.857,
2026-01-25T07:50:00.0000000+02:00,1.855,
2026-01-25T08:00:00.0000000+02:00,1.855,
2026-01-25T08:10:00.0000000+02:00,1.854,
2026-01-25T08:20:00.0000000+02:00,1.856,
2026-01-25T08:30:00.0000000+02:00,1.86,
2026-01-25T08:40:00.0000000+02:00,1.859,
2026-01-25T08:50:00.0000000+02:00,1.861,
2026-01-25T09:00:00.0000000+02:00,1.854,
2026-01-25T09:10:00.0000000+02:00,1.859,
2026-01-25T09:20:00.0000000+02:00,1.858,
2026-01-25T09:30:00.0000000+02:00,1.859,
2026-01-25T09:40:00.0000000+02:00,1.858,
2026-01-25T09:50:00.0000000+02:00,1.858,
2026-01-25T10:00:00.0000000+02:00,1.854,
2026-01-25T10:10:00.0000000+02:00,1.856,
2026-01-25T10:20:00.0000000+02:00,1.854,
2026-01-25T10:30:00.0000000+02:00,1.845,
2026-01-25T10:40:00.0000000+02:00,1.852,
2026-01-25T10:50:00.0000000+02:00,1.851,
2026-01-25T11:00:00.0000000+02:00,1.85,
2026-01-25T11:10:00.0000000+02:00,1.841,
2026-01-25T11:20:00.0000000+02:00,1.845,
2026-01-25T11:30:00.0000000+02:00,1.85,
2026-01-25T11:40:00.0000000+02:00,1.839,
2026-01-25T11:50:00.0000000+02:00,1.837,
2026-01-25T12:00:00.0000000+02:00,1.835,
2026-01-25T12:10:00.0000000+02:00,1.834,
2026-01-25T12:20:00.0000000+02:00,1.831,
2026-01-25T12:30:00.0000000+02:00,1.814,
2026-01-25T12:40:00.0000000+02:00,1.828,
2026-01-25T12:50:00.0000000+02:00,1.821,
2026-01-25T13:00:00.0000000+02:00,1.819,
2026-01-25T13:10:00.0000000+02:00,1.82,
2026-01-25T13:20:00.0000000+02:00,1.807,
2026-01-25T13:30:00.0000000+02:00,1.811,
2026-01-25T13:40:00.0000000+02:00,1.814,
2026-01-25T13:50:00.0000000+02:00,1.796,
2026-01-25T14:00:00.0000000+02:00,1.805,
2026-01-25T14:10:00.0000000+02:00,1.808,
2026-01-25T14:20:00.0000000+02:00,1.803,
2026-01-25T14:30:00.0000000+02:00,1.799,
2026-01-25T14:40:00.0000000+02:00,1.768,
2026-01-25T14:50:00.0000000+02:00,1.778,
2026-01-25T15:00:00.0000000+02:00,1.783,
2026-01-25T15:10:00.0000000+02:00,1.779,
2026-01-25T15:20:00.0000000+02:00,1.782,
2026-01-25T15:30:00.0000000+02:00,1.78,
2026-01-25T15:40:00.0000000+02:00,1.78,
2026-01-25T15:50:00.0000000+02:00,1.779,
2026-01-25T16:00:00.0000000+02:00,1.774,
2026-01-25T16:10:00.0000000+02:00,1.775,
2026-01-25T16:20:00.0000000+02:00,1.752,
2026-01-25T16:30:00.0000000+02:00,1.761,
2026-01-25T16:40:00.0000000+02:00,1.753,
2026-01-25T16:50:00.0000000+02:00,1.756,
2026-01-25T17:00:00.0000000+02:00,1.745,
2026-01-25T17:10:00.0000000+02:00,1.748,
2026-01-25T17:20:00.0000000+02:00,1.749,
2026-01-25T17:30:00.0000000+02:00,1.745,
2026-01-25T17:40:00.0000000+02:00,1.742,
2026-01-25T17:50:00.0000000+02:00,1.736,
2026-01-25T18:00:00.0000000+02:00,1.738,
2026-01-25T18:10:00.0000000+02:00,1.732,
2026-01-25T18:20:00.0000000+02:00,1.727,
2026-01-25T18:30:00.0000000+02:00,1.724,
2026-01-25T18:40:00.0000000+02:00,1.721,
2026-01-25T18:50:00.0000000+02:00,1.71,
2026-01-25T19:00:00.0000000+02:00,1.713,
2026-01-25T19:10:00.0000000+02:00,1.706,
2026-01-25T19:20:00.0000000+02:00,1.711,
2026-01-25T19:30:00.0000000+02:00,1.707,
2026-01-25T19:40:00.0000000+02:00,1.706,
2026-01-25T19:50:00.0000000+02:00,1.699,
2026-01-25T20:00:00.0000000+02:00,1.701,
2026-01-25T20:10:00.0000000+02:00,1.69,
2026-01-25T20:20:00.0000000+02:00,1.69,
2026-01-25T20:30:00.0000000+02:00,1.679,
2026-01-25T20:40:00.0000000+02:00,1.684,
2026-01-25T20:50:00.0000000+02:00,1.681,
2026-01-25T21:00:00.0000000+02:00,1.679,
2026-01-25T21:10:00.0000000+02:00,1.675,
2026-01-25T21:20:00.0000000+02:00,1.674,
2026-01-25T21:30:00.0000000+02:00,1.667,
2026-01-25T21:40:00.0000000+02:00,1.663,
2026-01-25T21:50:00.0000000+02:00,1.657,
2026-01-25T22:00:00.0000000+02:00,1.653,
2026-01-25T22:10:00.0000000+02:00,1.652,
2026-01-25T22:20:00.0000000+02:00,1.651,
2026-01-25T22:30:00.0000000+02:00,1.648,
2026-01-25T22:40:00.0000000+02:00,1.648,
2026-01-25T22:50:00.0000000+02:00,1.645,
2026-01-25T23:00:00.0000000+02:00,1.642,
2026-01-25T23:10:00.0000000+02:00,1.638,
2026-01-25T23:20:00.0000000+02:00,1.644,
2026-01-25T23:30:00.0000000+02:00,1.637,
2026-01-25T23:40:00.0000000+02:00,1.626,
2026-01-25T23:50:00.0000000+02:00,1.627,
2026-01-26T00:00:00.0000000+02:00,1.624,
2026-01-26T00:10:00.0000000+02:00,1.623,
2026-01-26T00:20:00.0000000+02:00,1.621,
2026-01-26T00:30:00.0000000+02:00,1.624,
2026-01-26T00:40:00.0000000+02:00,1.625,
2026-01-26T00:50:00.0000000+02:00,1.613,
2026-01-26T01:00:00.0000000+02:00,1.617,
2026-01-26T01:10:00.0000000+02:00,1.617,
2026-01-26T01:20:00.0000000+02:00,1.616,
2026-01-26T01:30:00.0000000+02:00,1.618,
2026-01-26T01:40:00.0000000+02:00,1.609,
2026-01-26T01:50:00.0000000+02:00,1.603,
2026-01-26T02:00:00.0000000+02:00,1.607,
2026-01-26T02:10:00.0000000+02:00,1.616,
2026-01-26T02:20:00.0000000+02:00,1.612,
2026-01-26T02:30:00.0000000+02:00,1.614,
2026-01-26T02:40:00.0000000+02:00,1.607,
2026-01-26T02:50:00.0000000+02:00,1.608,
2026-01-26T03:00:00.0000000+02:00,1.615,
2026-01-26T03:10:00.0000000+02:00,1.618,
2026-01-26T03:20:00.0000000+02:00,1.615,
2026-01-26T03:30:00.0000000+02:00,1.62,
2026-01-26T03:40:00.0000000+02:00,1.625,
2026-01-26T03:50:00.0000000+02:00,1.621,
2026-01-26T04:00:00.0000000+02:00,1.625,
2026-01-26T04:10:00.0000000+02:00,1.62,
2026-01-26T04:20:00.0000000+02:00,1.625,
2026-01-26T04:30:00.0000000+02:00,1.63,
2026-01-26T04:40:00.0000000+02:00,1.627,
2026-01-26T04:50:00.0000000+02:00,1.636,
2026-01-26T05:00:00.0000000+02:00,1.639,
2026-01-26T05:10:00.0000000+02:00,1.63,
2026-01-26T05:20:00.0000000+02:00,1.635,
2026-01-26T05:30:00.0000000+02:00,1.644,
2026-01-26T05:40:00.0000000+02:00,1.647,
2026-01-26T05:50:00.0000000+02:00,1.647,
2026-01-26T06:00:00.0000000+02:00,1.653,
2026-01-26T06:10:00.0000000+02:00,1.652,
2026-01-26T06:20:00.0000000+02:00,1.66,
2026-01-26T06:30:00.0000000+02:00,1.665,
2026-01-26T06:40:00.0000000+02:00,1.666,
2026-01-26T06:50:00.0000000+02:00,1.675,
2026-01-26T07:00:00.0000000+02:00,1.668,
2026-01-26T07:10:00.0000000+02:00,1.672,
2026-01-26T07:20:00.0000000+02:00,1.682,
2026-01-26T07:30:00.0000000+02:00,1.683,
2026-01-26T07:40:00.0000000+02:00,1.689,
2026-01-26T07:50:00.0000000+02:00,1.69,
2026-01-26T08:00:00.0000000+02:00,1.693,
2026-01-26T08:10:00.0000000+02:00,1.694,
2026-01-26T08:20:00.0000000+02:00,1.698,
2026-01-26T08:30:00.0000000+02:00,1.698,
2026-01-26T08:40:00.0000000+02:00,1.708,
2026-01-26T08:50:00.0000000+02:00,1.703,
2026-01-26T09:00:00.0000000+02:00,1.713,
2026-01-26T09:10:00.0000000+02:00,1.717,
2026-01-26T09:20:00.0000000+02:00,1.717,
2026-01-26T09:30:00.0000000+02:00,1.715,
2026-01-26T09:40:00.0000000+02:00,1.722,
2026-01-26T09:50:00.0000000+02:00,1.724,
2026-01-26T10:00:00.0000000+02:00,1.729,
2026-01-26T10:10:00.0000000+02:00,1.729,
2026-01-26T10:20:00.0000000+02:00,1.73,
2026-01-26T10:30:00.0000000+02:00,1.732,
2026-01-26T10:40:00.0000000+02:00,1.74,
2026-01-26T10:50:00.0000000+02:00,1.736,
2026-01-26T11:00:00.0000000+02:00,1.741,
2026-01-26T11:10:00.0000000+02:00,1.747,
2026-01-26T11:20:00.0000000+02:00,1.748,
2026-01-26T11:30:00.0000000+02:00,1.75,
2026-01-26T11:40:00.0000000+02:00,1.749,
2026-01-26T11:50:00.0000000+02:00,1.746,
2026-01-26T12:00:00.0000000+02:00,1.747,
2026-01-26T12:10:00.0000000+02:00,1.744,
2026-01-26T12:20:00.0000000+02:00,1.741,
2026-01-26T12:30:00.0000000+02:00,1.742,
2026-01-26T12:40:00.0000000+02:00,1.754,
2026-01-26T12:50:00.0000000+02:00,1.738,
2026-01-26T13:00:00.0000000+02:00,1.754,
2026-01-26T13:10:00.0000000+02:00,1.756,
2026-01-26T13:20:00.0000000+02:00,1.757,
2026-01-26T13:30:00.0000000+02:00,1.763,
2026-01-26T13:40:00.0000000+02:00,1.759,
2026-01-26T13:50:00.0000000+02:00,1.763,
2026-01-26T14:00:00.0000000+02:00,1.756,
2026-01-26T14:10:00.0000000+02:00,1.756,
2026-01-26T14:20:00.0000000+02:00,1.749,
2026-01-26T14:30:00.0000000+02:00,1.746,
2026-01-26T14:40:00.0000000+02:00,1.754,
2026-01-26T14:50:00.0000000+02:00,1.768,
2026-01-26T15:00:00.0000000+02:00,1.763,
2026-01-26T15:10:00.0000000+02:00,1.761,
2026-01-26T15:20:00.0000000+02:00,1.756,
2026-01-26T15:30:00.0000000+02:00,1.752,
2026-01-26T15:40:00.0000000+02:00,1.758,
2026-01-26T15:50:00.0000000+02:00,1.761,
2026-01-26T16:00:00.0000000+02:00,1.763,
2026-01-26T16:10:00.0000000+02:00,1.759,
2026-01-26T16:20:00.0000000+02:00,1.757,
2026-01-26T16:30:00.0000000+02:00,1.756,
2026-01-26T16:40:00.0000000+02:00,1.757,
2026-01-26T16:50:00.0000000+02:00,1.757,
2026-01-26T17:00:00.0000000+02:00,1.752,
2026-01-26T17:10:00.0000000+02:00,1.755,
2026-01-26T17:20:00.0000000+02:00,1.751,
2026-01-26T17:30:00.0000000+02:00,1.743,
2026-01-26T17:40:00.0000000+02:00,1.746,
2026-01-26T17:50:00.0000000+02:00,1.75,
2026-01-26T18:00:00.0000000+02:00,1.706,
2026-01-26T18:10:00.0000000+02:00,1.725,
2026-01-26T18:20:00.0000000+02:00,1.74,
2026-01-26T18:30:00.0000000+02:00,1.748,
2026-01-26T18:40:00.0000000+02:00,1.74,
2026-01-26T18:50:00.0000000+02:00,1.736,
2026-01-26T19:00:00.0000000+02:00,1.736,
2026-01-26T19:10:00.0000000+02:00,1.738,
2026-01-26T19:20:00.0000000+02:00,1.736,
2026-01-26T19:30:00.0000000+02:00,1.737,
2026-01-26T19:40:00.0000000+02:00,1.739,
2026-01-26T19:50:00.0000000+02:00,1.739,
2026-01-26T20:00:00.0000000+02:00,1.739,
2026-01-26T20:10:00.0000000+02:00,1.739,
2026-01-26T20:20:00.0000000+02:00,1.734,
2026-01-26T20:30:00.0000000+02:00,1.731,
2026-01-26T20:40:00.0000000+02:00,1.728,
2026-01-26T20:50:00.0000000+02:00,1.727,
2026-01-26T21:00:00.0000000+02:00,1.732,
2026-01-26T21:10:00.0000000+02:00,1.733,
2026-01-26T21:20:00.0000000+02:00,1.724,
2026-01-26T21:30:00.0000000+02:00,1.724,
2026-01-26T21:40:00.0000000+02:00,1.717,
2026-01-26T21:50:00.0000000+02:00,1.72,
2026-01-26T22:00:00.0000000+02:00,1.716,
2026-01-26T22:10:00.0000000+02:00,1.721,
2026-01-26T22:20:00.0000000+02:00,1.717,
2026-01-26T22:30:00.0000000+02:00,1.711,
2026-01-26T22:40:00.0000000+02:00,1.715,
2026-01-26T22:50:00.0000000+02:00,1.716,
2026-01-26T23:00:00.0000000+02:00,1.708,
2026-01-26T23:10:00.0000000+02:00,1.717,
2026-01-26T23:20:00.0000000+02:00,1.711,
2026-01-26T23:30:00.0000000+02:00,1.707,
2026-01-26T23:40:00.0000000+02:00,1.707,
2026-01-26T23:50:00.0000000+02:00,1.703,
2026-01-27T00:00:00.0000000+02:00,1.705,
2026-01-27T00:10:00.0000000+02:00,1.707,
2026-01-27T00:20:00.0000000+02:00,1.713,
2026-01-27T00:30:00.0000000+02:00,1.707,
2026-01-27T00:40:00.0000000+02:00,1.706,
2026-01-27T00:50:00.0000000+02:00,1.698,
2026-01-27T01:00:00.0000000+02:00,1.696,
2026-01-27T01:10:00.0000000+02:00,1.7,
2026-01-27T01:20:00.0000000+02:00,1.7,
2026-01-27T01:30:00.0000000+02:00,1.703,
2026-01-27T01:40:00.0000000+02:00,1.699,
2026-01-27T01:50:00.0000000+02:00,1.7,
2026-01-27T02:00:00.0000000+02:00,1.696,
2026-01-27T02:10:00.0000000+02:00,1.698,
2026-01-27T02:20:00.0000000+02:00,1.698,
2026-01-27T02:30:00.0000000+02:00,1.697,
2026-01-27T02:40:00.0000000+02:00,1.698,
2026-01-27T02:50:00.0000000+02:00,1.7,
2026-01-27T03:00:00.0000000+02:00,1.704,
2026-01-27T03:10:00.0000000+02:00,1.701,
2026-01-27T03:20:00.0000000+02:00,1.697,
2026-01-27T03:30:00.0000000+02:00,1.702,
2026-01-27T03:40:00.0000000+02:00,1.695,
2026-01-27T03:50:00.0000000+02:00,1.694,
2026-01-27T04:00:00.0000000+02:00,1.703,
2026-01-27T04:10:00.0000000+02:00,1.702,
2026-01-27T04:20:00.0000000+02:00,1.709,
2026-01-27T04:30:00.0000000+02:00,1.707,
2026-01-27T04:40:00.0000000+02:00,1.706,
2026-01-27T04:50:00.0000000+02:00,1.706,
2026-01-27T05:00:00.0000000+02:00,1.709,
2026-01-27T05:10:00.0000000+02:00,1.705,
2026-01-27T05:20:00.0000000+02:00,1.719,
2026-01-27T05:30:00.0000000+02:00,1.713,
2026-01-27T05:40:00.0000000+02:00,1.709,
2026-01-27T05:50:00.0000000+02:00,1.71,
2026-01-27T06:00:00.0000000+02:00,1.714,
2026-01-27T06:10:00.0000000+02:00,1.709,
2026-01-27T06:20:00.0000000+02:00,1.717,
2026-01-27T06:30:00.0000000+02:00,1.716,
2026-01-27T06:40:00.0000000+02:00,1.716,
2026-01-27T06:50:00.0000000+02:00,1.721,
2026-01-27T07:00:00.0000000+02:00,1.718,
2026-01-27T07:10:00.0000000+02:00,1.722,
2026-01-27T07:20:00.0000000+02:00,1.715,
2026-01-27T07:30:00.0000000+02:00,1.718,
2026-01-27T07:40:00.0000000+02:00,1.715,
2026-01-27T07:50:00.0000000+02:00,1.715,
2026-01-27T08:00:00.0000000+02:00,1.721,
2026-01-27T08:10:00.0000000+02:00,1.719,
2026-01-27T08:20:00.0000000+02:00,1.718,
2026-01-27T08:30:00.0000000+02:00,1.715,
2026-01-27T08:40:00.0000000+02:00,1.725,
2026-01-27T08:50:00.0000000+02:00,1.721,
2026-01-27T09:00:00.0000000+02:00,1.719,
2026-01-27T09:10:00.0000000+02:00,1.718,
2026-01-27T09:20:00.0000000+02:00,1.72,
2026-01-27T09:30:00.0000000+02:00,1.717,
2026-01-27T09:40:00.0000000+02:00,1.717,
2026-01-27T09:50:00.0000000+02:00,1.724,
2026-01-27T10:00:00.0000000+02:00,1.723,
2026-01-27T10:10:00.0000000+02:00,1.723,
2026-01-27T10:20:00.0000000+02:00,1.723,
2026-01-27T10:30:00.0000000+02:00,1.713,
2026-01-27T10:40:00.0000000+02:00,1.715,
2026-01-27T10:50:00.0000000+02:00,1.722,
2026-01-27T11:00:00.0000000+02:00,1.717,
2026-01-27T11:10:00.0000000+02:00,1.711,
2026-01-27T11:20:00.0000000+02:00,1.714,
2026-01-27T11:30:00.0000000+02:00,1.713,
2026-01-27T11:40:00.0000000+02:00,1.707,
2026-01-27T11:50:00.0000000+02:00,1.711,
2026-01-27T12:00:00.0000000+02:00,1.705,
2026-01-27T12:10:00.0000000+02:00,1.698,
2026-01-27T12:20:00.0000000+02:00,1.706,
2026-01-27T12:30:00.0000000+02:00,1.708,
2026-01-27T12:40:00.0000000+02:00,1.654,
2026-01-27T12:50:00.0000000+02:00,1.689,
2026-01-27T13:00:00.0000000+02:00,1.648,
2026-01-27T13:10:00.0000000+02:00,1.638,
2026-01-27T13:20:00.0000000+02:00,1.648,
2026-01-27T13:30:00.0000000+02:00,1.647,
2026-01-27T13:40:00.0000000+02:00,1.687,
2026-01-27T13:50:00.0000000+02:00,1.681,
2026-01-27T14:00:00.0000000+02:00,1.673,
2026-01-27T14:10:00.0000000+02:00,1.669,
2026-01-27T14:20:00.0000000+02:00,1.67,
2026-01-27T14:30:00.0000000+02:00,1.672,
2026-01-27T14:40:00.0000000+02:00,1.676,
2026-01-27T14:50:00.0000000+02:00,1.667,
2026-01-27T15:00:00.0000000+02:00,1.659,
2026-01-27T15:10:00.0000000+02:00,1.664,
2026-01-27T15:20:00.0000000+02:00,1.664,
2026-01-27T15:30:00.0000000+02:00,1.655,
2026-01-27T15:40:00.0000000+02:00,1.656,
2026-01-27T15:50:00.0000000+02:00,1.65,
2026-01-27T16:00:00.0000000+02:00,1.652,
2026-01-27T16:10:00.0000000+02:00,1.649,
2026-01-27T16:20:00.0000000+02:00,1.641,
2026-01-27T16:30:00.0000000+02:00,1.64,
2026-01-27T16:40:00.0000000+02:00,1.635,
2026-01-27T16:50:00.0000000+02:00,1.631,
2026-01-27T17:00:00.0000000+02:00,1.613,
2026-01-27T17:10:00.0000000+02:00,1.621,
2026-01-27T17:20:00.0000000+02:00,1.615,
2026-01-27T17:30:00.0000000+02:00,1.611,
2026-01-27T17:40:00.0000000+02:00,1.607,
2026-01-27T17:50:00.0000000+02:00,1.606,
2026-01-27T18:00:00.0000000+02:00,1.608,
2026-01-27T18:10:00.0000000+02:00,1.6,
2026-01-27T18:20:00.0000000+02:00,1.591,
2026-01-27T18:30:00.0000000+02:00,1.596,
2026-01-27T18:40:00.0000000+02:00,1.594,
2026-01-27T18:50:00.0000000+02:00,1.588,
2026-01-27T19:00:00.0000000+02:00,1.586,
2026-01-27T19:10:00.0000000+02:00,1.578,
2026-01-27T19:20:00.0000000+02:00,1.571,
2026-01-27T19:30:00.0000000+02:00,1.581,
2026-01-27T19:40:00.0000000+02:00,1.577,
2026-01-27T19:50:00.0000000+02:00,1.569,
2026-01-27T20:00:00.0000000+02:00,1.568,
2026-01-27T20:10:00.0000000+02:00,1.569,
2026-01-27T20:20:00.0000000+02:00,1.57,
2026-01-27T20:30:00.0000000+02:00,1.565,
2026-01-27T20:40:00.0000000+02:00,1.569,
2026-01-27T20:50:00.0000000+02:00,1.553,
2026-01-27T21:00:00.0000000+02:00,1.548,
2026-01-27T21:10:00.0000000+02:00,1.558,
2026-01-27T21:20:00.0000000+02:00,1.55,
2026-01-27T21:30:00.0000000+02:00,1.551,
2026-01-27T21:40:00.0000000+02:00,1.548,
2026-01-27T21:50:00.0000000+02:00,1.545,
2026-01-27T22:00:00.0000000+02:00,1.548,
2026-01-27T22:10:00.0000000+02:00,1.55,
2026-01-27T22:20:00.0000000+02:00,1.547,
2026-01-27T22:30:00.0000000+02:00,1.55,
2026-01-27T22:40:00.0000000+02:00,1.548,
2026-01-27T22:50:00.0000000+02:00,1.542,
2026-01-27T23:00:00.0000000+02:00,1.548,
2026-01-27T23:10:00.0000000+02:00,1.543,
2026-01-27T23:20:00.0000000+02:00,1.546,
2026-01-27T23:30:00.0000000+02:00,1.539,
2026-01-27T23:40:00.0000000+02:00,1.55,
2026-01-27T23:50:00.0000000+02:00,1.543,
2026-01-28T00:00:00.0000000+02:00,1.542,
2026-01-28T00:10:00.0000000+02:00,1.546,
2026-01-28T00:20:00.0000000+02:00,1.55,
2026-01-28T00:30:00.0000000+02:00,1.545,
2026-01-28T00:40:00.0000000+02:00,1.538,
2026-01-28T00:50:00.0000000+02:00,1.549,
2026-01-28T01:00:00.0000000+02:00,1.548,
2026-01-28T01:10:00.0000000+02:00,1.545,
2026-01-28T01:20:00.0000000+02:00,1.552,
2026-01-28T01:30:00.0000000+02:00,1.554,
2026-01-28T01:40:00.0000000+02:00,1.559,
2026-01-28T01:50:00.0000000+02:00,1.558,
2026-01-28T02:00:00.0000000+02:00,1.56,
2026-01-28T02:10:00.0000000+02:00,1.561,
2026-01-28T02:20:00.0000000+02:00,1.563,
2026-01-28T02:30:00.0000000+02:00,1.563,
2026-01-28T02:40:00.0000000+02:00,1.571,
2026-01-28T02:50:00.0000000+02:00,1.574,
2026-01-28T03:00:00.0000000+02:00,1.572,
2026-01-28T03:10:00.0000000+02:00,1.581,
2026-01-28T03:20:00.0000000+02:00,1.584,
2026-01-28T03:30:00.0000000+02:00,1.589,
2026-01-28T03:40:00.0000000+02:00,1.594,
2026-01-28T03:50:00.0000000+02:00,1.596,
2026-01-28T04:00:00.0000000+02:00,1.608,
2026-01-28T04:10:00.0000000+02:00,1.605,
2026-01-28T04:20:00.0000000+02:00,1.606,
2026-01-28T04:30:00.0000000+02:00,1.606,
2026-01-28T04:40:00.0000000+02:00,1.613,
2026-01-28T04:50:00.0000000+02:00,1.618,
2026-01-28T05:00:00.0000000+02:00,1.622,
2026-01-28T05:10:00.0000000+02:00,1.628,
2026-01-28T05:20:00.0000000+02:00,1.63,
2026-01-28T05:30:00.0000000+02:00,1.635,
2026-01-28T05:40:00.0000000+02:00,1.636,
2026-01-28T05:50:00.0000000+02:00,1.641,
2026-01-28T06:00:00.0000000+02:00,1.643,
2026-01-28T06:10:00.0000000+02:00,1.657,
2026-01-28T06:20:00.0000000+02:00,1.663,
2026-01-28T06:30:00.0000000+02:00,1.667,
2026-01-28T06:40:00.0000000+02:00,1.665,
2026-01-28T06:50:00.0000000+02:00,1.668,
2026-01-28T07:00:00.0000000+02:00,1.678,
2026-01-28T07:10:00.0000000+02:00,1.664,
2026-01-28T07:20:00.0000000+02:00,1.676,
2026-01-28T07:30:00.0000000+02:00,1.676,
2026-01-28T07:40:00.0000000+02:00,1.681,
2026-01-28T07:50:00.0000000+02:00,1.686,
2026-01-28T08:00:00.0000000+02:00,1.689,
2026-01-28T08:10:00.0000000+02:00,1.687,
2026-01-28T08:20:00.0000000+02:00,1.688,
2026-01-28T08:30:00.0000000+02:00,1.695,
2026-01-28T08:40:00.0000000+02:00,1.697,
2026-01-28T08:50:00.0000000+02:00,1.699,
2026-01-28T09:00:00.0000000+02:00,1.7,
2026-01-28T09:10:00.0000000+02:00,1.699,
2026-01-28T09:20:00.0000000+02:00,1.707,
2026-01-28T09:30:00.0000000+02:00,1.708,
2026-01-28T09:40:00.0000000+02:00,1.711,
2026-01-28T09:50:00.0000000+02:00,1.705,
2026-01-28T10:00:00.0000000+02:00,1.715,
2026-01-28T10:10:00.0000000+02:00,1.712,
2026-01-28T10:20:00.0000000+02:00,1.717,
2026-01-28T10:30:00.0000000+02:00,1.717,
2026-01-28T10:40:00.0000000+02:00,1.716,
2026-01-28T10:50:00.0000000+02:00,1.724,
2026-01-28T11:00:00.0000000+02:00,1.723,
2026-01-28T11:10:00.0000000+02:00,1.724,
2026-01-28T11:20:00.0000000+02:00,1.724,
2026-01-28T11:30:00.0000000+02:00,1.727,
2026-01-28T11:40:00.0000000+02:00,1.72,
2026-01-28T11:50:00.0000000+02:00,1.714,
2026-01-28T12:00:00.0000000+02:00,1.718,
2026-01-28T12:10:00.0000000+02:00,1.719,
2026-01-28T12:20:00.0000000+02:00,1.718,
2026-01-28T12:30:00.0000000+02:00,1.718,
2026-01-28T12:40:00.0000000+02:00,1.711,
2026-01-28T12:50:00.0000000+02:00,1.725,
2026-01-28T13:00:00.0000000+02:00,1.716,
2026-01-28T13:10:00.0000000+02:00,1.709,
2026-01-28T13:20:00.0000000+02:00,1.676,
2026-01-28T13:30:00.0000000+02:00,1.67,
2026-01-28T13:40:00.0000000+02:00,1.704,
2026-01-28T13:50:00.0000000+02:00,1.71,
2026-01-28T14:00:00.0000000+02:00,1.699,
2026-01-28T14:10:00.0000000+02:00,1.665,
2026-01-28T14:20:00.0000000+02:00,1.671,
2026-01-28T14:30:00.0000000+02:00,1.684,
2026-01-28T14:40:00.0000000+02:00,1.683,
2026-01-28T14:50:00.0000000+02:00,1.688,
2026-01-28T15:00:00.0000000+02:00,1.688,
2026-01-28T15:10:00.0000000+02:00,1.683,
2026-01-28T15:20:00.0000000+02:00,1.686,
2026-01-28T15:30:00.0000000+02:00,1.688,
2026-01-28T15:40:00.0000000+02:00,1.693,
2026-01-28T15:50:00.0000000+02:00,1.685,
2026-01-28T16:00:00.0000000+02:00,1.691,
2026-01-28T16:10:00.0000000+02:00,1.671,
2026-01-28T16:20:00.0000000+02:00,1.688,
2026-01-28T16:30:00.0000000+02:00,1.678,
2026-01-28T16:40:00.0000000+02:00,1.681,
2026-01-28T16:50:00.0000000+02:00,1.668,
2026-01-28T17:00:00.0000000+02:00,1.673,
2026-01-28T17:10:00.0000000+02:00,1.664,
2026-01-28T17:20:00.0000000+02:00,1.673,
2026-01-28T17:30:00.0000000+02:00,1.677,
2026-01-28T17:40:00.0000000+02:00,1.674,
2026-01-28T17:50:00.0000000+02:00,1.674,
2026-01-28T18:00:00.0000000+02:00,1.674,
2026-01-28T18:10:00.0000000+02:00,1.67,
2026-01-28T18:20:00.0000000+02:00,1.671,
2026-01-28T18:30:00.0000000+02:00,1.667,
2026-01-28T18:40:00.0000000+02:00,1.669,
2026-01-28T18:50:00.0000000+02:00,1.662,
2026-01-28T19:00:00.0000000+02:00,1.654,
2026-01-28T19:10:00.0000000+02:00,1.667,
2026-01-28T19:20:00.0000000+02:00,1.656,
2026-01-28T19:30:00.0000000+02:00,1.67,
2026-01-28T19:40:00.0000000+02:00,1.652,
2026-01-28T19:50:00.0000000+02:00,1.66,
2026-01-28T20:00:00.0000000+02:00,1.662,
2026-01-28T20:10:00.0000000+02:00,1.665,
2026-01-28T20:20:00.0000000+02:00,1.664,
2026-01-28T20:30:00.0000000+02:00,1.665,
2026-01-28T20:40:00.0000000+02:00,1.664,
2026-01-28T20:50:00.0000000+02:00,1.669,
2026-01-28T21:00:00.0000000+02:00,1.674,
2026-01-28T21:10:00.0000000+02:00,1.677,
2026-01-28T21:20:00.0000000+02:00,1.679,
2026-01-28T21:30:00.0000000+02:00,1.685,
2026-01-28T21:40:00.0000000+02:00,1.69,
2026-01-28T21:50:00.0000000+02:00,1.687,
2026-01-28T22:00:00.0000000+02:00,1.689,
2026-01-28T22:10:00.0000000+02:00,1.696,
2026-01-28T22:20:00.0000000+02:00,1.702,
2026-01-28T22:30:00.0000000+02:00,1.704,
2026-01-28T22:40:00.0000000+02:00,1.705,
2026-01-28T22:50:00.0000000+02:00,1.708,
2026-01-28T23:00:00.0000000+02:00,1.715,
2026-01-28T23:10:00.0000000+02:00,1.72,
2026-01-28T23:20:00.0000000+02:00,1.72,
2026-01-28T23:30:00.0000000+02:00,1.732,
2026-01-28T23:40:00.0000000+02:00,1.734,
2026-01-28T23:50:00.0000000+02:00,1.735,
2026-01-29T00:00:00.0000000+02:00,1.741,
2026-01-29T00:10:00.0000000+02:00,1.748,
2026-01-29T00:20:00.0000000+02:00,1.748,
2026-01-29T00:30:00.0000000+02:00,1.756,
2026-01-29T00:40:00.0000000+02:00,1.761,
2026-01-29T00:50:00.0000000+02:00,1.763,
2026-01-29T01:00:00.0000000+02:00,1.767,
2026-01-29T01:10:00.0000000+02:00,1.771,
2026-01-29T01:20:00.0000000+02:00,1.777,
2026-01-29T01:30:00.0000000+02:00,1.781,
2026-01-29T01:40:00.0000000+02:00,1.781,
2026-01-29T01:50:00.0000000+02:00,1.79,
2026-01-29T02:00:00.0000000+02:00,1.803,
2026-01-29T02:10:00.0000000+02:00,1.806,
2026-01-29T02:20:00.0000000+02:00,1.81,
2026-01-29T02:30:00.0000000+02:00,1.811,
2026-01-29T02:40:00.0000000+02:00,1.824,
2026-01-29T02:50:00.0000000+02:00,1.823,
2026-01-29T03:00:00.0000000+02:00,1.829,
2026-01-29T03:10:00.0000000+02:00,1.833,
2026-01-29T03:20:00.0000000+02:00,1.836,
2026-01-29T03:30:00.0000000+02:00,1.839,
2026-01-29T03:40:00.0000000+02:00,1.843,
2026-01-29T03:50:00.0000000+02:00,1.851,
2026-01-29T04:00:00.0000000+02:00,1.85,
2026-01-29T04:10:00.0000000+02:00,1.857,
2026-01-29T04:20:00.0000000+02:00,1.863,
2026-01-29T04:30:00.0000000+02:00,1.865,
2026-01-29T04:40:00.0000000+02:00,1.866,
2026-01-29T04:50:00.0000000+02:00,1.869,
2026-01-29T05:00:00.0000000+02:00,1.878,
2026-01-29T05:10:00.0000000+02:00,1.882,
2026-01-29T05:20:00.0000000+02:00,1.876,
2026-01-29T05:30:00.0000000+02:00,1.889,
2026-01-29T05:40:00.0000000+02:00,1.892,
2026-01-29T05:50:00.0000000+02:00,1.89,
2026-01-29T06:00:00.0000000+02:00,1.897,
2026-01-29T06:10:00.0000000+02:00,1.899,
2026-01-29T06:20:00.0000000+02:00,1.904,
2026-01-29T06:30:00.0000000+02:00,1.904,
2026-01-29T06:40:00.0000000+02:00,1.91,
2026-01-29T06:50:00.0000000+02:00,1.912,
2026-01-29T07:00:00.0000000+02:00,1.91,
2026-01-29T07:10:00.0000000+02:00,1.909,
2026-01-29T07:20:00.0000000+02:00,1.92,
2026-01-29T07:30:00.0000000+02:00,1.919,
2026-01-29T07:40:00.0000000+02:00,1.919,
2026-01-29T07:50:00.0000000+02:00,1.916,
2026-01-29T08:00:00.0000000+02:00,1.923,
2026-01-29T08:10:00.0000000+02:00,1.924,
2026-01-29T08:20:00.0000000+02:00,1.925,
2026-01-29T08:30:00.0000000+02:00,1.921,
2026-01-29T08:40:00.0000000+02:00,1.923,
2026-01-29T08:50:00.0000000+02:00,1.92,
2026-01-29T09:00:00.0000000+02:00,1.927,
2026-01-29T09:10:00.0000000+02:00,1.921,
2026-01-29T09:20:00.0000000+02:00,1.924,
2026-01-29T09:30:00.0000000+02:00,1.922,
2026-01-29T09:40:00.0000000+02:00,1.922,
2026-01-29T09:50:00.0000000+02:00,1.92,
2026-01-29T10:00:00.0000000+02:00,1.916,
2026-01-29T10:10:00.0000000+02:00,1.921,
2026-01-29T10:20:00.0000000+02:00,1.918,
2026-01-29T10:30:00.0000000+02:00,1.916,
2026-01-29T10:40:00.0000000+02:00,1.918,
2026-01-29T10:50:00.0000000+02:00,1.912,
2026-01-29T11:00:00.0000000+02:00,1.914,
2026-01-29T11:10:00.0000000+02:00,1.911,
2026-01-29T11:20:00.0000000+02:00,1.904,
2026-01-29T11:30:00.0000000+02:00,1.906,
2026-01-29T11:40:00.0000000+02:00,1.902,
2026-01-29T11:50:00.0000000+02:00,1.906,
2026-01-29T12:00:00.0000000+02:00,1.903,
2026-01-29T12:10:00.0000000+02:00,1.903,
2026-01-29T12:20:00.0000000+02:00,1.9,
2026-01-29T12:30:00.0000000+02:00,1.899,
2026-01-29T12:40:00.0000000+02:00,1.898,
2026-01-29T12:50:00.0000000+02:00,1.895,
2026-01-29T13:00:00.0000000+02:00,1.891,
2026-01-29T13:10:00.0000000+02:00,1.893,
2026-01-29T13:20:00.0000000+02:00,1.891,
2026-01-29T13:30:00.0000000+02:00,1.885,
2026-01-29T13:40:00.0000000+02:00,1.887,
2026-01-29T13:50:00.0000000+02:00,1.884,
2026-01-29T14:00:00.0000000+02:00,1.88,
2026-01-29T14:10:00.0000000+02:00,1.878,
2026-01-29T14:20:00.0000000+02:00,1.878,
2026-01-29T14:30:00.0000000+02:00,1.873,
2026-01-29T14:40:00.0000000+02:00,1.873,
2026-01-29T14:50:00.0000000+02:00,1.865,
2026-01-29T15:00:00.0000000+02:00,1.868,
2026-01-29T15:10:00.0000000+02:00,1.863,
2026-01-29T15:20:00.0000000+02:00,1.863,
2026-01-29T15:30:00.0000000+02:00,1.864,
2026-01-29T15:40:00.0000000+02:00,1.856,
2026-01-29T15:50:00.0000000+02:00,1.851,
2026-01-29T16:00:00.0000000+02:00,1.85,
2026-01-29T16:10:00.0000000+02:00,1.847,
2026-01-29T16:20:00.0000000+02:00,1.85,
2026-01-29T16:30:00.0000000+02:00,1.846,
2026-01-29T16:40:00.0000000+02:00,1.843,
2026-01-29T16:50:00.0000000+02:00,1.847,
2026-01-29T17:00:00.0000000+02:00,1.839,
2026-01-29T17:10:00.0000000+02:00,1.84,
2026-01-29T17:20:00.0000000+02:00,1.838,
2026-01-29T17:30:00.0000000+02:00,1.831,
2026-01-29T17:40:00.0000000+02:00,1.829,
2026-01-29T17:50:00.0000000+02:00,1.828,
2026-01-29T18:00:00.0000000+02:00,1.825,
2026-01-29T18:10:00.0000000+02:00,1.823,
2026-01-29T18:20:00.0000000+02:00,1.822,
2026-01-29T18:30:00.0000000+02:00,1.818,
2026-01-29T18:40:00.0000000+02:00,1.813,
2026-01-29T18:50:00.0000000+02:00,1.814,
2026-01-29T19:00:00.0000000+02:00,1.809,
2026-01-29T19:10:00.0000000+02:00,1.806,
2026-01-29T19:20:00.0000000+02:00,1.807,
2026-01-29T19:30:00.0000000+02:00,1.803,
2026-01-29T19:40:00.0000000+02:00,1.799,
2026-01-29T19:50:00.0000000+02:00,1.799,
2026-01-29T20:00:00.0000000+02:00,1.799,
2026-01-29T20:10:00.0000000+02:00,1.796,
2026-01-29T20:20:00.0000000+02:00,1.796,
2026-01-29T20:30:00.0000000+02:00,1.799,
2026-01-29T20:40:00.0000000+02:00,1.792,
2026-01-29T20:50:00.0000000+02:00,1.792,
2026-01-29T21:00:00.0000000+02:00,1.785,
2026-01-29T21:10:00.0000000+02:00,1.789,
2026-01-29T21:20:00.0000000+02:00,1.786,
2026-01-29T21:30:00.0000000+02:00,1.791,
2026-01-29T21:40:00.0000000+02:00,1.788,
2026-01-29T21:50:00.0000000+02:00,1.786,
2026-01-29T22:00:00.0000000+02:00,1.788,
2026-01-29T22:10:00.0000000+02:00,1.781,
2026-01-29T22:20:00.0000000+02:00,1.785,
2026-01-29T22:30:00.0000000+02:00,1.789,
2026-01-29T22:40:00.0000000+02:00,1.789,
2026-01-29T22:50:00.0000000+02:00,1.786,
2026-01-29T23:00:00.0000000+02:00,1.783,
2026-01-29T23:10:00.0000000+02:00,1.789,
2026-01-29T23:20:00.0000000+02:00,1.784,
2026-01-29T23:30:00.0000000+02:00,1.794,
2026-01-29T23:40:00.0000000+02:00,1.79,
2026-01-29T23:50:00.0000000+02:00,1.785,
2026-01-30T00:00:00.0000000+02:00,1.791,
2026-01-30T00:10:00.0000000+02:00,1.792,
2026-01-30T00:20:00.0000000+02:00,1.788,
2026-01-30T00:30:00.0000000+02:00,1.795,
2026-01-30T00:40:00.0000000+02:00,1.792,
2026-01-30T00:50:00.0000000+02:00,1.79,
2026-01-30T01:00:00.0000000+02:00,1.798,
2026-01-30T01:10:00.0000000+02:00,1.794,
2026-01-30T01:20:00.0000000+02:00,1.8,
2026-01-30T01:30:00.0000000+02:00,1.796,
2026-01-30T01:40:00.0000000+02:00,1.801,
2026-01-30T01:50:00.0000000+02:00,1.8,
2026-01-30T02:00:00.0000000+02:00,1.805,
2026-01-30T02:10:00.0000000+02:00,1.809,
2026-01-30T02:20:00.0000000+02:00,1.807,
2026-01-30T02:30:00.0000000+02:00,1.812,
2026-01-30T02:40:00.0000000+02:00,1.811,
2026-01-30T02:50:00.0000000+02:00,1.815,
2026-01-30T03:00:00.0000000+02:00,1.822,
2026-01-30T03:10:00.0000000+02:00,1.821,
2026-01-30T03:20:00.0000000+02:00,1.818,
2026-01-30T03:30:00.0000000+02:00,1.822,
2026-01-30T03:40:00.0000000+02:00,1.823,
2026-01-30T03:50:00.0000000+02:00,1.83,
2026-01-30T04:00:00.0000000+02:00,1.832,
2026-01-30T04:10:00.0000000+02:00,1.829,
2026-01-30T04:20:00.0000000+02:00,1.834,
2026-01-30T04:30:00.0000000+02:00,1.83,
2026-01-30T04:40:00.0000000+02:00,1.829,
2026-01-30T04:50:00.0000000+02:00,1.836,
2026-01-30T05:00:00.0000000+02:00,1.838,
2026-01-30T05:10:00.0000000+02:00,1.831,
2026-01-30T05:20:00.0000000+02:00,1.839,
2026-01-30T05:30:00.0000000+02:00,1.841,
2026-01-30T05:40:00.0000000+02:00,1.841,
2026-01-30T05:50:00.0000000+02:00,1.844,
2026-01-30T06:00:00.0000000+02:00,1.84,
2026-01-30T06:10:00.0000000+02:00,1.847,
2026-01-30T06:20:00.0000000+02:00,1.844,
2026-01-30T06:30:00.0000000+02:00,1.841,
2026-01-30T06:40:00.0000000+02:00,1.844,
2026-01-30T06:50:00.0000000+02:00,1.843,
2026-01-30T07:00:00.0000000+02:00,1.848,
2026-01-30T07:10:00.0000000+02:00,1.845,
2026-01-30T07:20:00.0000000+02:00,1.84,
2026-01-30T07:30:00.0000000+02:00,1.845,
2026-01-30T07:40:00.0000000+02:00,1.849,
2026-01-30T07:50:00.0000000+02:00,1.851,
2026-01-30T08:00:00.0000000+02:00,1.851,
2026-01-30T08:10:00.0000000+02:00,1.848,
2026-01-30T08:20:00.0000000+02:00,1.847,
2026-01-30T08:30:00.0000000+02:00,1.845,
2026-01-30T08:40:00.0000000+02:00,1.846,
2026-01-30T08:50:00.0000000+02:00,1.843,
2026-01-30T09:00:00.0000000+02:00,1.847,
2026-01-30T09:10:00.0000000+02:00,1.842,
2026-01-30T09:20:00.0000000+02:00,1.845,
2026-01-30T09:30:00.0000000+02:00,1.839,
2026-01-30T09:40:00.0000000+02:00,1.833,
2026-01-30T09:50:00.0000000+02:00,1.838,
2026-01-30T10:00:00.0000000+02:00,1.833,
2026-01-30T10:10:00.0000000+02:00,1.834,
2026-01-30T10:20:00.0000000+02:00,1.833,
2026-01-30T10:30:00.0000000+02:00,1.838,
2026-01-30T10:40:00.0000000+02:00,1.831,
2026-01-30T10:50:00.0000000+02:00,1.828,
2026-01-30T11:00:00.0000000+02:00,1.826,
2026-01-30T11:10:00.0000000+02:00,1.822,
2026-01-30T11:20:00.0000000+02:00,1.824,
2026-01-30T11:30:00.0000000+02:00,1.825,
2026-01-30T11:40:00.0000000+02:00,1.818,
2026-01-30T11:50:00.0000000+02:00,1.821,
2026-01-30T12:00:00.0000000+02:00,1.813,
2026-01-30T12:10:00.0000000+02:00,1.813,
2026-01-30T12:20:00.0000000+02:00,1.807,
2026-01-30T12:30:00.0000000+02:00,1.805,
2026-01-30T12:40:00.0000000+02:00,1.805,
2026-01-30T12:50:00.0000000+02:00,1.794,
2026-01-30T13:00:00.0000000+02:00,1.799,
2026-01-30T13:10:00.0000000+02:00,1.789,
2026-01-30T13:20:00.0000000+02:00,1.795,
2026-01-30T13:30:00.0000000+02:00,1.789,
2026-01-30T13:40:00.0000000+02:00,1.786,
2026-01-30T13:50:00.0000000+02:00,1.782,
2026-01-30T14:00:00.0000000+02:00,1.777,
2026-01-30T14:10:00.0000000+02:00,1.775,
2026-01-30T14:20:00.0000000+02:00,1.773,
2026-01-30T14:30:00.0000000+02:00,1.761,
2026-01-30T14:40:00.0000000+02:00,1.76,
2026-01-30T14:50:00.0000000+02:00,1.744,
2026-01-30T15:00:00.0000000+02:00,1.755,
2026-01-30T15:10:00.0000000+02:00,1.757,
2026-01-30T15:20:00.0000000+02:00,1.753,
2026-01-30T15:30:00.0000000+02:00,1.731,
2026-01-30T15:40:00.0000000+02:00,1.724,
2026-01-30T15:50:00.0000000+02:00,1.728,
2026-01-30T16:00:00.0000000+02:00,1.732,
2026-01-30T16:10:00.0000000+02:00,1.728,
2026-01-30T16:20:00.0000000+02:00,1.726,
2026-01-30T16:30:00.0000000+02:00,1.721,
2026-01-30T16:40:00.0000000+02:00,1.719,
2026-01-30T16:50:00.0000000+02:00,1.714,
2026-01-30T17:00:00.0000000+02:00,1.703,
2026-01-30T17:10:00.0000000+02:00,1.709,
2026-01-30T17:20:00.0000000+02:00,1.708,
2026-01-30T17:30:00.0000000+02:00,1.7,
2026-01-30T17:40:00.0000000+02:00,1.691,
2026-01-30T17:50:00.0000000+02:00,1.684,
2026-01-30T18:00:00.0000000+02:00,1.685,
2026-01-30T18:10:00.0000000+02:00,1.683,
2026-01-30T18:20:00.0000000+02:00,1.674,
2026-01-30T18:30:00.0000000+02:00,1.671,
2026-01-30T18:40:00.0000000+02:00,1.669,
2026-01-30T18:50:00.0000000+02:00,1.666,
2026-01-30T19:00:00.0000000+02:00,1.653,
2026-01-30T19:10:00.0000000+02:00,1.655,
2026-01-30T19:20:00.0000000+02:00,1.648,
2026-01-30T19:30:00.0000000+02:00,1.645,
2026-01-30T19:40:00.0000000+02:00,1.645,
2026-01-30T19:50:00.0000000+02:00,1.634,
2026-01-30T20:00:00.0000000+02:00,1.637,
2026-01-30T20:10:00.0000000+02:00,1.629,
2026-01-30T20:20:00.0000000+02:00,1.628,
2026-01-30T20:30:00.0000000+02:00,1.617,
2026-01-30T20:40:00.0000000+02:00,1.618,
2026-01-30T20:50:00.0000000+02:00,1.616,
2026-01-30T21:00:00.0000000+02:00,1.61,
2026-01-30T21:10:00.0000000+02:00,1.607,
2026-01-30T21:20:00.0000000+02:00,1.605,
2026-01-30T21:30:00.0000000+02:00,1.606,
2026-01-30T21:40:00.0000000+02:00,1.599,
2026-01-30T21:50:00.0000000+02:00,1.599,
2026-01-30T22:00:00.0000000+02:00,1.599,
2026-01-30T22:10:00.0000000+02:00,1.593,
2026-01-30T22:20:00.0000000+02:00,1.591,
2026-01-30T22:30:00.0000000+02:00,1.574,
2026-01-30T22:40:00.0000000+02:00,1.584,
2026-01-30T22:50:00.0000000+02:00,1.595,
2026-01-30T23:00:00.0000000+02:00,1.583,
2026-01-30T23:10:00.0000000+02:00,1.579,
2026-01-30T23:20:00.0000000+02:00,1.566,
2026-01-30T23:30:00.0000000+02:00,1.577,
2026-01-30T23:40:00.0000000+02:00,1.567,
2026-01-30T23:50:00.0000000+02:00,1.563,
2026-01-31T00:00:00.0000000+02:00,1.569,
2026-01-31T00:10:00.0000000+02:00,1.567,
2026-01-31T00:20:00.0000000+02:00,1.561,
2026-01-31T00:30:00.0000000+02:00,1.567,
2026-01-31T00:40:00.0000000+02:00,1.567,
2026-01-31T00:50:00.0000000+02:00,1.558,
2026-01-31T01:00:00.0000000+02:00,1.552,
2026-01-31T01:10:00.0000000+02:00,1.549,
2026-01-31T01:20:00.0000000+02:00,1.553,
2026-01-31T01:30:00.0000000+02:00,1.546,
2026-01-31T01:40:00.0000000+02:00,1.549,
2026-01-31T01:50:00.0000000+02:00,1.551,
2026-01-31T02:00:00.0000000+02:00,1.555,
2026-01-31T02:10:00.0000000+02:00,1.541,
2026-01-31T02:20:00.0000000+02:00,1.553,
2026-01-31T02:30:00.0000000+02:00,1.557,
2026-01-31T02:40:00.0000000+02:00,1.548,
2026-01-31T02:50:00.0000000+02:00,1.562,
2026-01-31T03:00:00.0000000+02:00,1.554,
2026-01-31T03:10:00.0000000+02:00,1.554,
2026-01-31T03:20:00.0000000+02:00,1.564,
2026-01-31T03:30:00.0000000+02:00,1.567,
2026-01-31T03:40:00.0000000+02:00,1.559,
2026-01-31T03:50:00.0000000+02:00,1.561,
2026-01-31T04:00:00.0000000+02:00,1.565,
2026-01-31T04:10:00.0000000+02:00,1.57,
2026-01-31T04:20:00.0000000+02:00,1.571,
2026-01-31T04:30:00.0000000+02:00,1.563,
2026-01-31T04:40:00.0000000+02:00,1.572,
2026-01-31T04:50:00.0000000+02:00,1.574,
2026-01-31T05:00:00.0000000+02:00,1.57,
2026-01-31T05:10:00.0000000+02:00,1.569,
2026-01-31T05:20:00.0000000+02:00,1.584,
2026-01-31T05:30:00.0000000+02:00,1.581,
2026-01-31T05:40:00.0000000+02:00,1.583,
2026-01-31T05:50:00.0000000+02:00,1.577,
2026-01-31T06:00:00.0000000+02:00,1.586,
2026-01-31T06:10:00.0000000+02:00,1.585,
2026-01-31T06:20:00.0000000+02:00,1.582,
2026-01-31T06:30:00.0000000+02:00,1.582,
2026-01-31T06:40:00.0000000+02:00,1.595,
2026-01-31T06:50:00.0000000+02:00,1.593,
2026-01-31T07:00:00.0000000+02:00,1.593,
2026-01-31T07:10:00.0000000+02:00,1.597,
2026-01-31T07:20:00.0000000+02:00,1.605,
2026-01-31T07:30:00.0000000+02:00,1.606,
2026-01-31T07:40:00.0000000+02:00,1.608,
2026-01-31T07:50:00.0000000+02:00,1.607,
2026-01-31T08:00:00.0000000+02:00,1.61,
2026-01-31T08:10:00.0000000+02:00,1.611,
2026-01-31T08:20:00.0000000+02:00,1.605,
2026-01-31T08:30:00.0000000+02:00,1.614,
2026-01-31T08:40:00.0000000+02:00,1.611,
2026-01-31T08:50:00.0000000+02:00,1.608,
2026-01-31T09:00:00.0000000+02:00,1.608,
2026-01-31T09:10:00.0000000+02:00,1.618,
2026-01-31T09:20:00.0000000+02:00,1.626,
2026-01-31T09:30:00.0000000+02:00,1.625,
2026-01-31T09:40:00.0000000+02:00,1.619,
2026-01-31T09:50:00.0000000+02:00,1.621,
2026-01-31T10:00:00.0000000+02:00,1.624,
2026-01-31T10:10:00.0000000+02:00,1.629,
2026-01-31T10:20:00.0000000+02:00,1.631,
2026-01-31T10:30:00.0000000+02:00,1.625,
2026-01-31T10:40:00.0000000+02:00,1.627,
2026-01-31T10:50:00.0000000+02:00,1.634,
2026-01-31T11:00:00.0000000+02:00,1.637,
2026-01-31T11:10:00.0000000+02:00,1.633,
2026-01-31T11:20:00.0000000+02:00,1.621,
2026-01-31T11:30:00.0000000+02:00,1.639,
2026-01-31T11:40:00.0000000+02:00,1.638,
2026-01-31T11:50:00.0000000+02:00,1.638,
2026-01-31T12:00:00.0000000+02:00,1.634,
2026-01-31T12:10:00.0000000+02:00,1.633,
2026-01-31T12:20:00.0000000+02:00,1.635,
2026-01-31T12:30:00.0000000+02:00,1.632,
2026-01-31T12:40:00.0000000+02:00,1.631,
2026-01-31T12:50:00.0000000+02:00,1.638,
2026-01-31T13:00:00.0000000+02:00,1.633,
2026-01-31T13:10:00.0000000+02:00,1.594,
2026-01-31T13:20:00.0000000+02:00,1.583,
2026-01-31T13:30:00.0000000+02:00,1.605,
2026-01-31T13:40:00.0000000+02:00,1.597,
2026-01-31T13:50:00.0000000+02:00,1.607,
2026-01-31T14:00:00.0000000+02:00,1.621,
2026-01-31T14:10:00.0000000+02:00,1.597,
2026-01-31T14:20:00.0000000+02:00,1.621,
2026-01-31T14:30:00.0000000+02:00,1.624,
2026-01-31T14:40:00.0000000+02:00,1.613,
2026-01-31T14:50:00.0000000+02:00,1.619,
2026-01-31T15:00:00.0000000+02:00,1.606,
2026-01-31T15:10:00.0000000+02:00,1.61,
2026-01-31T15:20:00.0000000+02:00,1.607,
2026-01-31T15:30:00.0000000+02:00,1.613,
2026-01-31T15:40:00.0000000+02:00,1.608,
2026-01-31T15:50:00.0000000+02:00,1.603,
2026-01-31T16:00:00.0000000+02:00,1.594,
2026-01-31T16:10:00.0000000+02:00,1.545,
2026-01-31T16:20:00.0000000+02:00,1.578,
2026-01-31T16:30:00.0000000+02:00,1.575,
2026-01-31T16:40:00.0000000+02:00,1.596,
2026-01-31T16:50:00.0000000+02:00,1.595,
2026-01-31T17:00:00.0000000+02:00,1.598,
2026-01-31T17:10:00.0000000+02:00,1.597,
2026-01-31T17:20:00.0000000+02:00,1.592,
2026-01-31T17:30:00.0000000+02:00,1.588,
2026-01-31T17:40:00.0000000+02:00,1.585,
2026-01-31T17:50:00.0000000+02:00,1.581,
2026-01-31T18:00:00.0000000+02:00,1.584,
2026-01-31T18:10:00.0000000+02:00,1.579,
2026-01-31T18:20:00.0000000+02:00,1.567,
2026-01-31T18:30:00.0000000+02:00,1.567,
2026-01-31T18:40:00.0000000+02:00,1.569,
2026-01-31T18:50:00.0000000+02:00,1.565,
2026-01-31T19:00:00.0000000+02:00,1.563,
2026-01-31T19:10:00.0000000+02:00,1.561,
2026-01-31T19:20:00.0000000+02:00,1.556,
2026-01-31T19:30:00.0000000+02:00,1.556,
2026-01-31T19:40:00.0000000+02:00,1.549,
2026-01-31T19:50:00.0000000+02:00,1.546,
2026-01-31T20:00:00.0000000+02:00,1.547,
2026-01-31T20:10:00.0000000+02:00,1.547,
2026-01-31T20:20:00.0000000+02:00,1.539,
2026-01-31T20:30:00.0000000+02:00,1.55,
2026-01-31T20:40:00.0000000+02:00,1.545,
2026-01-31T20:50:00.0000000+02:00,1.541,
2026-01-31T21:00:00.0000000+02:00,1.542,
2026-01-31T21:10:00.0000000+02:00,1.478,
2026-01-31T21:20:00.0000000+02:00,1.524,
2026-01-31T21:30:00.0000000+02:00,1.523,
2026-01-31T21:40:00.0000000+02:00,1.523,
2026-01-31T21:50:00.0000000+02:00,1.539,
2026-01-31T22:00:00.0000000+02:00,1.53,
2026-01-31T22:10:00.0000000+02:00,1.523,
2026-01-31T22:20:00.0000000+02:00,1.522,
2026-01-31T22:30:00.0000000+02:00,1.522,
2026-01-31T22:40:00.0000000+02:00,1.519,
2026-01-31T22:50:00.0000000+02:00,1.519,
2026-01-31T23:00:00.0000000+02:00,1.529,
2026-01-31T23:10:00.0000000+02:00,1.531,
2026-01-31T23:20:00.0000000+02:00,1.522,
2026-01-31T23:30:00.0000000+02:00,1.528,
2026-01-31T23:40:00.0000000+02:00,1.533,
2026-01-31T23:50:00.0000000+02:00,1.533,
2026-02-01T00:00:00.0000000+02:00,1.529,
2026-02-01T00:10:00.0000000+02:00,1.535,
2026-02-01T00:20:00.0000000+02:00,1.535,
2026-02-01T00:30:00.0000000+02:00,1.544,
2026-02-01T00:40:00.0000000+02:00,1.545,
2026-02-01T00:50:00.0000000+02:00,1.55,
2026-02-01T01:00:00.0000000+02:00,1.556,
2026-02-01T01:10:00.0000000+02:00,1.564,
2026-02-01T01:20:00.0000000+02:00,1.568,
2026-02-01T01:30:00.0000000+02:00,1.568,
2026-02-01T01:40:00.0000000+02:00,1.568,
2026-02-01T01:50:00.0000000+02:00,1.579,
2026-02-01T02:00:00.0000000+02:00,1.589,
2026-02-01T02:10:00.0000000+02:00,1.59,
2026-02-01T02:20:00.0000000+02:00,1.59,
2026-02-01T02:30:00.0000000+02:00,1.599,
2026-02-01T02:40:00.0000000+02:00,1.598,
2026-02-01T02:50:00.0000000+02:00,1.61,
2026-02-01T03:00:00.0000000+02:00,1.623,
2026-02-01T03:10:00.0000000+02:00,1.623,
2026-02-01T03:20:00.0000000+02:00,1.633,
2026-02-01T03:30:00.0000000+02:00,1.642,
2026-02-01T03:40:00.0000000+02:00,1.645,
2026-02-01T03:50:00.0000000+02:00,1.649,
2026-02-01T04:00:00.0000000+02:00,1.664,
2026-02-01T04:10:00.0000000+02:00,1.673,
2026-02-01T04:20:00.0000000+02:00,1.678,
2026-02-01T04:30:00.0000000+02:00,1.684,
2026-02-01T04:40:00.0000000+02:00,1.693,
2026-02-01T04:50:00.0000000+02:00,1.7,
2026-02-01T05:00:00.0000000+02:00,1.708,
2026-02-01T05:10:00.0000000+02:00,1.718,
2026-02-01T05:20:00.0000000+02:00,1.725,
2026-02-01T05:30:00.0000000+02:00,1.729,
2026-02-01T05:40:00.0000000+02:00,1.735,
2026-02-01T05:50:00.0000000+02:00,1.743,
2026-02-01T06:00:00.0000000+02:00,1.738,
2026-02-01T06:10:00.0000000+02:00,1.752,
2026-02-01T06:20:00.0000000+02:00,1.754,
2026-02-01T06:30:00.0000000+02:00,1.762,
2026-02-01T06:40:00.0000000+02:00,1.76,
2026-02-01T06:50:00.0000000+02:00,1.766,
2026-02-01T07:00:00.0000000+02:00,1.773,
2026-02-01T07:10:00.0000000+02:00,1.778,
2026-02-01T07:20:00.0000000+02:00,1.777,
2026-02-01T07:30:00.0000000+02:00,1.785,
2026-02-01T07:40:00.0000000+02:00,1.779,
2026-02-01T07:50:00.0000000+02:00,1.79,
2026-02-01T08:00:00.0000000+02:00,1.794,
2026-02-01T08:10:00.0000000+02:00,1.795,
2026-02-01T08:20:00.0000000+02:00,1.798,
2026-02-01T08:30:00.0000000+02:00,1.802,
2026-02-01T08:40:00.0000000+02:00,1.8,
2026-02-01T08:50:00.0000000+02:00,1.8,
2026-02-01T09:00:00.0000000+02:00,1.807,
2026-02-01T09:10:00.0000000+02:00,1.803,
2026-02-01T09:20:00.0000000+02:00,1.809,
2026-02-01T09:30:00.0000000+02:00,1.81,
2026-02-01T09:40:00.0000000+02:00,1.81,
2026-02-01T09:50:00.0000000+02:00,1.813,
2026-02-01T10:00:00.0000000+02:00,1.817,
2026-02-01T10:10:00.0000000+02:00,1.802,
2026-02-01T10:20:00.0000000+02:00,1.801,
2026-02-01T10:30:00.0000000+02:00,1.797,
2026-02-01T10:40:00.0000000+02:00,1.8,
2026-02-01T10:50:00.0000000+02:00,1.769,
2026-02-01T11:00:00.0000000+02:00,1.771,
2026-02-01T11:10:00.0000000+02:00,1.795,
2026-02-01T11:20:00.0000000+02:00,1.795,
2026-02-01T11:30:00.0000000+02:00,1.779,
2026-02-01T11:40:00.0000000+02:00,1.806,
2026-02-01T11:50:00.0000000+02:00,1.782,
2026-02-01T12:00:00.0000000+02:00,1.769,
2026-02-01T12:10:00.0000000+02:00,1.761,
2026-02-01T12:20:00.0000000+02:00,1.761,
2026-02-01T12:30:00.0000000+02:00,1.769,
2026-02-01T12:40:00.0000000+02:00,1.776,
2026-02-01T12:50:00.0000000+02:00,1.779,
2026-02-01T13:00:00.0000000+02:00,1.764,
2026-02-01T13:10:00.0000000+02:00,1.784,
2026-02-01T13:20:00.0000000+02:00,1.774,
2026-02-01T13:30:00.0000000+02:00,1.765,
2026-02-01T13:40:00.0000000+02:00,1.798,
2026-02-01T13:50:00.0000000+02:00,1.794,
2026-02-01T14:00:00.0000000+02:00,1.799,
2026-02-01T14:10:00.0000000+02:00,1.791,
2026-02-01T14:20:00.0000000+02:00,1.795,
2026-02-01T14:30:00.0000000+02:00,1.78,
2026-02-01T14:40:00.0000000+02:00,1.781,
2026-02-01T14:50:00.0000000+02:00,1.79,
2026-02-01T15:00:00.0000000+02:00,1.784,
2026-02-01T15:10:00.0000000+02:00,1.802,
2026-02-01T15:20:00.0000000+02:00,1.797,
2026-02-01T15:30:00.0000000+02:00,1.797,
2026-02-01T15:40:00.0000000+02:00,1.793,
2026-02-01T15:50:00.0000000+02:00,1.788,
2026-02-01T16:00:00.0000000+02:00,1.788,
2026-02-01T16:10:00.0000000+02:00,1.788,
2026-02-01T16:20:00.0000000+02:00,1.784,
2026-02-01T16:30:00.0000000+02:00,1.779,
2026-02-01T16:40:00.0000000+02:00,1.776,
2026-02-01T16:50:00.0000000+02:00,1.774,
2026-02-01T17:00:00.0000000+02:00,1.77,
2026-02-01T17:10:00.0000000+02:00,1.773,
2026-02-01T17:20:00.0000000+02:00,1.769,
2026-02-01T17:30:00.0000000+02:00,1.765,
2026-02-01T17:40:00.0000000+02:00,1.769,
2026-02-01T17:50:00.0000000+02:00,1.763,
2026-02-01T18:00:00.0000000+02:00,1.756,
2026-02-01T18:10:00.0000000+02:00,1.758,
2026-02-01T18:20:00.0000000+02:00,1.753,
2026-02-01T18:30:00.0000000+02:00,1.751,
2026-02-01T18:40:00.0000000+02:00,1.747,
2026-02-01T18:50:00.0000000+02:00,1.747,
2026-02-01T19:00:00.0000000+02:00,1.744,
2026-02-01T19:10:00.0000000+02:00,1.737,
2026-02-01T19:20:00.0000000+02:00,1.739,
2026-02-01T19:30:00.0000000+02:00,1.738,
2026-02-01T19:40:00.0000000+02:00,1.737,
2026-02-01T19:50:00.0000000+02:00,1.736,
2026-02-01T20:00:00.0000000+02:00,1.737,
2026-02-01T20:10:00.0000000+02:00,1.739,
2026-02-01T20:20:00.0000000+02:00,1.737,
2026-02-01T20:30:00.0000000+02:00,1.742,
2026-02-01T20:40:00.0000000+02:00,1.742,
2026-02-01T20:50:00.0000000+02:00,1.743,
2026-02-01T21:00:00.0000000+02:00,1.743,
2026-02-01T21:10:00.0000000+02:00,1.746,
2026-02-01T21:20:00.0000000+02:00,1.746,
2026-02-01T21:30:00.0000000+02:00,1.753,
2026-02-01T21:40:00.0000000+02:00,1.754,
2026-02-01T21:50:00.0000000+02:00,1.758,
2026-02-01T22:00:00.0000000+02:00,1.76,
2026-02-01T22:10:00.0000000+02:00,1.771,
2026-02-01T22:20:00.0000000+02:00,1.772,
2026-02-01T22:30:00.0000000+02:00,1.776,
2026-02-01T22:40:00.0000000+02:00,1.781,
2026-02-01T22:50:00.0000000+02:00,1.783,
2026-02-01T23:00:00.0000000+02:00,1.791,
2026-02-01T23:10:00.0000000+02:00,1.794,
2026-02-01T23:20:00.0000000+02:00,1.797,
2026-02-01T23:30:00.0000000+02:00,1.806,
2026-02-01T23:40:00.0000000+02:00,1.809,
2026-02-01T23:50:00.0000000+02:00,1.815,
2026-02-02T00:00:00.0000000+02:00,1.819,
2026-02-02T00:10:00.0000000+02:00,1.821,
2026-02-02T00:20:00.0000000+02:00,1.832,
2026-02-02T00:30:00.0000000+02:00,1.834,
2026-02-02T00:40:00.0000000+02:00,1.84,
2026-02-02T00:50:00.0000000+02:00,1.838,
2026-02-02T01:00:00.0000000+02:00,1.85,
2026-02-02T01:10:00.0000000+02:00,1.852,
2026-02-02T01:20:00.0000000+02:00,1.856,
2026-02-02T01:30:00.0000000+02:00,1.863,
2026-02-02T01:40:00.0000000+02:00,1.868,
2026-02-02T01:50:00.0000000+02:00,1.864,
2026-02-02T02:00:00.0000000+02:00,1.876,
2026-02-02T02:10:00.0000000+02:00,1.879,
2026-02-02T02:20:00.0000000+02:00,1.889,
2026-02-02T02:30:00.0000000+02:00,1.892,
2026-02-02T02:40:00.0000000+02:00,1.901,
2026-02-02T02:50:00.0000000+02:00,1.899,
2026-02-02T03:00:00.0000000+02:00,1.904,
2026-02-02T03:10:00.0000000+02:00,1.915,
2026-02-02T03:20:00.0000000+02:00,1.917,
2026-02-02T03:30:00.0000000+02:00,1.919,
2026-02-02T03:40:00.0000000+02:00,1.919,
2026-02-02T03:50:00.0000000+02:00,1.928,
2026-02-02T04:00:00.0000000+02:00,1.933,
2026-02-02T04:10:00.0000000+02:00,1.925,
2026-02-02T04:20:00.0000000+02:00,1.929,
2026-02-02T04:30:00.0000000+02:00,1.936,
2026-02-02T04:40:00.0000000+02:00,1.942,
2026-02-02T04:50:00.0000000+02:00,1.943,
2026-02-02T05:00:00.0000000+02:00,1.945,
2026-02-02T05:10:00.0000000+02:00,1.951,
2026-02-02T05:20:00.0000000+02:00,1.955,
2026-02-02T05:30:00.0000000+02:00,1.955,
2026-02-02T05:40:00.0000000+02:00,1.958,
2026-02-02T05:50:00.0000000+02:00,1.96,
2026-02-02T06:00:00.0000000+02:00,1.958,
2026-02-02T06:10:00.0000000+02:00,1.965,
2026-02-02T06:20:00.0000000+02:00,1.964,
2026-02-02T06:30:00.0000000+02:00,1.96,
2026-02-02T06:40:00.0000000+02:00,1.963,
2026-02-02T06:50:00.0000000+02:00,1.969,
2026-02-02T07:00:00.0000000+02:00,1.967,
2026-02-02T07:10:00.0000000+02:00,1.976,
2026-02-02T07:20:00.0000000+02:00,1.978,
2026-02-02T07:30:00.0000000+02:00,1.98,
2026-02-02T07:40:00.0000000+02:00,1.974,
2026-02-02T07:50:00.0000000+02:00,1.984,
2026-02-02T08:00:00.0000000+02:00,1.979,
2026-02-02T08:10:00.0000000+02:00,1.979,
2026-02-02T08:20:00.0000000+02:00,1.982,
2026-02-02T08:30:00.0000000+02:00,1.98,
2026-02-02T08:40:00.0000000+02:00,1.986,
2026-02-02T08:50:00.0000000+02:00,1.983,
2026-02-02T09:00:00.0000000+02:00,1.977,
2026-02-02T09:10:00.0000000+02:00,1.982,
2026-02-02T09:20:00.0000000+02:00,1.982,
2026-02-02T09:30:00.0000000+02:00,1.979,
2026-02-02T09:40:00.0000000+02:00,1.977,
2026-02-02T09:50:00.0000000+02:00,1.976,
2026-02-02T10:00:00.0000000+02:00,1.976,
2026-02-02T10:10:00.0000000+02:00,1.977,
2026-02-02T10:20:00.0000000+02:00,1.976,
2026-02-02T10:30:00.0000000+02:00,1.974,
2026-02-02T10:40:00.0000000+02:00,1.976,
2026-02-02T10:50:00.0000000+02:00,1.975,
2026-02-02T11:00:00.0000000+02:00,1.97,
2026-02-02T11:10:00.0000000+02:00,1.971,
2026-02-02T11:20:00.0000000+02:00,1.971,
2026-02-02T11:30:00.0000000+02:00,1.966,
2026-02-02T11:40:00.0000000+02:00,1.971,
2026-02-02T11:50:00.0000000+02:00,1.97,
2026-02-02T12:00:00.0000000+02:00,1.97,
2026-02-02T12:10:00.0000000+02:00,1.963,
2026-02-02T12:20:00.0000000+02:00,1.964,
2026-02-02T12:30:00.0000000+02:00,1.965,
2026-02-02T12:40:00.0000000+02:00,1.958,
2026-02-02T12:50:00.0000000+02:00,1.965,
2026-02-02T13:00:00.0000000+02:00,1.967,
2026-02-02T13:10:00.0000000+02:00,1.96,
2026-02-02T13:20:00.0000000+02:00,1.958,
2026-02-02T13:30:00.0000000+02:00,1.965,
2026-02-02T13:40:00.0000000+02:00,1.97,
2026-02-02T13:50:00.0000000+02:00,1.961,
2026-02-02T14:00:00.0000000+02:00,1.939,
2026-02-02T14:10:00.0000000+02:00,1.933,
2026-02-02T14:20:00.0000000+02:00,1.947,
2026-02-02T14:30:00.0000000+02:00,1.97,
2026-02-02T14:40:00.0000000+02:00,1.968,
2026-02-02T14:50:00.0000000+02:00,1.966,
2026-02-02T15:00:00.0000000+02:00,1.972,
2026-02-02T15:10:00.0000000+02:00,1.973,
2026-02-02T15:20:00.0000000+02:00,1.973,
2026-02-02T15:30:00.0000000+02:00,1.977,
2026-02-02T15:40:00.0000000+02:00,1.969,
2026-02-02T15:50:00.0000000+02:00,1.97,
2026-02-02T16:00:00.0000000+02:00,1.975,
2026-02-02T16:10:00.0000000+02:00,1.973,
2026-02-02T16:20:00.0000000+02:00,1.975,
2026-02-02T16:30:00.0000000+02:00,1.975,
2026-02-02T16:40:00.0000000+02:00,1.979,
2026-02-02T16:50:00.0000000+02:00,1.98,
2026-02-02T17:00:00.0000000+02:00,1.974,
2026-02-02T17:10:00.0000000+02:00,1.979,
2026-02-02T17:20:00.0000000+02:00,1.972,
2026-02-02T17:30:00.0000000+02:00,1.973,
2026-02-02T17:40:00.0000000+02:00,1.973,
2026-02-02T17:50:00.0000000+02:00,1.976,
2026-02-02T18:00:00.0000000+02:00,1.982,
2026-02-02T18:10:00.0000000+02:00,1.981,
2026-02-02T18:20:00.0000000+02:00,1.985,
2026-02-02T18:30:00.0000000+02:00,1.983,
2026-02-02T18:40:00.0000000+02:00,1.986,
2026-02-02T18:50:00.0000000+02:00,1.987,
2026-02-02T19:00:00.0000000+02:00,1.989,
2026-02-02T19:10:00.0000000+02:00,1.992,
2026-02-02T19:20:00.0000000+02:00,1.951,
2026-02-02T19:30:00.0000000+02:00,1.95,
2026-02-02T19:40:00.0000000+02:00,1.989,
2026-02-02T19:50:00.0000000+02:00,2.006,
2026-02-02T20:00:00.0000000+02:00,2.016,
2026-02-02T20:10:00.0000000+02:00,2.018,
2026-02-02T20:20:00.0000000+02:00,2.017,
2026-02-02T20:30:00.0000000+02:00,2.019,
2026-02-02T20:40:00.0000000+02:00,2.023,
2026-02-02T20:50:00.0000000+02:00,2.022,
2026-02-02T21:00:00.0000000+02:00,2.027,
2026-02-02T21:10:00.0000000+02:00,2.029,
2026-02-02T21:20:00.0000000+02:00,2.031,
2026-02-02T21:30:00.0000000+02:00,2.032,
2026-02-02T21:40:00.0000000+02:00,2.029,
2026-02-02T21:50:00.0000000+02:00,2.036,
2026-02-02T22:00:00.0000000+02:00,2.035,
2026-02-02T22:10:00.0000000+02:00,2.036,
2026-02-02T22:20:00.0000000+02:00,2.04,
2026-02-02T22:30:00.0000000+02:00,2.043,
2026-02-02T22:40:00.0000000+02:00,2.047,
2026-02-02T22:50:00.0000000+02:00,2.038,
2026-02-02T23:00:00.0000000+02:00,2.046,
2026-02-02T23:10:00.0000000+02:00,2.053,
2026-02-02T23:20:00.0000000+02:00,2.053,
2026-02-02T23:30:00.0000000+02:00,2.052,
2026-02-02T23:40:00.0000000+02:00,2.056,
2026-02-02T23:50:00.0000000+02:00,2.058,
2026-02-03T00:00:00.0000000+02:00,2.062,
2026-02-03T00:10:00.0000000+02:00,2.06,
2026-02-03T00:20:00.0000000+02:00,2.059,
2026-02-03T00:30:00.0000000+02:00,2.059,
2026-02-03T00:40:00.0000000+02:00,2.058,
2026-02-03T00:50:00.0000000+02:00,2.067,
2026-02-03T01:00:00.0000000+02:00,2.067,
2026-02-03T01:10:00.0000000+02:00,2.075,
2026-02-03T01:20:00.0000000+02:00,2.078,
2026-02-03T01:30:00.0000000+02:00,2.078,
2026-02-03T01:40:00.0000000+02:00,2.082,
2026-02-03T01:50:00.0000000+02:00,2.08,
2026-02-03T02:00:00.0000000+02:00,2.08,
2026-02-03T02:10:00.0000000+02:00,2.088,
2026-02-03T02:20:00.0000000+02:00,2.082,
2026-02-03T02:30:00.0000000+02:00,2.087,
2026-02-03T02:40:00.0000000+02:00,2.091,
2026-02-03T02:50:00.0000000+02:00,2.092,
2026-02-03T03:00:00.0000000+02:00,2.09,
2026-02-03T03:10:00.0000000+02:00,2.092,
2026-02-03T03:20:00.0000000+02:00,2.092,
2026-02-03T03:30:00.0000000+02:00,2.092,
2026-02-03T03:40:00.0000000+02:00,2.091,
2026-02-03T03:50:00.0000000+02:00,2.099,
2026-02-03T04:00:00.0000000+02:00,2.101,
2026-02-03T04:10:00.0000000+02:00,2.099,
2026-02-03T04:20:00.0000000+02:00,2.104,
2026-02-03T04:30:00.0000000+02:00,2.1,
2026-02-03T04:40:00.0000000+02:00,2.101,
2026-02-03T04:50:00.0000000+02:00,2.103,
2026-02-03T05:00:00.0000000+02:00,2.097,
2026-02-03T05:10:00.0000000+02:00,2.099,
2026-02-03T05:20:00.0000000+02:00,2.099,
2026-02-03T05:30:00.0000000+02:00,2.101,
2026-02-03T05:40:00.0000000+02:00,2.099,
2026-02-03T05:50:00.0000000+02:00,2.095,
2026-02-03T06:00:00.0000000+02:00,2.101,
2026-02-03T06:10:00.0000000+02:00,2.099,
2026-02-03T06:20:00.0000000+02:00,2.103,
2026-02-03T06:30:00.0000000+02:00,2.101,
2026-02-03T06:40:00.0000000+02:00,2.103,
2026-02-03T06:50:00.0000000+02:00,2.096,
2026-02-03T07:00:00.0000000+02:00,2.099,
2026-02-03T07:10:00.0000000+02:00,2.098,
2026-02-03T07:20:00.0000000+02:00,2.098,
2026-02-03T07:30:00.0000000+02:00,2.092,
2026-02-03T07:40:00.0000000+02:00,2.092,
2026-02-03T07:50:00.0000000+02:00,2.093,
2026-02-03T08:00:00.0000000+02:00,2.093,
2026-02-03T08:10:00.0000000+02:00,2.09,
2026-02-03T08:20:00.0000000+02:00,2.094,
2026-02-03T08:30:00.0000000+02:00,2.093,
2026-02-03T08:40:00.0000000+02:00,2.085,
2026-02-03T08:50:00.0000000+02:00,2.089,
2026-02-03T09:00:00.0000000+02:00,2.094,
2026-02-03T09:10:00.0000000+02:00,2.083,
2026-02-03T09:20:00.0000000+02:00,2.083,
2026-02-03T09:30:00.0000000+02:00,2.079,
2026-02-03T09:40:00.0000000+02:00,2.084,
2026-02-03T09:50:00.0000000+02:00,2.084,
2026-02-03T10:00:00.0000000+02:00,2.081,
2026-02-03T10:10:00.0000000+02:00,2.081,
2026-02-03T10:20:00.0000000+02:00,2.074,
2026-02-03T10:30:00.0000000+02:00,2.077,
2026-02-03T10:40:00.0000000+02:00,2.073,
2026-02-03T10:50:00.0000000+02:00,2.073,
2026-02-03T11:00:00.0000000+02:00,2.075,
2026-02-03T11:10:00.0000000+02:00,2.069,
2026-02-03T11:20:00.0000000+02:00,2.069,
2026-02-03T11:30:00.0000000+02:00,2.067,
2026-02-03T11:40:00.0000000+02:00,2.066,
2026-02-03T11:50:00.0000000+02:00,2.065,
2026-02-03T12:00:00.0000000+02:00,2.054,
2026-02-03T12:10:00.0000000+02:00,2.057,
2026-02-03T12:20:00.0000000+02:00,2.048,
2026-02-03T12:30:00.0000000+02:00,2.049,
2026-02-03T12:40:00.0000000+02:00,2.045,
2026-02-03T12:50:00.0000000+02:00,2.047,
2026-02-03T13:00:00.0000000+02:00,2.043,
2026-02-03T13:10:00.0000000+02:00,2.042,
2026-02-03T13:20:00.0000000+02:00,2.036,
2026-02-03T13:30:00.0000000+02:00,2.039,
2026-02-03T13:40:00.0000000+02:00,2.032,
2026-02-03T13:50:00.0000000+02:00,1.991,
2026-02-03T14:00:00.0000000+02:00,1.987,
2026-02-03T14:10:00.0000000+02:00,1.986,
2026-02-03T14:20:00.0000000+02:00,2.004,
2026-02-03T14:30:00.0000000+02:00,2.017,
2026-02-03T14:40:00.0000000+02:00,2.02,
2026-02-03T14:50:00.0000000+02:00,2.015,
2026-02-03T15:00:00.0000000+02:00,2.015,
2026-02-03T15:10:00.0000000+02:00,2.01,
2026-02-03T15:20:00.0000000+02:00,2.011,
2026-02-03T15:30:00.0000000+02:00,2.007,
2026-02-03T15:40:00.0000000+02:00,2.006,
2026-02-03T15:50:00.0000000+02:00,2.001,
2026-02-03T16:00:00.0000000+02:00,2.001,
2026-02-03T16:10:00.0000000+02:00,2.005,
2026-02-03T16:20:00.0000000+02:00,2,
2026-02-03T16:30:00.0000000+02:00,1.997,
2026-02-03T16:40:00.0000000+02:00,2.001,
2026-02-03T16:50:00.0000000+02:00,1.993,
2026-02-03T17:00:00.0000000+02:00,1.997,
2026-02-03T17:10:00.0000000+02:00,2,
2026-02-03T17:20:00.0000000+02:00,1.997,
2026-02-03T17:30:00.0000000+02:00,1.996,
2026-02-03T17:40:00.0000000+02:00,1.994,
2026-02-03T17:50:00.0000000+02:00,1.993,
2026-02-03T18:00:00.0000000+02:00,1.993,
2026-02-03T18:10:00.0000000+02:00,1.993,
2026-02-03T18:20:00.0000000+02:00,1.986,
2026-02-03T18:30:00.0000000+02:00,1.989,
2026-02-03T18:40:00.0000000+02:00,1.99,
2026-02-03T18:50:00.0000000+02:00,1.991,
2026-02-03T19:00:00.0000000+02:00,1.989,
2026-02-03T19:10:00.0000000+02:00,1.989,
2026-02-03T19:20:00.0000000+02:00,1.99,
2026-02-03T19:30:00.0000000+02:00,1.985,
2026-02-03T19:40:00.0000000+02:00,1.99,
2026-02-03T19:50:00.0000000+02:00,1.987,
2026-02-03T20:00:00.0000000+02:00,1.987,
2026-02-03T20:10:00.0000000+02:00,1.988,
2026-02-03T20:20:00.0000000+02:00,1.991,
2026-02-03T20:30:00.0000000+02:00,1.992,
2026-02-03T20:40:00.0000000+02:00,1.989,
2026-02-03T20:50:00.0000000+02:00,1.991,
2026-02-03T21:00:00.0000000+02:00,1.997,
2026-02-03T21:10:00.0000000+02:00,1.996,
2026-02-03T21:20:00.0000000+02:00,2.001,
2026-02-03T21:30:00.0000000+02:00,2.001,
2026-02-03T21:40:00.0000000+02:00,2.002,
2026-02-03T21:50:00.0000000+02:00,2.002,
2026-02-03T22:00:00.0000000+02:00,2.002,
2026-02-03T22:10:00.0000000+02:00,2.006,
2026-02-03T22:20:00.0000000+02:00,2.01,
2026-02-03T22:30:00.0000000+02:00,2.015,
2026-02-03T22:40:00.0000000+02:00,2.012,
2026-02-03T22:50:00.0000000+02:00,2.016,
2026-02-03T23:00:00.0000000+02:00,2.02,
2026-02-03T23:10:00.0000000+02:00,2.019,
2026-02-03T23:20:00.0000000+02:00,2.023,
2026-02-03T23:30:00.0000000+02:00,2.023,
2026-02-03T23:40:00.0000000+02:00,2.022,
2026-02-03T23:50:00.0000000+02:00,2.022,
2026-02-04T00:00:00.0000000+02:00,2.018,
2026-02-04T00:10:00.0000000+02:00,2.024,
2026-02-04T00:20:00.0000000+02:00,2.024,
2026-02-04T00:30:00.0000000+02:00,2.025,
2026-02-04T00:40:00.0000000+02:00,2.031,
2026-02-04T00:50:00.0000000+02:00,2.03,
2026-02-04T01:00:00.0000000+02:00,2.032,
2026-02-04T01:10:00.0000000+02:00,2.033,
2026-02-04T01:20:00.0000000+02:00,2.036,
2026-02-04T01:30:00.0000000+02:00,2.032,
2026-02-04T01:40:00.0000000+02:00,2.035,
2026-02-04T01:50:00.0000000+02:00,2.041,
2026-02-04T02:00:00.0000000+02:00,2.044,
2026-02-04T02:10:00.0000000+02:00,2.048,
2026-02-04T02:20:00.0000000+02:00,2.041,
2026-02-04T02:30:00.0000000+02:00,2.039,
2026-02-04T02:40:00.0000000+02:00,2.047,
2026-02-04T02:50:00.0000000+02:00,2.051,
2026-02-04T03:00:00.0000000+02:00,2.051,
2026-02-04T03:10:00.0000000+02:00,2.055,
2026-02-04T03:20:00.0000000+02:00,2.056,
2026-02-04T03:30:00.0000000+02:00,2.057,
2026-02-04T03:40:00.0000000+02:00,2.059,
2026-02-04T03:50:00.0000000+02:00,2.061,
2026-02-04T04:00:00.0000000+02:00,2.061,
2026-02-04T04:10:00.0000000+02:00,2.056,
2026-02-04T04:20:00.0000000+02:00,2.062,
2026-02-04T04:30:00.0000000+02:00,2.064,
2026-02-04T04:40:00.0000000+02:00,2.067,
2026-02-04T04:50:00.0000000+02:00,2.064,
2026-02-04T05:00:00.0000000+02:00,2.066,
2026-02-04T05:10:00.0000000+02:00,2.072,
2026-02-04T05:20:00.0000000+02:00,2.073,
2026-02-04T05:30:00.0000000+02:00,2.07,
2026-02-04T05:40:00.0000000+02:00,2.076,
2026-02-04T05:50:00.0000000+02:00,2.068,
2026-02-04T06:00:00.0000000+02:00,2.076,
2026-02-04T06:10:00.0000000+02:00,2.07,
2026-02-04T06:20:00.0000000+02:00,2.075,
2026-02-04T06:30:00.0000000+02:00,2.067,
2026-02-04T06:40:00.0000000+02:00,2.076,
2026-02-04T06:50:00.0000000+02:00,2.077,
2026-02-04T07:00:00.0000000+02:00,2.074,
2026-02-04T07:10:00.0000000+02:00,2.07,
2026-02-04T07:20:00.0000000+02:00,2.082,
2026-02-04T07:30:00.0000000+02:00,2.076,
2026-02-04T07:40:00.0000000+02:00,2.076,
2026-02-04T07:50:00.0000000+02:00,2.08,
2026-02-04T08:00:00.0000000+02:00,2.079,
2026-02-04T08:10:00.0000000+02:00,2.078,
2026-02-04T08:20:00.0000000+02:00,2.08,
2026-02-04T08:30:00.0000000+02:00,2.082,
2026-02-04T08:40:00.0000000+02:00,2.08,
2026-02-04T08:50:00.0000000+02:00,2.086,
2026-02-04T09:00:00.0000000+02:00,2.08,
2026-02-04T09:10:00.0000000+02:00,2.081,
2026-02-04T09:20:00.0000000+02:00,2.081,
2026-02-04T09:30:00.0000000+02:00,2.083,
2026-02-04T09:40:00.0000000+02:00,2.081,
2026-02-04T09:50:00.0000000+02:00,2.079,
2026-02-04T10:00:00.0000000+02:00,2.079,
2026-02-04T10:10:00.0000000+02:00,2.084,
2026-02-04T10:20:00.0000000+02:00,2.078,
2026-02-04T10:30:00.0000000+02:00,2.082,
2026-02-04T10:40:00.0000000+02:00,2.079,
2026-02-04T10:50:00.0000000+02:00,2.085,
2026-02-04T11:00:00.0000000+02:00,2.079,
2026-02-04T11:10:00.0000000+02:00,2.074,
2026-02-04T11:20:00.0000000+02:00,2.08,
2026-02-04T11:30:00.0000000+02:00,2.079,
2026-02-04T11:40:00.0000000+02:00,2.079,
2026-02-04T11:50:00.0000000+02:00,2.075,
2026-02-04T12:00:00.0000000+02:00,2.077,
2026-02-04T12:10:00.0000000+02:00,2.078,
2026-02-04T12:20:00.0000000+02:00,2.071,
2026-02-04T12:30:00.0000000+02:00,2.072,
2026-02-04T12:40:00.0000000+02:00,2.074,
2026-02-04T12:50:00.0000000+02:00,2.071,
2026-02-04T13:00:00.0000000+02:00,2.079,
2026-02-04T13:10:00.0000000+02:00,2.071,
2026-02-04T13:20:00.0000000+02:00,2.078,
2026-02-04T13:30:00.0000000+02:00,2.076,
2026-02-04T13:40:00.0000000+02:00,2.08,
2026-02-04T13:50:00.0000000+02:00,2.082,
2026-02-04T14:00:00.0000000+02:00,2.077,
2026-02-04T14:10:00.0000000+02:00,2.072,
2026-02-04T14:20:00.0000000+02:00,2.074,
2026-02-04T14:30:00.0000000+02:00,2.079,
2026-02-04T14:40:00.0000000+02:00,2.079,
2026-02-04T14:50:00.0000000+02:00,2.081,
2026-02-04T15:00:00.0000000+02:00,2.069,
2026-02-04T15:10:00.0000000+02:00,2.084,
2026-02-04T15:20:00.0000000+02:00,2.082,
2026-02-04T15:30:00.0000000+02:00,2.073,
2026-02-04T15:40:00.0000000+02:00,2.079,
2026-02-04T15:50:00.0000000+02:00,2.083,
2026-02-04T16:00:00.0000000+02:00,2.078,
2026-02-04T16:10:00.0000000+02:00,2.082,
2026-02-04T16:20:00.0000000+02:00,2.077,
2026-02-04T16:30:00.0000000+02:00,2.082,
2026-02-04T16:40:00.0000000+02:00,2.079,
2026-02-04T16:50:00.0000000+02:00,2.078,
2026-02-04T17:00:00.0000000+02:00,2.079,
2026-02-04T17:10:00.0000000+02:00,2.072,
2026-02-04T17:20:00.0000000+02:00,2.078,
2026-02-04T17:30:00.0000000+02:00,2.071,
2026-02-04T17:40:00.0000000+02:00,2.079,
2026-02-04T17:50:00.0000000+02:00,2.077,
2026-02-04T18:00:00.0000000+02:00,2.075,
2026-02-04T18:10:00.0000000+02:00,2.074,
2026-02-04T18:20:00.0000000+02:00,2.076,
2026-02-04T18:30:00.0000000+02:00,2.073,
2026-02-04T18:40:00.0000000+02:00,2.073,
2026-02-04T18:50:00.0000000+02:00,2.071,
2026-02-04T19:00:00.0000000+02:00,2.07,
2026-02-04T19:10:00.0000000+02:00,2.063,
2026-02-04T19:20:00.0000000+02:00,2.069,
2026-02-04T19:30:00.0000000+02:00,2.067,
2026-02-04T19:40:00.0000000+02:00,2.059,
2026-02-04T19:50:00.0000000+02:00,2.066,
2026-02-04T20:00:00.0000000+02:00,2.062,
2026-02-04T20:10:00.0000000+02:00,2.061,
2026-02-04T20:20:00.0000000+02:00,2.055,
2026-02-04T20:30:00.0000000+02:00,2.056,
2026-02-04T20:40:00.0000000+02:00,2.054,
2026-02-04T20:50:00.0000000+02:00,2.062,
2026-02-04T21:00:00.0000000+02:00,2.051,
2026-02-04T21:10:00.0000000+02:00,2.055,
2026-02-04T21:20:00.0000000+02:00,2.052,
2026-02-04T21:30:00.0000000+02:00,2.053,
2026-02-04T21:40:00.0000000+02:00,2.056,
2026-02-04T21:50:00.0000000+02:00,2.049,
2026-02-04T22:00:00.0000000+02:00,2.051,
2026-02-04T22:10:00.0000000+02:00,2.05,
2026-02-04T22:20:00.0000000+02:00,2.057,
2026-02-04T22:30:00.0000000+02:00,2.053,
2026-02-04T22:40:00.0000000+02:00,2.049,
2026-02-04T22:50:00.0000000+02:00,2.044,
2026-02-04T23:00:00.0000000+02:00,2.047,
2026-02-04T23:10:00.0000000+02:00,2.05,
2026-02-04T23:20:00.0000000+02:00,2.043,
2026-02-04T23:30:00.0000000+02:00,2.046,
2026-02-04T23:40:00.0000000+02:00,2.043,
2026-02-04T23:50:00.0000000+02:00,2.039,
2026-02-05T00:00:00.0000000+02:00,2.042,
2026-02-05T00:10:00.0000000+02:00,2.045,
2026-02-05T00:20:00.0000000+02:00,2.041,
2026-02-05T00:30:00.0000000+02:00,2.048,
2026-02-05T00:40:00.0000000+02:00,2.043,
2026-02-05T00:50:00.0000000+02:00,2.048,
2026-02-05T01:00:00.0000000+02:00,2.045,
2026-02-05T01:10:00.0000000+02:00,2.04,
2026-02-05T01:20:00.0000000+02:00,2.044,
2026-02-05T01:30:00.0000000+02:00,2.043,
2026-02-05T01:40:00.0000000+02:00,2.047,
2026-02-05T01:50:00.0000000+02:00,2.043,
2026-02-05T02:00:00.0000000+02:00,2.042,
2026-02-05T02:10:00.0000000+02:00,2.037,
2026-02-05T02:20:00.0000000+02:00,2.034,
2026-02-05T02:30:00.0000000+02:00,2.033,
2026-02-05T02:40:00.0000000+02:00,2.032,
2026-02-05T02:50:00.0000000+02:00,2.036,
2026-02-05T03:00:00.0000000+02:00,2.036,
2026-02-05T03:10:00.0000000+02:00,2.03,
2026-02-05T03:20:00.0000000+02:00,2.036,
2026-02-05T03:30:00.0000000+02:00,2.039,
2026-02-05T03:40:00.0000000+02:00,2.041,
2026-02-05T03:50:00.0000000+02:00,2.034,
2026-02-05T04:00:00.0000000+02:00,2.033,
2026-02-05T04:10:00.0000000+02:00,2.039,
2026-02-05T04:20:00.0000000+02:00,2.036,
2026-02-05T04:30:00.0000000+02:00,2.039,
2026-02-05T04:40:00.0000000+02:00,2.033,
2026-02-05T04:50:00.0000000+02:00,2.034,
2026-02-05T05:00:00.0000000+02:00,2.032,
2026-02-05T05:10:00.0000000+02:00,2.035,
2026-02-05T05:20:00.0000000+02:00,2.042,
2026-02-05T05:30:00.0000000+02:00,2.038,
2026-02-05T05:40:00.0000000+02:00,2.034,
2026-02-05T05:50:00.0000000+02:00,2.035,
2026-02-05T06:00:00.0000000+02:00,2.041,
2026-02-05T06:10:00.0000000+02:00,2.04,
2026-02-05T06:20:00.0000000+02:00,2.034,
2026-02-05T06:30:00.0000000+02:00,2.033,
2026-02-05T06:40:00.0000000+02:00,2.032,
2026-02-05T06:50:00.0000000+02:00,2.037,
2026-02-05T07:00:00.0000000+02:00,2.033,
2026-02-05T07:10:00.0000000+02:00,2.036,
2026-02-05T07:20:00.0000000+02:00,2.032,
2026-02-05T07:30:00.0000000+02:00,2.038,
2026-02-05T07:40:00.0000000+02:00,2.039,
2026-02-05T07:50:00.0000000+02:00,2.037,
2026-02-05T08:00:00.0000000+02:00,2.035,
2026-02-05T08:10:00.0000000+02:00,2.034,
2026-02-05T08:20:00.0000000+02:00,2.031,
2026-02-05T08:30:00.0000000+02:00,2.035,
2026-02-05T08:40:00.0000000+02:00,2.022,
2026-02-05T08:50:00.0000000+02:00,2.029,
2026-02-05T09:00:00.0000000+02:00,2.032,
2026-02-05T09:10:00.0000000+02:00,2.032,
2026-02-05T09:20:00.0000000+02:00,2.03,
2026-02-05T09:30:00.0000000+02:00,2.029,
2026-02-05T09:40:00.0000000+02:00,2.029,
2026-02-05T09:50:00.0000000+02:00,2.033,
2026-02-05T10:00:00.0000000+02:00,2.029,
2026-02-05T10:10:00.0000000+02:00,2.03,
2026-02-05T10:20:00.0000000+02:00,2.029,
2026-02-05T10:30:00.0000000+02:00,2.026,
2026-02-05T10:40:00.0000000+02:00,2.029,
2026-02-05T10:50:00.0000000+02:00,2.029,
2026-02-05T11:00:00.0000000+02:00,2.024,
2026-02-05T11:10:00.0000000+02:00,2.022,
2026-02-05T11:20:00.0000000+02:00,2.02,
2026-02-05T11:30:00.0000000+02:00,2.021,
2026-02-05T11:40:00.0000000+02:00,2.019,
2026-02-05T11:50:00.0000000+02:00,2.021,
2026-02-05T12:00:00.0000000+02:00,2.021,
2026-02-05T12:10:00.0000000+02:00,2.021,
2026-02-05T12:20:00.0000000+02:00,2.017,
2026-02-05T12:30:00.0000000+02:00,2.011,
2026-02-05T12:40:00.0000000+02:00,2.015,
2026-02-05T12:50:00.0000000+02:00,1.961,
2026-02-05T13:00:00.0000000+02:00,1.955,
2026-02-05T13:10:00.0000000+02:00,1.96,
2026-02-05T13:20:00.0000000+02:00,1.981,
2026-02-05T13:30:00.0000000+02:00,2.005,
2026-02-05T13:40:00.0000000+02:00,2.003,
2026-02-05T13:50:00.0000000+02:00,2,
2026-02-05T14:00:00.0000000+02:00,1.989,
2026-02-05T14:10:00.0000000+02:00,1.973,
2026-02-05T14:20:00.0000000+02:00,1.992,
2026-02-05T14:30:00.0000000+02:00,1.996,
2026-02-05T14:40:00.0000000+02:00,1.989,
2026-02-05T14:50:00.0000000+02:00,1.993,
2026-02-05T15:00:00.0000000+02:00,1.991,
2026-02-05T15:10:00.0000000+02:00,2,
2026-02-05T15:20:00.0000000+02:00,1.997,
2026-02-05T15:30:00.0000000+02:00,1.991,
2026-02-05T15:40:00.0000000+02:00,1.988,
2026-02-05T15:50:00.0000000+02:00,1.986,
2026-02-05T16:00:00.0000000+02:00,1.985,
2026-02-05T16:10:00.0000000+02:00,1.986,
2026-02-05T16:20:00.0000000+02:00,1.982,
2026-02-05T16:30:00.0000000+02:00,1.99,
2026-02-05T16:40:00.0000000+02:00,1.985,
2026-02-05T16:50:00.0000000+02:00,1.985,
2026-02-05T17:00:00.0000000+02:00,1.985,
2026-02-05T17:10:00.0000000+02:00,1.988,
2026-02-05T17:20:00.0000000+02:00,1.987,
2026-02-05T17:30:00.0000000+02:00,1.985,
2026-02-05T17:40:00.0000000+02:00,1.987,
2026-02-05T17:50:00.0000000+02:00,1.988,
2026-02-05T18:00:00.0000000+02:00,1.991,
2026-02-05T18:10:00.0000000+02:00,1.983,
2026-02-05T18:20:00.0000000+02:00,1.981,
2026-02-05T18:30:00.0000000+02:00,1.982,
2026-02-05T18:40:00.0000000+02:00,1.987,
2026-02-05T18:50:00.0000000+02:00,1.987,
2026-02-05T19:00:00.0000000+02:00,1.989,
2026-02-05T19:10:00.0000000+02:00,1.987,
2026-02-05T19:20:00.0000000+02:00,1.992,
2026-02-05T19:30:00.0000000+02:00,1.993,
2026-02-05T19:40:00.0000000+02:00,1.989,
2026-02-05T19:50:00.0000000+02:00,1.988,
2026-02-05T20:00:00.0000000+02:00,1.993,
2026-02-05T20:10:00.0000000+02:00,1.993,
2026-02-05T20:20:00.0000000+02:00,1.993,
2026-02-05T20:30:00.0000000+02:00,1.991,
2026-02-05T20:40:00.0000000+02:00,1.992,
2026-02-05T20:50:00.0000000+02:00,1.998,
2026-02-05T21:00:00.0000000+02:00,1.993,
2026-02-05T21:10:00.0000000+02:00,1.998,
2026-02-05T21:20:00.0000000+02:00,1.995,
2026-02-05T21:30:00.0000000+02:00,1.999,
2026-02-05T21:40:00.0000000+02:00,2,
2026-02-05T21:50:00.0000000+02:00,2.007,
2026-02-05T22:00:00.0000000+02:00,2.004,
2026-02-05T22:10:00.0000000+02:00,2.002,
2026-02-05T22:20:00.0000000+02:00,1.999,
2026-02-05T22:30:00.0000000+02:00,2.005,
2026-02-05T22:40:00.0000000+02:00,2,
2026-02-05T22:50:00.0000000+02:00,2.001,
2026-02-05T23:00:00.0000000+02:00,2.003,
2026-02-05T23:10:00.0000000+02:00,2.008,
2026-02-05T23:20:00.0000000+02:00,2.005,
2026-02-05T23:30:00.0000000+02:00,2.007,
2026-02-05T23:40:00.0000000+02:00,2.012,
2026-02-05T23:50:00.0000000+02:00,2.012,
2026-02-06T00:00:00.0000000+02:00,2.011,
2026-02-06T00:10:00.0000000+02:00,2.009,
2026-02-06T00:20:00.0000000+02:00,2.008,
2026-02-06T00:30:00.0000000+02:00,2.01,
2026-02-06T00:40:00.0000000+02:00,2.019,
2026-02-06T00:50:00.0000000+02:00,2.013,
2026-02-06T01:00:00.0000000+02:00,2.021,
2026-02-06T01:10:00.0000000+02:00,2.017,
2026-02-06T01:20:00.0000000+02:00,2.017,
2026-02-06T01:30:00.0000000+02:00,2.017,
2026-02-06T01:40:00.0000000+02:00,2.022,
2026-02-06T01:50:00.0000000+02:00,2.021,
2026-02-06T02:00:00.0000000+02:00,2.02,
2026-02-06T02:10:00.0000000+02:00,2.015,
2026-02-06T02:20:00.0000000+02:00,2.021,
2026-02-06T02:30:00.0000000+02:00,2.016,
2026-02-06T02:40:00.0000000+02:00,2.026,
2026-02-06T02:50:00.0000000+02:00,2.025,
2026-02-06T03:00:00.0000000+02:00,2.022,
2026-02-06T03:10:00.0000000+02:00,2.029,
2026-02-06T03:20:00.0000000+02:00,2.027,
2026-02-06T03:30:00.0000000+02:00,2.029,
2026-02-06T03:40:00.0000000+02:00,2.021,
2026-02-06T03:50:00.0000000+02:00,2.022,
2026-02-06T04:00:00.0000000+02:00,2.024,
2026-02-06T04:10:00.0000000+02:00,2.025,
2026-02-06T04:20:00.0000000+02:00,2.021,
2026-02-06T04:30:00.0000000+02:00,2.028,
2026-02-06T04:40:00.0000000+02:00,2.022,
2026-02-06T04:50:00.0000000+02:00,2.028,
2026-02-06T05:00:00.0000000+02:00,2.016,
2026-02-06T05:10:00.0000000+02:00,2.022,
2026-02-06T05:20:00.0000000+02:00,2.022,
2026-02-06T05:30:00.0000000+02:00,2.016,
2026-02-06T05:40:00.0000000+02:00,2.023,
2026-02-06T05:50:00.0000000+02:00,2.014,
2026-02-06T06:00:00.0000000+02:00,2.012,
2026-02-06T06:10:00.0000000+02:00,2.011,
2026-02-06T06:20:00.0000000+02:00,2.008,
2026-02-06T06:30:00.0000000+02:00,2.008,
2026-02-06T06:40:00.0000000+02:00,2.012,
2026-02-06T06:50:00.0000000+02:00,2.007,
2026-02-06T07:00:00.0000000+02:00,2.003,
2026-02-06T07:10:00.0000000+02:00,2.003,
2026-02-06T07:20:00.0000000+02:00,2.001,
2026-02-06T07:30:00.0000000+02:00,2.001,
2026-02-06T07:40:00.0000000+02:00,1.992,
2026-02-06T07:50:00.0000000+02:00,1.996,
2026-02-06T08:00:00.0000000+02:00,1.994,
2026-02-06T08:10:00.0000000+02:00,2,
2026-02-06T08:20:00.0000000+02:00,1.994,
2026-02-06T08:30:00.0000000+02:00,1.991,
2026-02-06T08:40:00.0000000+02:00,1.986,
2026-02-06T08:50:00.0000000+02:00,1.981,
2026-02-06T09:00:00.0000000+02:00,1.98,
2026-02-06T09:10:00.0000000+02:00,1.982,
2026-02-06T09:20:00.0000000+02:00,1.974,
2026-02-06T09:30:00.0000000+02:00,1.978,
2026-02-06T09:40:00.0000000+02:00,1.97,
2026-02-06T09:50:00.0000000+02:00,1.964,
2026-02-06T10:00:00.0000000+02:00,1.968,
2026-02-06T10:10:00.0000000+02:00,1.966,
2026-02-06T10:20:00.0000000+02:00,1.966,
2026-02-06T10:30:00.0000000+02:00,1.962,
2026-02-06T10:40:00.0000000+02:00,1.959,
2026-02-06T10:50:00.0000000+02:00,1.952,
2026-02-06T11:00:00.0000000+02:00,1.947,
2026-02-06T11:10:00.0000000+02:00,1.939,
2026-02-06T11:20:00.0000000+02:00,1.943,
2026-02-06T11:30:00.0000000+02:00,1.94,
2026-02-06T11:40:00.0000000+02:00,1.935,
2026-02-06T11:50:00.0000000+02:00,1.931,
2026-02-06T12:00:00.0000000+02:00,1.935,
2026-02-06T12:10:00.0000000+02:00,1.927,
2026-02-06T12:20:00.0000000+02:00,1.92,
2026-02-06T12:30:00.0000000+02:00,1.911,
2026-02-06T12:40:00.0000000+02:00,1.92,
2026-02-06T12:50:00.0000000+02:00,1.916,
2026-02-06T13:00:00.0000000+02:00,1.902,
2026-02-06T13:10:00.0000000+02:00,1.89,
2026-02-06T13:20:00.0000000+02:00,1.895,
2026-02-06T13:30:00.0000000+02:00,1.901,
2026-02-06T13:40:00.0000000+02:00,1.897,
2026-02-06T13:50:00.0000000+02:00,1.894,
2026-02-06T14:00:00.0000000+02:00,1.888,
2026-02-06T14:10:00.0000000+02:00,1.887,
2026-02-06T14:20:00.0000000+02:00,1.877,
2026-02-06T14:30:00.0000000+02:00,1.874,
2026-02-06T14:40:00.0000000+02:00,1.873,
2026-02-06T14:50:00.0000000+02:00,1.878,
2026-02-06T15:00:00.0000000+02:00,1.874,
2026-02-06T15:10:00.0000000+02:00,1.867,
2026-02-06T15:20:00.0000000+02:00,1.865,
2026-02-06T15:30:00.0000000+02:00,1.866,
2026-02-06T15:40:00.0000000+02:00,1.853,
2026-02-06T15:50:00.0000000+02:00,1.849,
2026-02-06T16:00:00.0000000+02:00,1.844,
2026-02-06T16:10:00.0000000+02:00,1.847,
2026-02-06T16:20:00.0000000+02:00,1.831,
2026-02-06T16:30:00.0000000+02:00,1.815,
2026-02-06T16:40:00.0000000+02:00,1.828,
2026-02-06T16:50:00.0000000+02:00,1.828,
2026-02-06T17:00:00.0000000+02:00,1.836,
2026-02-06T17:10:00.0000000+02:00,1.834,
2026-02-06T17:20:00.0000000+02:00,1.833,
2026-02-06T17:30:00.0000000+02:00,1.83,
2026-02-06T17:40:00.0000000+02:00,1.831,
2026-02-06T17:50:00.0000000+02:00,1.832,
2026-02-06T18:00:00.0000000+02:00,1.824,
2026-02-06T18:10:00.0000000+02:00,1.826,
2026-02-06T18:20:00.0000000+02:00,1.83,
2026-02-06T18:30:00.0000000+02:00,1.829,
2026-02-06T18:40:00.0000000+02:00,1.826,
2026-02-06T18:50:00.0000000+02:00,1.825,
2026-02-06T19:00:00.0000000+02:00,1.827,
2026-02-06T19:10:00.0000000+02:00,1.816,
2026-02-06T19:20:00.0000000+02:00,1.821,
2026-02-06T19:30:00.0000000+02:00,1.811,
2026-02-06T19:40:00.0000000+02:00,1.811,
2026-02-06T19:50:00.0000000+02:00,1.81,
2026-02-06T20:00:00.0000000+02:00,1.815,
2026-02-06T20:10:00.0000000+02:00,1.811,
2026-02-06T20:20:00.0000000+02:00,1.808,
2026-02-06T20:30:00.0000000+02:00,1.81,
2026-02-06T20:40:00.0000000+02:00,1.806,
2026-02-06T20:50:00.0000000+02:00,1.805,
2026-02-06T21:00:00.0000000+02:00,1.804,
2026-02-06T21:10:00.0000000+02:00,1.806,
2026-02-06T21:20:00.0000000+02:00,1.8,
2026-02-06T21:30:00.0000000+02:00,1.803,
2026-02-06T21:40:00.0000000+02:00,1.801,
2026-02-06T21:50:00.0000000+02:00,1.804,
2026-02-06T22:00:00.0000000+02:00,1.801,
2026-02-06T22:10:00.0000000+02:00,1.803,
2026-02-06T22:20:00.0000000+02:00,1.8,
2026-02-06T22:30:00.0000000+02:00,1.803,
2026-02-06T22:40:00.0000000+02:00,1.807,
2026-02-06T22:50:00.0000000+02:00,1.805,
2026-02-06T23:00:00.0000000+02:00,1.806,
2026-02-06T23:10:00.0000000+02:00,1.81,
2026-02-06T23:20:00.0000000+02:00,1.811,
2026-02-06T23:30:00.0000000+02:00,1.813,
2026-02-06T23:40:00.0000000+02:00,1.809,
2026-02-06T23:50:00.0000000+02:00,1.813,
2026-02-07T00:00:00.0000000+02:00,1.808,
2026-02-07T00:10:00.0000000+02:00,1.81,
2026-02-07T00:20:00.0000000+02:00,1.814,
2026-02-07T00:30:00.0000000+02:00,1.817,
2026-02-07T00:40:00.0000000+02:00,1.816,
2026-02-07T00:50:00.0000000+02:00,1.817,
2026-02-07T01:00:00.0000000+02:00,1.813,
2026-02-07T01:10:00.0000000+02:00,1.821,
2026-02-07T01:20:00.0000000+02:00,1.818,
2026-02-07T01:30:00.0000000+02:00,1.824,
2026-02-07T01:40:00.0000000+02:00,1.82,
2026-02-07T01:50:00.0000000+02:00,1.825,
2026-02-07T02:00:00.0000000+02:00,1.83,
2026-02-07T02:10:00.0000000+02:00,1.834,
2026-02-07T02:20:00.0000000+02:00,1.828,
2026-02-07T02:30:00.0000000+02:00,1.833,
2026-02-07T02:40:00.0000000+02:00,1.836,
2026-02-07T02:50:00.0000000+02:00,1.834,
2026-02-07T03:00:00.0000000+02:00,1.838,
2026-02-07T03:10:00.0000000+02:00,1.839,
2026-02-07T03:20:00.0000000+02:00,1.84,
2026-02-07T03:30:00.0000000+02:00,1.844,
2026-02-07T03:40:00.0000000+02:00,1.848,
2026-02-07T03:50:00.0000000+02:00,1.848,
2026-02-07T04:00:00.0000000+02:00,1.849,
2026-02-07T04:10:00.0000000+02:00,1.85,
2026-02-07T04:20:00.0000000+02:00,1.853,
2026-02-07T04:30:00.0000000+02:00,1.857,
2026-02-07T04:40:00.0000000+02:00,1.856,
2026-02-07T04:50:00.0000000+02:00,1.853,
2026-02-07T05:00:00.0000000+02:00,1.857,
2026-02-07T05:10:00.0000000+02:00,1.857,
2026-02-07T05:20:00.0000000+02:00,1.857,
2026-02-07T05:30:00.0000000+02:00,1.86,
2026-02-07T05:40:00.0000000+02:00,1.865,
2026-02-07T05:50:00.0000000+02:00,1.863,
2026-02-07T06:00:00.0000000+02:00,1.869,
2026-02-07T06:10:00.0000000+02:00,1.867,
2026-02-07T06:20:00.0000000+02:00,1.862,
2026-02-07T06:30:00.0000000+02:00,1.865,
2026-02-07T06:40:00.0000000+02:00,1.863,
2026-02-07T06:50:00.0000000+02:00,1.866,
2026-02-07T07:00:00.0000000+02:00,1.865,
2026-02-07T07:10:00.0000000+02:00,1.869,
2026-02-07T07:20:00.0000000+02:00,1.863,
2026-02-07T07:30:00.0000000+02:00,1.867,
2026-02-07T07:40:00.0000000+02:00,1.866,
2026-02-07T07:50:00.0000000+02:00,1.86,
2026-02-07T08:00:00.0000000+02:00,1.863,
2026-02-07T08:10:00.0000000+02:00,1.864,
2026-02-07T08:20:00.0000000+02:00,1.867,
2026-02-07T08:30:00.0000000+02:00,1.867,
2026-02-07T08:40:00.0000000+02:00,1.865,
2026-02-07T08:50:00.0000000+02:00,1.864,
2026-02-07T09:00:00.0000000+02:00,1.864,
2026-02-07T09:10:00.0000000+02:00,1.859,
2026-02-07T09:20:00.0000000+02:00,1.861,
2026-02-07T09:30:00.0000000+02:00,1.857,
2026-02-07T09:40:00.0000000+02:00,1.854,
2026-02-07T09:50:00.0000000+02:00,1.855,
2026-02-07T10:00:00.0000000+02:00,1.852,
2026-02-07T10:10:00.0000000+02:00,1.853,
2026-02-07T10:20:00.0000000+02:00,1.847,
2026-02-07T10:30:00.0000000+02:00,1.848,
2026-02-07T10:40:00.0000000+02:00,1.842,
2026-02-07T10:50:00.0000000+02:00,1.839,
2026-02-07T11:00:00.0000000+02:00,1.841,
2026-02-07T11:10:00.0000000+02:00,1.841,
2026-02-07T11:20:00.0000000+02:00,1.843,
2026-02-07T11:30:00.0000000+02:00,1.841,
2026-02-07T11:40:00.0000000+02:00,1.837,
2026-02-07T11:50:00.0000000+02:00,1.832,
2026-02-07T12:00:00.0000000+02:00,1.825,
2026-02-07T12:10:00.0000000+02:00,1.825,
2026-02-07T12:20:00.0000000+02:00,1.813,
2026-02-07T12:30:00.0000000+02:00,1.817,
2026-02-07T12:40:00.0000000+02:00,1.812,
2026-02-07T12:50:00.0000000+02:00,1.809,
2026-02-07T13:00:00.0000000+02:00,1.814,
2026-02-07T13:10:00.0000000+02:00,1.811,
2026-02-07T13:20:00.0000000+02:00,1.812,
2026-02-07T13:30:00.0000000+02:00,1.806,
2026-02-07T13:40:00.0000000+02:00,1.805,
2026-02-07T13:50:00.0000000+02:00,1.798,
2026-02-07T14:00:00.0000000+02:00,1.785,
2026-02-07T14:10:00.0000000+02:00,1.792,
2026-02-07T14:20:00.0000000+02:00,1.789,
2026-02-07T14:30:00.0000000+02:00,1.754,
2026-02-07T14:40:00.0000000+02:00,1.749,
2026-02-07T14:50:00.0000000+02:00,1.768,
2026-02-07T15:00:00.0000000+02:00,1.76,
2026-02-07T15:10:00.0000000+02:00,1.762,
2026-02-07T15:20:00.0000000+02:00,1.754,
2026-02-07T15:30:00.0000000+02:00,1.75,
2026-02-07T15:40:00.0000000+02:00,1.729,
2026-02-07T15:50:00.0000000+02:00,1.745,
2026-02-07T16:00:00.0000000+02:00,1.749,
2026-02-07T16:10:00.0000000+02:00,1.749,
2026-02-07T16:20:00.0000000+02:00,1.736,
2026-02-07T16:30:00.0000000+02:00,1.739,
2026-02-07T16:40:00.0000000+02:00,1.737,
2026-02-07T16:50:00.0000000+02:00,1.733,
2026-02-07T17:00:00.0000000+02:00,1.729,
2026-02-07T17:10:00.0000000+02:00,1.726,
2026-02-07T17:20:00.0000000+02:00,1.694,
2026-02-07T17:30:00.0000000+02:00,1.706,
2026-02-07T17:40:00.0000000+02:00,1.702,
2026-02-07T17:50:00.0000000+02:00,1.7,
2026-02-07T18:00:00.0000000+02:00,1.713,
2026-02-07T18:10:00.0000000+02:00,1.705,
2026-02-07T18:20:00.0000000+02:00,1.699,
2026-02-07T18:30:00.0000000+02:00,1.696,
2026-02-07T18:40:00.0000000+02:00,1.696,
2026-02-07T18:50:00.0000000+02:00,1.69,
2026-02-07T19:00:00.0000000+02:00,1.684,
2026-02-07T19:10:00.0000000+02:00,1.677,
2026-02-07T19:20:00.0000000+02:00,1.682,
2026-02-07T19:30:00.0000000+02:00,1.681,
2026-02-07T19:40:00.0000000+02:00,1.672,
2026-02-07T19:50:00.0000000+02:00,1.671,
2026-02-07T20:00:00.0000000+02:00,1.67,
2026-02-07T20:10:00.0000000+02:00,1.667,
2026-02-07T20:20:00.0000000+02:00,1.662,
2026-02-07T20:30:00.0000000+02:00,1.662,
2026-02-07T20:40:00.0000000+02:00,1.663,
2026-02-07T20:50:00.0000000+02:00,1.662,
2026-02-07T21:00:00.0000000+02:00,1.656,
2026-02-07T21:10:00.0000000+02:00,1.655,
2026-02-07T21:20:00.0000000+02:00,1.653,
2026-02-07T21:30:00.0000000+02:00,1.658,
2026-02-07T21:40:00.0000000+02:00,1.651,
2026-02-07T21:50:00.0000000+02:00,1.653,
2026-02-07T22:00:00.0000000+02:00,1.65,
2026-02-07T22:10:00.0000000+02:00,1.649,
2026-02-07T22:20:00.0000000+02:00,1.644,
2026-02-07T22:30:00.0000000+02:00,1.649,
2026-02-07T22:40:00.0000000+02:00,1.645,
2026-02-07T22:50:00.0000000+02:00,1.649,
2026-02-07T23:00:00.0000000+02:00,1.649,
2026-02-07T23:10:00.0000000+02:00,1.648,
2026-02-07T23:20:00.0000000+02:00,1.649,
2026-02-07T23:30:00.0000000+02:00,1.647,
2026-02-07T23:40:00.0000000+02:00,1.646,
2026-02-07T23:50:00.0000000+02:00,1.645,
2026-02-08T00:00:00.0000000+02:00,1.644,
2026-02-08T00:10:00.0000000+02:00,1.641,
2026-02-08T00:20:00.0000000+02:00,1.64,
2026-02-08T00:30:00.0000000+02:00,1.645,
2026-02-08T00:40:00.0000000+02:00,1.639,
2026-02-08T00:50:00.0000000+02:00,1.644,
2026-02-08T01:00:00.0000000+02:00,1.65,
2026-02-08T01:10:00.0000000+02:00,1.645,
2026-02-08T01:20:00.0000000+02:00,1.647,
2026-02-08T01:30:00.0000000+02:00,1.654,
2026-02-08T01:40:00.0000000+02:00,1.649,
2026-02-08T01:50:00.0000000+02:00,1.652,
2026-02-08T02:00:00.0000000+02:00,1.658,
2026-02-08T02:10:00.0000000+02:00,1.667,
2026-02-08T02:20:00.0000000+02:00,1.666,
2026-02-08T02:30:00.0000000+02:00,1.668,
2026-02-08T02:40:00.0000000+02:00,1.667,
2026-02-08T02:50:00.0000000+02:00,1.678,
2026-02-08T03:00:00.0000000+02:00,1.678,
2026-02-08T03:10:00.0000000+02:00,1.68,
2026-02-08T03:20:00.0000000+02:00,1.68,
2026-02-08T03:30:00.0000000+02:00,1.678,
2026-02-08T03:40:00.0000000+02:00,1.689,
2026-02-08T03:50:00.0000000+02:00,1.691,
2026-02-08T04:00:00.0000000+02:00,1.694,
2026-02-08T04:10:00.0000000+02:00,1.7,
2026-02-08T04:20:00.0000000+02:00,1.709,
2026-02-08T04:30:00.0000000+02:00,1.709,
2026-02-08T04:40:00.0000000+02:00,1.698,
2026-02-08T04:50:00.0000000+02:00,1.712,
2026-02-08T05:00:00.0000000+02:00,1.718,
2026-02-08T05:10:00.0000000+02:00,1.721,
2026-02-08T05:20:00.0000000+02:00,1.71,
2026-02-08T05:30:00.0000000+02:00,1.722,
2026-02-08T05:40:00.0000000+02:00,1.725,
2026-02-08T05:50:00.0000000+02:00,1.729,
2026-02-08T06:00:00.0000000+02:00,1.737,
2026-02-08T06:10:00.0000000+02:00,1.736,
2026-02-08T06:20:00.0000000+02:00,1.739,
2026-02-08T06:30:00.0000000+02:00,1.743,
2026-02-08T06:40:00.0000000+02:00,1.741,
2026-02-08T06:50:00.0000000+02:00,1.744,
2026-02-08T07:00:00.0000000+02:00,1.745,
2026-02-08T07:10:00.0000000+02:00,1.757,
2026-02-08T07:20:00.0000000+02:00,1.752,
2026-02-08T07:30:00.0000000+02:00,1.761,
2026-02-08T07:40:00.0000000+02:00,1.756,
2026-02-08T07:50:00.0000000+02:00,1.761,
2026-02-08T08:00:00.0000000+02:00,1.76,
2026-02-08T08:10:00.0000000+02:00,1.765,
2026-02-08T08:20:00.0000000+02:00,1.766,
2026-02-08T08:30:00.0000000+02:00,1.769,
2026-02-08T08:40:00.0000000+02:00,1.767,
2026-02-08T08:50:00.0000000+02:00,1.765,
2026-02-08T09:00:00.0000000+02:00,1.77,
2026-02-08T09:10:00.0000000+02:00,1.774,
2026-02-08T09:20:00.0000000+02:00,1.772,
2026-02-08T09:30:00.0000000+02:00,1.768,
2026-02-08T09:40:00.0000000+02:00,1.773,
2026-02-08T09:50:00.0000000+02:00,1.775,
2026-02-08T10:00:00.0000000+02:00,1.769,
2026-02-08T10:10:00.0000000+02:00,1.775,
2026-02-08T10:20:00.0000000+02:00,1.77,
2026-02-08T10:30:00.0000000+02:00,1.739,
2026-02-08T10:40:00.0000000+02:00,1.771,
2026-02-08T10:50:00.0000000+02:00,1.781,
2026-02-08T11:00:00.0000000+02:00,1.772,
2026-02-08T11:10:00.0000000+02:00,1.773,
2026-02-08T11:20:00.0000000+02:00,1.778,
2026-02-08T11:30:00.0000000+02:00,1.77,
2026-02-08T11:40:00.0000000+02:00,1.777,
2026-02-08T11:50:00.0000000+02:00,1.776,
2026-02-08T12:00:00.0000000+02:00,1.767,
2026-02-08T12:10:00.0000000+02:00,1.765,
2026-02-08T12:20:00.0000000+02:00,1.768,
2026-02-08T12:30:00.0000000+02:00,1.767,
2026-02-08T12:40:00.0000000+02:00,1.771,
2026-02-08T12:50:00.0000000+02:00,1.768,
2026-02-08T13:00:00.0000000+02:00,1.774,
2026-02-08T13:10:00.0000000+02:00,1.776,
2026-02-08T13:20:00.0000000+02:00,1.749,
2026-02-08T13:30:00.0000000+02:00,1.772,
2026-02-08T13:40:00.0000000+02:00,1.775,
2026-02-08T13:50:00.0000000+02:00,1.772,
2026-02-08T14:00:00.0000000+02:00,1.769,
2026-02-08T14:10:00.0000000+02:00,1.768,
2026-02-08T14:20:00.0000000+02:00,1.762,
2026-02-08T14:30:00.0000000+02:00,1.771,
2026-02-08T14:40:00.0000000+02:00,1.764,
2026-02-08T14:50:00.0000000+02:00,1.77,
2026-02-08T15:00:00.0000000+02:00,1.767,
2026-02-08T15:10:00.0000000+02:00,1.767,
2026-02-08T15:20:00.0000000+02:00,1.771,
2026-02-08T15:30:00.0000000+02:00,1.774,
2026-02-08T15:40:00.0000000+02:00,1.733,
2026-02-08T15:50:00.0000000+02:00,1.753,
2026-02-08T16:00:00.0000000+02:00,1.774,
2026-02-08T16:10:00.0000000+02:00,1.775,
2026-02-08T16:20:00.0000000+02:00,1.771,
2026-02-08T16:30:00.0000000+02:00,1.778,
2026-02-08T16:40:00.0000000+02:00,1.78,
2026-02-08T16:50:00.0000000+02:00,1.773,
2026-02-08T17:00:00.0000000+02:00,1.774,
2026-02-08T17:10:00.0000000+02:00,1.778,
2026-02-08T17:20:00.0000000+02:00,1.783,
2026-02-08T17:30:00.0000000+02:00,1.781,
2026-02-08T17:40:00.0000000+02:00,1.789,
2026-02-08T17:50:00.0000000+02:00,1.79,
2026-02-08T18:00:00.0000000+02:00,1.792,
2026-02-08T18:10:00.0000000+02:00,1.79,
2026-02-08T18:20:00.0000000+02:00,1.795,
2026-02-08T18:30:00.0000000+02:00,1.802,
2026-02-08T18:40:00.0000000+02:00,1.797,
2026-02-08T18:50:00.0000000+02:00,1.801,
2026-02-08T19:00:00.0000000+02:00,1.799,
2026-02-08T19:10:00.0000000+02:00,1.803,
2026-02-08T19:20:00.0000000+02:00,1.807,
2026-02-08T19:30:00.0000000+02:00,1.81,
2026-02-08T19:40:00.0000000+02:00,1.811,
2026-02-08T19:50:00.0000000+02:00,1.816,
2026-02-08T20:00:00.0000000+02:00,1.823,
2026-02-08T20:10:00.0000000+02:00,1.821,
2026-02-08T20:20:00.0000000+02:00,1.827,
2026-02-08T20:30:00.0000000+02:00,1.831,
2026-02-08T20:40:00.0000000+02:00,1.836,
2026-02-08T20:50:00.0000000+02:00,1.842,
2026-02-08T21:00:00.0000000+02:00,1.852,
2026-02-08T21:10:00.0000000+02:00,1.857,
2026-02-08T21:20:00.0000000+02:00,1.861,
2026-02-08T21:30:00.0000000+02:00,1.866,
2026-02-08T21:40:00.0000000+02:00,1.838,
2026-02-08T21:50:00.0000000+02:00,1.872,
2026-02-08T22:00:00.0000000+02:00,1.884,
2026-02-08T22:10:00.0000000+02:00,1.888,
2026-02-08T22:20:00.0000000+02:00,1.895,
2026-02-08T22:30:00.0000000+02:00,1.9,
2026-02-08T22:40:00.0000000+02:00,1.904,
2026-02-08T22:50:00.0000000+02:00,1.91,
2026-02-08T23:00:00.0000000+02:00,1.912,
2026-02-08T23:10:00.0000000+02:00,1.917,
2026-02-08T23:20:00.0000000+02:00,1.926,
2026-02-08T23:30:00.0000000+02:00,1.928,
2026-02-08T23:40:00.0000000+02:00,1.93,
2026-02-08T23:50:00.0000000+02:00,1.935,
2026-02-09T00:00:00.0000000+02:00,1.943,
2026-02-09T00:10:00.0000000+02:00,1.941,
2026-02-09T00:20:00.0000000+02:00,1.948,
2026-02-09T00:30:00.0000000+02:00,1.95,
2026-02-09T00:40:00.0000000+02:00,1.953,
2026-02-09T00:50:00.0000000+02:00,1.955,
2026-02-09T01:00:00.0000000+02:00,1.955,
2026-02-09T01:10:00.0000000+02:00,1.961,
2026-02-09T01:20:00.0000000+02:00,1.961,
2026-02-09T01:30:00.0000000+02:00,1.971,
2026-02-09T01:40:00.0000000+02:00,1.974,
2026-02-09T01:50:00.0000000+02:00,1.975,
2026-02-09T02:00:00.0000000+02:00,1.976,
2026-02-09T02:10:00.0000000+02:00,1.982,
2026-02-09T02:20:00.0000000+02:00,1.985,
2026-02-09T02:30:00.0000000+02:00,1.987,
2026-02-09T02:40:00.0000000+02:00,1.988,
2026-02-09T02:50:00.0000000+02:00,1.985,
2026-02-09T03:00:00.0000000+02:00,1.991,
2026-02-09T03:10:00.0000000+02:00,1.993,
2026-02-09T03:20:00.0000000+02:00,1.992,
2026-02-09T03:30:00.0000000+02:00,1.992,
2026-02-09T03:40:00.0000000+02:00,1.995,
2026-02-09T03:50:00.0000000+02:00,1.994,
2026-02-09T04:00:00.0000000+02:00,1.998,
2026-02-09T04:10:00.0000000+02:00,1.997,
2026-02-09T04:20:00.0000000+02:00,2.002,
2026-02-09T04:30:00.0000000+02:00,1.998,
2026-02-09T04:40:00.0000000+02:00,1.995,
2026-02-09T04:50:00.0000000+02:00,2.001,
2026-02-09T05:00:00.0000000+02:00,1.998,
2026-02-09T05:10:00.0000000+02:00,1.999,
2026-02-09T05:20:00.0000000+02:00,2.004,
2026-02-09T05:30:00.0000000+02:00,2.002,
2026-02-09T05:40:00.0000000+02:00,2.006,
2026-02-09T05:50:00.0000000+02:00,2.007,
2026-02-09T06:00:00.0000000+02:00,2.006,
2026-02-09T06:10:00.0000000+02:00,2.005,
2026-02-09T06:20:00.0000000+02:00,2.005,
2026-02-09T06:30:00.0000000+02:00,2.003,
2026-02-09T06:40:00.0000000+02:00,2.002,
2026-02-09T06:50:00.0000000+02:00,2.001,
2026-02-09T07:00:00.0000000+02:00,2.002,
2026-02-09T07:10:00.0000000+02:00,2.005,
2026-02-09T07:20:00.0000000+02:00,2.005,
2026-02-09T07:30:00.0000000+02:00,2.003,
2026-02-09T07:40:00.0000000+02:00,2.006,
2026-02-09T07:50:00.0000000+02:00,2.008,
2026-02-09T08:00:00.0000000+02:00,1.994,
2026-02-09T08:10:00.0000000+02:00,1.998,
2026-02-09T08:20:00.0000000+02:00,1.998,
2026-02-09T08:30:00.0000000+02:00,1.996,
2026-02-09T08:40:00.0000000+02:00,1.999,
2026-02-09T08:50:00.0000000+02:00,1.994,
2026-02-09T09:00:00.0000000+02:00,1.993,
2026-02-09T09:10:00.0000000+02:00,1.984,
2026-02-09T09:20:00.0000000+02:00,1.984,
2026-02-09T09:30:00.0000000+02:00,1.969,
2026-02-09T09:40:00.0000000+02:00,1.985,
2026-02-09T09:50:00.0000000+02:00,1.967,
2026-02-09T10:00:00.0000000+02:00,1.979,
2026-02-09T10:10:00.0000000+02:00,1.972,
2026-02-09T10:20:00.0000000+02:00,1.963,
2026-02-09T10:30:00.0000000+02:00,1.946,
2026-02-09T10:40:00.0000000+02:00,1.953,
2026-02-09T10:50:00.0000000+02:00,1.942,
2026-02-09T11:00:00.0000000+02:00,1.953,
2026-02-09T11:10:00.0000000+02:00,1.964,
2026-02-09T11:20:00.0000000+02:00,1.959,
2026-02-09T11:30:00.0000000+02:00,1.947,
2026-02-09T11:40:00.0000000+02:00,1.965,
2026-02-09T11:50:00.0000000+02:00,1.962,
2026-02-09T12:00:00.0000000+02:00,1.955,
2026-02-09T12:10:00.0000000+02:00,1.957,
2026-02-09T12:20:00.0000000+02:00,1.96,
2026-02-09T12:30:00.0000000+02:00,1.962,
2026-02-09T12:40:00.0000000+02:00,1.953,
2026-02-09T12:50:00.0000000+02:00,1.956,
2026-02-09T13:00:00.0000000+02:00,1.949,
2026-02-09T13:10:00.0000000+02:00,1.955,
2026-02-09T13:20:00.0000000+02:00,1.952,
2026-02-09T13:30:00.0000000+02:00,1.947,
2026-02-09T13:40:00.0000000+02:00,1.947,
2026-02-09T13:50:00.0000000+02:00,1.942,
2026-02-09T14:00:00.0000000+02:00,1.94,
2026-02-09T14:10:00.0000000+02:00,1.943,
2026-02-09T14:20:00.0000000+02:00,1.931,
2026-02-09T14:30:00.0000000+02:00,1.938,
2026-02-09T14:40:00.0000000+02:00,1.937,
2026-02-09T14:50:00.0000000+02:00,1.934,
2026-02-09T15:00:00.0000000+02:00,1.923,
2026-02-09T15:10:00.0000000+02:00,1.907,
2026-02-09T15:20:00.0000000+02:00,1.909,
2026-02-09T15:30:00.0000000+02:00,1.918,
2026-02-09T15:40:00.0000000+02:00,1.928,
2026-02-09T15:50:00.0000000+02:00,1.921,
2026-02-09T16:00:00.0000000+02:00,1.926,
2026-02-09T16:10:00.0000000+02:00,1.931,
2026-02-09T16:20:00.0000000+02:00,1.933,
2026-02-09T16:30:00.0000000+02:00,1.938,
2026-02-09T16:40:00.0000000+02:00,1.931,
2026-02-09T16:50:00.0000000+02:00,1.938,
2026-02-09T17:00:00.0000000+02:00,1.937,
2026-02-09T17:10:00.0000000+02:00,1.936,
2026-02-09T17:20:00.0000000+02:00,1.933,
2026-02-09T17:30:00.0000000+02:00,1.934,
2026-02-09T17:40:00.0000000+02:00,1.933,
2026-02-09T17:50:00.0000000+02:00,1.939,
2026-02-09T18:00:00.0000000+02:00,1.934,
2026-02-09T18:10:00.0000000+02:00,1.938,
2026-02-09T18:20:00.0000000+02:00,1.939,
2026-02-09T18:30:00.0000000+02:00,1.944,
2026-02-09T18:40:00.0000000+02:00,1.946,
2026-02-09T18:50:00.0000000+02:00,1.949,
2026-02-09T19:00:00.0000000+02:00,1.948,
2026-02-09T19:10:00.0000000+02:00,1.951,
2026-02-09T19:20:00.0000000+02:00,1.959,
2026-02-09T19:30:00.0000000+02:00,1.959,
2026-02-09T19:40:00.0000000+02:00,1.962,
2026-02-09T19:50:00.0000000+02:00,1.969,
2026-02-09T20:00:00.0000000+02:00,1.972,
2026-02-09T20:10:00.0000000+02:00,1.971,
2026-02-09T20:20:00.0000000+02:00,1.968,
2026-02-09T20:30:00.0000000+02:00,1.979,
2026-02-09T20:40:00.0000000+02:00,1.982,
2026-02-09T20:50:00.0000000+02:00,1.985,
2026-02-09T21:00:00.0000000+02:00,1.994,
2026-02-09T21:10:00.0000000+02:00,1.994,
2026-02-09T21:20:00.0000000+02:00,1.999,
2026-02-09T21:30:00.0000000+02:00,2.005,
2026-02-09T21:40:00.0000000+02:00,2.01,
2026-02-09T21:50:00.0000000+02:00,2.013,
2026-02-09T22:00:00.0000000+02:00,2.018,
2026-02-09T22:10:00.0000000+02:00,2.022,
2026-02-09T22:20:00.0000000+02:00,2.03,
2026-02-09T22:30:00.0000000+02:00,2.035,
2026-02-09T22:40:00.0000000+02:00,2.04,
2026-02-09T22:50:00.0000000+02:00,2.048,
2026-02-09T23:00:00.0000000+02:00,2.052,
2026-02-09T23:10:00.0000000+02:00,2.062,
2026-02-09T23:20:00.0000000+02:00,2.058,
2026-02-09T23:30:00.0000000+02:00,2.072,
2026-02-09T23:40:00.0000000+02:00,2.074,
2026-02-09T23:50:00.0000000+02:00,2.081,
2026-02-10T00:00:00.0000000+02:00,2.085,
2026-02-10T00:10:00.0000000+02:00,2.084,
2026-02-10T00:20:00.0000000+02:00,2.092,
2026-02-10T00:30:00.0000000+02:00,2.104,
2026-02-10T00:40:00.0000000+02:00,2.109,
2026-02-10T00:50:00.0000000+02:00,2.105,
2026-02-10T01:00:00.0000000+02:00,2.115,
2026-02-10T01:10:00.0000000+02:00,2.117,
2026-02-10T01:20:00.0000000+02:00,2.123,
2026-02-10T01:30:00.0000000+02:00,2.135,
2026-02-10T01:40:00.0000000+02:00,2.134,
2026-02-10T01:50:00.0000000+02:00,2.141,
2026-02-10T02:00:00.0000000+02:00,2.146,
2026-02-10T02:10:00.0000000+02:00,2.149,
2026-02-10T02:20:00.0000000+02:00,2.156,
2026-02-10T02:30:00.0000000+02:00,2.153,
2026-02-10T02:40:00.0000000+02:00,2.164,
2026-02-10T02:50:00.0000000+02:00,2.162,
2026-02-10T03:00:00.0000000+02:00,2.169,
2026-02-10T03:10:00.0000000+02:00,2.171,
2026-02-10T03:20:00.0000000+02:00,2.177,
2026-02-10T03:30:00.0000000+02:00,2.18,
2026-02-10T03:40:00.0000000+02:00,2.181,
2026-02-10T03:50:00.0000000+02:00,2.182,
2026-02-10T04:00:00.0000000+02:00,2.191,
2026-02-10T04:10:00.0000000+02:00,2.192,
2026-02-10T04:20:00.0000000+02:00,2.2,
2026-02-10T04:30:00.0000000+02:00,2.2,
2026-02-10T04:40:00.0000000+02:00,2.201,
2026-02-10T04:50:00.0000000+02:00,2.198,
2026-02-10T05:00:00.0000000+02:00,2.206,
2026-02-10T05:10:00.0000000+02:00,2.214,
2026-02-10T05:20:00.0000000+02:00,2.214,
2026-02-10T05:30:00.0000000+02:00,2.223,
2026-02-10T05:40:00.0000000+02:00,2.222,
2026-02-10T05:50:00.0000000+02:00,2.221,
2026-02-10T06:00:00.0000000+02:00,2.223,
2026-02-10T06:10:00.0000000+02:00,2.223,
2026-02-10T06:20:00.0000000+02:00,2.229,
2026-02-10T06:30:00.0000000+02:00,2.233,
2026-02-10T06:40:00.0000000+02:00,2.233,
2026-02-10T06:50:00.0000000+02:00,2.23,
2026-02-10T07:00:00.0000000+02:00,2.234,
2026-02-10T07:10:00.0000000+02:00,2.244,
2026-02-10T07:20:00.0000000+02:00,2.244,
2026-02-10T07:30:00.0000000+02:00,2.242,
2026-02-10T07:40:00.0000000+02:00,2.245,
2026-02-10T07:50:00.0000000+02:00,2.249,
2026-02-10T08:00:00.0000000+02:00,2.248,
2026-02-10T08:10:00.0000000+02:00,2.254,
2026-02-10T08:20:00.0000000+02:00,2.256,
2026-02-10T08:30:00.0000000+02:00,2.251,
2026-02-10T08:40:00.0000000+02:00,2.251,
2026-02-10T08:50:00.0000000+02:00,2.253,
2026-02-10T09:00:00.0000000+02:00,2.257,
2026-02-10T09:10:00.0000000+02:00,2.26,
2026-02-10T09:20:00.0000000+02:00,2.263,
2026-02-10T09:30:00.0000000+02:00,2.27,
2026-02-10T09:40:00.0000000+02:00,2.262,
2026-02-10T09:50:00.0000000+02:00,2.273,
2026-02-10T10:00:00.0000000+02:00,2.271,
2026-02-10T10:10:00.0000000+02:00,2.279,
2026-02-10T10:20:00.0000000+02:00,2.281,
2026-02-10T10:30:00.0000000+02:00,2.279,
2026-02-10T10:40:00.0000000+02:00,2.282,
2026-02-10T10:50:00.0000000+02:00,2.275,
2026-02-10T11:00:00.0000000+02:00,2.275,
2026-02-10T11:10:00.0000000+02:00,2.273,
2026-02-10T11:20:00.0000000+02:00,2.279,
2026-02-10T11:30:00.0000000+02:00,2.288,
2026-02-10T11:40:00.0000000+02:00,2.274,
2026-02-10T11:50:00.0000000+02:00,2.286,
2026-02-10T12:00:00.0000000+02:00,2.305,
2026-02-10T12:10:00.0000000+02:00,2.306,
2026-02-10T12:20:00.0000000+02:00,2.312,
2026-02-10T12:30:00.0000000+02:00,2.314,
2026-02-10T12:40:00.0000000+02:00,2.323,
2026-02-10T12:50:00.0000000+02:00,2.322,
2026-02-10T13:00:00.0000000+02:00,2.327,
2026-02-10T13:10:00.0000000+02:00,2.328,
2026-02-10T13:20:00.0000000+02:00,2.326,
2026-02-10T13:30:00.0000000+02:00,2.312,
2026-02-10T13:40:00.0000000+02:00,2.31,
2026-02-10T13:50:00.0000000+02:00,2.309,
2026-02-10T14:00:00.0000000+02:00,2.313,
2026-02-10T14:10:00.0000000+02:00,2.324,
2026-02-10T14:20:00.0000000+02:00,2.328,
2026-02-10T14:30:00.0000000+02:00,2.327,
2026-02-10T14:40:00.0000000+02:00,2.336,
2026-02-10T14:50:00.0000000+02:00,2.334,
2026-02-10T15:00:00.0000000+02:00,2.342,
2026-02-10T15:10:00.0000000+02:00,2.333,
2026-02-10T15:20:00.0000000+02:00,2.335,
2026-02-10T15:30:00.0000000+02:00,2.342,
2026-02-10T15:40:00.0000000+02:00,2.357,
2026-02-10T15:50:00.0000000+02:00,2.337,
2026-02-10T16:00:00.0000000+02:00,2.353,
2026-02-10T16:10:00.0000000+02:00,2.357,
2026-02-10T16:20:00.0000000+02:00,2.353,
2026-02-10T16:30:00.0000000+02:00,2.351,
2026-02-10T16:40:00.0000000+02:00,2.371,
2026-02-10T16:50:00.0000000+02:00,2.376,
2026-02-10T17:00:00.0000000+02:00,2.393,
2026-02-10T17:10:00.0000000+02:00,2.387,
2026-02-10T17:20:00.0000000+02:00,2.39,
2026-02-10T17:30:00.0000000+02:00,2.392,
2026-02-10T17:40:00.0000000+02:00,2.396,
2026-02-10T17:50:00.0000000+02:00,2.4,
2026-02-10T18:00:00.0000000+02:00,2.399,
2026-02-10T18:10:00.0000000+02:00,2.404,
2026-02-10T18:20:00.0000000+02:00,2.405,
2026-02-10T18:30:00.0000000+02:00,2.407,
2026-02-10T18:40:00.0000000+02:00,2.404,
2026-02-10T18:50:00.0000000+02:00,2.407,
2026-02-10T19:00:00.0000000+02:00,2.412,
2026-02-10T19:10:00.0000000+02:00,2.41,
2026-02-10T19:20:00.0000000+02:00,2.414,
2026-02-10T19:30:00.0000000+02:00,2.415,
2026-02-10T19:40:00.0000000+02:00,2.412,
2026-02-10T19:50:00.0000000+02:00,2.415,
2026-02-10T20:00:00.0000000+02:00,2.423,
2026-02-10T20:10:00.0000000+02:00,2.427,
2026-02-10T20:20:00.0000000+02:00,2.424,
2026-02-10T20:30:00.0000000+02:00,2.425,
2026-02-10T20:40:00.0000000+02:00,2.429,
2026-02-10T20:50:00.0000000+02:00,2.428,
2026-02-10T21:00:00.0000000+02:00,2.431,
2026-02-10T21:10:00.0000000+02:00,2.43,
2026-02-10T21:20:00.0000000+02:00,2.437,
2026-02-10T21:30:00.0000000+02:00,2.445,
2026-02-10T21:40:00.0000000+02:00,2.443,
2026-02-10T21:50:00.0000000+02:00,2.445,
2026-02-10T22:00:00.0000000+02:00,2.447,
2026-02-10T22:10:00.0000000+02:00,2.449,
2026-02-10T22:20:00.0000000+02:00,2.453,
2026-02-10T22:30:00.0000000+02:00,2.451,
2026-02-10T22:40:00.0000000+02:00,2.455,
2026-02-10T22:50:00.0000000+02:00,2.452,
2026-02-10T23:00:00.0000000+02:00,2.459,
2026-02-10T23:10:00.0000000+02:00,2.449,
2026-02-10T23:20:00.0000000+02:00,2.456,
2026-02-10T23:30:00.0000000+02:00,2.454,
2026-02-10T23:40:00.0000000+02:00,2.463,
2026-02-10T23:50:00.0000000+02:00,2.46,
2026-02-11T00:00:00.0000000+02:00,2.462,
2026-02-11T00:10:00.0000000+02:00,2.468,
2026-02-11T00:20:00.0000000+02:00,2.465,
2026-02-11T00:30:00.0000000+02:00,2.463,
2026-02-11T00:40:00.0000000+02:00,2.464,
2026-02-11T00:50:00.0000000+02:00,2.465,
2026-02-11T01:00:00.0000000+02:00,2.468,
2026-02-11T01:10:00.0000000+02:00,2.47,
2026-02-11T01:20:00.0000000+02:00,2.47,
2026-02-11T01:30:00.0000000+02:00,2.468,
2026-02-11T01:40:00.0000000+02:00,2.467,
2026-02-11T01:50:00.0000000+02:00,2.468,
2026-02-11T02:00:00.0000000+02:00,2.466,
2026-02-11T02:10:00.0000000+02:00,2.464,
2026-02-11T02:20:00.0000000+02:00,2.465,
2026-02-11T02:30:00.0000000+02:00,2.469,
2026-02-11T02:40:00.0000000+02:00,2.47,
2026-02-11T02:50:00.0000000+02:00,2.466,
2026-02-11T03:00:00.0000000+02:00,2.47,
2026-02-11T03:10:00.0000000+02:00,2.465,
2026-02-11T03:20:00.0000000+02:00,2.468,
2026-02-11T03:30:00.0000000+02:00,2.467,
2026-02-11T03:40:00.0000000+02:00,2.471,
2026-02-11T03:50:00.0000000+02:00,2.468,
2026-02-11T04:00:00.0000000+02:00,2.471,
2026-02-11T04:10:00.0000000+02:00,2.47,
2026-02-11T04:20:00.0000000+02:00,2.469,
2026-02-11T04:30:00.0000000+02:00,2.466,
2026-02-11T04:40:00.0000000+02:00,2.467,
2026-02-11T04:50:00.0000000+02:00,2.462,
2026-02-11T05:00:00.0000000+02:00,2.468,
2026-02-11T05:10:00.0000000+02:00,2.467,
2026-02-11T05:20:00.0000000+02:00,2.468,
2026-02-11T05:30:00.0000000+02:00,2.47,
2026-02-11T05:40:00.0000000+02:00,2.469,
2026-02-11T05:50:00.0000000+02:00,2.47,
2026-02-11T06:00:00.0000000+02:00,2.467,
2026-02-11T06:10:00.0000000+02:00,2.467,
2026-02-11T06:20:00.0000000+02:00,2.467,
2026-02-11T06:30:00.0000000+02:00,2.468,
2026-02-11T06:40:00.0000000+02:00,2.468,
2026-02-11T06:50:00.0000000+02:00,2.467,
2026-02-11T07:00:00.0000000+02:00,2.462,
2026-02-11T07:10:00.0000000+02:00,2.46,
2026-02-11T07:20:00.0000000+02:00,2.459,
2026-02-11T07:30:00.0000000+02:00,2.459,
2026-02-11T07:40:00.0000000+02:00,2.46,
2026-02-11T07:50:00.0000000+02:00,2.46,
2026-02-11T08:00:00.0000000+02:00,2.457,
2026-02-11T08:10:00.0000000+02:00,2.459,
2026-02-11T08:20:00.0000000+02:00,2.453,
2026-02-11T08:30:00.0000000+02:00,2.451,
2026-02-11T08:40:00.0000000+02:00,2.454,
2026-02-11T08:50:00.0000000+02:00,2.453,
2026-02-11T09:00:00.0000000+02:00,2.453,
2026-02-11T09:10:00.0000000+02:00,2.451,
2026-02-11T09:20:00.0000000+02:00,2.449,
2026-02-11T09:30:00.0000000+02:00,2.45,
2026-02-11T09:40:00.0000000+02:00,2.448,
2026-02-11T09:50:00.0000000+02:00,2.447,
2026-02-11T10:00:00.0000000+02:00,2.446,
2026-02-11T10:10:00.0000000+02:00,2.446,
2026-02-11T10:20:00.0000000+02:00,2.44,
2026-02-11T10:30:00.0000000+02:00,2.443,
2026-02-11T10:40:00.0000000+02:00,2.439,
2026-02-11T10:50:00.0000000+02:00,2.443,
2026-02-11T11:00:00.0000000+02:00,2.439,
2026-02-11T11:10:00.0000000+02:00,2.44,
2026-02-11T11:20:00.0000000+02:00,2.433,
2026-02-11T11:30:00.0000000+02:00,2.436,
2026-02-11T11:40:00.0000000+02:00,2.431,
2026-02-11T11:50:00.0000000+02:00,2.425,
2026-02-11T12:00:00.0000000+02:00,2.429,
2026-02-11T12:10:00.0000000+02:00,2.418,
2026-02-11T12:20:00.0000000+02:00,2.429,
2026-02-11T12:30:00.0000000+02:00,2.423,
2026-02-11T12:40:00.0000000+02:00,2.427,
2026-02-11T12:50:00.0000000+02:00,2.423,
2026-02-11T13:00:00.0000000+02:00,2.423,
2026-02-11T13:10:00.0000000+02:00,2.42,
2026-02-11T13:20:00.0000000+02:00,2.422,
2026-02-11T13:30:00.0000000+02:00,2.419,
2026-02-11T13:40:00.0000000+02:00,2.412,
2026-02-11T13:50:00.0000000+02:00,2.418,
2026-02-11T14:00:00.0000000+02:00,2.416,
2026-02-11T14:10:00.0000000+02:00,2.41,
2026-02-11T14:20:00.0000000+02:00,2.406,
2026-02-11T14:30:00.0000000+02:00,2.405,
2026-02-11T14:40:00.0000000+02:00,2.406,
2026-02-11T14:50:00.0000000+02:00,2.402,
2026-02-11T15:00:00.0000000+02:00,2.401,
2026-02-11T15:10:00.0000000+02:00,2.398,
2026-02-11T15:20:00.0000000+02:00,2.388,
2026-02-11T15:30:00.0000000+02:00,2.391,
2026-02-11T15:40:00.0000000+02:00,2.385,
2026-02-11T15:50:00.0000000+02:00,2.39,
2026-02-11T16:00:00.0000000+02:00,2.389,
2026-02-11T16:10:00.0000000+02:00,2.382,
2026-02-11T16:20:00.0000000+02:00,2.378,
2026-02-11T16:30:00.0000000+02:00,2.378,
2026-02-11T16:40:00.0000000+02:00,2.368,
2026-02-11T16:50:00.0000000+02:00,2.347,
2026-02-11T17:00:00.0000000+02:00,2.379,
2026-02-11T17:10:00.0000000+02:00,2.382,
2026-02-11T17:20:00.0000000+02:00,2.376,
2026-02-11T17:30:00.0000000+02:00,2.363,
2026-02-11T17:40:00.0000000+02:00,2.377,
2026-02-11T17:50:00.0000000+02:00,2.372,
2026-02-11T18:00:00.0000000+02:00,2.376,
2026-02-11T18:10:00.0000000+02:00,2.38,
2026-02-11T18:20:00.0000000+02:00,2.376,
2026-02-11T18:30:00.0000000+02:00,2.381,
2026-02-11T18:40:00.0000000+02:00,2.38,
2026-02-11T18:50:00.0000000+02:00,2.384,
2026-02-11T19:00:00.0000000+02:00,2.383,
2026-02-11T19:10:00.0000000+02:00,2.385,
2026-02-11T19:20:00.0000000+02:00,2.373,
2026-02-11T19:30:00.0000000+02:00,2.376,
2026-02-11T19:40:00.0000000+02:00,2.381,
2026-02-11T19:50:00.0000000+02:00,2.386,
2026-02-11T20:00:00.0000000+02:00,2.382,
2026-02-11T20:10:00.0000000+02:00,2.381,
2026-02-11T20:20:00.0000000+02:00,2.38,
2026-02-11T20:30:00.0000000+02:00,2.385,
2026-02-11T20:40:00.0000000+02:00,2.386,
2026-02-11T20:50:00.0000000+02:00,2.388,
2026-02-11T21:00:00.0000000+02:00,2.389,
2026-02-11T21:10:00.0000000+02:00,2.391,
2026-02-11T21:20:00.0000000+02:00,2.388,
2026-02-11T21:30:00.0000000+02:00,2.387,
2026-02-11T21:40:00.0000000+02:00,2.392,
2026-02-11T21:50:00.0000000+02:00,2.392,
2026-02-11T22:00:00.0000000+02:00,2.396,
2026-02-11T22:10:00.0000000+02:00,2.401,
2026-02-11T22:20:00.0000000+02:00,2.399,
2026-02-11T22:30:00.0000000+02:00,2.403,
2026-02-11T22:40:00.0000000+02:00,2.403,
2026-02-11T22:50:00.0000000+02:00,2.4,
2026-02-11T23:00:00.0000000+02:00,2.404,
2026-02-11T23:10:00.0000000+02:00,2.406,
2026-02-11T23:20:00.0000000+02:00,2.406,
2026-02-11T23:30:00.0000000+02:00,2.407,
2026-02-11T23:40:00.0000000+02:00,2.409,
2026-02-11T23:50:00.0000000+02:00,2.407,
2026-02-12T00:00:00.0000000+02:00,2.408,
2026-02-12T00:10:00.0000000+02:00,2.41,
2026-02-12T00:20:00.0000000+02:00,2.413,
2026-02-12T00:30:00.0000000+02:00,2.412,
2026-02-12T00:40:00.0000000+02:00,2.415,
2026-02-12T00:50:00.0000000+02:00,2.413,
2026-02-12T01:00:00.0000000+02:00,2.416,
2026-02-12T01:10:00.0000000+02:00,2.415,
2026-02-12T01:20:00.0000000+02:00,2.416,
2026-02-12T01:30:00.0000000+02:00,2.412,
2026-02-12T01:40:00.0000000+02:00,2.413,
2026-02-12T01:50:00.0000000+02:00,2.418,
2026-02-12T02:00:00.0000000+02:00,2.416,
2026-02-12T02:10:00.0000000+02:00,2.418,
2026-02-12T02:20:00.0000000+02:00,2.421,
2026-02-12T02:30:00.0000000+02:00,2.421,
2026-02-12T02:40:00.0000000+02:00,2.419,
2026-02-12T02:50:00.0000000+02:00,2.414,
2026-02-12T03:00:00.0000000+02:00,2.421,
2026-02-12T03:10:00.0000000+02:00,2.423,
2026-02-12T03:20:00.0000000+02:00,2.423,
2026-02-12T03:30:00.0000000+02:00,2.427,
2026-02-12T03:40:00.0000000+02:00,2.422,
2026-02-12T03:50:00.0000000+02:00,2.42,
2026-02-12T04:00:00.0000000+02:00,2.423,
2026-02-12T04:10:00.0000000+02:00,2.425,
2026-02-12T04:20:00.0000000+02:00,2.422,
2026-02-12T04:30:00.0000000+02:00,2.422,
2026-02-12T04:40:00.0000000+02:00,2.425,
2026-02-12T04:50:00.0000000+02:00,2.427,
2026-02-12T05:00:00.0000000+02:00,2.432,
2026-02-12T05:10:00.0000000+02:00,2.429,
2026-02-12T05:20:00.0000000+02:00,2.43,
2026-02-12T05:30:00.0000000+02:00,2.428,
2026-02-12T05:40:00.0000000+02:00,2.43,
2026-02-12T05:50:00.0000000+02:00,2.433,
2026-02-12T06:00:00.0000000+02:00,2.438,
2026-02-12T06:10:00.0000000+02:00,2.433,
2026-02-12T06:20:00.0000000+02:00,2.431,
2026-02-12T06:30:00.0000000+02:00,2.428,
2026-02-12T06:40:00.0000000+02:00,2.432,
2026-02-12T06:50:00.0000000+02:00,2.434,
2026-02-12T07:00:00.0000000+02:00,2.429,
2026-02-12T07:10:00.0000000+02:00,2.432,
2026-02-12T07:20:00.0000000+02:00,2.431,
2026-02-12T07:30:00.0000000+02:00,2.428,
2026-02-12T07:40:00.0000000+02:00,2.432,
2026-02-12T07:50:00.0000000+02:00,2.428,
2026-02-12T08:00:00.0000000+02:00,2.429,
2026-02-12T08:10:00.0000000+02:00,2.43,
2026-02-12T08:20:00.0000000+02:00,2.429,
2026-02-12T08:30:00.0000000+02:00,2.426,
2026-02-12T08:40:00.0000000+02:00,2.427,
2026-02-12T08:50:00.0000000+02:00,2.427,
2026-02-12T09:00:00.0000000+02:00,2.428,
2026-02-12T09:10:00.0000000+02:00,2.428,
2026-02-12T09:20:00.0000000+02:00,2.424,
2026-02-12T09:30:00.0000000+02:00,2.425,
2026-02-12T09:40:00.0000000+02:00,2.43,
2026-02-12T09:50:00.0000000+02:00,2.425,
2026-02-12T10:00:00.0000000+02:00,2.424,
2026-02-12T10:10:00.0000000+02:00,2.422,
2026-02-12T10:20:00.0000000+02:00,2.421,
2026-02-12T10:30:00.0000000+02:00,2.42,
2026-02-12T10:40:00.0000000+02:00,2.419,
2026-02-12T10:50:00.0000000+02:00,2.421,
2026-02-12T11:00:00.0000000+02:00,2.424,
2026-02-12T11:10:00.0000000+02:00,2.418,
2026-02-12T11:20:00.0000000+02:00,2.422,
2026-02-12T11:30:00.0000000+02:00,2.42,
2026-02-12T11:40:00.0000000+02:00,2.422,
2026-02-12T11:50:00.0000000+02:00,2.425,
2026-02-12T12:00:00.0000000+02:00,2.421,
2026-02-12T12:10:00.0000000+02:00,2.421,
2026-02-12T12:20:00.0000000+02:00,2.416,
2026-02-12T12:30:00.0000000+02:00,2.414,
2026-02-12T12:40:00.0000000+02:00,2.412,
2026-02-12T12:50:00.0000000+02:00,2.411,
2026-02-12T13:00:00.0000000+02:00,2.409,
2026-02-12T13:10:00.0000000+02:00,2.412,
2026-02-12T13:20:00.0000000+02:00,2.408,
2026-02-12T13:30:00.0000000+02:00,2.406,
2026-02-12T13:40:00.0000000+02:00,2.403,
2026-02-12T13:50:00.0000000+02:00,2.399,
2026-02-12T14:00:00.0000000+02:00,2.368,
2026-02-12T14:10:00.0000000+02:00,2.388,
2026-02-12T14:20:00.0000000+02:00,2.369,
2026-02-12T14:30:00.0000000+02:00,2.364,
2026-02-12T14:40:00.0000000+02:00,2.39,
2026-02-12T14:50:00.0000000+02:00,2.355,
2026-02-12T15:00:00.0000000+02:00,2.352,
2026-02-12T15:10:00.0000000+02:00,2.366,
2026-02-12T15:20:00.0000000+02:00,2.374,
2026-02-12T15:30:00.0000000+02:00,2.38,
2026-02-12T15:40:00.0000000+02:00,2.384,
2026-02-12T15:50:00.0000000+02:00,2.376,
2026-02-12T16:00:00.0000000+02:00,2.38,
2026-02-12T16:10:00.0000000+02:00,2.38,
2026-02-12T16:20:00.0000000+02:00,2.371,
2026-02-12T16:30:00.0000000+02:00,2.385,
2026-02-12T16:40:00.0000000+02:00,2.384,
2026-02-12T16:50:00.0000000+02:00,2.377,
2026-02-12T17:00:00.0000000+02:00,2.38,
2026-02-12T17:10:00.0000000+02:00,2.378,
2026-02-12T17:20:00.0000000+02:00,2.383,
2026-02-12T17:30:00.0000000+02:00,2.38,
2026-02-12T17:40:00.0000000+02:00,2.379,
2026-02-12T17:50:00.0000000+02:00,2.381,
2026-02-12T18:00:00.0000000+02:00,2.382,
2026-02-12T18:10:00.0000000+02:00,2.379,
2026-02-12T18:20:00.0000000+02:00,2.375,
2026-02-12T18:30:00.0000000+02:00,2.375,
2026-02-12T18:40:00.0000000+02:00,2.374,
2026-02-12T18:50:00.0000000+02:00,2.375,
2026-02-12T19:00:00.0000000+02:00,2.374,
2026-02-12T19:10:00.0000000+02:00,2.376,
2026-02-12T19:20:00.0000000+02:00,2.375,
2026-02-12T19:30:00.0000000+02:00,2.376,
2026-02-12T19:40:00.0000000+02:00,2.372,
2026-02-12T19:50:00.0000000+02:00,2.372,
2026-02-12T20:00:00.0000000+02:00,2.372,
2026-02-12T20:10:00.0000000+02:00,2.373,
2026-02-12T20:20:00.0000000+02:00,2.368,
2026-02-12T20:30:00.0000000+02:00,2.366,
2026-02-12T20:40:00.0000000+02:00,2.37,
2026-02-12T20:50:00.0000000+02:00,2.37,
2026-02-12T21:00:00.0000000+02:00,2.37,
2026-02-12T21:10:00.0000000+02:00,2.371,
2026-02-12T21:20:00.0000000+02:00,2.37,
2026-02-12T21:30:00.0000000+02:00,2.369,
2026-02-12T21:40:00.0000000+02:00,2.369,
2026-02-12T21:50:00.0000000+02:00,2.368,
2026-02-12T22:00:00.0000000+02:00,2.367,
2026-02-12T22:10:00.0000000+02:00,2.368,
2026-02-12T22:20:00.0000000+02:00,2.37,
2026-02-12T22:30:00.0000000+02:00,2.371,
2026-02-12T22:40:00.0000000+02:00,2.367,
2026-02-12T22:50:00.0000000+02:00,2.368,
2026-02-12T23:00:00.0000000+02:00,2.367,
2026-02-12T23:10:00.0000000+02:00,2.365,
2026-02-12T23:20:00.0000000+02:00,2.369,
2026-02-12T23:30:00.0000000+02:00,2.367,
2026-02-12T23:40:00.0000000+02:00,2.368,
2026-02-12T23:50:00.0000000+02:00,2.366,
2026-02-13T00:00:00.0000000+02:00,2.369,
2026-02-13T00:10:00.0000000+02:00,2.37,
2026-02-13T00:20:00.0000000+02:00,2.37,
2026-02-13T00:30:00.0000000+02:00,2.366,
2026-02-13T00:40:00.0000000+02:00,2.367,
2026-02-13T00:50:00.0000000+02:00,2.365,
2026-02-13T01:00:00.0000000+02:00,2.365,
2026-02-13T01:10:00.0000000+02:00,2.364,
2026-02-13T01:20:00.0000000+02:00,2.363,
2026-02-13T01:30:00.0000000+02:00,2.366,
2026-02-13T01:40:00.0000000+02:00,2.362,
2026-02-13T01:50:00.0000000+02:00,2.359,
2026-02-13T02:00:00.0000000+02:00,2.365,
2026-02-13T02:10:00.0000000+02:00,2.357,
2026-02-13T02:20:00.0000000+02:00,2.361,
2026-02-13T02:30:00.0000000+02:00,2.364,
2026-02-13T02:40:00.0000000+02:00,2.361,
2026-02-13T02:50:00.0000000+02:00,2.366,
2026-02-13T03:00:00.0000000+02:00,2.362,
2026-02-13T03:10:00.0000000+02:00,2.366,
2026-02-13T03:20:00.0000000+02:00,2.358,
2026-02-13T03:30:00.0000000+02:00,2.365,
2026-02-13T03:40:00.0000000+02:00,2.363,
2026-02-13T03:50:00.0000000+02:00,2.366,
2026-02-13T04:00:00.0000000+02:00,2.366,
2026-02-13T04:10:00.0000000+02:00,2.363,
2026-02-13T04:20:00.0000000+02:00,2.364,
2026-02-13T04:30:00.0000000+02:00,2.365,
2026-02-13T04:40:00.0000000+02:00,2.366,
2026-02-13T04:50:00.0000000+02:00,2.367,
2026-02-13T05:00:00.0000000+02:00,2.367,
2026-02-13T05:10:00.0000000+02:00,2.36,
2026-02-13T05:20:00.0000000+02:00,2.369,
2026-02-13T05:30:00.0000000+02:00,2.369,
2026-02-13T05:40:00.0000000+02:00,2.367,
2026-02-13T05:50:00.0000000+02:00,2.373,
2026-02-13T06:00:00.0000000+02:00,2.368,
2026-02-13T06:10:00.0000000+02:00,2.371,
2026-02-13T06:20:00.0000000+02:00,2.374,
2026-02-13T06:30:00.0000000+02:00,2.37,
2026-02-13T06:40:00.0000000+02:00,2.366,
2026-02-13T06:50:00.0000000+02:00,2.37,
2026-02-13T07:00:00.0000000+02:00,2.372,
2026-02-13T07:10:00.0000000+02:00,2.372,
2026-02-13T07:20:00.0000000+02:00,2.373,
2026-02-13T07:30:00.0000000+02:00,2.374,
2026-02-13T07:40:00.0000000+02:00,2.37,
2026-02-13T07:50:00.0000000+02:00,2.368,
2026-02-13T08:00:00.0000000+02:00,2.37,
2026-02-13T08:10:00.0000000+02:00,2.371,
2026-02-13T08:20:00.0000000+02:00,2.369,
2026-02-13T08:30:00.0000000+02:00,2.37,
2026-02-13T08:40:00.0000000+02:00,2.369,
2026-02-13T08:50:00.0000000+02:00,2.371,
2026-02-13T09:00:00.0000000+02:00,2.368,
2026-02-13T09:10:00.0000000+02:00,2.367,
2026-02-13T09:20:00.0000000+02:00,2.367,
2026-02-13T09:30:00.0000000+02:00,2.373,
2026-02-13T09:40:00.0000000+02:00,2.37,
2026-02-13T09:50:00.0000000+02:00,2.372,
2026-02-13T10:00:00.0000000+02:00,2.373,
2026-02-13T10:10:00.0000000+02:00,2.368,
2026-02-13T10:20:00.0000000+02:00,2.371,
2026-02-13T10:30:00.0000000+02:00,2.371,
2026-02-13T10:40:00.0000000+02:00,2.373,
2026-02-13T10:50:00.0000000+02:00,2.369,
2026-02-13T11:00:00.0000000+02:00,2.367,
2026-02-13T11:10:00.0000000+02:00,2.369,
2026-02-13T11:20:00.0000000+02:00,2.37,
2026-02-13T11:30:00.0000000+02:00,2.363,
2026-02-13T11:40:00.0000000+02:00,2.365,
2026-02-13T11:50:00.0000000+02:00,2.367,
2026-02-13T12:00:00.0000000+02:00,2.364,
2026-02-13T12:10:00.0000000+02:00,2.367,
2026-02-13T12:20:00.0000000+02:00,2.371,
2026-02-13T12:30:00.0000000+02:00,2.371,
2026-02-13T12:40:00.0000000+02:00,2.369,
2026-02-13T12:50:00.0000000+02:00,2.369,
2026-02-13T13:00:00.0000000+02:00,2.372,
2026-02-13T13:10:00.0000000+02:00,2.363,
2026-02-13T13:20:00.0000000+02:00,2.362,
2026-02-13T13:30:00.0000000+02:00,2.359,
2026-02-13T13:40:00.0000000+02:00,2.368,
2026-02-13T13:50:00.0000000+02:00,2.365,
2026-02-13T14:00:00.0000000+02:00,2.367,
2026-02-13T14:10:00.0000000+02:00,2.367,
2026-02-13T14:20:00.0000000+02:00,2.371,
2026-02-13T14:30:00.0000000+02:00,2.366,
2026-02-13T14:40:00.0000000+02:00,2.364,
2026-02-13T14:50:00.0000000+02:00,2.353,
2026-02-13T15:00:00.0000000+02:00,2.365,
2026-02-13T15:10:00.0000000+02:00,2.363,
2026-02-13T15:20:00.0000000+02:00,2.364,
2026-02-13T15:30:00.0000000+02:00,2.367,
2026-02-13T15:40:00.0000000+02:00,2.365,
2026-02-13T15:50:00.0000000+02:00,2.368,
2026-02-13T16:00:00.0000000+02:00,2.371,
2026-02-13T16:10:00.0000000+02:00,2.367,
2026-02-13T16:20:00.0000000+02:00,2.365,
2026-02-13T16:30:00.0000000+02:00,2.359,
2026-02-13T16:40:00.0000000+02:00,2.364,
2026-02-13T16:50:00.0000000+02:00,2.365,
2026-02-13T17:00:00.0000000+02:00,2.367,
2026-02-13T17:10:00.0000000+02:00,2.37,
2026-02-13T17:20:00.0000000+02:00,2.374,
2026-02-13T17:30:00.0000000+02:00,2.367,
2026-02-13T17:40:00.0000000+02:00,2.371,
2026-02-13T17:50:00.0000000+02:00,2.364,
2026-02-13T18:00:00.0000000+02:00,2.362,
2026-02-13T18:10:00.0000000+02:00,2.359,
2026-02-13T18:20:00.0000000+02:00,2.361,
2026-02-13T18:30:00.0000000+02:00,2.365,
2026-02-13T18:40:00.0000000+02:00,2.362,
2026-02-13T18:50:00.0000000+02:00,2.364,
2026-02-13T19:00:00.0000000+02:00,2.37,
2026-02-13T19:10:00.0000000+02:00,2.367,
2026-02-13T19:20:00.0000000+02:00,2.366,
2026-02-13T19:30:00.0000000+02:00,2.369,
2026-02-13T19:40:00.0000000+02:00,2.37,
2026-02-13T19:50:00.0000000+02:00,2.369,
2026-02-13T20:00:00.0000000+02:00,2.371,
2026-02-13T20:10:00.0000000+02:00,2.368,
2026-02-13T20:20:00.0000000+02:00,2.368,
2026-02-13T20:30:00.0000000+02:00,2.368,
2026-02-13T20:40:00.0000000+02:00,2.37,
2026-02-13T20:50:00.0000000+02:00,2.371,
2026-02-13T21:00:00.0000000+02:00,2.369,
2026-02-13T21:10:00.0000000+02:00,2.369,
2026-02-13T21:20:00.0000000+02:00,2.371,
2026-02-13T21:30:00.0000000+02:00,2.372,
2026-02-13T21:40:00.0000000+02:00,2.374,
2026-02-13T21:50:00.0000000+02:00,2.369,
2026-02-13T22:00:00.0000000+02:00,2.377,
2026-02-13T22:10:00.0000000+02:00,2.375,
2026-02-13T22:20:00.0000000+02:00,2.377,
2026-02-13T22:30:00.0000000+02:00,2.371,
2026-02-13T22:40:00.0000000+02:00,2.374,
2026-02-13T22:50:00.0000000+02:00,2.374,
2026-02-13T23:00:00.0000000+02:00,2.374,
2026-02-13T23:10:00.0000000+02:00,2.379,
2026-02-13T23:20:00.0000000+02:00,2.377,
2026-02-13T23:30:00.0000000+02:00,2.38,
2026-02-13T23:40:00.0000000+02:00,2.378,
2026-02-13T23:50:00.0000000+02:00,2.38,
2026-02-14T00:00:00.0000000+02:00,2.375,
2026-02-14T00:10:00.0000000+02:00,2.379,
2026-02-14T00:20:00.0000000+02:00,2.378,
2026-02-14T00:30:00.0000000+02:00,2.376,
2026-02-14T00:40:00.0000000+02:00,2.38,
2026-02-14T00:50:00.0000000+02:00,2.382,
2026-02-14T01:00:00.0000000+02:00,2.382,
2026-02-14T01:10:00.0000000+02:00,2.38,
2026-02-14T01:20:00.0000000+02:00,2.381,
2026-02-14T01:30:00.0000000+02:00,2.383,
2026-02-14T01:40:00.0000000+02:00,2.378,
2026-02-14T01:50:00.0000000+02:00,2.381,
2026-02-14T02:00:00.0000000+02:00,2.387,
2026-02-14T02:10:00.0000000+02:00,2.382,
2026-02-14T02:20:00.0000000+02:00,2.382,
2026-02-14T02:30:00.0000000+02:00,2.381,
2026-02-14T02:40:00.0000000+02:00,2.381,
2026-02-14T02:50:00.0000000+02:00,2.382,
2026-02-14T03:00:00.0000000+02:00,2.382,
2026-02-14T03:10:00.0000000+02:00,2.377,
2026-02-14T03:20:00.0000000+02:00,2.381,
2026-02-14T03:30:00.0000000+02:00,2.381,
2026-02-14T03:40:00.0000000+02:00,2.38,
2026-02-14T03:50:00.0000000+02:00,2.376,
2026-02-14T04:00:00.0000000+02:00,2.379,
2026-02-14T04:10:00.0000000+02:00,2.382,
2026-02-14T04:20:00.0000000+02:00,2.379,
2026-02-14T04:30:00.0000000+02:00,2.377,
2026-02-14T04:40:00.0000000+02:00,2.377,
2026-02-14T04:50:00.0000000+02:00,2.379,
2026-02-14T05:00:00.0000000+02:00,2.377,
2026-02-14T05:10:00.0000000+02:00,2.374,
2026-02-14T05:20:00.0000000+02:00,2.374,
2026-02-14T05:30:00.0000000+02:00,2.378,
2026-02-14T05:40:00.0000000+02:00,2.376,
2026-02-14T05:50:00.0000000+02:00,2.374,
2026-02-14T06:00:00.0000000+02:00,2.378,
2026-02-14T06:10:00.0000000+02:00,2.376,
2026-02-14T06:20:00.0000000+02:00,2.372,
2026-02-14T06:30:00.0000000+02:00,2.373,
2026-02-14T06:40:00.0000000+02:00,2.373,
2026-02-14T06:50:00.0000000+02:00,2.377,
2026-02-14T07:00:00.0000000+02:00,2.369,
2026-02-14T07:10:00.0000000+02:00,2.372,
2026-02-14T07:20:00.0000000+02:00,2.371,
2026-02-14T07:30:00.0000000+02:00,2.37,
2026-02-14T07:40:00.0000000+02:00,2.369,
2026-02-14T07:50:00.0000000+02:00,2.369,
2026-02-14T08:00:00.0000000+02:00,2.371,
2026-02-14T08:10:00.0000000+02:00,2.372,
2026-02-14T08:20:00.0000000+02:00,2.365,
2026-02-14T08:30:00.0000000+02:00,2.369,
2026-02-14T08:40:00.0000000+02:00,2.367,
2026-02-14T08:50:00.0000000+02:00,2.365,
2026-02-14T09:00:00.0000000+02:00,2.364,
2026-02-14T09:10:00.0000000+02:00,2.366,
2026-02-14T09:20:00.0000000+02:00,2.362,
2026-03-17T22:30:00.0000000+02:00,3.306,
2026-03-17T22:40:00.0000000+02:00,3.31,
2026-03-17T22:50:00.0000000+02:00,3.308,
2026-03-17T23:00:00.0000000+02:00,3.297,
2026-03-17T23:10:00.0000000+02:00,3.305,
2026-03-17T23:20:00.0000000+02:00,3.299,
2026-03-17T23:30:00.0000000+02:00,3.298,
2026-03-17T23:40:00.0000000+02:00,3.308,
2026-03-17T23:50:00.0000000+02:00,3.302,
2026-03-18T00:00:00.0000000+02:00,3.302,
2026-03-18T00:10:00.0000000+02:00,3.304,
2026-03-18T00:20:00.0000000+02:00,3.299,
2026-03-18T00:30:00.0000000+02:00,3.302,
2026-03-18T00:40:00.0000000+02:00,3.304,
2026-03-18T00:50:00.0000000+02:00,3.292,
2026-03-18T01:00:00.0000000+02:00,3.299,
2026-03-18T01:10:00.0000000+02:00,3.295,
2026-03-18T01:20:00.0000000+02:00,3.299,
2026-03-18T01:30:00.0000000+02:00,3.302,
2026-03-18T01:40:00.0000000+02:00,3.301,
2026-03-18T01:50:00.0000000+02:00,3.298,
2026-03-18T02:00:00.0000000+02:00,3.302,
2026-03-18T02:10:00.0000000+02:00,3.297,
2026-03-18T02:20:00.0000000+02:00,3.294,
2026-03-18T02:30:00.0000000+02:00,3.299,
2026-03-18T02:40:00.0000000+02:00,3.301,
2026-03-18T02:50:00.0000000+02:00,3.296,
2026-03-18T03:00:00.0000000+02:00,3.291,
2026-03-18T03:10:00.0000000+02:00,3.296,
2026-03-18T03:20:00.0000000+02:00,3.297,
2026-03-18T03:30:00.0000000+02:00,3.293,
2026-03-18T03:40:00.0000000+02:00,3.296,
2026-03-18T03:50:00.0000000+02:00,3.294,
2026-03-18T04:00:00.0000000+02:00,3.292,
2026-03-18T04:10:00.0000000+02:00,3.291,
2026-03-18T04:20:00.0000000+02:00,3.291,
2026-03-18T04:30:00.0000000+02:00,3.291,
2026-03-18T04:40:00.0000000+02:00,3.289,
2026-03-18T04:50:00.0000000+02:00,3.292,
2026-03-18T05:00:00.0000000+02:00,3.293,
2026-03-18T05:10:00.0000000+02:00,3.283,
2026-03-18T05:20:00.0000000+02:00,3.278,
2026-03-18T05:30:00.0000000+02:00,3.266,
2026-03-18T05:40:00.0000000+02:00,3.292,
2026-03-18T05:50:00.0000000+02:00,3.294,
2026-03-18T06:00:00.0000000+02:00,3.294,
2026-03-18T06:10:00.0000000+02:00,3.299,
2026-03-18T06:20:00.0000000+02:00,3.301,
2026-03-18T06:30:00.0000000+02:00,3.296,
2026-03-18T06:40:00.0000000+02:00,3.296,
2026-03-18T06:50:00.0000000+02:00,3.293,
2026-03-18T07:00:00.0000000+02:00,3.296,
2026-03-18T07:10:00.0000000+02:00,3.296,
2026-03-18T07:20:00.0000000+02:00,3.292,
2026-03-18T07:30:00.0000000+02:00,3.288,
2026-03-18T07:40:00.0000000+02:00,3.291,
2026-03-18T07:50:00.0000000+02:00,3.287,
2026-03-18T08:00:00.0000000+02:00,3.29,
2026-03-18T08:10:00.0000000+02:00,3.288,
2026-03-18T08:20:00.0000000+02:00,3.291,
2026-03-18T08:30:00.0000000+02:00,3.291,
2026-03-18T08:40:00.0000000+02:00,3.287,
2026-03-18T08:50:00.0000000+02:00,3.281,
2026-03-18T09:00:00.0000000+02:00,3.289,
2026-03-18T09:10:00.0000000+02:00,3.284,
2026-03-18T09:20:00.0000000+02:00,3.285,
2026-03-18T09:30:00.0000000+02:00,3.286,
2026-03-18T09:40:00.0000000+02:00,3.282,
2026-03-18T09:50:00.0000000+02:00,3.282,
2026-03-18T10:00:00.0000000+02:00,3.28,
2026-03-18T10:10:00.0000000+02:00,3.283,
2026-03-18T10:20:00.0000000+02:00,3.286,
2026-03-18T10:30:00.0000000+02:00,3.285,
2026-03-18T10:40:00.0000000+02:00,3.28,
2026-03-18T10:50:00.0000000+02:00,3.283,
2026-03-18T11:00:00.0000000+02:00,3.276,
2026-03-18T11:10:00.0000000+02:00,3.278,
2026-03-18T11:20:00.0000000+02:00,3.274,
2026-03-18T11:30:00.0000000+02:00,3.264,
2026-03-18T11:40:00.0000000+02:00,3.269,
2026-03-18T11:50:00.0000000+02:00,3.265,
2026-03-18T12:00:00.0000000+02:00,3.263,
2026-03-18T12:10:00.0000000+02:00,3.27,
2026-03-18T12:20:00.0000000+02:00,3.266,
2026-03-18T12:30:00.0000000+02:00,3.256,
2026-03-18T12:40:00.0000000+02:00,3.263,
2026-03-18T12:50:00.0000000+02:00,3.266,
2026-03-18T13:00:00.0000000+02:00,3.275,
2026-03-18T13:10:00.0000000+02:00,3.269,
2026-03-18T13:20:00.0000000+02:00,3.273,
2026-03-18T13:30:00.0000000+02:00,3.269,
2026-03-18T13:40:00.0000000+02:00,3.266,
2026-03-18T13:50:00.0000000+02:00,3.265,
2026-03-18T14:00:00.0000000+02:00,3.279,
2026-03-18T14:10:00.0000000+02:00,3.266,
2026-03-18T14:20:00.0000000+02:00,3.273,
2026-03-18T14:30:00.0000000+02:00,3.275,
2026-03-18T14:40:00.0000000+02:00,3.276,
2026-03-18T14:50:00.0000000+02:00,3.27,
2026-03-18T15:00:00.0000000+02:00,3.278,
2026-03-18T15:10:00.0000000+02:00,3.28,
2026-03-18T15:20:00.0000000+02:00,3.276,
2026-03-18T15:30:00.0000000+02:00,3.279,
2026-03-18T15:40:00.0000000+02:00,3.279,
2026-03-18T15:50:00.0000000+02:00,3.274,
2026-03-18T16:00:00.0000000+02:00,3.277,
2026-03-18T16:10:00.0000000+02:00,3.272,
2026-03-18T16:20:00.0000000+02:00,3.271,
2026-03-18T16:30:00.0000000+02:00,3.269,
2026-03-18T16:40:00.0000000+02:00,3.275,
2026-03-18T16:50:00.0000000+02:00,3.271,
2026-03-18T17:00:00.0000000+02:00,3.273,
2026-03-18T17:10:00.0000000+02:00,3.274,
2026-03-18T17:20:00.0000000+02:00,3.275,
2026-03-18T17:30:00.0000000+02:00,3.277,
2026-03-18T17:40:00.0000000+02:00,3.27,
2026-03-18T17:50:00.0000000+02:00,3.271,
2026-03-18T18:00:00.0000000+02:00,3.277,
2026-03-18T18:10:00.0000000+02:00,3.271,
2026-03-18T18:20:00.0000000+02:00,3.266,
2026-03-18T18:30:00.0000000+02:00,3.267,
2026-03-18T18:40:00.0000000+02:00,3.269,
2026-03-18T18:50:00.0000000+02:00,3.267,
2026-03-18T19:00:00.0000000+02:00,3.268,
2026-03-18T19:10:00.0000000+02:00,3.269,
2026-03-18T19:20:00.0000000+02:00,3.27,
2026-03-18T19:30:00.0000000+02:00,3.271,
2026-03-18T19:40:00.0000000+02:00,3.272,
2026-03-18T19:50:00.0000000+02:00,3.27,
2026-03-18T20:00:00.0000000+02:00,3.27,
2026-03-18T20:10:00.0000000+02:00,3.267,
2026-03-18T20:20:00.0000000+02:00,3.273,
2026-03-18T20:30:00.0000000+02:00,3.27,
2026-03-18T20:40:00.0000000+02:00,3.263,
2026-03-18T20:50:00.0000000+02:00,3.27,
2026-03-18T21:00:00.0000000+02:00,3.269,
2026-03-18T21:10:00.0000000+02:00,3.263,
2026-03-18T21:20:00.0000000+02:00,3.267,
2026-03-18T21:30:00.0000000+02:00,3.268,
2026-03-18T21:40:00.0000000+02:00,3.268,
2026-03-18T21:50:00.0000000+02:00,3.264,
2026-03-18T22:00:00.0000000+02:00,3.266,
2026-03-18T22:10:00.0000000+02:00,3.261,
2026-03-18T22:20:00.0000000+02:00,3.267,
2026-03-18T22:30:00.0000000+02:00,3.266,
2026-03-18T22:40:00.0000000+02:00,3.259,
2026-03-18T22:50:00.0000000+02:00,3.266,
2026-03-18T23:00:00.0000000+02:00,3.266,
2026-03-18T23:10:00.0000000+02:00,3.27,
2026-03-18T23:20:00.0000000+02:00,3.271,
2026-03-18T23:30:00.0000000+02:00,3.271,
2026-03-18T23:40:00.0000000+02:00,3.27,
2026-03-18T23:50:00.0000000+02:00,3.263,
2026-03-19T00:00:00.0000000+02:00,3.27,
2026-03-19T00:10:00.0000000+02:00,3.273,
2026-03-19T00:20:00.0000000+02:00,3.27,
2026-03-19T00:30:00.0000000+02:00,3.269,
2026-03-19T00:40:00.0000000+02:00,3.273,
2026-03-19T00:50:00.0000000+02:00,3.271,
2026-03-19T01:00:00.0000000+02:00,3.269,
2026-03-19T01:10:00.0000000+02:00,3.272,
2026-03-19T01:20:00.0000000+02:00,3.27,
2026-03-19T01:30:00.0000000+02:00,3.272,
2026-03-19T01:40:00.0000000+02:00,3.271,
2026-03-19T01:50:00.0000000+02:00,3.271,
2026-03-19T02:00:00.0000000+02:00,3.269,
2026-03-19T02:10:00.0000000+02:00,3.266,
2026-03-19T02:20:00.0000000+02:00,3.268,
2026-03-19T02:30:00.0000000+02:00,3.27,
2026-03-19T02:40:00.0000000+02:00,3.27,
2026-03-19T02:50:00.0000000+02:00,3.269,
2026-03-19T03:00:00.0000000+02:00,3.268,
2026-03-19T03:10:00.0000000+02:00,3.27,
2026-03-19T03:20:00.0000000+02:00,3.272,
2026-03-19T03:30:00.0000000+02:00,3.264,
2026-03-19T03:40:00.0000000+02:00,3.272,
2026-03-19T03:50:00.0000000+02:00,3.272,
2026-03-19T04:00:00.0000000+02:00,3.274,
2026-03-19T04:10:00.0000000+02:00,3.277,
2026-03-19T04:20:00.0000000+02:00,3.271,
2026-03-19T04:30:00.0000000+02:00,3.273,
2026-03-19T04:40:00.0000000+02:00,3.269,
2026-03-19T04:50:00.0000000+02:00,3.269,
2026-03-19T05:00:00.0000000+02:00,3.268,
2026-03-19T05:10:00.0000000+02:00,3.251,
2026-03-19T05:20:00.0000000+02:00,3.253,
2026-03-19T05:30:00.0000000+02:00,3.258,
2026-03-19T05:40:00.0000000+02:00,3.25,
2026-03-19T05:50:00.0000000+02:00,3.268,
2026-03-19T06:00:00.0000000+02:00,3.273,
2026-03-19T06:10:00.0000000+02:00,3.272,
2026-03-19T06:20:00.0000000+02:00,3.272,
2026-03-19T06:30:00.0000000+02:00,3.277,
2026-03-19T06:40:00.0000000+02:00,3.274,
2026-03-19T06:50:00.0000000+02:00,3.282,
2026-03-19T07:00:00.0000000+02:00,3.272,
2026-03-19T07:10:00.0000000+02:00,3.275,
2026-03-19T07:20:00.0000000+02:00,3.275,
2026-03-19T07:30:00.0000000+02:00,3.276,
2026-03-19T07:40:00.0000000+02:00,3.274,
2026-03-19T07:50:00.0000000+02:00,3.273,
2026-03-19T08:00:00.0000000+02:00,3.274,
2026-03-19T08:10:00.0000000+02:00,3.271,
2026-03-19T08:20:00.0000000+02:00,3.27,
2026-03-19T08:30:00.0000000+02:00,3.275,
2026-03-19T08:40:00.0000000+02:00,3.273,
2026-03-19T08:50:00.0000000+02:00,3.275,
2026-03-19T09:00:00.0000000+02:00,3.267,
2026-03-19T09:10:00.0000000+02:00,3.267,
2026-03-19T09:20:00.0000000+02:00,3.256,
2026-03-19T09:30:00.0000000+02:00,3.252,
2026-03-19T09:40:00.0000000+02:00,3.26,
2026-03-19T09:50:00.0000000+02:00,3.265,
2026-03-19T10:00:00.0000000+02:00,3.257,
2026-03-19T10:10:00.0000000+02:00,3.274,
2026-03-19T10:20:00.0000000+02:00,3.268,
2026-03-19T10:30:00.0000000+02:00,3.269,
2026-03-19T10:40:00.0000000+02:00,3.275,
2026-03-19T10:50:00.0000000+02:00,3.274,
2026-03-19T11:00:00.0000000+02:00,3.275,
2026-03-19T11:10:00.0000000+02:00,3.277,
2026-03-19T11:20:00.0000000+02:00,3.273,
2026-03-19T11:30:00.0000000+02:00,3.277,
2026-03-19T11:40:00.0000000+02:00,3.284,
2026-03-19T11:50:00.0000000+02:00,3.282,
2026-03-19T12:00:00.0000000+02:00,3.281,
2026-03-19T12:10:00.0000000+02:00,3.279,
2026-03-19T12:20:00.0000000+02:00,3.281,
2026-03-19T12:30:00.0000000+02:00,3.283,
2026-03-19T12:40:00.0000000+02:00,3.276,
2026-03-19T12:50:00.0000000+02:00,3.282,
2026-03-19T13:00:00.0000000+02:00,3.278,
2026-03-19T13:10:00.0000000+02:00,3.28,
2026-03-19T13:20:00.0000000+02:00,3.279,
2026-03-19T13:30:00.0000000+02:00,3.274,
2026-03-19T13:40:00.0000000+02:00,3.277,
2026-03-19T13:50:00.0000000+02:00,3.271,
2026-03-19T14:00:00.0000000+02:00,3.275,
2026-03-19T14:10:00.0000000+02:00,3.276,
2026-03-19T14:20:00.0000000+02:00,3.276,
2026-03-19T14:30:00.0000000+02:00,3.282,
2026-03-19T14:40:00.0000000+02:00,3.284,
2026-03-19T14:50:00.0000000+02:00,3.279,
2026-03-19T15:00:00.0000000+02:00,3.277,
2026-03-19T15:10:00.0000000+02:00,3.278,
2026-03-19T15:20:00.0000000+02:00,3.284,
2026-03-19T15:30:00.0000000+02:00,3.279,
2026-03-19T15:40:00.0000000+02:00,3.279,
2026-03-19T15:50:00.0000000+02:00,3.284,
2026-03-19T16:00:00.0000000+02:00,3.284,
2026-03-19T16:10:00.0000000+02:00,3.285,
2026-03-19T16:20:00.0000000+02:00,3.281,
2026-03-19T16:30:00.0000000+02:00,3.285,
2026-03-19T16:40:00.0000000+02:00,3.278,
2026-03-19T16:50:00.0000000+02:00,3.284,
2026-03-19T17:00:00.0000000+02:00,3.283,
2026-03-19T17:10:00.0000000+02:00,3.284,
2026-03-19T17:20:00.0000000+02:00,3.289,
2026-03-19T17:30:00.0000000+02:00,3.286,
2026-03-19T17:40:00.0000000+02:00,3.284,
2026-03-19T17:50:00.0000000+02:00,3.284,
2026-03-19T18:00:00.0000000+02:00,3.286,
2026-03-19T18:10:00.0000000+02:00,3.286,
2026-03-19T18:20:00.0000000+02:00,3.289,
2026-03-19T18:30:00.0000000+02:00,3.284,
2026-03-19T18:40:00.0000000+02:00,3.282,
2026-03-19T18:50:00.0000000+02:00,3.289,
2026-03-19T19:00:00.0000000+02:00,3.285,
2026-03-19T19:10:00.0000000+02:00,3.289,
2026-03-19T19:20:00.0000000+02:00,3.293,
2026-03-19T19:30:00.0000000+02:00,3.291,
2026-03-19T19:40:00.0000000+02:00,3.293,
2026-03-19T19:50:00.0000000+02:00,3.294,
2026-03-19T20:00:00.0000000+02:00,3.289,
2026-03-19T20:10:00.0000000+02:00,3.291,
2026-03-19T20:20:00.0000000+02:00,3.291,
2026-03-19T20:30:00.0000000+02:00,3.284,
2026-03-19T20:40:00.0000000+02:00,3.289,
2026-03-19T20:50:00.0000000+02:00,3.284,
2026-03-19T21:00:00.0000000+02:00,3.288,
2026-03-19T21:10:00.0000000+02:00,3.288,
2026-03-19T21:20:00.0000000+02:00,3.286,
2026-03-19T21:30:00.0000000+02:00,3.294,
2026-03-19T21:40:00.0000000+02:00,3.29,
2026-03-19T21:50:00.0000000+02:00,3.291,
2026-03-19T22:00:00.0000000+02:00,3.293,
2026-03-19T22:10:00.0000000+02:00,3.292,
2026-03-19T22:20:00.0000000+02:00,3.291,
2026-03-19T22:30:00.0000000+02:00,3.289,
2026-03-19T22:40:00.0000000+02:00,3.29,
2026-03-19T22:50:00.0000000+02:00,3.289,
2026-03-19T23:00:00.0000000+02:00,3.292,
2026-03-19T23:10:00.0000000+02:00,3.288,
2026-03-19T23:20:00.0000000+02:00,3.29,
2026-03-19T23:30:00.0000000+02:00,3.298,
2026-03-19T23:40:00.0000000+02:00,3.296,
2026-03-19T23:50:00.0000000+02:00,3.295,
2026-03-20T00:00:00.0000000+02:00,3.293,
2026-03-20T00:10:00.0000000+02:00,3.29,
2026-03-20T00:20:00.0000000+02:00,3.293,
2026-03-20T00:30:00.0000000+02:00,3.299,
2026-03-20T00:40:00.0000000+02:00,3.293,
2026-03-20T00:50:00.0000000+02:00,3.296,
2026-03-20T01:00:00.0000000+02:00,3.295,
2026-03-20T01:10:00.0000000+02:00,3.3,
2026-03-20T01:20:00.0000000+02:00,3.296,
2026-03-20T01:30:00.0000000+02:00,3.294,
2026-03-20T01:40:00.0000000+02:00,3.289,
2026-03-20T01:50:00.0000000+02:00,3.295,
2026-03-20T02:00:00.0000000+02:00,3.287,
2026-03-20T02:10:00.0000000+02:00,3.286,
2026-03-20T02:20:00.0000000+02:00,3.296,
2026-03-20T02:30:00.0000000+02:00,3.295,
2026-03-20T02:40:00.0000000+02:00,3.294,
2026-03-20T02:50:00.0000000+02:00,3.294,
2026-03-20T03:00:00.0000000+02:00,3.293,
2026-03-20T03:10:00.0000000+02:00,3.295,
2026-03-20T03:20:00.0000000+02:00,3.303,
2026-03-20T03:30:00.0000000+02:00,3.298,
2026-03-20T03:40:00.0000000+02:00,3.299,
2026-03-20T03:50:00.0000000+02:00,3.299,
2026-03-20T04:00:00.0000000+02:00,3.297,
2026-03-20T04:10:00.0000000+02:00,3.294,
2026-03-20T04:20:00.0000000+02:00,3.295,
2026-03-20T04:30:00.0000000+02:00,3.299,
2026-03-20T04:40:00.0000000+02:00,3.292,
2026-03-20T04:50:00.0000000+02:00,3.294,
2026-03-20T05:00:00.0000000+02:00,3.296,
2026-03-20T05:10:00.0000000+02:00,3.295,
2026-03-20T05:20:00.0000000+02:00,3.297,
2026-03-20T05:30:00.0000000+02:00,3.294,
2026-03-20T05:40:00.0000000+02:00,3.294,
2026-03-20T05:50:00.0000000+02:00,3.292,
2026-03-20T06:00:00.0000000+02:00,3.296,
2026-03-20T06:10:00.0000000+02:00,3.293,
2026-03-20T06:20:00.0000000+02:00,3.295,
2026-03-20T06:30:00.0000000+02:00,3.296,
2026-03-20T06:40:00.0000000+02:00,3.298,
2026-03-20T06:50:00.0000000+02:00,3.3,
2026-03-20T07:00:00.0000000+02:00,3.294,
2026-03-20T07:10:00.0000000+02:00,3.293,
2026-03-20T07:20:00.0000000+02:00,3.299,
2026-03-20T07:30:00.0000000+02:00,3.3,
2026-03-20T07:40:00.0000000+02:00,3.303,
2026-03-20T07:50:00.0000000+02:00,3.299,
2026-03-20T08:00:00.0000000+02:00,3.298,
2026-03-20T08:10:00.0000000+02:00,3.295,
2026-03-20T08:20:00.0000000+02:00,3.294,
2026-03-20T08:30:00.0000000+02:00,3.294,
2026-03-20T08:40:00.0000000+02:00,3.294,
2026-03-20T08:50:00.0000000+02:00,3.294,
2026-03-20T09:00:00.0000000+02:00,3.298,
2026-03-20T09:10:00.0000000+02:00,3.295,
2026-03-20T09:20:00.0000000+02:00,3.299,
2026-03-20T09:30:00.0000000+02:00,3.298,
2026-03-20T09:40:00.0000000+02:00,3.296,
2026-03-20T09:50:00.0000000+02:00,3.294,
2026-03-20T10:00:00.0000000+02:00,3.294,
2026-03-20T10:10:00.0000000+02:00,3.292,
2026-03-20T10:20:00.0000000+02:00,3.292,
2026-03-20T10:30:00.0000000+02:00,3.293,
2026-03-20T10:40:00.0000000+02:00,3.288,
2026-03-20T10:50:00.0000000+02:00,3.294,
2026-03-20T11:00:00.0000000+02:00,3.293,
2026-03-20T11:10:00.0000000+02:00,3.296,
2026-03-20T11:20:00.0000000+02:00,3.293,
2026-03-20T11:30:00.0000000+02:00,3.298,
2026-03-20T11:40:00.0000000+02:00,3.291,
2026-03-20T11:50:00.0000000+02:00,3.3,
2026-03-20T12:00:00.0000000+02:00,3.296,
2026-03-20T12:10:00.0000000+02:00,3.295,
2026-03-20T12:20:00.0000000+02:00,3.294,
2026-03-20T12:30:00.0000000+02:00,3.296,
2026-03-20T12:40:00.0000000+02:00,3.296,
2026-03-20T12:50:00.0000000+02:00,3.296,
2026-03-20T13:00:00.0000000+02:00,3.297,
2026-03-20T13:10:00.0000000+02:00,3.3,
2026-03-20T13:20:00.0000000+02:00,3.298,
2026-03-20T13:30:00.0000000+02:00,3.294,
2026-03-20T13:40:00.0000000+02:00,3.294,
2026-03-20T13:50:00.0000000+02:00,3.296,
2026-03-20T14:00:00.0000000+02:00,3.292,
2026-03-20T14:10:00.0000000+02:00,3.292,
2026-03-20T14:20:00.0000000+02:00,3.283,
2026-03-20T14:30:00.0000000+02:00,3.285,
2026-03-20T14:40:00.0000000+02:00,3.284,
2026-03-20T14:50:00.0000000+02:00,3.282,
2026-03-20T15:00:00.0000000+02:00,3.287,
2026-03-20T15:10:00.0000000+02:00,3.287,
2026-03-20T15:20:00.0000000+02:00,3.286,
2026-03-20T15:30:00.0000000+02:00,3.285,
2026-03-20T15:40:00.0000000+02:00,3.288,
2026-03-20T15:50:00.0000000+02:00,3.288,
2026-03-20T16:00:00.0000000+02:00,3.286,
2026-03-20T16:10:00.0000000+02:00,3.284,
2026-03-20T16:20:00.0000000+02:00,3.286,
2026-03-20T16:30:00.0000000+02:00,3.288,
2026-03-20T16:40:00.0000000+02:00,3.286,
2026-03-20T16:50:00.0000000+02:00,3.292,
2026-03-20T17:00:00.0000000+02:00,3.287,
2026-03-20T17:10:00.0000000+02:00,3.293,
2026-03-20T17:20:00.0000000+02:00,3.294,
2026-03-20T17:30:00.0000000+02:00,3.296,
2026-03-20T17:40:00.0000000+02:00,3.297,
2026-03-20T17:50:00.0000000+02:00,3.294,
2026-03-20T18:00:00.0000000+02:00,3.292,
2026-03-20T18:10:00.0000000+02:00,3.29,
2026-03-20T18:20:00.0000000+02:00,3.293,
2026-03-20T18:30:00.0000000+02:00,3.298,
2026-03-20T18:40:00.0000000+02:00,3.293,
2026-03-20T18:50:00.0000000+02:00,3.291,
2026-03-20T19:00:00.0000000+02:00,3.29,
2026-03-20T19:10:00.0000000+02:00,3.289,
2026-03-20T19:20:00.0000000+02:00,3.288,
2026-03-20T19:30:00.0000000+02:00,3.29,
2026-03-20T19:40:00.0000000+02:00,3.283,
2026-03-20T19:50:00.0000000+02:00,3.288,
2026-03-20T20:00:00.0000000+02:00,3.29,
2026-03-20T20:10:00.0000000+02:00,3.291,
2026-03-20T20:20:00.0000000+02:00,3.292,
2026-03-20T20:30:00.0000000+02:00,3.295,
2026-03-20T20:40:00.0000000+02:00,3.287,
2026-03-20T20:50:00.0000000+02:00,3.291,
2026-03-20T21:00:00.0000000+02:00,3.29,
2026-03-20T21:10:00.0000000+02:00,3.292,
2026-03-20T21:20:00.0000000+02:00,3.289,
2026-03-20T21:30:00.0000000+02:00,3.285,
2026-03-20T21:40:00.0000000+02:00,3.288,
2026-03-20T21:50:00.0000000+02:00,3.293,
2026-03-20T22:00:00.0000000+02:00,3.291,
2026-03-20T22:10:00.0000000+02:00,3.289,
2026-03-20T22:20:00.0000000+02:00,3.289,
2026-03-20T22:30:00.0000000+02:00,3.288,
2026-03-20T22:40:00.0000000+02:00,3.294,
2026-03-20T22:50:00.0000000+02:00,3.293,
2026-03-20T23:00:00.0000000+02:00,3.287,
2026-03-20T23:10:00.0000000+02:00,3.29,
2026-03-20T23:20:00.0000000+02:00,3.288,
2026-03-20T23:30:00.0000000+02:00,3.289,
2026-03-20T23:40:00.0000000+02:00,3.291,
2026-03-20T23:50:00.0000000+02:00,3.29,
2026-03-21T00:00:00.0000000+02:00,3.292,
2026-03-21T00:10:00.0000000+02:00,3.296,
2026-03-21T00:20:00.0000000+02:00,3.294,
2026-03-21T00:30:00.0000000+02:00,3.29,
2026-03-21T00:40:00.0000000+02:00,3.29,
2026-03-21T00:50:00.0000000+02:00,3.286,
2026-03-21T01:00:00.0000000+02:00,3.289,
2026-03-21T01:10:00.0000000+02:00,3.286,
2026-03-21T01:20:00.0000000+02:00,3.288,
2026-03-21T01:30:00.0000000+02:00,3.288,
2026-03-21T01:40:00.0000000+02:00,3.287,
2026-03-21T01:50:00.0000000+02:00,3.284,
2026-03-21T02:00:00.0000000+02:00,3.28,
2026-03-21T02:10:00.0000000+02:00,3.286,
2026-03-21T02:20:00.0000000+02:00,3.285,
2026-03-21T02:30:00.0000000+02:00,3.287,
2026-03-21T02:40:00.0000000+02:00,3.288,
2026-03-21T02:50:00.0000000+02:00,3.287,
2026-03-21T03:00:00.0000000+02:00,3.286,
2026-03-21T03:10:00.0000000+02:00,3.284,
2026-03-21T03:20:00.0000000+02:00,3.281,
2026-03-21T03:30:00.0000000+02:00,3.282,
2026-03-21T03:40:00.0000000+02:00,3.284,
2026-03-21T03:50:00.0000000+02:00,3.28,
2026-03-21T04:00:00.0000000+02:00,3.284,
2026-03-21T04:10:00.0000000+02:00,3.276,
2026-03-21T04:20:00.0000000+02:00,3.276,
2026-03-21T04:30:00.0000000+02:00,3.259,
2026-03-21T04:40:00.0000000+02:00,3.256,
2026-03-21T04:50:00.0000000+02:00,3.254,
2026-03-21T05:00:00.0000000+02:00,3.274,
2026-03-21T05:10:00.0000000+02:00,3.276,
2026-03-21T05:20:00.0000000+02:00,3.282,
2026-03-21T05:30:00.0000000+02:00,3.284,
2026-03-21T05:40:00.0000000+02:00,3.276,
2026-03-21T05:50:00.0000000+02:00,3.273,
2026-03-21T06:00:00.0000000+02:00,3.268,
2026-03-21T06:10:00.0000000+02:00,3.267,
2026-03-21T06:20:00.0000000+02:00,3.271,
2026-03-21T06:30:00.0000000+02:00,3.266,
2026-03-21T06:40:00.0000000+02:00,3.266,
2026-03-21T06:50:00.0000000+02:00,3.274,
2026-03-21T07:00:00.0000000+02:00,3.271,
2026-03-21T07:10:00.0000000+02:00,3.284,
2026-03-21T07:20:00.0000000+02:00,3.283,
2026-03-21T07:30:00.0000000+02:00,3.284,
2026-03-21T07:40:00.0000000+02:00,3.282,
2026-03-21T07:50:00.0000000+02:00,3.28,
2026-03-21T08:00:00.0000000+02:00,3.282,
2026-03-21T08:10:00.0000000+02:00,3.285,
2026-03-21T08:20:00.0000000+02:00,3.283,
2026-03-21T08:30:00.0000000+02:00,3.277,
2026-03-21T08:40:00.0000000+02:00,3.275,
2026-03-21T08:50:00.0000000+02:00,3.277,
2026-03-21T09:00:00.0000000+02:00,3.273,
2026-03-21T09:10:00.0000000+02:00,3.271,
2026-03-21T09:20:00.0000000+02:00,3.271,
2026-03-21T09:30:00.0000000+02:00,3.267,
2026-03-21T09:40:00.0000000+02:00,3.276,
2026-03-21T09:50:00.0000000+02:00,3.259,
2026-03-21T10:00:00.0000000+02:00,3.267,
2026-03-21T10:10:00.0000000+02:00,3.27,
2026-03-21T10:20:00.0000000+02:00,3.274,
2026-03-21T10:30:00.0000000+02:00,3.276,
2026-03-21T10:40:00.0000000+02:00,3.269,
2026-03-21T10:50:00.0000000+02:00,3.268,
2026-03-21T11:00:00.0000000+02:00,3.276,
2026-03-21T11:10:00.0000000+02:00,3.272,
2026-03-21T11:20:00.0000000+02:00,3.272,
2026-03-21T11:30:00.0000000+02:00,3.283,
2026-03-21T11:40:00.0000000+02:00,3.284,
2026-03-21T11:50:00.0000000+02:00,3.285,
2026-03-21T12:00:00.0000000+02:00,3.285,
2026-03-21T12:10:00.0000000+02:00,3.288,
2026-03-21T12:20:00.0000000+02:00,3.289,
2026-03-21T12:30:00.0000000+02:00,3.288,
2026-03-21T12:40:00.0000000+02:00,3.287,
2026-03-21T12:50:00.0000000+02:00,3.291,
2026-03-21T13:00:00.0000000+02:00,3.291,
2026-03-21T13:10:00.0000000+02:00,3.288,
2026-03-21T13:20:00.0000000+02:00,3.296,
2026-03-21T13:30:00.0000000+02:00,3.298,
2026-03-21T13:40:00.0000000+02:00,3.292,
2026-03-21T13:50:00.0000000+02:00,3.289,
2026-03-21T14:00:00.0000000+02:00,3.295,
2026-03-21T14:10:00.0000000+02:00,3.297,
2026-03-21T14:20:00.0000000+02:00,3.293,
2026-03-21T14:30:00.0000000+02:00,3.284,
2026-03-21T14:40:00.0000000+02:00,3.29,
2026-03-21T14:50:00.0000000+02:00,3.292,
2026-03-21T15:00:00.0000000+02:00,3.29,
2026-03-21T15:10:00.0000000+02:00,3.291,
2026-03-21T15:20:00.0000000+02:00,3.292,
2026-03-21T15:30:00.0000000+02:00,3.287,
2026-03-21T15:40:00.0000000+02:00,3.292,
2026-03-21T15:50:00.0000000+02:00,3.291,
2026-03-21T16:00:00.0000000+02:00,3.295,
2026-03-21T16:10:00.0000000+02:00,3.294,
2026-03-21T16:20:00.0000000+02:00,3.295,
2026-03-21T16:30:00.0000000+02:00,3.29,
2026-03-21T16:40:00.0000000+02:00,3.29,
2026-03-21T16:50:00.0000000+02:00,3.296,
2026-03-21T17:00:00.0000000+02:00,3.293,
2026-03-21T17:10:00.0000000+02:00,3.29,
2026-03-21T17:20:00.0000000+02:00,3.297,
2026-03-21T17:30:00.0000000+02:00,3.294,
2026-03-21T17:40:00.0000000+02:00,3.296,
2026-03-21T17:50:00.0000000+02:00,3.298,
2026-03-21T18:00:00.0000000+02:00,3.293,
2026-03-21T18:10:00.0000000+02:00,3.294,
2026-03-21T18:20:00.0000000+02:00,3.289,
2026-03-21T18:30:00.0000000+02:00,3.297,
2026-03-21T18:40:00.0000000+02:00,3.296,
2026-03-21T18:50:00.0000000+02:00,3.292,
2026-03-21T19:00:00.0000000+02:00,3.296,
2026-03-21T19:10:00.0000000+02:00,3.295,
2026-03-21T19:20:00.0000000+02:00,3.293,
2026-03-21T19:30:00.0000000+02:00,3.289,
2026-03-21T19:40:00.0000000+02:00,3.293,
2026-03-21T19:50:00.0000000+02:00,3.295,
2026-03-21T20:00:00.0000000+02:00,3.297,
2026-03-21T20:10:00.0000000+02:00,3.294,
2026-03-21T20:20:00.0000000+02:00,3.3,
2026-03-21T20:30:00.0000000+02:00,3.303,
2026-03-21T20:40:00.0000000+02:00,3.301,
2026-03-21T20:50:00.0000000+02:00,3.301,
2026-03-21T21:00:00.0000000+02:00,3.302,
2026-03-21T21:10:00.0000000+02:00,3.298,
2026-03-21T21:20:00.0000000+02:00,3.301,
2026-03-21T21:30:00.0000000+02:00,3.295,
2026-03-21T21:40:00.0000000+02:00,3.301,
2026-03-21T21:50:00.0000000+02:00,3.301,
2026-03-21T22:00:00.0000000+02:00,3.298,
2026-03-21T22:10:00.0000000+02:00,3.302,
2026-03-21T22:20:00.0000000+02:00,3.298,
2026-03-21T22:30:00.0000000+02:00,3.3,
2026-03-21T22:40:00.0000000+02:00,3.294,
2026-03-21T22:50:00.0000000+02:00,3.3,
2026-03-21T23:00:00.0000000+02:00,3.295,
2026-03-21T23:10:00.0000000+02:00,3.298,
2026-03-21T23:20:00.0000000+02:00,3.295,
2026-03-21T23:30:00.0000000+02:00,3.295,
2026-03-21T23:40:00.0000000+02:00,3.297,
2026-03-21T23:50:00.0000000+02:00,3.303,
2026-03-22T00:00:00.0000000+02:00,3.302,
2026-03-22T00:10:00.0000000+02:00,3.302,
2026-03-22T00:20:00.0000000+02:00,3.301,
2026-03-22T00:30:00.0000000+02:00,3.303,
2026-03-22T00:40:00.0000000+02:00,3.304,
2026-03-22T00:50:00.0000000+02:00,3.299,
2026-03-22T01:00:00.0000000+02:00,3.298,
2026-03-22T01:10:00.0000000+02:00,3.3,
2026-03-22T01:20:00.0000000+02:00,3.302,
2026-03-22T01:30:00.0000000+02:00,3.298,
2026-03-22T01:40:00.0000000+02:00,3.296,
2026-03-22T01:50:00.0000000+02:00,3.302,
2026-03-22T02:00:00.0000000+02:00,3.299,
2026-03-22T02:10:00.0000000+02:00,3.301,
2026-03-22T02:20:00.0000000+02:00,3.305,
2026-03-22T02:30:00.0000000+02:00,3.305,
2026-03-22T02:40:00.0000000+02:00,3.303,
2026-03-22T02:50:00.0000000+02:00,3.303,
2026-03-22T03:00:00.0000000+02:00,3.306,
2026-03-22T03:10:00.0000000+02:00,3.31,
2026-03-22T03:20:00.0000000+02:00,3.304,
2026-03-22T03:30:00.0000000+02:00,3.295,
2026-03-22T03:40:00.0000000+02:00,3.304,
2026-03-22T03:50:00.0000000+02:00,3.3,
2026-03-22T04:00:00.0000000+02:00,3.306,
2026-03-22T04:10:00.0000000+02:00,3.302,
2026-03-22T04:20:00.0000000+02:00,3.301,
2026-03-22T04:30:00.0000000+02:00,3.303,
2026-03-22T04:40:00.0000000+02:00,3.303,
2026-03-22T04:50:00.0000000+02:00,3.301,
2026-03-22T05:00:00.0000000+02:00,3.299,
2026-03-22T05:10:00.0000000+02:00,3.3,
2026-03-22T05:20:00.0000000+02:00,3.294,
2026-03-22T05:30:00.0000000+02:00,3.299,
2026-03-22T05:40:00.0000000+02:00,3.3,
2026-03-22T05:50:00.0000000+02:00,3.301,
2026-03-22T06:00:00.0000000+02:00,3.301,
2026-03-22T06:10:00.0000000+02:00,3.303,
2026-03-22T06:20:00.0000000+02:00,3.302,
2026-03-22T06:30:00.0000000+02:00,3.304,
2026-03-22T06:40:00.0000000+02:00,3.303,
2026-03-22T06:50:00.0000000+02:00,3.304,
2026-03-22T07:00:00.0000000+02:00,3.304,
2026-03-22T07:10:00.0000000+02:00,3.306,
2026-03-22T07:20:00.0000000+02:00,3.304,
2026-03-22T07:30:00.0000000+02:00,3.306,
2026-03-22T07:40:00.0000000+02:00,3.305,
2026-03-22T07:50:00.0000000+02:00,3.31,
2026-03-22T08:00:00.0000000+02:00,3.312,
2026-03-22T08:10:00.0000000+02:00,3.312,
2026-03-22T08:20:00.0000000+02:00,3.306,
2026-03-22T08:30:00.0000000+02:00,3.308,
2026-03-22T08:40:00.0000000+02:00,3.308,
2026-03-22T08:50:00.0000000+02:00,3.306,
2026-03-22T09:00:00.0000000+02:00,3.301,
2026-03-22T09:10:00.0000000+02:00,3.305,
2026-03-22T09:20:00.0000000+02:00,3.306,
2026-03-22T09:30:00.0000000+02:00,3.307,
2026-03-22T09:40:00.0000000+02:00,3.298,
2026-03-22T09:50:00.0000000+02:00,3.3,
2026-03-22T10:00:00.0000000+02:00,3.303,
2026-03-22T10:10:00.0000000+02:00,3.303,
2026-03-22T10:20:00.0000000+02:00,3.302,
2026-03-22T10:30:00.0000000+02:00,3.304,
2026-03-22T10:40:00.0000000+02:00,3.301,
2026-03-22T10:50:00.0000000+02:00,3.307,
2026-03-22T11:00:00.0000000+02:00,3.305,
2026-03-22T11:10:00.0000000+02:00,3.304,
2026-03-22T11:20:00.0000000+02:00,3.307,
2026-03-22T11:30:00.0000000+02:00,3.31,
2026-03-22T11:40:00.0000000+02:00,3.303,
2026-03-22T11:50:00.0000000+02:00,3.312,
2026-03-22T12:00:00.0000000+02:00,3.31,
2026-03-22T12:10:00.0000000+02:00,3.316,
2026-03-22T12:20:00.0000000+02:00,3.318,
2026-03-22T12:30:00.0000000+02:00,3.311,
2026-03-22T12:40:00.0000000+02:00,3.313,
2026-03-22T12:50:00.0000000+02:00,3.308,
2026-03-22T13:00:00.0000000+02:00,3.313,
2026-03-22T13:10:00.0000000+02:00,3.309,
2026-03-22T13:20:00.0000000+02:00,3.309,
2026-03-22T13:30:00.0000000+02:00,3.299,
2026-03-22T13:40:00.0000000+02:00,3.303,
2026-03-22T13:50:00.0000000+02:00,3.309,
2026-03-22T14:00:00.0000000+02:00,3.297,
2026-03-22T14:10:00.0000000+02:00,3.304,
2026-03-22T14:20:00.0000000+02:00,3.304,
2026-03-22T14:30:00.0000000+02:00,3.3,
2026-03-22T14:40:00.0000000+02:00,3.303,
2026-03-22T14:50:00.0000000+02:00,3.309,
2026-03-22T15:00:00.0000000+02:00,3.308,
2026-03-22T15:10:00.0000000+02:00,3.307,
2026-03-22T15:20:00.0000000+02:00,3.304,
2026-03-22T15:30:00.0000000+02:00,3.302,
2026-03-22T15:40:00.0000000+02:00,3.306,
2026-03-22T15:50:00.0000000+02:00,3.304,
2026-03-22T16:00:00.0000000+02:00,3.307,
2026-03-22T16:10:00.0000000+02:00,3.306,
2026-03-22T16:20:00.0000000+02:00,3.306,
2026-03-22T16:30:00.0000000+02:00,3.295,
2026-03-22T16:40:00.0000000+02:00,3.303,
2026-03-22T16:50:00.0000000+02:00,3.301,
2026-03-22T17:00:00.0000000+02:00,3.302,
2026-03-22T17:10:00.0000000+02:00,3.3,
2026-03-22T17:20:00.0000000+02:00,3.304,
2026-03-22T17:30:00.0000000+02:00,3.305,
2026-03-22T17:40:00.0000000+02:00,3.308,
2026-03-22T17:50:00.0000000+02:00,3.306,
2026-03-22T18:00:00.0000000+02:00,3.312,
2026-03-22T18:10:00.0000000+02:00,3.312,
2026-03-22T18:20:00.0000000+02:00,3.31,
2026-03-22T18:30:00.0000000+02:00,3.312,
2026-03-22T18:40:00.0000000+02:00,3.302,
2026-03-22T18:50:00.0000000+02:00,3.306,
2026-03-22T19:00:00.0000000+02:00,3.312,
2026-03-22T19:10:00.0000000+02:00,3.312,
2026-03-22T19:20:00.0000000+02:00,3.308,
2026-03-22T19:30:00.0000000+02:00,3.312,
2026-03-22T19:40:00.0000000+02:00,3.305,
2026-03-22T19:50:00.0000000+02:00,3.306,
2026-03-22T20:00:00.0000000+02:00,3.31,
2026-03-22T20:10:00.0000000+02:00,3.309,
2026-03-22T20:20:00.0000000+02:00,3.311,
2026-03-22T20:30:00.0000000+02:00,3.311,
2026-03-22T20:40:00.0000000+02:00,3.306,
2026-03-22T20:50:00.0000000+02:00,3.302,
2026-03-22T21:00:00.0000000+02:00,3.309,
2026-03-22T21:10:00.0000000+02:00,3.309,
2026-03-22T21:20:00.0000000+02:00,3.314,
2026-03-22T21:30:00.0000000+02:00,3.312,
2026-03-22T21:40:00.0000000+02:00,3.308,
2026-03-22T21:50:00.0000000+02:00,3.309,
2026-03-22T22:00:00.0000000+02:00,3.312,
2026-03-22T22:10:00.0000000+02:00,3.31,
2026-03-22T22:20:00.0000000+02:00,3.311,
2026-03-22T22:30:00.0000000+02:00,3.311,
2026-03-22T22:40:00.0000000+02:00,3.311,
2026-03-22T22:50:00.0000000+02:00,3.315,
2026-03-22T23:00:00.0000000+02:00,3.318,
2026-03-22T23:10:00.0000000+02:00,3.315,
2026-03-22T23:20:00.0000000+02:00,3.315,
2026-03-22T23:30:00.0000000+02:00,3.313,
2026-03-22T23:40:00.0000000+02:00,3.315,
2026-03-22T23:50:00.0000000+02:00,3.312,
2026-03-23T00:00:00.0000000+02:00,3.31,
2026-03-23T00:10:00.0000000+02:00,3.317,
2026-03-23T00:20:00.0000000+02:00,3.313,
2026-03-23T00:30:00.0000000+02:00,3.307,
2026-03-23T00:40:00.0000000+02:00,3.31,
2026-03-23T00:50:00.0000000+02:00,3.31,
2026-03-23T01:00:00.0000000+02:00,3.318,
2026-03-23T01:10:00.0000000+02:00,3.313,
2026-03-23T01:20:00.0000000+02:00,3.315,
2026-03-23T01:30:00.0000000+02:00,3.313,
2026-03-23T01:40:00.0000000+02:00,3.309,
2026-03-23T01:50:00.0000000+02:00,3.315,
2026-03-23T02:00:00.0000000+02:00,3.319,
2026-03-23T02:10:00.0000000+02:00,3.319,
2026-03-23T02:20:00.0000000+02:00,3.317,
2026-03-23T02:30:00.0000000+02:00,3.318,
2026-03-23T02:40:00.0000000+02:00,3.317,
2026-03-23T02:50:00.0000000+02:00,3.316,
2026-03-23T03:00:00.0000000+02:00,3.316,
2026-03-23T03:10:00.0000000+02:00,3.315,
2026-03-23T03:20:00.0000000+02:00,3.315,
2026-03-23T03:30:00.0000000+02:00,3.315,
2026-03-23T03:40:00.0000000+02:00,3.315,
2026-03-23T03:50:00.0000000+02:00,3.317,
2026-03-23T04:00:00.0000000+02:00,3.312,
2026-03-23T04:10:00.0000000+02:00,3.307,
2026-03-23T04:20:00.0000000+02:00,3.31,
2026-03-23T04:30:00.0000000+02:00,3.304,
2026-03-23T04:40:00.0000000+02:00,3.314,
2026-03-23T04:50:00.0000000+02:00,3.316,
2026-03-23T05:00:00.0000000+02:00,3.308,
2026-03-23T05:10:00.0000000+02:00,3.31,
2026-03-23T05:20:00.0000000+02:00,3.31,
2026-03-23T05:30:00.0000000+02:00,3.315,
2026-03-23T05:40:00.0000000+02:00,3.323,
2026-03-23T05:50:00.0000000+02:00,3.319,
2026-03-23T06:00:00.0000000+02:00,3.318,
2026-03-23T06:10:00.0000000+02:00,3.317,
2026-03-23T06:20:00.0000000+02:00,3.319,
2026-03-23T06:30:00.0000000+02:00,3.319,
2026-03-23T06:40:00.0000000+02:00,3.311,
2026-03-23T06:50:00.0000000+02:00,3.316,
2026-03-23T07:00:00.0000000+02:00,3.316,
2026-03-23T07:10:00.0000000+02:00,3.314,
2026-03-23T07:20:00.0000000+02:00,3.32,
2026-03-23T07:30:00.0000000+02:00,3.321,
2026-03-23T07:40:00.0000000+02:00,3.319,
2026-03-23T07:50:00.0000000+02:00,3.31,
2026-03-23T08:00:00.0000000+02:00,3.312,
2026-03-23T08:10:00.0000000+02:00,3.317,
2026-03-23T08:20:00.0000000+02:00,3.312,
2026-03-23T08:30:00.0000000+02:00,3.307,
2026-03-23T08:40:00.0000000+02:00,3.311,
2026-03-23T08:50:00.0000000+02:00,3.316,
2026-03-23T09:00:00.0000000+02:00,3.316,
2026-03-23T09:10:00.0000000+02:00,3.318,
2026-03-23T09:20:00.0000000+02:00,3.319,
2026-03-23T09:30:00.0000000+02:00,3.321,
2026-03-23T09:40:00.0000000+02:00,3.317,
2026-03-23T09:50:00.0000000+02:00,3.322,
2026-03-23T10:00:00.0000000+02:00,3.317,
2026-03-23T10:10:00.0000000+02:00,3.321,
2026-03-23T10:20:00.0000000+02:00,3.317,
2026-03-23T10:30:00.0000000+02:00,3.318,
2026-03-23T10:40:00.0000000+02:00,3.322,
2026-03-23T10:50:00.0000000+02:00,3.323,
2026-03-23T11:00:00.0000000+02:00,3.321,
2026-03-23T11:10:00.0000000+02:00,3.321,
2026-03-23T11:20:00.0000000+02:00,3.323,
2026-03-23T11:30:00.0000000+02:00,3.316,
2026-03-23T11:40:00.0000000+02:00,3.321,
2026-03-23T11:50:00.0000000+02:00,3.32,
2026-03-23T12:00:00.0000000+02:00,3.322,
2026-03-23T12:10:00.0000000+02:00,3.322,
2026-03-23T12:20:00.0000000+02:00,3.319,
2026-03-23T12:30:00.0000000+02:00,3.324,
2026-03-23T12:40:00.0000000+02:00,3.318,
2026-03-23T12:50:00.0000000+02:00,3.321,
2026-03-23T13:00:00.0000000+02:00,3.318,
2026-03-23T13:10:00.0000000+02:00,3.322,
2026-03-23T13:20:00.0000000+02:00,3.321,
2026-03-23T13:30:00.0000000+02:00,3.322,
2026-03-23T13:40:00.0000000+02:00,3.329,
2026-03-23T13:50:00.0000000+02:00,3.325,
2026-03-23T14:00:00.0000000+02:00,3.319,
2026-03-23T14:10:00.0000000+02:00,3.321,
2026-03-23T14:20:00.0000000+02:00,3.323,
2026-03-23T14:30:00.0000000+02:00,3.323,
2026-03-23T14:40:00.0000000+02:00,3.327,
2026-03-23T14:50:00.0000000+02:00,3.325,
2026-03-23T15:00:00.0000000+02:00,3.329,
2026-03-23T15:10:00.0000000+02:00,3.329,
2026-03-23T15:20:00.0000000+02:00,3.327,
2026-03-23T15:30:00.0000000+02:00,3.325,
2026-03-23T15:40:00.0000000+02:00,3.323,
2026-03-23T15:50:00.0000000+02:00,3.325,
2026-03-23T16:00:00.0000000+02:00,3.324,
2026-03-23T16:10:00.0000000+02:00,3.319,
2026-03-23T16:20:00.0000000+02:00,3.324,
2026-03-23T16:30:00.0000000+02:00,3.32,
2026-03-23T16:40:00.0000000+02:00,3.321,
2026-03-23T16:50:00.0000000+02:00,3.325,
2026-03-23T17:00:00.0000000+02:00,3.328,
2026-03-23T17:10:00.0000000+02:00,3.32,
2026-03-23T17:20:00.0000000+02:00,3.323,
2026-03-23T17:30:00.0000000+02:00,3.32,
2026-03-23T17:40:00.0000000+02:00,3.323,
2026-03-23T17:50:00.0000000+02:00,3.319,
2026-03-23T18:00:00.0000000+02:00,3.325,
2026-03-23T18:10:00.0000000+02:00,3.319,
2026-03-23T18:20:00.0000000+02:00,3.317,
2026-03-23T18:30:00.0000000+02:00,3.323,
2026-03-23T18:40:00.0000000+02:00,3.322,
2026-03-23T18:50:00.0000000+02:00,3.324,
2026-03-23T19:00:00.0000000+02:00,3.325,
2026-03-23T19:10:00.0000000+02:00,3.325,
2026-03-23T19:20:00.0000000+02:00,3.32,
2026-03-23T19:30:00.0000000+02:00,3.323,
2026-03-23T19:40:00.0000000+02:00,3.322,
2026-03-23T19:50:00.0000000+02:00,3.318,
2026-03-23T20:00:00.0000000+02:00,3.325,
2026-03-23T20:10:00.0000000+02:00,3.322,
2026-03-23T20:20:00.0000000+02:00,3.327,
2026-03-23T20:30:00.0000000+02:00,3.324,
2026-03-23T20:40:00.0000000+02:00,3.327,
2026-03-23T20:50:00.0000000+02:00,3.324,
2026-03-23T21:00:00.0000000+02:00,3.326,
2026-03-23T21:10:00.0000000+02:00,3.321,
2026-03-23T21:20:00.0000000+02:00,3.322,
2026-03-23T21:30:00.0000000+02:00,3.326,
2026-03-23T21:40:00.0000000+02:00,3.324,
2026-03-23T21:50:00.0000000+02:00,3.319,
2026-03-23T22:00:00.0000000+02:00,3.323,
2026-03-23T22:10:00.0000000+02:00,3.329,
2026-03-23T22:20:00.0000000+02:00,3.32,
2026-03-23T22:30:00.0000000+02:00,3.325,
2026-03-23T22:40:00.0000000+02:00,3.326,
2026-03-23T22:50:00.0000000+02:00,3.326,
2026-03-23T23:00:00.0000000+02:00,3.33,
2026-03-23T23:10:00.0000000+02:00,3.329,
2026-03-23T23:20:00.0000000+02:00,3.328,
2026-03-23T23:30:00.0000000+02:00,3.33,
2026-03-23T23:40:00.0000000+02:00,3.328,
2026-03-23T23:50:00.0000000+02:00,3.331,
2026-03-24T00:00:00.0000000+02:00,3.325,
2026-03-24T00:10:00.0000000+02:00,3.327,
2026-03-24T00:20:00.0000000+02:00,3.326,
2026-03-24T00:30:00.0000000+02:00,3.327,
2026-03-24T00:40:00.0000000+02:00,3.329,
2026-03-24T00:50:00.0000000+02:00,3.327,
2026-03-24T01:00:00.0000000+02:00,3.324,
2026-03-24T01:10:00.0000000+02:00,3.33,
2026-03-24T01:20:00.0000000+02:00,3.33,
2026-03-24T01:30:00.0000000+02:00,3.327,
2026-03-24T01:40:00.0000000+02:00,3.326,
2026-03-24T01:50:00.0000000+02:00,3.32,
2026-03-24T02:00:00.0000000+02:00,3.321,
2026-03-24T02:10:00.0000000+02:00,3.322,
2026-03-24T02:20:00.0000000+02:00,3.328,
2026-03-24T02:30:00.0000000+02:00,3.324,
2026-03-24T02:40:00.0000000+02:00,3.326,
2026-03-24T02:50:00.0000000+02:00,3.326,
2026-03-24T03:00:00.0000000+02:00,3.317,
2026-03-24T03:10:00.0000000+02:00,3.324,
2026-03-24T03:20:00.0000000+02:00,3.326,
2026-03-24T03:30:00.0000000+02:00,3.322,
2026-03-24T03:40:00.0000000+02:00,3.326,
2026-03-24T03:50:00.0000000+02:00,3.317,
2026-03-24T04:00:00.0000000+02:00,3.328,
2026-03-24T04:10:00.0000000+02:00,3.326,
2026-03-24T04:20:00.0000000+02:00,3.321,
2026-03-24T04:30:00.0000000+02:00,3.327,
2026-03-24T04:40:00.0000000+02:00,3.326,
2026-03-24T04:50:00.0000000+02:00,3.329,
2026-03-24T05:00:00.0000000+02:00,3.326,
2026-03-24T05:10:00.0000000+02:00,3.326,
2026-03-24T05:20:00.0000000+02:00,3.322,
2026-03-24T05:30:00.0000000+02:00,3.327,
2026-03-24T05:40:00.0000000+02:00,3.33,
2026-03-24T05:50:00.0000000+02:00,3.329,
2026-03-24T06:00:00.0000000+02:00,3.331,
2026-03-24T06:10:00.0000000+02:00,3.336,
2026-03-24T06:20:00.0000000+02:00,3.336,
2026-03-24T06:30:00.0000000+02:00,3.331,
2026-03-24T06:40:00.0000000+02:00,3.325,
2026-03-24T06:50:00.0000000+02:00,3.331,
2026-03-24T07:00:00.0000000+02:00,3.325,
2026-03-24T07:10:00.0000000+02:00,3.328,
2026-03-24T07:20:00.0000000+02:00,3.324,
2026-03-24T07:30:00.0000000+02:00,3.33,
2026-03-24T07:40:00.0000000+02:00,3.327,
2026-03-24T07:50:00.0000000+02:00,3.327,
2026-03-24T08:00:00.0000000+02:00,3.326,
2026-03-24T08:10:00.0000000+02:00,3.325,
2026-03-24T08:20:00.0000000+02:00,3.325,
2026-03-24T08:30:00.0000000+02:00,3.329,
2026-03-24T08:40:00.0000000+02:00,3.322,
2026-03-24T08:50:00.0000000+02:00,3.326,
2026-03-24T09:00:00.0000000+02:00,3.33,
2026-03-24T09:10:00.0000000+02:00,3.327,
2026-03-24T09:20:00.0000000+02:00,3.33,
2026-03-24T09:30:00.0000000+02:00,3.329,
2026-03-24T09:40:00.0000000+02:00,3.331,
2026-03-24T09:50:00.0000000+02:00,3.329,
2026-03-24T10:00:00.0000000+02:00,3.324,
2026-03-24T10:10:00.0000000+02:00,3.327,
2026-03-24T10:20:00.0000000+02:00,3.333,
2026-03-24T10:30:00.0000000+02:00,3.312,
2026-03-24T10:40:00.0000000+02:00,3.315,
2026-03-24T10:50:00.0000000+02:00,3.307,
2026-03-24T11:00:00.0000000+02:00,3.31,
2026-03-24T11:10:00.0000000+02:00,3.311,
2026-03-24T11:20:00.0000000+02:00,3.319,
2026-03-24T11:30:00.0000000+02:00,3.317,
2026-03-24T11:40:00.0000000+02:00,3.315,
2026-03-24T11:50:00.0000000+02:00,3.33,
2026-03-24T12:00:00.0000000+02:00,3.329,
2026-03-24T12:10:00.0000000+02:00,3.331,
2026-03-24T12:20:00.0000000+02:00,3.333,
2026-03-24T12:30:00.0000000+02:00,3.336,
2026-03-24T12:40:00.0000000+02:00,3.331,
2026-03-24T12:50:00.0000000+02:00,3.327,
2026-03-24T13:00:00.0000000+02:00,3.328,
2026-03-24T13:10:00.0000000+02:00,3.333,
2026-03-24T13:20:00.0000000+02:00,3.331,
2026-03-24T13:30:00.0000000+02:00,3.337,
2026-03-24T13:40:00.0000000+02:00,3.334,
2026-03-24T13:50:00.0000000+02:00,3.335,
2026-03-24T14:00:00.0000000+02:00,3.341,
2026-03-24T14:10:00.0000000+02:00,3.341,
2026-03-24T14:20:00.0000000+02:00,3.339,
2026-03-24T14:30:00.0000000+02:00,3.332,
2026-03-24T14:40:00.0000000+02:00,3.329,
2026-03-24T14:50:00.0000000+02:00,3.317,
2026-03-24T15:00:00.0000000+02:00,3.303,
2026-03-24T15:10:00.0000000+02:00,3.312,
2026-03-24T15:20:00.0000000+02:00,3.339,
2026-03-24T15:30:00.0000000+02:00,3.334,
2026-03-24T15:40:00.0000000+02:00,3.338,
2026-03-24T15:50:00.0000000+02:00,3.324,
2026-03-24T16:00:00.0000000+02:00,3.308,
2026-03-24T16:10:00.0000000+02:00,3.334,
2026-03-24T16:20:00.0000000+02:00,3.339,
2026-03-24T16:30:00.0000000+02:00,3.336,
2026-03-24T16:40:00.0000000+02:00,3.334,
2026-03-24T16:50:00.0000000+02:00,3.338,
2026-03-24T17:00:00.0000000+02:00,3.34,
2026-03-24T17:10:00.0000000+02:00,3.336,
2026-03-24T17:20:00.0000000+02:00,3.34,
2026-03-24T17:30:00.0000000+02:00,3.336,
2026-03-24T17:40:00.0000000+02:00,3.333,
2026-03-24T17:50:00.0000000+02:00,3.337,
2026-03-24T18:00:00.0000000+02:00,3.332,
2026-03-24T18:10:00.0000000+02:00,3.337,
2026-03-24T18:20:00.0000000+02:00,3.336,
2026-03-24T18:30:00.0000000+02:00,3.335,
2026-03-24T18:40:00.0000000+02:00,3.335,
2026-03-24T18:50:00.0000000+02:00,3.332,
2026-03-24T19:00:00.0000000+02:00,3.339,
2026-03-24T19:10:00.0000000+02:00,3.337,
2026-03-24T19:20:00.0000000+02:00,3.331,
2026-03-24T19:30:00.0000000+02:00,3.325,
2026-03-24T19:40:00.0000000+02:00,3.332,
2026-03-24T19:50:00.0000000+02:00,3.331,
2026-03-24T20:00:00.0000000+02:00,3.332,
2026-03-24T20:10:00.0000000+02:00,3.339,
2026-03-24T20:20:00.0000000+02:00,3.338,
2026-03-24T20:30:00.0000000+02:00,3.331,
2026-03-24T20:40:00.0000000+02:00,3.336,
2026-03-24T20:50:00.0000000+02:00,3.34,
2026-03-24T21:00:00.0000000+02:00,3.34,
2026-03-24T21:10:00.0000000+02:00,3.337,
2026-03-24T21:20:00.0000000+02:00,3.336,
2026-03-24T21:30:00.0000000+02:00,3.335,
2026-03-24T21:40:00.0000000+02:00,3.333,
2026-03-24T21:50:00.0000000+02:00,3.336,
2026-03-24T22:00:00.0000000+02:00,3.337,
2026-03-24T22:10:00.0000000+02:00,3.336,
2026-03-24T22:20:00.0000000+02:00,3.339,
2026-03-24T22:30:00.0000000+02:00,3.335,
2026-03-24T22:40:00.0000000+02:00,3.339,
2026-03-24T22:50:00.0000000+02:00,3.338,
2026-03-24T23:00:00.0000000+02:00,3.341,
2026-03-24T23:10:00.0000000+02:00,3.34,
2026-03-24T23:20:00.0000000+02:00,3.336,
2026-03-24T23:30:00.0000000+02:00,3.337,
2026-03-24T23:40:00.0000000+02:00,3.334,
2026-03-24T23:50:00.0000000+02:00,3.34,
2026-03-25T00:00:00.0000000+02:00,3.335,
2026-03-25T00:10:00.0000000+02:00,3.333,
2026-03-25T00:20:00.0000000+02:00,3.327,
2026-03-25T00:30:00.0000000+02:00,3.338,
2026-03-25T00:40:00.0000000+02:00,3.338,
2026-03-25T00:50:00.0000000+02:00,3.341,
2026-03-25T01:00:00.0000000+02:00,3.344,
2026-03-25T01:10:00.0000000+02:00,3.346,
2026-03-25T01:20:00.0000000+02:00,3.35,
2026-03-25T01:30:00.0000000+02:00,3.345,
2026-03-25T01:40:00.0000000+02:00,3.341,
2026-03-25T01:50:00.0000000+02:00,3.343,
2026-03-25T02:00:00.0000000+02:00,3.339,
2026-03-25T02:10:00.0000000+02:00,3.342,
2026-03-25T02:20:00.0000000+02:00,3.341,
2026-03-25T02:30:00.0000000+02:00,3.335,
2026-03-25T02:40:00.0000000+02:00,3.338,
2026-03-25T02:50:00.0000000+02:00,3.342,
2026-03-25T03:00:00.0000000+02:00,3.331,
2026-03-25T03:10:00.0000000+02:00,3.338,
2026-03-25T03:20:00.0000000+02:00,3.34,
2026-03-25T03:30:00.0000000+02:00,3.334,
2026-03-25T03:40:00.0000000+02:00,3.342,
2026-03-25T03:50:00.0000000+02:00,3.347,
2026-03-25T04:00:00.0000000+02:00,3.342,
2026-03-25T04:10:00.0000000+02:00,3.342,
2026-03-25T04:20:00.0000000+02:00,3.332,
2026-03-25T04:30:00.0000000+02:00,3.339,
2026-03-25T04:40:00.0000000+02:00,3.343,
2026-03-25T04:50:00.0000000+02:00,3.339,
2026-03-25T05:00:00.0000000+02:00,3.346,
2026-03-25T05:10:00.0000000+02:00,3.342,
2026-03-25T05:20:00.0000000+02:00,3.34,
2026-03-25T05:30:00.0000000+02:00,3.339,
2026-03-25T05:40:00.0000000+02:00,3.338,
2026-03-25T05:50:00.0000000+02:00,3.342,
2026-03-25T06:00:00.0000000+02:00,3.337,
2026-03-25T06:10:00.0000000+02:00,3.335,
2026-03-25T06:20:00.0000000+02:00,3.335,
2026-03-25T06:30:00.0000000+02:00,3.34,
2026-03-25T06:40:00.0000000+02:00,3.34,
2026-03-25T06:50:00.0000000+02:00,3.34,
2026-03-25T07:00:00.0000000+02:00,3.338,
2026-03-25T07:10:00.0000000+02:00,3.337,
2026-03-25T07:20:00.0000000+02:00,3.344,
2026-03-25T07:30:00.0000000+02:00,3.343,
2026-03-25T07:40:00.0000000+02:00,3.34,
2026-03-25T07:50:00.0000000+02:00,3.337,
2026-03-25T08:00:00.0000000+02:00,3.339,
2026-03-25T08:10:00.0000000+02:00,3.336,
2026-03-25T08:20:00.0000000+02:00,3.336,
2026-03-25T08:30:00.0000000+02:00,3.343,
2026-03-25T08:40:00.0000000+02:00,3.343,
2026-03-25T08:50:00.0000000+02:00,3.342,
2026-03-25T09:00:00.0000000+02:00,3.346,
2026-03-25T09:10:00.0000000+02:00,3.334,
2026-03-25T09:20:00.0000000+02:00,3.339,
2026-03-25T09:30:00.0000000+02:00,3.342,
2026-03-25T09:40:00.0000000+02:00,3.339,
2026-03-25T09:50:00.0000000+02:00,3.336,
2026-03-25T10:00:00.0000000+02:00,3.345,
2026-03-25T10:10:00.0000000+02:00,3.345,
2026-03-25T10:20:00.0000000+02:00,3.333,
2026-03-25T10:30:00.0000000+02:00,3.34,
2026-03-25T10:40:00.0000000+02:00,3.339,
2026-03-25T10:50:00.0000000+02:00,3.336,
2026-03-25T11:00:00.0000000+02:00,3.346,
2026-03-25T11:10:00.0000000+02:00,3.346,
2026-03-25T11:20:00.0000000+02:00,3.339,
2026-03-25T11:30:00.0000000+02:00,3.335,
2026-03-25T11:40:00.0000000+02:00,3.343,
2026-03-25T11:50:00.0000000+02:00,3.344,
2026-03-25T12:00:00.0000000+02:00,3.343,
2026-03-25T12:10:00.0000000+02:00,3.341,
2026-03-25T12:20:00.0000000+02:00,3.339,
2026-03-25T12:30:00.0000000+02:00,3.332,
2026-03-25T12:40:00.0000000+02:00,3.341,
2026-03-25T12:50:00.0000000+02:00,3.334,
2026-03-25T13:00:00.0000000+02:00,3.34,
2026-03-25T13:10:00.0000000+02:00,3.33,
2026-03-25T13:20:00.0000000+02:00,3.325,
2026-03-25T13:30:00.0000000+02:00,3.335,
2026-03-25T13:40:00.0000000+02:00,3.343,
2026-03-25T13:50:00.0000000+02:00,3.339,
2026-03-25T14:00:00.0000000+02:00,3.338,
2026-03-25T14:10:00.0000000+02:00,3.338,
2026-03-25T14:20:00.0000000+02:00,3.334,
2026-03-25T14:30:00.0000000+02:00,3.336,
2026-03-25T14:40:00.0000000+02:00,3.345,
2026-03-25T14:50:00.0000000+02:00,3.353,
2026-03-25T15:00:00.0000000+02:00,3.343,
2026-03-25T15:10:00.0000000+02:00,3.348,
2026-03-25T15:20:00.0000000+02:00,3.348,
2026-03-25T15:30:00.0000000+02:00,3.345,
2026-03-25T15:40:00.0000000+02:00,3.339,
2026-03-25T15:50:00.0000000+02:00,3.347,
2026-03-25T16:00:00.0000000+02:00,3.339,
2026-03-25T16:10:00.0000000+02:00,3.344,
2026-03-25T16:20:00.0000000+02:00,3.346,
2026-03-25T16:30:00.0000000+02:00,3.347,
2026-03-25T16:40:00.0000000+02:00,3.344,
2026-03-25T16:50:00.0000000+02:00,3.346,
2026-03-25T17:00:00.0000000+02:00,3.346,
2026-03-25T17:10:00.0000000+02:00,3.348,
2026-03-25T17:20:00.0000000+02:00,3.345,
2026-03-25T17:30:00.0000000+02:00,3.347,
2026-03-25T17:40:00.0000000+02:00,3.349,
2026-03-25T17:50:00.0000000+02:00,3.349,
2026-03-25T18:00:00.0000000+02:00,3.351,
2026-03-25T18:10:00.0000000+02:00,3.35,
2026-03-25T18:20:00.0000000+02:00,3.348,
2026-03-25T18:30:00.0000000+02:00,3.35,
2026-03-25T18:40:00.0000000+02:00,3.351,
2026-03-25T18:50:00.0000000+02:00,3.352,
2026-03-25T19:00:00.0000000+02:00,3.346,
2026-03-25T19:10:00.0000000+02:00,3.355,
2026-03-25T19:20:00.0000000+02:00,3.35,
2026-03-25T19:30:00.0000000+02:00,3.348,
2026-03-25T19:40:00.0000000+02:00,3.344,
2026-03-25T19:50:00.0000000+02:00,3.354,
2026-03-25T20:00:00.0000000+02:00,3.352,
2026-03-25T20:10:00.0000000+02:00,3.352,
2026-03-25T20:20:00.0000000+02:00,3.349,
2026-03-25T20:30:00.0000000+02:00,3.35,
2026-03-25T20:40:00.0000000+02:00,3.351,
2026-03-25T20:50:00.0000000+02:00,3.356,
2026-03-25T21:00:00.0000000+02:00,3.346,
2026-03-25T21:10:00.0000000+02:00,3.352,
2026-03-25T21:20:00.0000000+02:00,3.347,
2026-03-25T21:30:00.0000000+02:00,3.349,
2026-03-25T21:40:00.0000000+02:00,3.345,
2026-03-25T21:50:00.0000000+02:00,3.347,
2026-03-25T22:00:00.0000000+02:00,3.34,
2026-03-25T22:10:00.0000000+02:00,3.345,
2026-03-25T22:20:00.0000000+02:00,3.351,
2026-03-25T22:30:00.0000000+02:00,3.352,
2026-03-25T22:40:00.0000000+02:00,3.351,
2026-03-25T22:50:00.0000000+02:00,3.353,
2026-03-25T23:00:00.0000000+02:00,3.353,
2026-03-25T23:10:00.0000000+02:00,3.354,
2026-03-25T23:20:00.0000000+02:00,3.349,
2026-03-25T23:30:00.0000000+02:00,3.357,
2026-03-25T23:40:00.0000000+02:00,3.349,
2026-03-25T23:50:00.0000000+02:00,3.356,
2026-03-26T00:00:00.0000000+02:00,3.348,
2026-03-26T00:10:00.0000000+02:00,3.357,
2026-03-26T00:20:00.0000000+02:00,3.35,
2026-03-26T00:30:00.0000000+02:00,3.349,
2026-03-26T00:40:00.0000000+02:00,3.356,
2026-03-26T00:50:00.0000000+02:00,3.356,
2026-03-26T01:00:00.0000000+02:00,3.351,
2026-03-26T01:10:00.0000000+02:00,3.357,
2026-03-26T01:20:00.0000000+02:00,3.353,
2026-03-26T01:30:00.0000000+02:00,3.352,
2026-03-26T01:40:00.0000000+02:00,3.354,
2026-03-26T01:50:00.0000000+02:00,3.352,
2026-03-26T02:00:00.0000000+02:00,3.36,
2026-03-26T02:10:00.0000000+02:00,3.356,
2026-03-26T02:20:00.0000000+02:00,3.347,
2026-03-26T02:30:00.0000000+02:00,3.351,
2026-03-26T02:40:00.0000000+02:00,3.345,
2026-03-26T02:50:00.0000000+02:00,3.352,
2026-03-26T03:00:00.0000000+02:00,3.351,
2026-03-26T03:10:00.0000000+02:00,3.351,
2026-03-26T03:20:00.0000000+02:00,3.357,
2026-03-26T03:30:00.0000000+02:00,3.354,
2026-03-26T03:40:00.0000000+02:00,3.353,
2026-03-26T03:50:00.0000000+02:00,3.355,
2026-03-26T04:00:00.0000000+02:00,3.35,
2026-03-26T04:10:00.0000000+02:00,3.357,
2026-03-26T04:20:00.0000000+02:00,3.353,
2026-03-26T04:30:00.0000000+02:00,3.353,
2026-03-26T04:40:00.0000000+02:00,3.354,
2026-03-26T04:50:00.0000000+02:00,3.353,
2026-03-26T05:00:00.0000000+02:00,3.35,
2026-03-26T05:10:00.0000000+02:00,3.351,
2026-03-26T05:20:00.0000000+02:00,3.344,
2026-03-26T05:30:00.0000000+02:00,3.343,
2026-03-26T05:40:00.0000000+02:00,3.346,
2026-03-26T05:50:00.0000000+02:00,3.35,
2026-03-26T06:00:00.0000000+02:00,3.348,
2026-03-26T06:10:00.0000000+02:00,3.347,
2026-03-26T06:20:00.0000000+02:00,3.349,
2026-03-26T06:30:00.0000000+02:00,3.348,
2026-03-26T06:40:00.0000000+02:00,3.35,
2026-03-26T06:50:00.0000000+02:00,3.352,
2026-03-26T07:00:00.0000000+02:00,3.356,
2026-03-26T07:10:00.0000000+02:00,3.354,
2026-03-26T07:20:00.0000000+02:00,3.355,
2026-03-26T07:30:00.0000000+02:00,3.358,
2026-03-26T07:40:00.0000000+02:00,3.352,
2026-03-26T07:50:00.0000000+02:00,3.355,
2026-03-26T08:00:00.0000000+02:00,3.352,
2026-03-26T08:10:00.0000000+02:00,3.351,
2026-03-26T08:20:00.0000000+02:00,3.35,
2026-03-26T08:30:00.0000000+02:00,3.351,
2026-03-26T08:40:00.0000000+02:00,3.355,
2026-03-26T08:50:00.0000000+02:00,3.349,
2026-03-26T09:00:00.0000000+02:00,3.349,
2026-03-26T09:10:00.0000000+02:00,3.353,
2026-03-26T09:20:00.0000000+02:00,3.355,
2026-03-26T09:30:00.0000000+02:00,3.352,
2026-03-26T09:40:00.0000000+02:00,3.349,
2026-03-26T09:50:00.0000000+02:00,3.358,
2026-03-26T10:00:00.0000000+02:00,3.354,
2026-03-26T10:10:00.0000000+02:00,3.353,
2026-03-26T10:20:00.0000000+02:00,3.363,
2026-03-26T10:30:00.0000000+02:00,3.353,
2026-03-26T10:40:00.0000000+02:00,3.356,
2026-03-26T10:50:00.0000000+02:00,3.353,
2026-03-26T11:00:00.0000000+02:00,3.352,
2026-03-26T11:10:00.0000000+02:00,3.351,
2026-03-26T11:20:00.0000000+02:00,3.354,
2026-03-26T11:30:00.0000000+02:00,3.359,
2026-03-26T11:40:00.0000000+02:00,3.365,
2026-03-26T11:50:00.0000000+02:00,3.361,
2026-03-26T12:00:00.0000000+02:00,3.358,
2026-03-26T12:10:00.0000000+02:00,3.367,
2026-03-26T12:20:00.0000000+02:00,3.361,
2026-03-26T12:30:00.0000000+02:00,3.362,
2026-03-26T12:40:00.0000000+02:00,3.361,
2026-03-26T12:50:00.0000000+02:00,3.359,
2026-03-26T13:00:00.0000000+02:00,3.363,
2026-03-26T13:10:00.0000000+02:00,3.362,
2026-03-26T13:20:00.0000000+02:00,3.358,
2026-03-26T13:30:00.0000000+02:00,3.363,
2026-03-26T13:40:00.0000000+02:00,3.361,
2026-03-26T13:50:00.0000000+02:00,3.367,
2026-03-26T14:00:00.0000000+02:00,3.369,
2026-03-26T14:10:00.0000000+02:00,3.371,
2026-03-26T14:20:00.0000000+02:00,3.361,
2026-03-26T14:30:00.0000000+02:00,3.36,
2026-03-26T14:40:00.0000000+02:00,3.371,
2026-03-26T14:50:00.0000000+02:00,3.361,
2026-03-26T15:00:00.0000000+02:00,3.365,
2026-03-26T15:10:00.0000000+02:00,3.362,
2026-03-26T15:20:00.0000000+02:00,3.363,
2026-03-26T15:30:00.0000000+02:00,3.356,
2026-03-26T15:40:00.0000000+02:00,3.363,
2026-03-26T15:50:00.0000000+02:00,3.361,
2026-03-26T16:00:00.0000000+02:00,3.362,
2026-03-26T16:10:00.0000000+02:00,3.362,
2026-03-26T16:20:00.0000000+02:00,3.36,
2026-03-26T16:30:00.0000000+02:00,3.359,
2026-03-26T16:40:00.0000000+02:00,3.358,
2026-03-26T16:50:00.0000000+02:00,3.359,
2026-03-26T17:00:00.0000000+02:00,3.354,
2026-03-26T17:10:00.0000000+02:00,3.354,
2026-03-26T17:20:00.0000000+02:00,3.357,
2026-03-26T17:30:00.0000000+02:00,3.353,
2026-03-26T17:40:00.0000000+02:00,3.358,
2026-03-26T17:50:00.0000000+02:00,3.358,
2026-03-26T18:00:00.0000000+02:00,3.366,
2026-03-26T18:10:00.0000000+02:00,3.359,
2026-03-26T18:20:00.0000000+02:00,3.364,
2026-03-26T18:30:00.0000000+02:00,3.36,
2026-03-26T18:40:00.0000000+02:00,3.363,
2026-03-26T18:50:00.0000000+02:00,3.364,
2026-03-26T19:00:00.0000000+02:00,3.367,
2026-03-26T19:10:00.0000000+02:00,3.364,
2026-03-26T19:20:00.0000000+02:00,3.359,
2026-03-26T19:30:00.0000000+02:00,3.365,
2026-03-26T19:40:00.0000000+02:00,3.361,
2026-03-26T19:50:00.0000000+02:00,3.364,
2026-03-26T20:00:00.0000000+02:00,3.361,
2026-03-26T20:10:00.0000000+02:00,3.361,
2026-03-26T20:20:00.0000000+02:00,3.362,
2026-03-26T20:30:00.0000000+02:00,3.361,
2026-03-26T20:40:00.0000000+02:00,3.359,
2026-03-26T20:50:00.0000000+02:00,3.357,
2026-03-26T21:00:00.0000000+02:00,3.362,
2026-03-26T21:10:00.0000000+02:00,3.365,
2026-03-26T21:20:00.0000000+02:00,3.36,
2026-03-26T21:30:00.0000000+02:00,3.36,
2026-03-26T21:40:00.0000000+02:00,3.36,
2026-03-26T21:50:00.0000000+02:00,3.362,
2026-03-26T22:00:00.0000000+02:00,3.365,
2026-03-26T22:10:00.0000000+02:00,3.36,
2026-03-26T22:20:00.0000000+02:00,3.364,
2026-03-26T22:30:00.0000000+02:00,3.366,
2026-03-26T22:40:00.0000000+02:00,3.363,
2026-03-26T22:50:00.0000000+02:00,3.363,
2026-03-26T23:00:00.0000000+02:00,3.362,
2026-03-26T23:10:00.0000000+02:00,3.363,
2026-03-26T23:20:00.0000000+02:00,3.366,
2026-03-26T23:30:00.0000000+02:00,3.361,
2026-03-26T23:40:00.0000000+02:00,3.362,
2026-03-26T23:50:00.0000000+02:00,3.362,
2026-03-27T00:00:00.0000000+02:00,3.363,
2026-03-27T00:10:00.0000000+02:00,3.365,
2026-03-27T00:20:00.0000000+02:00,3.36,
2026-03-27T00:30:00.0000000+02:00,3.366,
2026-03-27T00:40:00.0000000+02:00,3.366,
2026-03-27T00:50:00.0000000+02:00,3.363,
2026-03-27T01:00:00.0000000+02:00,3.365,
2026-03-27T01:10:00.0000000+02:00,3.364,
2026-03-27T01:20:00.0000000+02:00,3.365,
2026-03-27T01:30:00.0000000+02:00,3.357,
2026-03-27T01:40:00.0000000+02:00,3.359,
2026-03-27T01:50:00.0000000+02:00,3.356,
2026-03-27T02:00:00.0000000+02:00,3.355,
2026-03-27T02:10:00.0000000+02:00,3.356,
2026-03-27T02:20:00.0000000+02:00,3.355,
2026-03-27T02:30:00.0000000+02:00,3.358,
2026-03-27T02:40:00.0000000+02:00,3.359,
2026-03-27T02:50:00.0000000+02:00,3.36,
2026-03-27T03:00:00.0000000+02:00,3.362,
2026-03-27T03:10:00.0000000+02:00,3.357,
2026-03-27T03:20:00.0000000+02:00,3.36,
2026-03-27T03:30:00.0000000+02:00,3.355,
2026-03-27T03:40:00.0000000+02:00,3.352,
2026-03-27T03:50:00.0000000+02:00,3.36,
2026-03-27T04:00:00.0000000+02:00,3.36,
2026-03-27T04:10:00.0000000+02:00,3.363,
2026-03-27T04:20:00.0000000+02:00,3.361,
2026-03-27T04:30:00.0000000+02:00,3.363,
2026-03-27T04:40:00.0000000+02:00,3.368,
2026-03-27T04:50:00.0000000+02:00,3.367,
2026-03-27T05:00:00.0000000+02:00,3.362,
2026-03-27T05:10:00.0000000+02:00,3.366,
2026-03-27T05:20:00.0000000+02:00,3.358,
2026-03-27T05:30:00.0000000+02:00,3.369,
2026-03-27T05:40:00.0000000+02:00,3.369,
2026-03-27T05:50:00.0000000+02:00,3.365,
2026-03-27T06:00:00.0000000+02:00,3.364,
2026-03-27T06:10:00.0000000+02:00,3.365,
2026-03-27T06:20:00.0000000+02:00,3.367,
2026-03-27T06:30:00.0000000+02:00,3.365,
2026-03-27T06:40:00.0000000+02:00,3.366,
2026-03-27T06:50:00.0000000+02:00,3.371,
2026-03-27T07:00:00.0000000+02:00,3.358,
2026-03-27T07:10:00.0000000+02:00,3.359,
2026-03-27T07:20:00.0000000+02:00,3.36,
2026-03-27T07:30:00.0000000+02:00,3.362,
2026-03-27T07:40:00.0000000+02:00,3.367,
2026-03-27T07:50:00.0000000+02:00,3.368,
2026-03-27T08:00:00.0000000+02:00,3.366,
2026-03-27T08:10:00.0000000+02:00,3.366,
2026-03-27T08:20:00.0000000+02:00,3.372,
2026-03-27T08:30:00.0000000+02:00,3.37,
2026-03-27T08:40:00.0000000+02:00,3.368,
2026-03-27T08:50:00.0000000+02:00,3.369,
2026-03-27T09:00:00.0000000+02:00,3.372,
2026-03-27T09:10:00.0000000+02:00,3.366,
2026-03-27T09:20:00.0000000+02:00,3.369,
2026-03-27T09:30:00.0000000+02:00,3.375,
2026-03-27T09:40:00.0000000+02:00,3.369,
2026-03-27T09:50:00.0000000+02:00,3.37,
2026-03-27T10:00:00.0000000+02:00,3.364,
2026-03-27T10:10:00.0000000+02:00,3.37,
2026-03-27T10:20:00.0000000+02:00,3.367,
2026-03-27T10:30:00.0000000+02:00,3.368,
2026-03-27T10:40:00.0000000+02:00,3.371,
2026-03-27T10:50:00.0000000+02:00,3.369,
2026-03-27T11:00:00.0000000+02:00,3.375,
2026-03-27T11:10:00.0000000+02:00,3.367,
2026-03-27T11:20:00.0000000+02:00,3.365,
2026-03-27T11:30:00.0000000+02:00,3.364,
2026-03-27T11:40:00.0000000+02:00,3.366,
2026-03-27T11:50:00.0000000+02:00,3.371,
2026-03-27T12:00:00.0000000+02:00,3.373,
2026-03-27T12:10:00.0000000+02:00,3.373,
2026-03-27T12:20:00.0000000+02:00,3.373,
2026-03-27T12:30:00.0000000+02:00,3.37,
2026-03-27T12:40:00.0000000+02:00,3.364,
2026-03-27T12:50:00.0000000+02:00,3.369,
2026-03-27T13:00:00.0000000+02:00,3.368,
2026-03-27T13:10:00.0000000+02:00,3.37,
2026-03-27T13:20:00.0000000+02:00,3.363,
2026-03-27T13:30:00.0000000+02:00,3.357,
2026-03-27T13:40:00.0000000+02:00,3.358,
2026-03-27T13:50:00.0000000+02:00,3.364,
2026-03-27T14:00:00.0000000+02:00,3.365,
2026-03-27T14:10:00.0000000+02:00,3.365,
2026-03-27T14:20:00.0000000+02:00,3.364,
2026-03-27T14:30:00.0000000+02:00,3.369,
2026-03-27T14:40:00.0000000+02:00,3.361,
2026-03-27T14:50:00.0000000+02:00,3.365,
2026-03-27T15:00:00.0000000+02:00,3.362,
2026-03-27T15:10:00.0000000+02:00,3.366,
2026-03-27T15:20:00.0000000+02:00,3.374,
2026-03-27T15:30:00.0000000+02:00,3.371,
2026-03-27T15:40:00.0000000+02:00,3.369,
2026-03-27T15:50:00.0000000+02:00,3.368,
2026-03-27T16:00:00.0000000+02:00,3.359,
2026-03-27T16:10:00.0000000+02:00,3.37,
2026-03-27T16:20:00.0000000+02:00,3.364,
2026-03-27T16:30:00.0000000+02:00,3.362,
2026-03-27T16:40:00.0000000+02:00,3.372,
2026-03-27T16:50:00.0000000+02:00,3.362,
2026-03-27T17:00:00.0000000+02:00,3.353,
2026-03-27T17:10:00.0000000+02:00,3.356,
2026-03-27T17:20:00.0000000+02:00,3.367,
2026-03-27T17:30:00.0000000+02:00,3.367,
2026-03-27T17:40:00.0000000+02:00,3.359,
2026-03-27T17:50:00.0000000+02:00,3.367,
2026-03-27T18:00:00.0000000+02:00,3.367,
2026-03-27T18:10:00.0000000+02:00,3.362,
2026-03-27T18:20:00.0000000+02:00,3.36,
2026-03-27T18:30:00.0000000+02:00,3.357,
2026-03-27T18:40:00.0000000+02:00,3.368,
2026-03-27T18:50:00.0000000+02:00,3.369,
2026-03-27T19:00:00.0000000+02:00,3.373,
2026-03-27T19:10:00.0000000+02:00,3.37,
2026-03-27T19:20:00.0000000+02:00,3.364,
2026-03-27T19:30:00.0000000+02:00,3.367,
2026-03-27T19:40:00.0000000+02:00,3.371,
2026-03-27T19:50:00.0000000+02:00,3.372,
2026-03-27T20:00:00.0000000+02:00,3.374,
2026-03-27T20:10:00.0000000+02:00,3.371,
2026-03-27T20:20:00.0000000+02:00,3.37,
2026-03-27T20:30:00.0000000+02:00,3.374,
2026-03-27T20:40:00.0000000+02:00,3.368,
2026-03-27T20:50:00.0000000+02:00,3.369,
2026-03-27T21:00:00.0000000+02:00,3.364,
2026-03-27T21:10:00.0000000+02:00,3.365,
2026-03-27T21:20:00.0000000+02:00,3.363,
2026-03-27T21:30:00.0000000+02:00,3.363,
2026-03-27T21:40:00.0000000+02:00,3.367,
2026-03-27T21:50:00.0000000+02:00,3.366,
2026-03-27T22:00:00.0000000+02:00,3.364,
2026-03-27T22:10:00.0000000+02:00,3.369,
2026-03-27T22:20:00.0000000+02:00,3.367,
2026-03-27T22:30:00.0000000+02:00,3.364,
2026-03-27T22:40:00.0000000+02:00,3.369,
2026-03-27T22:50:00.0000000+02:00,3.368,
2026-03-27T23:00:00.0000000+02:00,3.37,
2026-03-27T23:10:00.0000000+02:00,3.369,
2026-03-27T23:20:00.0000000+02:00,3.362,
2026-03-27T23:30:00.0000000+02:00,3.371,
2026-03-27T23:40:00.0000000+02:00,3.374,
2026-03-27T23:50:00.0000000+02:00,3.371,
2026-03-28T00:00:00.0000000+02:00,3.37,
2026-03-28T00:10:00.0000000+02:00,3.365,
2026-03-28T00:20:00.0000000+02:00,3.369,
2026-03-28T00:30:00.0000000+02:00,3.371,
2026-03-28T00:40:00.0000000+02:00,3.368,
2026-03-28T00:50:00.0000000+02:00,3.368,
2026-03-28T01:00:00.0000000+02:00,3.369,
2026-03-28T01:10:00.0000000+02:00,3.365,
2026-03-28T01:20:00.0000000+02:00,3.366,
2026-03-28T01:30:00.0000000+02:00,3.368,
2026-03-28T01:40:00.0000000+02:00,3.364,
2026-03-28T01:50:00.0000000+02:00,3.365,
2026-03-28T02:00:00.0000000+02:00,3.366,
2026-03-28T02:10:00.0000000+02:00,3.367,
2026-03-28T02:20:00.0000000+02:00,3.367,
2026-03-28T02:30:00.0000000+02:00,3.376,
2026-03-28T02:40:00.0000000+02:00,3.34,
2026-03-28T02:50:00.0000000+02:00,3.366,
2026-03-28T03:00:00.0000000+02:00,3.372,
2026-03-28T03:10:00.0000000+02:00,3.375,
2026-03-28T03:20:00.0000000+02:00,3.369,
2026-03-28T03:30:00.0000000+02:00,3.373,
2026-03-28T03:40:00.0000000+02:00,3.367,
2026-03-28T03:50:00.0000000+02:00,3.377,
2026-03-28T04:00:00.0000000+02:00,3.368,
2026-03-28T04:10:00.0000000+02:00,3.367,
2026-03-28T04:20:00.0000000+02:00,3.372,
2026-03-28T04:30:00.0000000+02:00,3.371,
2026-03-28T04:40:00.0000000+02:00,3.374,
2026-03-28T04:50:00.0000000+02:00,3.368,
2026-03-28T05:00:00.0000000+02:00,3.368,
2026-03-28T05:10:00.0000000+02:00,3.373,
2026-03-28T05:20:00.0000000+02:00,3.374,
2026-03-28T05:30:00.0000000+02:00,3.371,
2026-03-28T05:40:00.0000000+02:00,3.372,
2026-03-28T05:50:00.0000000+02:00,3.364,
2026-03-28T06:00:00.0000000+02:00,3.364,
2026-03-28T06:10:00.0000000+02:00,3.37,
2026-03-28T06:20:00.0000000+02:00,3.37,
2026-03-28T06:30:00.0000000+02:00,3.367,
2026-03-28T06:40:00.0000000+02:00,3.368,
2026-03-28T06:50:00.0000000+02:00,3.367,
2026-03-28T07:00:00.0000000+02:00,3.36,
2026-03-28T07:10:00.0000000+02:00,3.363,
2026-03-28T07:20:00.0000000+02:00,3.361,
2026-03-28T07:30:00.0000000+02:00,3.365,
2026-03-28T07:40:00.0000000+02:00,3.365,
2026-03-28T07:50:00.0000000+02:00,3.36,
2026-03-28T08:00:00.0000000+02:00,3.357,
2026-03-28T08:10:00.0000000+02:00,3.361,
2026-03-28T08:20:00.0000000+02:00,3.36,
2026-03-28T08:30:00.0000000+02:00,3.365,
2026-03-28T08:40:00.0000000+02:00,3.359,
2026-03-28T08:50:00.0000000+02:00,3.363,
2026-03-28T09:00:00.0000000+02:00,3.358,
2026-03-28T09:10:00.0000000+02:00,3.37,
2026-03-28T09:20:00.0000000+02:00,3.358,
2026-03-28T09:30:00.0000000+02:00,3.359,
2026-03-28T09:40:00.0000000+02:00,3.364,
2026-03-28T09:50:00.0000000+02:00,3.356,
2026-03-28T10:00:00.0000000+02:00,3.356,
2026-03-28T10:10:00.0000000+02:00,3.359,
2026-03-28T10:20:00.0000000+02:00,3.349,
2026-03-28T10:30:00.0000000+02:00,3.354,
2026-03-28T10:40:00.0000000+02:00,3.351,
2026-03-28T10:50:00.0000000+02:00,3.343,
2026-03-28T11:00:00.0000000+02:00,3.36,
2026-03-28T11:10:00.0000000+02:00,3.362,
2026-03-28T11:20:00.0000000+02:00,3.356,
2026-03-28T11:30:00.0000000+02:00,3.363,
2026-03-28T11:40:00.0000000+02:00,3.352,
2026-03-28T11:50:00.0000000+02:00,3.357,
2026-03-28T12:00:00.0000000+02:00,3.358,
2026-03-28T12:10:00.0000000+02:00,3.359,
2026-03-28T12:20:00.0000000+02:00,3.364,
2026-03-28T12:30:00.0000000+02:00,3.365,
2026-03-28T12:40:00.0000000+02:00,3.365,
2026-03-28T12:50:00.0000000+02:00,3.369,
2026-03-28T13:00:00.0000000+02:00,3.356,
2026-03-28T13:10:00.0000000+02:00,3.359,
2026-03-28T13:20:00.0000000+02:00,3.359,
2026-03-28T13:30:00.0000000+02:00,3.359,
2026-03-28T13:40:00.0000000+02:00,3.362,
2026-03-28T13:50:00.0000000+02:00,3.352,
2026-03-28T14:00:00.0000000+02:00,3.356,
2026-03-28T14:10:00.0000000+02:00,3.358,
2026-03-28T14:20:00.0000000+02:00,3.356,
2026-03-28T14:30:00.0000000+02:00,3.368,
2026-03-28T14:40:00.0000000+02:00,3.366,
2026-03-28T14:50:00.0000000+02:00,3.362,
2026-03-28T15:00:00.0000000+02:00,3.366,
2026-03-28T15:10:00.0000000+02:00,3.366,
2026-03-28T15:20:00.0000000+02:00,3.365,
2026-03-28T15:30:00.0000000+02:00,3.364,
2026-03-28T15:40:00.0000000+02:00,3.367,
2026-03-28T15:50:00.0000000+02:00,3.366,
2026-03-28T16:00:00.0000000+02:00,3.371,
2026-03-28T16:10:00.0000000+02:00,3.366,
2026-03-28T16:20:00.0000000+02:00,3.367,
2026-03-28T16:30:00.0000000+02:00,3.369,
2026-03-28T16:40:00.0000000+02:00,3.368,
2026-03-28T16:50:00.0000000+02:00,3.368,
2026-03-28T17:00:00.0000000+02:00,3.37,
2026-03-28T17:10:00.0000000+02:00,3.37,
2026-03-28T17:20:00.0000000+02:00,3.363,
2026-03-28T17:30:00.0000000+02:00,3.369,
2026-03-28T17:40:00.0000000+02:00,3.367,
2026-03-28T17:50:00.0000000+02:00,3.372,
2026-03-28T18:00:00.0000000+02:00,3.371,
2026-03-28T18:10:00.0000000+02:00,3.363,
2026-03-28T18:20:00.0000000+02:00,3.363,
2026-03-28T18:30:00.0000000+02:00,3.362,
2026-03-28T18:40:00.0000000+02:00,3.366,
2026-03-28T18:50:00.0000000+02:00,3.373,
2026-03-28T19:00:00.0000000+02:00,3.365,
2026-03-28T19:10:00.0000000+02:00,3.368,
2026-03-28T19:20:00.0000000+02:00,3.373,
2026-03-28T19:30:00.0000000+02:00,3.367,
2026-03-28T19:40:00.0000000+02:00,3.366,
2026-03-28T19:50:00.0000000+02:00,3.369,
2026-03-28T20:00:00.0000000+02:00,3.369,
2026-03-28T20:10:00.0000000+02:00,3.363,
2026-03-28T20:20:00.0000000+02:00,3.364,
2026-03-28T20:30:00.0000000+02:00,3.365,
2026-03-28T20:40:00.0000000+02:00,3.372,
2026-03-28T20:50:00.0000000+02:00,3.365,
2026-03-28T21:00:00.0000000+02:00,3.374,
2026-03-28T21:10:00.0000000+02:00,3.365,
2026-03-28T21:20:00.0000000+02:00,3.369,
2026-03-28T21:30:00.0000000+02:00,3.37,
2026-03-28T21:40:00.0000000+02:00,3.36,
2026-03-28T21:50:00.0000000+02:00,3.364,
2026-03-28T22:00:00.0000000+02:00,3.37,
2026-03-28T22:10:00.0000000+02:00,3.368,
2026-03-28T22:20:00.0000000+02:00,3.366,
2026-03-28T22:30:00.0000000+02:00,3.365,
2026-03-28T22:40:00.0000000+02:00,3.363,
2026-03-28T22:50:00.0000000+02:00,3.358,
2026-03-28T23:00:00.0000000+02:00,3.367,
2026-03-28T23:10:00.0000000+02:00,3.361,
2026-03-28T23:20:00.0000000+02:00,3.36,
2026-03-28T23:30:00.0000000+02:00,3.367,
2026-03-28T23:40:00.0000000+02:00,3.37,
2026-03-28T23:50:00.0000000+02:00,3.366,
2026-03-29T00:00:00.0000000+02:00,3.367,
2026-03-29T00:10:00.0000000+02:00,3.365,
2026-03-29T00:20:00.0000000+02:00,3.365,
2026-03-29T00:30:00.0000000+02:00,3.367,
2026-03-29T00:40:00.0000000+02:00,3.362,
2026-03-29T00:50:00.0000000+02:00,3.366,
2026-03-29T01:00:00.0000000+02:00,3.366,
2026-03-29T01:10:00.0000000+02:00,3.37,
2026-03-29T01:20:00.0000000+02:00,3.369,
2026-03-29T01:30:00.0000000+02:00,3.367,
2026-03-29T01:40:00.0000000+02:00,3.368,
2026-03-29T01:50:00.0000000+02:00,3.372,
2026-03-29T02:00:00.0000000+02:00,3.37,
2026-03-29T02:10:00.0000000+02:00,3.371,
2026-03-29T02:20:00.0000000+02:00,3.364,
2026-03-29T02:30:00.0000000+02:00,3.366,
2026-03-29T02:40:00.0000000+02:00,3.37,
2026-03-29T02:50:00.0000000+02:00,3.365,
2026-03-29T03:00:00.0000000+02:00,3.366,
2026-03-29T03:10:00.0000000+02:00,3.366,
2026-03-29T03:20:00.0000000+02:00,3.365,
2026-03-29T03:30:00.0000000+02:00,3.361,
2026-03-29T03:40:00.0000000+02:00,3.367,
2026-03-29T03:50:00.0000000+02:00,3.367,
2026-03-29T04:00:00.0000000+02:00,3.371,
2026-03-29T04:10:00.0000000+02:00,3.37,
2026-03-29T04:20:00.0000000+02:00,3.369,
2026-03-29T04:30:00.0000000+02:00,3.373,
2026-03-29T04:40:00.0000000+02:00,3.36,
2026-03-29T04:50:00.0000000+02:00,3.369,
2026-03-29T05:00:00.0000000+02:00,3.368,
2026-03-29T05:10:00.0000000+02:00,3.365,
2026-03-29T05:20:00.0000000+02:00,3.359,
2026-03-29T05:30:00.0000000+02:00,3.365,
2026-03-29T05:40:00.0000000+02:00,3.361,
2026-03-29T05:50:00.0000000+02:00,3.364,
2026-03-29T06:00:00.0000000+02:00,3.359,
2026-03-29T06:10:00.0000000+02:00,3.361,
2026-03-29T06:20:00.0000000+02:00,3.364,
2026-03-29T06:30:00.0000000+02:00,3.361,
2026-03-29T06:40:00.0000000+02:00,3.367,
2026-03-29T06:50:00.0000000+02:00,3.361,
2026-03-29T07:00:00.0000000+02:00,3.362,
2026-03-29T07:10:00.0000000+02:00,3.365,
2026-03-29T07:20:00.0000000+02:00,3.359,
2026-03-29T07:30:00.0000000+02:00,3.369,
2026-03-29T07:40:00.0000000+02:00,3.368,
2026-03-29T07:50:00.0000000+02:00,3.371,
2026-03-29T08:00:00.0000000+02:00,3.37,
2026-03-29T08:10:00.0000000+02:00,3.371,
2026-03-29T08:20:00.0000000+02:00,3.364,
2026-03-29T08:30:00.0000000+02:00,3.357,
2026-03-29T08:40:00.0000000+02:00,3.366,
2026-03-29T08:50:00.0000000+02:00,3.369,
2026-03-29T09:00:00.0000000+02:00,3.368,
2026-03-29T09:10:00.0000000+02:00,3.363,
2026-03-29T09:20:00.0000000+02:00,3.37,
2026-03-29T09:30:00.0000000+02:00,3.367,
2026-03-29T09:40:00.0000000+02:00,3.36,
2026-03-29T09:50:00.0000000+02:00,3.363,
2026-03-29T10:00:00.0000000+02:00,3.366,
2026-03-29T10:10:00.0000000+02:00,3.36,
2026-03-29T10:20:00.0000000+02:00,3.368,
2026-03-29T10:30:00.0000000+02:00,3.364,
2026-03-29T10:40:00.0000000+02:00,3.363,
2026-03-29T10:50:00.0000000+02:00,3.368,
2026-03-29T11:00:00.0000000+02:00,3.363,
2026-03-29T11:10:00.0000000+02:00,3.372,
2026-03-29T11:20:00.0000000+02:00,3.368,
2026-03-29T11:30:00.0000000+02:00,3.373,
2026-03-29T11:40:00.0000000+02:00,3.365,
2026-03-29T11:50:00.0000000+02:00,3.37,
2026-03-29T12:00:00.0000000+02:00,3.371,
2026-03-29T12:10:00.0000000+02:00,3.374,
2026-03-29T12:20:00.0000000+02:00,3.369,
2026-03-29T12:30:00.0000000+02:00,3.374,
2026-03-29T12:40:00.0000000+02:00,3.367,
2026-03-29T12:50:00.0000000+02:00,3.367,
2026-03-29T13:00:00.0000000+02:00,3.37,
2026-03-29T13:10:00.0000000+02:00,3.368,
2026-03-29T13:20:00.0000000+02:00,3.368,
2026-03-29T13:30:00.0000000+02:00,3.37,
2026-03-29T13:40:00.0000000+02:00,3.374,
2026-03-29T13:50:00.0000000+02:00,3.37,
2026-03-29T14:00:00.0000000+02:00,3.372,
2026-03-29T14:10:00.0000000+02:00,3.377,
2026-03-29T14:20:00.0000000+02:00,3.373,
2026-03-29T14:30:00.0000000+02:00,3.372,
2026-03-29T14:40:00.0000000+02:00,3.367,
2026-03-29T14:50:00.0000000+02:00,3.371,
2026-03-29T15:00:00.0000000+02:00,3.375,
2026-03-29T15:10:00.0000000+02:00,3.375,
2026-03-29T15:20:00.0000000+02:00,3.368,
2026-03-29T15:30:00.0000000+02:00,3.37,
2026-03-29T15:40:00.0000000+02:00,3.37,
2026-03-29T15:50:00.0000000+02:00,3.379,
2026-03-29T16:00:00.0000000+02:00,3.375,
2026-03-29T16:10:00.0000000+02:00,3.373,
2026-03-29T16:20:00.0000000+02:00,3.371,
2026-03-29T16:30:00.0000000+02:00,3.376,
2026-03-29T16:40:00.0000000+02:00,3.377,
2026-03-29T16:50:00.0000000+02:00,3.377,
2026-03-29T17:00:00.0000000+02:00,3.37,
2026-03-29T17:10:00.0000000+02:00,3.372,
2026-03-29T17:20:00.0000000+02:00,3.377,
2026-03-29T17:30:00.0000000+02:00,3.371,
2026-03-29T17:40:00.0000000+02:00,3.375,
2026-03-29T17:50:00.0000000+02:00,3.371,
2026-03-29T18:00:00.0000000+02:00,3.374,
2026-03-29T18:10:00.0000000+02:00,3.38,
2026-03-29T18:20:00.0000000+02:00,3.372,
2026-03-29T18:30:00.0000000+02:00,3.375,
2026-03-29T18:40:00.0000000+02:00,3.371,
2026-03-29T18:50:00.0000000+02:00,3.372,
2026-03-29T19:00:00.0000000+02:00,3.372,
2026-03-29T19:10:00.0000000+02:00,3.374,
2026-03-29T19:20:00.0000000+02:00,3.367,
2026-03-29T19:30:00.0000000+02:00,3.367,
2026-03-29T19:40:00.0000000+02:00,3.367,
2026-03-29T19:50:00.0000000+02:00,3.369,
2026-03-29T20:00:00.0000000+02:00,3.369,
2026-03-29T20:10:00.0000000+02:00,3.372,
2026-03-29T20:20:00.0000000+02:00,3.375,
2026-03-29T20:30:00.0000000+02:00,3.369,
2026-03-29T20:40:00.0000000+02:00,3.373,
2026-03-29T20:50:00.0000000+02:00,3.369,
2026-03-29T21:00:00.0000000+02:00,3.369,
2026-03-29T21:10:00.0000000+02:00,3.369,
2026-03-29T21:20:00.0000000+02:00,3.372,
2026-03-29T21:30:00.0000000+02:00,3.373,
2026-03-29T21:40:00.0000000+02:00,3.364,
2026-03-29T21:50:00.0000000+02:00,3.368,
2026-03-29T22:00:00.0000000+02:00,3.366,
2026-03-29T22:10:00.0000000+02:00,3.372,
2026-03-29T22:20:00.0000000+02:00,3.365,
2026-03-29T22:30:00.0000000+02:00,3.367,
2026-03-29T22:40:00.0000000+02:00,3.372,
2026-03-29T22:50:00.0000000+02:00,3.363,
2026-03-29T23:00:00.0000000+02:00,3.368,
2026-03-29T23:10:00.0000000+02:00,3.373,
2026-03-29T23:20:00.0000000+02:00,3.372,
2026-03-29T23:30:00.0000000+02:00,3.367,
2026-03-29T23:40:00.0000000+02:00,3.362,
2026-03-29T23:50:00.0000000+02:00,3.37,
2026-03-30T00:00:00.0000000+02:00,3.37,
2026-03-30T00:10:00.0000000+02:00,3.364,
2026-03-30T00:20:00.0000000+02:00,3.369,
2026-03-30T00:30:00.0000000+02:00,3.37,
2026-03-30T00:40:00.0000000+02:00,3.371,
2026-03-30T00:50:00.0000000+02:00,3.365,
2026-03-30T01:00:00.0000000+02:00,3.367,
2026-03-30T01:10:00.0000000+02:00,3.364,
2026-03-30T01:20:00.0000000+02:00,3.368,
2026-03-30T01:30:00.0000000+02:00,3.371,
2026-03-30T01:40:00.0000000+02:00,3.369,
2026-03-30T01:50:00.0000000+02:00,3.37,
2026-03-30T02:00:00.0000000+02:00,3.375,
2026-03-30T02:10:00.0000000+02:00,3.368,
2026-03-30T02:20:00.0000000+02:00,3.372,
2026-03-30T02:30:00.0000000+02:00,3.368,
2026-03-30T02:40:00.0000000+02:00,3.374,
2026-03-30T02:50:00.0000000+02:00,3.369,
2026-03-30T03:00:00.0000000+02:00,3.367,
2026-03-30T03:10:00.0000000+02:00,3.374,
2026-03-30T03:20:00.0000000+02:00,3.365,
2026-03-30T03:30:00.0000000+02:00,3.369,
2026-03-30T03:40:00.0000000+02:00,3.367,
2026-03-30T03:50:00.0000000+02:00,3.364,
2026-03-30T04:00:00.0000000+02:00,3.372,
2026-03-30T04:10:00.0000000+02:00,3.37,
2026-03-30T04:20:00.0000000+02:00,3.365,
2026-03-30T04:30:00.0000000+02:00,3.367,
2026-03-30T04:40:00.0000000+02:00,3.361,
2026-03-30T04:50:00.0000000+02:00,3.371,
2026-03-30T05:00:00.0000000+02:00,3.368,
2026-03-30T05:10:00.0000000+02:00,3.365,
2026-03-30T05:20:00.0000000+02:00,3.368,
2026-03-30T05:30:00.0000000+02:00,3.37,
2026-03-30T05:40:00.0000000+02:00,3.373,
2026-03-30T05:50:00.0000000+02:00,3.368,
2026-03-30T06:00:00.0000000+02:00,3.367,
2026-03-30T06:10:00.0000000+02:00,3.37,
2026-03-30T06:20:00.0000000+02:00,3.366,
2026-03-30T06:30:00.0000000+02:00,3.368,
2026-03-30T06:40:00.0000000+02:00,3.367,
2026-03-30T06:50:00.0000000+02:00,3.373,
2026-03-30T07:00:00.0000000+02:00,3.367,
2026-03-30T07:10:00.0000000+02:00,3.37,
2026-03-30T07:20:00.0000000+02:00,3.362,
2026-03-30T07:30:00.0000000+02:00,3.364,
2026-03-30T07:40:00.0000000+02:00,3.366,
2026-03-30T07:50:00.0000000+02:00,3.368,
2026-03-30T08:00:00.0000000+02:00,3.365,
2026-03-30T08:10:00.0000000+02:00,3.367,
2026-03-30T08:20:00.0000000+02:00,3.37,
2026-03-30T08:30:00.0000000+02:00,3.364,
2026-03-30T08:40:00.0000000+02:00,3.367,
2026-03-30T08:50:00.0000000+02:00,3.365,
2026-03-30T09:00:00.0000000+02:00,3.366,
2026-03-30T09:10:00.0000000+02:00,3.367,
2026-03-30T09:20:00.0000000+02:00,3.369,
2026-03-30T09:30:00.0000000+02:00,3.364,
2026-03-30T09:40:00.0000000+02:00,3.367,
2026-03-30T09:50:00.0000000+02:00,3.371,
2026-03-30T10:00:00.0000000+02:00,3.372,
2026-03-30T10:10:00.0000000+02:00,3.371,
2026-03-30T10:20:00.0000000+02:00,3.368,
2026-03-30T10:30:00.0000000+02:00,3.366,
2026-03-30T10:40:00.0000000+02:00,3.368,
2026-03-30T10:50:00.0000000+02:00,3.37,
2026-03-30T11:00:00.0000000+02:00,3.362,
2026-03-30T11:10:00.0000000+02:00,3.373,
2026-03-30T11:20:00.0000000+02:00,3.368,
2026-03-30T11:30:00.0000000+02:00,3.355,
2026-03-30T11:40:00.0000000+02:00,3.365,
2026-03-30T11:50:00.0000000+02:00,3.373,
2026-03-30T12:00:00.0000000+02:00,3.37,
2026-03-30T12:10:00.0000000+02:00,3.371,
2026-03-30T12:20:00.0000000+02:00,3.377,
2026-03-30T12:30:00.0000000+02:00,3.372,
2026-03-30T12:40:00.0000000+02:00,3.373,
2026-03-30T12:50:00.0000000+02:00,3.374,
2026-03-30T13:00:00.0000000+02:00,3.369,
2026-03-30T13:10:00.0000000+02:00,3.372,
2026-03-30T13:20:00.0000000+02:00,3.368,
2026-03-30T13:30:00.0000000+02:00,3.37,
2026-03-30T13:40:00.0000000+02:00,3.366,
2026-03-30T13:50:00.0000000+02:00,3.369,
2026-03-30T14:00:00.0000000+02:00,3.368,
2026-03-30T14:10:00.0000000+02:00,3.364,
2026-03-30T14:20:00.0000000+02:00,3.363,
2026-03-30T14:30:00.0000000+02:00,3.369,
2026-03-30T14:40:00.0000000+02:00,3.369,
2026-03-30T14:50:00.0000000+02:00,3.368,
2026-03-30T15:00:00.0000000+02:00,3.365,
2026-03-30T15:10:00.0000000+02:00,3.338,
2026-03-30T15:20:00.0000000+02:00,3.339,
2026-03-30T15:30:00.0000000+02:00,3.342,
2026-03-30T15:40:00.0000000+02:00,3.35,
2026-03-30T15:50:00.0000000+02:00,3.358,
2026-03-30T16:00:00.0000000+02:00,3.359,
2026-03-30T16:10:00.0000000+02:00,3.355,
2026-03-30T16:20:00.0000000+02:00,3.357,
2026-03-30T16:30:00.0000000+02:00,3.358,
2026-03-30T16:40:00.0000000+02:00,3.366,
2026-03-30T16:50:00.0000000+02:00,3.358,
2026-03-30T17:00:00.0000000+02:00,3.363,
2026-03-30T17:10:00.0000000+02:00,3.361,
2026-03-30T17:20:00.0000000+02:00,3.358,
2026-03-30T17:30:00.0000000+02:00,3.363,
2026-03-30T17:40:00.0000000+02:00,3.361,
2026-03-30T17:50:00.0000000+02:00,3.363,
2026-03-30T18:00:00.0000000+02:00,3.357,
2026-03-30T18:10:00.0000000+02:00,3.358,
2026-03-30T18:20:00.0000000+02:00,3.368,
2026-03-30T18:30:00.0000000+02:00,3.365,
2026-03-30T18:40:00.0000000+02:00,3.365,
2026-03-30T18:50:00.0000000+02:00,3.366,
2026-03-30T19:00:00.0000000+02:00,3.372,
2026-03-30T19:10:00.0000000+02:00,3.362,
2026-03-30T19:20:00.0000000+02:00,3.362,
2026-03-30T19:30:00.0000000+02:00,3.365,
2026-03-30T19:40:00.0000000+02:00,3.368,
2026-03-30T19:50:00.0000000+02:00,3.368,
2026-03-30T20:00:00.0000000+02:00,3.367,
2026-03-30T20:10:00.0000000+02:00,3.36,
2026-03-30T20:20:00.0000000+02:00,3.363,
2026-03-30T20:30:00.0000000+02:00,3.358,
2026-03-30T20:40:00.0000000+02:00,3.362,
2026-03-30T20:50:00.0000000+02:00,3.368,
2026-03-30T21:00:00.0000000+02:00,3.361,
2026-03-30T21:10:00.0000000+02:00,3.362,
2026-03-30T21:20:00.0000000+02:00,3.361,
2026-03-30T21:30:00.0000000+02:00,3.363,
2026-03-30T21:40:00.0000000+02:00,3.36,
2026-03-30T21:50:00.0000000+02:00,3.365,
2026-03-30T22:00:00.0000000+02:00,3.365,
2026-03-30T22:10:00.0000000+02:00,3.365,
2026-03-30T22:20:00.0000000+02:00,3.36,
2026-03-30T22:30:00.0000000+02:00,3.364,
2026-03-30T22:40:00.0000000+02:00,3.359,
2026-03-30T22:50:00.0000000+02:00,3.366,
2026-03-30T23:00:00.0000000+02:00,3.368,
2026-03-30T23:10:00.0000000+02:00,3.368,
2026-03-30T23:20:00.0000000+02:00,3.362,
2026-03-30T23:30:00.0000000+02:00,3.362,
2026-03-30T23:40:00.0000000+02:00,3.361,
2026-03-30T23:50:00.0000000+02:00,3.363,
2026-03-31T00:00:00.0000000+02:00,3.365,
2026-03-31T00:10:00.0000000+02:00,3.36,
2026-03-31T00:20:00.0000000+02:00,3.363,
2026-03-31T00:30:00.0000000+02:00,3.368,
2026-03-31T00:40:00.0000000+02:00,3.371,
2026-03-31T00:50:00.0000000+02:00,3.37,
2026-03-31T01:00:00.0000000+02:00,3.364,
2026-03-31T01:10:00.0000000+02:00,3.367,
2026-03-31T01:20:00.0000000+02:00,3.357,
2026-03-31T01:30:00.0000000+02:00,3.364,
2026-03-31T01:40:00.0000000+02:00,3.358,
2026-03-31T01:50:00.0000000+02:00,3.358,
2026-03-31T02:00:00.0000000+02:00,3.363,
2026-03-31T02:10:00.0000000+02:00,3.362,
2026-03-31T02:20:00.0000000+02:00,3.36,
2026-03-31T02:30:00.0000000+02:00,3.362,
2026-03-31T02:40:00.0000000+02:00,3.354,
2026-03-31T02:50:00.0000000+02:00,3.357,
2026-03-31T03:00:00.0000000+02:00,3.358,
2026-03-31T03:10:00.0000000+02:00,3.356,
2026-03-31T03:20:00.0000000+02:00,3.361,
2026-03-31T03:30:00.0000000+02:00,3.362,
2026-03-31T03:40:00.0000000+02:00,3.36,
2026-03-31T03:50:00.0000000+02:00,3.361,
2026-03-31T04:00:00.0000000+02:00,3.358,
2026-03-31T04:10:00.0000000+02:00,3.357,
2026-03-31T04:20:00.0000000+02:00,3.364,
2026-03-31T04:30:00.0000000+02:00,3.357,
2026-03-31T04:40:00.0000000+02:00,3.359,
2026-03-31T04:50:00.0000000+02:00,3.361,
2026-03-31T05:00:00.0000000+02:00,3.356,
2026-03-31T05:10:00.0000000+02:00,3.36,
2026-03-31T05:20:00.0000000+02:00,3.358,
2026-03-31T05:30:00.0000000+02:00,3.36,
2026-03-31T05:40:00.0000000+02:00,3.353,
2026-03-31T05:50:00.0000000+02:00,3.364,
2026-03-31T06:00:00.0000000+02:00,3.357,
2026-03-31T06:10:00.0000000+02:00,3.359,
2026-03-31T06:20:00.0000000+02:00,3.367,
2026-03-31T06:30:00.0000000+02:00,3.366,
2026-03-31T06:40:00.0000000+02:00,3.367,
2026-03-31T06:50:00.0000000+02:00,3.363,
2026-03-31T07:00:00.0000000+02:00,3.362,
2026-03-31T07:10:00.0000000+02:00,3.36,
2026-03-31T07:20:00.0000000+02:00,3.361,
2026-03-31T07:30:00.0000000+02:00,3.36,
2026-03-31T07:40:00.0000000+02:00,3.359,
2026-03-31T07:50:00.0000000+02:00,3.353,
2026-03-31T08:00:00.0000000+02:00,3.351,
2026-03-31T08:10:00.0000000+02:00,3.356,
2026-03-31T08:20:00.0000000+02:00,3.356,
2026-03-31T08:30:00.0000000+02:00,3.359,
2026-03-31T08:40:00.0000000+02:00,3.359,
2026-03-31T08:50:00.0000000+02:00,3.359,
2026-03-31T09:00:00.0000000+02:00,3.355,
2026-03-31T09:10:00.0000000+02:00,3.354,
2026-03-31T09:20:00.0000000+02:00,3.353,
2026-03-31T09:30:00.0000000+02:00,3.354,
2026-03-31T09:40:00.0000000+02:00,3.357,
2026-03-31T09:50:00.0000000+02:00,3.365,
2026-03-31T10:00:00.0000000+02:00,3.361,
2026-03-31T10:10:00.0000000+02:00,3.363,
2026-03-31T10:20:00.0000000+02:00,3.36,
2026-03-31T10:30:00.0000000+02:00,3.36,
2026-03-31T10:40:00.0000000+02:00,3.359,
2026-03-31T10:50:00.0000000+02:00,3.361,
2026-03-31T11:00:00.0000000+02:00,3.363,
2026-03-31T11:10:00.0000000+02:00,3.367,
2026-03-31T11:20:00.0000000+02:00,3.363,
2026-03-31T11:30:00.0000000+02:00,3.357,
2026-03-31T11:40:00.0000000+02:00,3.365,
2026-03-31T11:50:00.0000000+02:00,3.362,
2026-03-31T12:00:00.0000000+02:00,3.36,
2026-03-31T12:10:00.0000000+02:00,3.356,
2026-03-31T12:20:00.0000000+02:00,3.36,
2026-03-31T12:30:00.0000000+02:00,3.365,
2026-03-31T12:40:00.0000000+02:00,3.368,
2026-03-31T12:50:00.0000000+02:00,3.359,
2026-03-31T13:00:00.0000000+02:00,3.363,
2026-03-31T13:10:00.0000000+02:00,3.363,
2026-03-31T13:20:00.0000000+02:00,3.363,
2026-03-31T13:30:00.0000000+02:00,3.363,
2026-03-31T13:40:00.0000000+02:00,3.355,
2026-03-31T13:50:00.0000000+02:00,3.359,
2026-03-31T14:00:00.0000000+02:00,3.36,
2026-03-31T14:10:00.0000000+02:00,3.356,
2026-03-31T14:20:00.0000000+02:00,3.357,
2026-03-31T14:30:00.0000000+02:00,3.36,
2026-03-31T14:40:00.0000000+02:00,3.331,
2026-03-31T14:50:00.0000000+02:00,3.344,
2026-03-31T15:00:00.0000000+02:00,3.359,
2026-03-31T15:10:00.0000000+02:00,3.352,
2026-03-31T15:20:00.0000000+02:00,3.356,
2026-03-31T15:30:00.0000000+02:00,3.362,
2026-03-31T15:40:00.0000000+02:00,3.357,
2026-03-31T15:50:00.0000000+02:00,3.367,
2026-03-31T16:00:00.0000000+02:00,3.365,
2026-03-31T16:10:00.0000000+02:00,3.363,
2026-03-31T16:20:00.0000000+02:00,3.362,
2026-03-31T16:30:00.0000000+02:00,3.37,
2026-03-31T16:40:00.0000000+02:00,3.365,
2026-03-31T16:50:00.0000000+02:00,3.369,
2026-03-31T17:00:00.0000000+02:00,3.371,
2026-03-31T17:10:00.0000000+02:00,3.369,
2026-03-31T17:20:00.0000000+02:00,3.368,
2026-03-31T17:30:00.0000000+02:00,3.368,
2026-03-31T17:40:00.0000000+02:00,3.365,
2026-03-31T17:50:00.0000000+02:00,3.359,
2026-03-31T18:00:00.0000000+02:00,3.364,
2026-03-31T18:10:00.0000000+02:00,3.362,
2026-03-31T18:20:00.0000000+02:00,3.366,
2026-03-31T18:30:00.0000000+02:00,3.361,
2026-03-31T18:40:00.0000000+02:00,3.361,
2026-03-31T18:50:00.0000000+02:00,3.366,
2026-03-31T19:00:00.0000000+02:00,3.362,
2026-03-31T19:10:00.0000000+02:00,3.365,
2026-03-31T19:20:00.0000000+02:00,3.361,
2026-03-31T19:30:00.0000000+02:00,3.363,
2026-03-31T19:40:00.0000000+02:00,3.368,
2026-03-31T19:50:00.0000000+02:00,3.366,
2026-03-31T20:00:00.0000000+02:00,3.364,
2026-03-31T20:10:00.0000000+02:00,3.366,
2026-03-31T20:20:00.0000000+02:00,3.361,
2026-03-31T20:30:00.0000000+02:00,3.364,
2026-03-31T20:40:00.0000000+02:00,3.358,
2026-03-31T20:50:00.0000000+02:00,3.355,
2026-03-31T21:00:00.0000000+02:00,3.365,
2026-03-31T21:10:00.0000000+02:00,3.364,
2026-03-31T21:20:00.0000000+02:00,3.363,
2026-03-31T21:30:00.0000000+02:00,3.358,
2026-03-31T21:40:00.0000000+02:00,3.367,
2026-03-31T21:50:00.0000000+02:00,3.363,
2026-03-31T22:00:00.0000000+02:00,3.36,
2026-03-31T22:10:00.0000000+02:00,3.361,
2026-03-31T22:20:00.0000000+02:00,3.362,
2026-03-31T22:30:00.0000000+02:00,3.364,
2026-03-31T22:40:00.0000000+02:00,3.361,
2026-03-31T22:50:00.0000000+02:00,3.36,
2026-03-31T23:00:00.0000000+02:00,3.365,
2026-03-31T23:10:00.0000000+02:00,3.362,
2026-03-31T23:20:00.0000000+02:00,3.361,
2026-03-31T23:30:00.0000000+02:00,3.361,
2026-03-31T23:40:00.0000000+02:00,3.364,
2026-03-31T23:50:00.0000000+02:00,3.365,
2026-04-01T00:00:00.0000000+02:00,3.359,
2026-04-01T00:10:00.0000000+02:00,3.36,
2026-04-01T00:20:00.0000000+02:00,3.363,
2026-04-01T00:30:00.0000000+02:00,3.361,
2026-04-01T00:40:00.0000000+02:00,3.36,
2026-04-01T00:50:00.0000000+02:00,3.364,
2026-04-01T01:00:00.0000000+02:00,3.357,
2026-04-01T01:10:00.0000000+02:00,3.366,
2026-04-01T01:20:00.0000000+02:00,3.356,
2026-04-01T01:30:00.0000000+02:00,3.359,
2026-04-01T01:40:00.0000000+02:00,3.356,
2026-04-01T01:50:00.0000000+02:00,3.36,
2026-04-01T02:00:00.0000000+02:00,3.361,
2026-04-01T02:10:00.0000000+02:00,3.355,
2026-04-01T02:20:00.0000000+02:00,3.355,
2026-04-01T02:30:00.0000000+02:00,3.359,
2026-04-01T02:40:00.0000000+02:00,3.35,
2026-04-01T02:50:00.0000000+02:00,3.355,
2026-04-01T03:00:00.0000000+02:00,3.355,
2026-04-01T03:10:00.0000000+02:00,3.351,
2026-04-01T03:20:00.0000000+02:00,3.355,
2026-04-01T03:30:00.0000000+02:00,3.357,
2026-04-01T03:40:00.0000000+02:00,3.361,
2026-04-01T03:50:00.0000000+02:00,3.352,
2026-04-01T04:00:00.0000000+02:00,3.35,
2026-04-01T04:10:00.0000000+02:00,3.359,
2026-04-01T04:20:00.0000000+02:00,3.36,
2026-04-01T04:30:00.0000000+02:00,3.359,
2026-04-01T04:40:00.0000000+02:00,3.36,
2026-04-01T04:50:00.0000000+02:00,3.352,
2026-04-01T05:00:00.0000000+02:00,3.359,
2026-04-01T05:10:00.0000000+02:00,3.364,
2026-04-01T05:20:00.0000000+02:00,3.358,
2026-04-01T05:30:00.0000000+02:00,3.353,
2026-04-01T05:40:00.0000000+02:00,3.354,
2026-04-01T05:50:00.0000000+02:00,3.342,
2026-04-01T06:00:00.0000000+02:00,3.356,
2026-04-01T06:10:00.0000000+02:00,3.358,
2026-04-01T06:20:00.0000000+02:00,3.36,
2026-04-01T06:30:00.0000000+02:00,3.355,
2026-04-01T06:40:00.0000000+02:00,3.356,
2026-04-01T06:50:00.0000000+02:00,3.362,
2026-04-01T07:00:00.0000000+02:00,3.361,
2026-04-01T07:10:00.0000000+02:00,3.355,
2026-04-01T07:20:00.0000000+02:00,3.357,
2026-04-01T07:30:00.0000000+02:00,3.356,
2026-04-01T07:40:00.0000000+02:00,3.355,
2026-04-01T07:50:00.0000000+02:00,3.354,
2026-04-01T08:00:00.0000000+02:00,3.338,
2026-04-01T08:10:00.0000000+02:00,3.351,
2026-04-01T08:20:00.0000000+02:00,3.353,
2026-04-01T08:30:00.0000000+02:00,3.353,
2026-04-01T08:40:00.0000000+02:00,3.354,
2026-04-01T08:50:00.0000000+02:00,3.358,
2026-04-01T09:00:00.0000000+02:00,3.358,
2026-04-01T09:10:00.0000000+02:00,3.352,
2026-04-01T09:20:00.0000000+02:00,3.354,
2026-04-01T09:30:00.0000000+02:00,3.349,
2026-04-01T09:40:00.0000000+02:00,3.35,
2026-04-01T09:50:00.0000000+02:00,3.348,
2026-04-01T10:00:00.0000000+02:00,3.347,
2026-04-01T10:10:00.0000000+02:00,3.349,
2026-04-01T10:20:00.0000000+02:00,3.351,
2026-04-01T10:30:00.0000000+02:00,3.348,
2026-04-01T10:40:00.0000000+02:00,3.352,
2026-04-01T10:50:00.0000000+02:00,3.35,
2026-04-01T11:00:00.0000000+02:00,3.344,
2026-04-01T11:10:00.0000000+02:00,3.348,
2026-04-01T11:20:00.0000000+02:00,3.349,
2026-04-01T11:30:00.0000000+02:00,3.353,
2026-04-01T11:40:00.0000000+02:00,3.351,
2026-04-01T11:50:00.0000000+02:00,3.348,
2026-04-01T12:00:00.0000000+02:00,3.356,
2026-04-01T12:10:00.0000000+02:00,3.352,
2026-04-01T12:20:00.0000000+02:00,3.348,
2026-04-01T12:30:00.0000000+02:00,3.347,
2026-04-01T12:40:00.0000000+02:00,3.358,
2026-04-01T12:50:00.0000000+02:00,3.354,
2026-04-01T13:00:00.0000000+02:00,3.354,
2026-04-01T13:10:00.0000000+02:00,3.349,
2026-04-01T13:20:00.0000000+02:00,3.358,
2026-04-01T13:30:00.0000000+02:00,3.36,
2026-04-01T13:40:00.0000000+02:00,3.359,
2026-04-01T13:50:00.0000000+02:00,3.356,
2026-04-01T14:00:00.0000000+02:00,3.353,
2026-04-01T14:10:00.0000000+02:00,3.357,
2026-04-01T14:20:00.0000000+02:00,3.346,
2026-04-01T14:30:00.0000000+02:00,3.351,
2026-04-01T14:40:00.0000000+02:00,3.347,
2026-04-01T14:50:00.0000000+02:00,3.354,
2026-04-01T15:00:00.0000000+02:00,3.359,
2026-04-01T15:10:00.0000000+02:00,3.357,
2026-04-01T15:20:00.0000000+02:00,3.353,
2026-04-01T15:30:00.0000000+02:00,3.361,
2026-04-01T15:40:00.0000000+02:00,3.355,
2026-04-01T15:50:00.0000000+02:00,3.352,
2026-04-01T16:00:00.0000000+02:00,3.346,
2026-04-01T16:10:00.0000000+02:00,3.355,
2026-04-01T16:20:00.0000000+02:00,3.355,
2026-04-01T16:30:00.0000000+02:00,3.347,
2026-04-01T16:40:00.0000000+02:00,3.346,
2026-04-01T16:50:00.0000000+02:00,3.354,
2026-04-01T17:00:00.0000000+02:00,3.35,
2026-04-01T17:10:00.0000000+02:00,3.353,
2026-04-01T17:20:00.0000000+02:00,3.342,
2026-04-01T17:30:00.0000000+02:00,3.339,
2026-04-01T17:40:00.0000000+02:00,3.34,
2026-04-01T17:50:00.0000000+02:00,3.334,
2026-04-01T18:00:00.0000000+02:00,3.336,
2026-04-01T18:10:00.0000000+02:00,3.345,
2026-04-01T18:20:00.0000000+02:00,3.349,
2026-04-01T18:30:00.0000000+02:00,3.356,
2026-04-01T18:40:00.0000000+02:00,3.35,
2026-04-01T18:50:00.0000000+02:00,3.353,
2026-04-01T19:00:00.0000000+02:00,3.35,
2026-04-01T19:10:00.0000000+02:00,3.352,
2026-04-01T19:20:00.0000000+02:00,3.352,
2026-04-01T19:30:00.0000000+02:00,3.351,
2026-04-01T19:40:00.0000000+02:00,3.342,
2026-04-01T19:50:00.0000000+02:00,3.347,
2026-04-01T20:00:00.0000000+02:00,3.351,
2026-04-01T20:10:00.0000000+02:00,3.35,
2026-04-01T20:20:00.0000000+02:00,3.353,
2026-04-01T20:30:00.0000000+02:00,3.35,
2026-04-01T20:40:00.0000000+02:00,3.354,
2026-04-01T20:50:00.0000000+02:00,3.353,
2026-04-01T21:00:00.0000000+02:00,3.346,
2026-04-01T21:10:00.0000000+02:00,3.348,
2026-04-01T21:20:00.0000000+02:00,3.347,
2026-04-01T21:30:00.0000000+02:00,3.353,
2026-04-01T21:40:00.0000000+02:00,3.346,
2026-04-01T21:50:00.0000000+02:00,3.347,
2026-04-01T22:00:00.0000000+02:00,3.351,
2026-04-01T22:10:00.0000000+02:00,3.342,
2026-04-01T22:20:00.0000000+02:00,3.347,
2026-04-01T22:30:00.0000000+02:00,3.346,
2026-04-01T22:40:00.0000000+02:00,3.351,
2026-04-01T22:50:00.0000000+02:00,3.344,
2026-04-01T23:00:00.0000000+02:00,3.353,
2026-04-01T23:10:00.0000000+02:00,3.349,
2026-04-01T23:20:00.0000000+02:00,3.351,
2026-04-01T23:30:00.0000000+02:00,3.35,
2026-04-01T23:40:00.0000000+02:00,3.348,
2026-04-01T23:50:00.0000000+02:00,3.349,
2026-04-02T00:00:00.0000000+02:00,3.339,
2026-04-02T00:10:00.0000000+02:00,3.35,
2026-04-02T00:20:00.0000000+02:00,3.354,
2026-04-02T00:30:00.0000000+02:00,3.353,
2026-04-02T00:40:00.0000000+02:00,3.345,
2026-04-02T00:50:00.0000000+02:00,3.345,
2026-04-02T01:00:00.0000000+02:00,3.346,
2026-04-02T01:10:00.0000000+02:00,3.352,
2026-04-02T01:20:00.0000000+02:00,3.347,
2026-04-02T01:30:00.0000000+02:00,3.346,
2026-04-02T01:40:00.0000000+02:00,3.344,
2026-04-02T01:50:00.0000000+02:00,3.344,
2026-04-02T02:00:00.0000000+02:00,3.344,
2026-04-02T02:10:00.0000000+02:00,3.342,
2026-04-02T02:20:00.0000000+02:00,3.343,
2026-04-02T02:30:00.0000000+02:00,3.344,
2026-04-02T02:40:00.0000000+02:00,3.341,
2026-04-02T02:50:00.0000000+02:00,3.345,
2026-04-02T03:00:00.0000000+02:00,3.347,
2026-04-02T03:10:00.0000000+02:00,3.345,
2026-04-02T03:20:00.0000000+02:00,3.349,
2026-04-02T03:30:00.0000000+02:00,3.347,
2026-04-02T03:40:00.0000000+02:00,3.338,
2026-04-02T03:50:00.0000000+02:00,3.341,
2026-04-02T04:00:00.0000000+02:00,3.336,
2026-04-02T04:10:00.0000000+02:00,3.339,
2026-04-02T04:20:00.0000000+02:00,3.337,
2026-04-02T04:30:00.0000000+02:00,3.336,
2026-04-02T04:40:00.0000000+02:00,3.339,
2026-04-02T04:50:00.0000000+02:00,3.336,
2026-04-02T05:00:00.0000000+02:00,3.336,
2026-04-02T05:10:00.0000000+02:00,3.341,
2026-04-02T05:20:00.0000000+02:00,3.346,
2026-04-02T05:30:00.0000000+02:00,3.343,
2026-04-02T05:40:00.0000000+02:00,3.342,
2026-04-02T05:50:00.0000000+02:00,3.339,
2026-04-02T06:00:00.0000000+02:00,3.342,
2026-04-02T06:10:00.0000000+02:00,3.344,
2026-04-02T06:20:00.0000000+02:00,3.337,
2026-04-02T06:30:00.0000000+02:00,3.34,
2026-04-02T06:40:00.0000000+02:00,3.339,
2026-04-02T06:50:00.0000000+02:00,3.342,
2026-04-02T07:00:00.0000000+02:00,3.339,
2026-04-02T07:10:00.0000000+02:00,3.337,
2026-04-02T07:20:00.0000000+02:00,3.333,
2026-04-02T07:30:00.0000000+02:00,3.334,
2026-04-02T07:40:00.0000000+02:00,3.329,
2026-04-02T07:50:00.0000000+02:00,3.331,
2026-04-02T08:00:00.0000000+02:00,3.337,
2026-04-02T08:10:00.0000000+02:00,3.326,
2026-04-02T08:20:00.0000000+02:00,3.33,
2026-04-02T08:30:00.0000000+02:00,3.333,
2026-04-02T08:40:00.0000000+02:00,3.337,
2026-04-02T08:50:00.0000000+02:00,3.328,
2026-04-02T09:00:00.0000000+02:00,3.335,
2026-04-02T09:10:00.0000000+02:00,3.34,
2026-04-02T09:20:00.0000000+02:00,3.336,
2026-04-02T09:30:00.0000000+02:00,3.332,
2026-04-02T09:40:00.0000000+02:00,3.333,
2026-04-02T09:50:00.0000000+02:00,3.341,
2026-04-02T10:00:00.0000000+02:00,3.335,
2026-04-02T10:10:00.0000000+02:00,3.333,
2026-04-02T10:20:00.0000000+02:00,3.337,
2026-04-02T10:30:00.0000000+02:00,3.336,
2026-04-02T10:40:00.0000000+02:00,3.332,
2026-04-02T10:50:00.0000000+02:00,3.334,
2026-04-02T11:00:00.0000000+02:00,3.341,
2026-04-02T11:10:00.0000000+02:00,3.336,
2026-04-02T11:20:00.0000000+02:00,3.332,
2026-04-02T11:30:00.0000000+02:00,3.331,
2026-04-02T11:40:00.0000000+02:00,3.329,
2026-04-02T11:50:00.0000000+02:00,3.329,
2026-04-02T12:00:00.0000000+02:00,3.335,
2026-04-02T12:10:00.0000000+02:00,3.326,
2026-04-02T12:20:00.0000000+02:00,3.34,
2026-04-02T12:30:00.0000000+02:00,3.336,
2026-04-02T12:40:00.0000000+02:00,3.334,
2026-04-02T12:50:00.0000000+02:00,3.335,
2026-04-02T13:00:00.0000000+02:00,3.333,
2026-04-02T13:10:00.0000000+02:00,3.333,
2026-04-02T13:20:00.0000000+02:00,3.336,
2026-04-02T13:30:00.0000000+02:00,3.339,
2026-04-02T13:40:00.0000000+02:00,3.341,
2026-04-02T13:50:00.0000000+02:00,3.34,
2026-04-02T14:00:00.0000000+02:00,3.341,
2026-04-02T14:10:00.0000000+02:00,3.337,
2026-04-02T14:20:00.0000000+02:00,3.334,
2026-04-02T14:30:00.0000000+02:00,3.338,
2026-04-02T14:40:00.0000000+02:00,3.346,
2026-04-02T14:50:00.0000000+02:00,3.337,
2026-04-02T15:00:00.0000000+02:00,3.336,
2026-04-02T15:10:00.0000000+02:00,3.336,
2026-04-02T15:20:00.0000000+02:00,3.336,
2026-04-02T15:30:00.0000000+02:00,3.336,
2026-04-02T15:40:00.0000000+02:00,3.334,
2026-04-02T15:50:00.0000000+02:00,3.332,
2026-04-02T16:00:00.0000000+02:00,3.336,
2026-04-02T16:10:00.0000000+02:00,3.329,
2026-04-02T16:20:00.0000000+02:00,3.327,
2026-04-02T16:30:00.0000000+02:00,3.331,
2026-04-02T16:40:00.0000000+02:00,3.332,
2026-04-02T16:50:00.0000000+02:00,3.331,
2026-04-02T17:00:00.0000000+02:00,3.328,
2026-04-02T17:10:00.0000000+02:00,3.323,
2026-04-02T17:20:00.0000000+02:00,3.324,
2026-04-02T17:30:00.0000000+02:00,3.324,
2026-04-02T17:40:00.0000000+02:00,3.324,
2026-04-02T17:50:00.0000000+02:00,3.326,
2026-04-02T18:00:00.0000000+02:00,3.322,
2026-04-02T18:10:00.0000000+02:00,3.325,
2026-04-02T18:20:00.0000000+02:00,3.317,
2026-04-02T18:30:00.0000000+02:00,3.319,
2026-04-02T18:40:00.0000000+02:00,3.315,
2026-04-02T18:50:00.0000000+02:00,3.313,
2026-04-02T19:00:00.0000000+02:00,3.318,
2026-04-02T19:10:00.0000000+02:00,3.322,
2026-04-02T19:20:00.0000000+02:00,3.325,
2026-04-02T19:30:00.0000000+02:00,3.323,
2026-04-02T19:40:00.0000000+02:00,3.321,
2026-04-02T19:50:00.0000000+02:00,3.324,
2026-04-02T20:00:00.0000000+02:00,3.322,
2026-04-02T20:10:00.0000000+02:00,3.322,
2026-04-02T20:20:00.0000000+02:00,3.322,
2026-04-02T20:30:00.0000000+02:00,3.318,
2026-04-02T20:40:00.0000000+02:00,3.32,
2026-04-02T20:50:00.0000000+02:00,3.311,
2026-04-02T21:00:00.0000000+02:00,3.322,
2026-04-02T21:10:00.0000000+02:00,3.321,
2026-04-02T21:20:00.0000000+02:00,3.316,
2026-04-02T21:30:00.0000000+02:00,3.317,
2026-04-02T21:40:00.0000000+02:00,3.321,
2026-04-02T21:50:00.0000000+02:00,3.317,
2026-04-02T22:00:00.0000000+02:00,3.312,
2026-04-02T22:10:00.0000000+02:00,3.319,
2026-04-02T22:20:00.0000000+02:00,3.32,
2026-04-02T22:30:00.0000000+02:00,3.324,
2026-04-02T22:40:00.0000000+02:00,3.321,
2026-04-02T22:50:00.0000000+02:00,3.319,
2026-04-02T23:00:00.0000000+02:00,3.321,
2026-04-02T23:10:00.0000000+02:00,3.318,
2026-04-02T23:20:00.0000000+02:00,3.32,
2026-04-02T23:30:00.0000000+02:00,3.322,
2026-04-02T23:40:00.0000000+02:00,3.321,
2026-04-02T23:50:00.0000000+02:00,3.315,
2026-04-03T00:00:00.0000000+02:00,3.317,
2026-04-03T00:10:00.0000000+02:00,3.307,
2026-04-03T00:20:00.0000000+02:00,3.312,
2026-04-03T00:30:00.0000000+02:00,3.318,
2026-04-03T00:40:00.0000000+02:00,3.316,
2026-04-03T00:50:00.0000000+02:00,3.314,
2026-04-03T01:00:00.0000000+02:00,3.319,
2026-04-03T01:10:00.0000000+02:00,3.315,
2026-04-03T01:20:00.0000000+02:00,3.319,
2026-04-03T01:30:00.0000000+02:00,3.313,
2026-04-03T01:40:00.0000000+02:00,3.314,
2026-04-03T01:50:00.0000000+02:00,3.311,
2026-04-03T02:00:00.0000000+02:00,3.313,
2026-04-03T02:10:00.0000000+02:00,3.311,
2026-04-03T02:20:00.0000000+02:00,3.315,
2026-04-03T02:30:00.0000000+02:00,3.318,
2026-04-03T02:40:00.0000000+02:00,3.313,
2026-04-03T02:50:00.0000000+02:00,3.312,
2026-04-03T03:00:00.0000000+02:00,3.309,
2026-04-03T03:10:00.0000000+02:00,3.311,
2026-04-03T03:20:00.0000000+02:00,3.311,
2026-04-03T03:30:00.0000000+02:00,3.312,
2026-04-03T03:40:00.0000000+02:00,3.316,
2026-04-03T03:50:00.0000000+02:00,3.313,
2026-04-03T04:00:00.0000000+02:00,3.313,
2026-04-03T04:10:00.0000000+02:00,3.311,
2026-04-03T04:20:00.0000000+02:00,3.308,
2026-04-03T04:30:00.0000000+02:00,3.308,
2026-04-03T04:40:00.0000000+02:00,3.309,
2026-04-03T04:50:00.0000000+02:00,3.304,
2026-04-03T05:00:00.0000000+02:00,3.309,
2026-04-03T05:10:00.0000000+02:00,3.31,
2026-04-03T05:20:00.0000000+02:00,3.301,
2026-04-03T05:30:00.0000000+02:00,3.305,
2026-04-03T05:40:00.0000000+02:00,3.31,
2026-04-03T05:50:00.0000000+02:00,3.304,
2026-04-03T06:00:00.0000000+02:00,3.302,
2026-04-03T06:10:00.0000000+02:00,3.308,
2026-04-03T06:20:00.0000000+02:00,3.311,
2026-04-03T06:30:00.0000000+02:00,3.3,
2026-04-03T06:40:00.0000000+02:00,3.312,
2026-04-03T06:50:00.0000000+02:00,3.306,
2026-04-03T07:00:00.0000000+02:00,3.306,
2026-04-03T07:10:00.0000000+02:00,3.308,
2026-04-03T07:20:00.0000000+02:00,3.302,
2026-04-03T07:30:00.0000000+02:00,3.3,
2026-04-03T07:40:00.0000000+02:00,3.302,
2026-04-03T07:50:00.0000000+02:00,3.3,
2026-04-03T08:00:00.0000000+02:00,3.3,
2026-04-03T08:10:00.0000000+02:00,3.304,
2026-04-03T08:20:00.0000000+02:00,3.302,
2026-04-03T08:30:00.0000000+02:00,3.298,
2026-04-03T08:40:00.0000000+02:00,3.299,
2026-04-03T08:50:00.0000000+02:00,3.298,
2026-04-03T09:00:00.0000000+02:00,3.302,
2026-04-03T09:10:00.0000000+02:00,3.299,
2026-04-03T09:20:00.0000000+02:00,3.3,
2026-04-03T09:30:00.0000000+02:00,3.295,
2026-04-03T09:40:00.0000000+02:00,3.3,
2026-04-03T09:50:00.0000000+02:00,3.294,
2026-04-03T10:00:00.0000000+02:00,3.298,
2026-04-03T10:10:00.0000000+02:00,3.297,
2026-04-03T10:20:00.0000000+02:00,3.301,
2026-04-03T10:30:00.0000000+02:00,3.295,
2026-04-03T10:40:00.0000000+02:00,3.288,
2026-04-03T10:50:00.0000000+02:00,3.3,
2026-04-03T11:00:00.0000000+02:00,3.283,
2026-04-03T11:10:00.0000000+02:00,3.284,
2026-04-03T11:20:00.0000000+02:00,3.28,
2026-04-03T11:30:00.0000000+02:00,3.295,
2026-04-03T11:40:00.0000000+02:00,3.29,
2026-04-03T11:50:00.0000000+02:00,3.286,
2026-04-03T12:00:00.0000000+02:00,3.294,
2026-04-03T12:10:00.0000000+02:00,3.294,
2026-04-03T12:20:00.0000000+02:00,3.292,
2026-04-03T12:30:00.0000000+02:00,3.288,
2026-04-03T12:40:00.0000000+02:00,3.279,
2026-04-03T12:50:00.0000000+02:00,3.289,
2026-04-03T13:00:00.0000000+02:00,3.297,
2026-04-03T13:10:00.0000000+02:00,3.297,
2026-04-03T13:20:00.0000000+02:00,3.295,
2026-04-03T13:30:00.0000000+02:00,3.295,
2026-04-03T13:40:00.0000000+02:00,3.299,
2026-04-03T13:50:00.0000000+02:00,3.299,
2026-04-03T14:00:00.0000000+02:00,3.289,
2026-04-03T14:10:00.0000000+02:00,3.288,
2026-04-03T14:20:00.0000000+02:00,3.288,
2026-04-03T14:30:00.0000000+02:00,3.291,
2026-04-03T14:40:00.0000000+02:00,3.287,
2026-04-03T14:50:00.0000000+02:00,3.287,
2026-04-03T15:00:00.0000000+02:00,3.282,
2026-04-03T15:10:00.0000000+02:00,3.288,
2026-04-03T15:20:00.0000000+02:00,3.281,
2026-04-03T15:30:00.0000000+02:00,3.28,
2026-04-03T15:40:00.0000000+02:00,3.283,
2026-04-03T15:50:00.0000000+02:00,3.287,
2026-04-03T16:00:00.0000000+02:00,3.288,
2026-04-03T16:10:00.0000000+02:00,3.286,
2026-04-03T16:20:00.0000000+02:00,3.29,
2026-04-03T16:30:00.0000000+02:00,3.294,
2026-04-03T16:40:00.0000000+02:00,3.283,
2026-04-03T16:50:00.0000000+02:00,3.292,
2026-04-03T17:00:00.0000000+02:00,3.289,
2026-04-03T17:10:00.0000000+02:00,3.29,
2026-04-03T17:20:00.0000000+02:00,3.295,
2026-04-03T17:30:00.0000000+02:00,3.291,
2026-04-03T17:40:00.0000000+02:00,3.294,
2026-04-03T17:50:00.0000000+02:00,3.29,
2026-04-03T18:00:00.0000000+02:00,3.295,
2026-04-03T18:10:00.0000000+02:00,3.291,
2026-04-03T18:20:00.0000000+02:00,3.288,
2026-04-03T18:30:00.0000000+02:00,3.286,
2026-04-03T18:40:00.0000000+02:00,3.288,
2026-04-03T18:50:00.0000000+02:00,3.288,
2026-04-03T19:00:00.0000000+02:00,3.28,
2026-04-03T19:10:00.0000000+02:00,3.286,
2026-04-03T19:20:00.0000000+02:00,3.29,
2026-04-03T19:30:00.0000000+02:00,3.284,
2026-04-03T19:40:00.0000000+02:00,3.289,
2026-04-03T19:50:00.0000000+02:00,3.284,
2026-04-03T20:00:00.0000000+02:00,3.282,
2026-04-03T20:10:00.0000000+02:00,3.279,
2026-04-03T20:20:00.0000000+02:00,3.286,
2026-04-03T20:30:00.0000000+02:00,3.289,
2026-04-03T20:40:00.0000000+02:00,3.286,
2026-04-03T20:50:00.0000000+02:00,3.286,
2026-04-03T21:00:00.0000000+02:00,3.289,
2026-04-03T21:10:00.0000000+02:00,3.281,
2026-04-03T21:20:00.0000000+02:00,3.288,
2026-04-03T21:30:00.0000000+02:00,3.285,
2026-04-03T21:40:00.0000000+02:00,3.289,
2026-04-03T21:50:00.0000000+02:00,3.286,
2026-04-03T22:00:00.0000000+02:00,3.293,
2026-04-03T22:10:00.0000000+02:00,3.288,
2026-04-03T22:20:00.0000000+02:00,3.282,
2026-04-03T22:30:00.0000000+02:00,3.284,
2026-04-03T22:40:00.0000000+02:00,3.289,
2026-04-03T22:50:00.0000000+02:00,3.282,
2026-04-03T23:00:00.0000000+02:00,3.284,
2026-04-03T23:10:00.0000000+02:00,3.285,
2026-04-03T23:20:00.0000000+02:00,3.282,
2026-04-03T23:30:00.0000000+02:00,3.281,
2026-04-03T23:40:00.0000000+02:00,3.28,
2026-04-03T23:50:00.0000000+02:00,3.278,
2026-04-04T00:00:00.0000000+02:00,3.283,
2026-04-04T00:10:00.0000000+02:00,3.281,
2026-04-04T00:20:00.0000000+02:00,3.285,
2026-04-04T00:30:00.0000000+02:00,3.278,
2026-04-04T00:40:00.0000000+02:00,3.278,
2026-04-04T00:50:00.0000000+02:00,3.281,
2026-04-04T01:00:00.0000000+02:00,3.278,
2026-04-04T01:10:00.0000000+02:00,3.279,
2026-04-04T01:20:00.0000000+02:00,3.284,
2026-04-04T01:30:00.0000000+02:00,3.279,
2026-04-04T01:40:00.0000000+02:00,3.279,
2026-04-04T01:50:00.0000000+02:00,3.281,
2026-04-04T02:00:00.0000000+02:00,3.279,
2026-04-04T02:10:00.0000000+02:00,3.277,
2026-04-04T02:20:00.0000000+02:00,3.279,
2026-04-04T02:30:00.0000000+02:00,3.278,
2026-04-04T02:40:00.0000000+02:00,3.283,
2026-04-04T02:50:00.0000000+02:00,3.275,
2026-04-04T03:00:00.0000000+02:00,3.279,
2026-04-04T03:10:00.0000000+02:00,3.282,
2026-04-04T03:20:00.0000000+02:00,3.273,
2026-04-04T03:30:00.0000000+02:00,3.275,
2026-04-04T03:40:00.0000000+02:00,3.279,
2026-04-04T03:50:00.0000000+02:00,3.279,
2026-04-04T04:00:00.0000000+02:00,3.274,
2026-04-04T04:10:00.0000000+02:00,3.276,
2026-04-04T04:20:00.0000000+02:00,3.275,
2026-04-04T04:30:00.0000000+02:00,3.274,
2026-04-04T04:40:00.0000000+02:00,3.279,
2026-04-04T04:50:00.0000000+02:00,3.279,
2026-04-04T05:00:00.0000000+02:00,3.278,
2026-04-04T05:10:00.0000000+02:00,3.276,
2026-04-04T05:20:00.0000000+02:00,3.278,
2026-04-04T05:30:00.0000000+02:00,3.275,
2026-04-04T05:40:00.0000000+02:00,3.279,
2026-04-04T05:50:00.0000000+02:00,3.271,
2026-04-04T06:00:00.0000000+02:00,3.275,
2026-04-04T06:10:00.0000000+02:00,3.278,
2026-04-04T06:20:00.0000000+02:00,3.278,
2026-04-04T06:30:00.0000000+02:00,3.281,
2026-04-04T06:40:00.0000000+02:00,3.282,
2026-04-04T06:50:00.0000000+02:00,3.276,
2026-04-04T07:00:00.0000000+02:00,3.276,
2026-04-04T07:10:00.0000000+02:00,3.276,
2026-04-04T07:20:00.0000000+02:00,3.272,
2026-04-04T07:30:00.0000000+02:00,3.277,
2026-04-04T07:40:00.0000000+02:00,3.273,
2026-04-04T07:50:00.0000000+02:00,3.264,
2026-04-04T08:00:00.0000000+02:00,3.267,
2026-04-04T08:10:00.0000000+02:00,3.274,
2026-04-04T08:20:00.0000000+02:00,3.268,
2026-04-04T08:30:00.0000000+02:00,3.267,
2026-04-04T08:40:00.0000000+02:00,3.262,
2026-04-04T08:50:00.0000000+02:00,3.263,
2026-04-04T09:00:00.0000000+02:00,3.263,
2026-04-04T09:10:00.0000000+02:00,3.274,
2026-04-04T09:20:00.0000000+02:00,3.273,
2026-04-04T09:30:00.0000000+02:00,3.275,
2026-04-04T09:40:00.0000000+02:00,3.275,
2026-04-04T09:50:00.0000000+02:00,3.275,
2026-04-04T10:00:00.0000000+02:00,3.28,
2026-04-04T10:10:00.0000000+02:00,3.282,
2026-04-04T10:20:00.0000000+02:00,3.281,
2026-04-04T10:30:00.0000000+02:00,3.281,
2026-04-04T10:40:00.0000000+02:00,3.274,
2026-04-04T10:50:00.0000000+02:00,3.267,
2026-04-04T11:00:00.0000000+02:00,3.263,
2026-04-04T11:10:00.0000000+02:00,3.268,
2026-04-04T11:20:00.0000000+02:00,3.267,
2026-04-04T11:30:00.0000000+02:00,3.262,
2026-04-04T11:40:00.0000000+02:00,3.266,
2026-04-04T11:50:00.0000000+02:00,3.26,
2026-04-04T12:00:00.0000000+02:00,3.259,
2026-04-04T12:10:00.0000000+02:00,3.256,
2026-04-04T12:20:00.0000000+02:00,3.263,
2026-04-04T12:30:00.0000000+02:00,3.262,
2026-04-04T12:40:00.0000000+02:00,3.257,
2026-04-04T12:50:00.0000000+02:00,3.255,
2026-04-04T13:00:00.0000000+02:00,3.254,
2026-04-04T13:10:00.0000000+02:00,3.271,
2026-04-04T13:20:00.0000000+02:00,3.27,
2026-04-04T13:30:00.0000000+02:00,3.269,
2026-04-04T13:40:00.0000000+02:00,3.267,
2026-04-04T13:50:00.0000000+02:00,3.272,
2026-04-04T14:00:00.0000000+02:00,3.262,
2026-04-04T14:10:00.0000000+02:00,3.27,
2026-04-04T14:20:00.0000000+02:00,3.271,
2026-04-04T14:30:00.0000000+02:00,3.268,
2026-04-04T14:40:00.0000000+02:00,3.267,
2026-04-04T14:50:00.0000000+02:00,3.264,
2026-04-04T15:00:00.0000000+02:00,3.267,
2026-04-04T15:10:00.0000000+02:00,3.262,
2026-04-04T15:20:00.0000000+02:00,3.262,
2026-04-04T15:30:00.0000000+02:00,3.261,
2026-04-04T15:40:00.0000000+02:00,3.255,
2026-04-04T15:50:00.0000000+02:00,3.264,
2026-04-04T16:00:00.0000000+02:00,3.257,
2026-04-04T16:10:00.0000000+02:00,3.26,
2026-04-04T16:20:00.0000000+02:00,3.265,
2026-04-04T16:30:00.0000000+02:00,3.266,
2026-04-04T16:40:00.0000000+02:00,3.259,
2026-04-04T16:50:00.0000000+02:00,3.265,
2026-04-04T17:00:00.0000000+02:00,3.269,
2026-04-04T17:10:00.0000000+02:00,3.264,
2026-04-04T17:20:00.0000000+02:00,3.262,
2026-04-04T17:30:00.0000000+02:00,3.261,
2026-04-04T17:40:00.0000000+02:00,3.263,
2026-04-04T17:50:00.0000000+02:00,3.257,
2026-04-04T18:00:00.0000000+02:00,3.261,
2026-04-04T18:10:00.0000000+02:00,3.259,
2026-04-04T18:20:00.0000000+02:00,3.259,
2026-04-04T18:30:00.0000000+02:00,3.255,
2026-04-04T18:40:00.0000000+02:00,3.259,
2026-04-04T18:50:00.0000000+02:00,3.264,
2026-04-04T19:00:00.0000000+02:00,3.262,
2026-04-04T19:10:00.0000000+02:00,3.262,
2026-04-04T19:20:00.0000000+02:00,3.258,
2026-04-04T19:30:00.0000000+02:00,3.259,
2026-04-04T19:40:00.0000000+02:00,3.262,
2026-04-04T19:50:00.0000000+02:00,3.257,
2026-04-04T20:00:00.0000000+02:00,3.256,
2026-04-04T20:10:00.0000000+02:00,3.258,
2026-04-04T20:20:00.0000000+02:00,3.253,
2026-04-04T20:30:00.0000000+02:00,3.255,
2026-04-04T20:40:00.0000000+02:00,3.255,
2026-04-04T20:50:00.0000000+02:00,3.252,
2026-04-04T21:00:00.0000000+02:00,3.257,
2026-04-04T21:10:00.0000000+02:00,3.254,
2026-04-04T21:20:00.0000000+02:00,3.255,
2026-04-04T21:30:00.0000000+02:00,3.255,
2026-04-04T21:40:00.0000000+02:00,3.254,
2026-04-04T21:50:00.0000000+02:00,3.253,
2026-04-04T22:00:00.0000000+02:00,3.251,
2026-04-04T22:10:00.0000000+02:00,3.254,
2026-04-04T22:20:00.0000000+02:00,3.252,
2026-04-04T22:30:00.0000000+02:00,3.245,
2026-04-04T22:40:00.0000000+02:00,3.251,
2026-04-04T22:50:00.0000000+02:00,3.248,
2026-04-04T23:00:00.0000000+02:00,3.248,
2026-04-04T23:10:00.0000000+02:00,3.246,
2026-04-04T23:20:00.0000000+02:00,3.253,
2026-04-04T23:30:00.0000000+02:00,3.254,
2026-04-04T23:40:00.0000000+02:00,3.253,
2026-04-04T23:50:00.0000000+02:00,3.252,
2026-04-05T00:00:00.0000000+02:00,3.251,
2026-04-05T00:10:00.0000000+02:00,3.247,
2026-04-05T00:20:00.0000000+02:00,3.248,
2026-04-05T00:30:00.0000000+02:00,3.253,
2026-04-05T00:40:00.0000000+02:00,3.249,
2026-04-05T00:50:00.0000000+02:00,3.251,
2026-04-05T01:00:00.0000000+02:00,3.249,
2026-04-05T01:10:00.0000000+02:00,3.252,
2026-04-05T01:20:00.0000000+02:00,3.247,
2026-04-05T01:30:00.0000000+02:00,3.253,
2026-04-05T01:40:00.0000000+02:00,3.248,
2026-04-05T01:50:00.0000000+02:00,3.249,
2026-04-05T02:00:00.0000000+02:00,3.243,
2026-04-05T02:10:00.0000000+02:00,3.249,
2026-04-05T02:20:00.0000000+02:00,3.247,
2026-04-05T02:30:00.0000000+02:00,3.248,
2026-04-05T02:40:00.0000000+02:00,3.247,
2026-04-05T02:50:00.0000000+02:00,3.244,
2026-04-05T03:00:00.0000000+02:00,3.247,
2026-04-05T03:10:00.0000000+02:00,3.246,
2026-04-05T03:20:00.0000000+02:00,3.25,
2026-04-05T03:30:00.0000000+02:00,3.248,
2026-04-05T03:40:00.0000000+02:00,3.246,
2026-04-05T03:50:00.0000000+02:00,3.25,
2026-04-05T04:00:00.0000000+02:00,3.241,
2026-04-05T04:10:00.0000000+02:00,3.248,
2026-04-05T04:20:00.0000000+02:00,3.246,
2026-04-05T04:30:00.0000000+02:00,3.245,
2026-04-05T04:40:00.0000000+02:00,3.245,
2026-04-05T04:50:00.0000000+02:00,3.246,
2026-04-05T05:00:00.0000000+02:00,3.238,
2026-04-05T05:10:00.0000000+02:00,3.25,
2026-04-05T05:20:00.0000000+02:00,3.243,
2026-04-05T05:30:00.0000000+02:00,3.243,
2026-04-05T05:40:00.0000000+02:00,3.24,
2026-04-05T05:50:00.0000000+02:00,3.237,
2026-04-05T06:00:00.0000000+02:00,3.241,
2026-04-05T06:10:00.0000000+02:00,3.235,
2026-04-05T06:20:00.0000000+02:00,3.238,
2026-04-05T06:30:00.0000000+02:00,3.235,
2026-04-05T06:40:00.0000000+02:00,3.237,
2026-04-05T06:50:00.0000000+02:00,3.238,
2026-04-05T07:00:00.0000000+02:00,3.234,
2026-04-05T07:10:00.0000000+02:00,3.234,
2026-04-05T07:20:00.0000000+02:00,3.231,
2026-04-05T07:30:00.0000000+02:00,3.24,
2026-04-05T07:40:00.0000000+02:00,3.233,
2026-04-05T07:50:00.0000000+02:00,3.235,
2026-04-05T08:00:00.0000000+02:00,3.239,
2026-04-05T08:10:00.0000000+02:00,3.229,
2026-04-05T08:20:00.0000000+02:00,3.24,
2026-04-05T08:30:00.0000000+02:00,3.239,
2026-04-05T08:40:00.0000000+02:00,3.237,
2026-04-05T08:50:00.0000000+02:00,3.234,
2026-04-05T09:00:00.0000000+02:00,3.233,
2026-04-05T09:10:00.0000000+02:00,3.225,
2026-04-05T09:20:00.0000000+02:00,3.236,
2026-04-05T09:30:00.0000000+02:00,3.226,
2026-04-05T09:40:00.0000000+02:00,3.234,
2026-04-05T09:50:00.0000000+02:00,3.237,
2026-04-05T10:00:00.0000000+02:00,3.239,
2026-04-05T10:10:00.0000000+02:00,3.227,
2026-04-05T10:20:00.0000000+02:00,3.233,
2026-04-05T10:30:00.0000000+02:00,3.23,
2026-04-05T10:40:00.0000000+02:00,3.234,
2026-04-05T10:50:00.0000000+02:00,3.229,
2026-04-05T11:00:00.0000000+02:00,3.233,
2026-04-05T11:10:00.0000000+02:00,3.225,
2026-04-05T11:20:00.0000000+02:00,3.227,
2026-04-05T11:30:00.0000000+02:00,3.227,
2026-04-05T11:40:00.0000000+02:00,3.227,
2026-04-05T11:50:00.0000000+02:00,3.227,
2026-04-05T12:00:00.0000000+02:00,3.229,
2026-04-05T12:10:00.0000000+02:00,3.224,
2026-04-05T12:20:00.0000000+02:00,3.222,
2026-04-05T12:30:00.0000000+02:00,3.222,
2026-04-05T12:40:00.0000000+02:00,3.215,
2026-04-05T12:50:00.0000000+02:00,3.213,
2026-04-05T13:00:00.0000000+02:00,3.204,
2026-04-05T13:10:00.0000000+02:00,3.221,
2026-04-05T13:20:00.0000000+02:00,3.213,
2026-04-05T13:30:00.0000000+02:00,3.212,
2026-04-05T13:40:00.0000000+02:00,3.212,
2026-04-05T13:50:00.0000000+02:00,3.216,
2026-04-05T14:00:00.0000000+02:00,3.209,
2026-04-05T14:10:00.0000000+02:00,3.208,
2026-04-05T14:20:00.0000000+02:00,3.216,
2026-04-05T14:30:00.0000000+02:00,3.23,
2026-04-05T14:40:00.0000000+02:00,3.233,
2026-04-05T14:50:00.0000000+02:00,3.233,
2026-04-05T15:00:00.0000000+02:00,3.227,
2026-04-05T15:10:00.0000000+02:00,3.235,
2026-04-05T15:20:00.0000000+02:00,3.235,
2026-04-05T15:30:00.0000000+02:00,3.228,
2026-04-05T15:40:00.0000000+02:00,3.233,
2026-04-05T15:50:00.0000000+02:00,3.232,
2026-04-05T16:00:00.0000000+02:00,3.229,
2026-04-05T16:10:00.0000000+02:00,3.234,
2026-04-05T16:20:00.0000000+02:00,3.232,
2026-04-05T16:30:00.0000000+02:00,3.23,
2026-04-05T16:40:00.0000000+02:00,3.226,
2026-04-05T16:50:00.0000000+02:00,3.228,
2026-04-05T17:00:00.0000000+02:00,3.233,
2026-04-05T17:10:00.0000000+02:00,3.229,
2026-04-05T17:20:00.0000000+02:00,3.234,
2026-04-05T17:30:00.0000000+02:00,3.237,
2026-04-05T17:40:00.0000000+02:00,3.232,
2026-04-05T17:50:00.0000000+02:00,3.235,
2026-04-05T18:00:00.0000000+02:00,3.234,
2026-04-05T18:10:00.0000000+02:00,3.227,
2026-04-05T18:20:00.0000000+02:00,3.229,
2026-04-05T18:30:00.0000000+02:00,3.231,
2026-04-05T18:40:00.0000000+02:00,3.23,
2026-04-05T18:50:00.0000000+02:00,3.227,
2026-04-05T19:00:00.0000000+02:00,3.227,
2026-04-05T19:10:00.0000000+02:00,3.225,
2026-04-05T19:20:00.0000000+02:00,3.225,
2026-04-05T19:30:00.0000000+02:00,3.232,
2026-04-05T19:40:00.0000000+02:00,3.229,
2026-04-05T19:50:00.0000000+02:00,3.228,
2026-04-05T20:00:00.0000000+02:00,3.226,
2026-04-05T20:10:00.0000000+02:00,3.225,
2026-04-05T20:20:00.0000000+02:00,3.23,
2026-04-05T20:30:00.0000000+02:00,3.224,
2026-04-05T20:40:00.0000000+02:00,3.225,
2026-04-05T20:50:00.0000000+02:00,3.223,
2026-04-05T21:00:00.0000000+02:00,3.225,
2026-04-05T21:10:00.0000000+02:00,3.225,
2026-04-05T21:20:00.0000000+02:00,3.228,
2026-04-05T21:30:00.0000000+02:00,3.224,
2026-04-05T21:40:00.0000000+02:00,3.224,
2026-04-05T21:50:00.0000000+02:00,3.225,
2026-04-05T22:00:00.0000000+02:00,3.228,
2026-04-05T22:10:00.0000000+02:00,3.222,
2026-04-05T22:20:00.0000000+02:00,3.223,
2026-04-05T22:30:00.0000000+02:00,3.226,
2026-04-05T22:40:00.0000000+02:00,3.224,
2026-04-05T22:50:00.0000000+02:00,3.224,
2026-04-05T23:00:00.0000000+02:00,3.221,
2026-04-05T23:10:00.0000000+02:00,3.22,
2026-04-05T23:20:00.0000000+02:00,3.223,
2026-04-05T23:30:00.0000000+02:00,3.221,
2026-04-05T23:40:00.0000000+02:00,3.223,
2026-04-05T23:50:00.0000000+02:00,3.217,
2026-04-06T00:00:00.0000000+02:00,3.22,
2026-04-06T00:10:00.0000000+02:00,3.217,
2026-04-06T00:20:00.0000000+02:00,3.221,
2026-04-06T00:30:00.0000000+02:00,3.219,
2026-04-06T00:40:00.0000000+02:00,3.222,
2026-04-06T00:50:00.0000000+02:00,3.225,
2026-04-06T01:00:00.0000000+02:00,3.224,
2026-04-06T01:10:00.0000000+02:00,3.226,
2026-04-06T01:20:00.0000000+02:00,3.22,
2026-04-06T01:30:00.0000000+02:00,3.221,
2026-04-06T01:40:00.0000000+02:00,3.219,
2026-04-06T01:50:00.0000000+02:00,3.217,
2026-04-06T02:00:00.0000000+02:00,3.217,
2026-04-06T02:10:00.0000000+02:00,3.209,
2026-04-06T02:20:00.0000000+02:00,3.216,
2026-04-06T02:30:00.0000000+02:00,3.212,
2026-04-06T02:40:00.0000000+02:00,3.217,
2026-04-06T02:50:00.0000000+02:00,3.22,
2026-04-06T03:00:00.0000000+02:00,3.224,
2026-04-06T03:10:00.0000000+02:00,3.217,
2026-04-06T03:20:00.0000000+02:00,3.217,
2026-04-06T03:30:00.0000000+02:00,3.218,
2026-04-06T03:40:00.0000000+02:00,3.218,
2026-04-06T03:50:00.0000000+02:00,3.21,
2026-04-06T04:00:00.0000000+02:00,3.22,
2026-04-06T04:10:00.0000000+02:00,3.213,
2026-04-06T04:20:00.0000000+02:00,3.216,
2026-04-06T04:30:00.0000000+02:00,3.217,
2026-04-06T04:40:00.0000000+02:00,3.216,
2026-04-06T04:50:00.0000000+02:00,3.218,
2026-04-06T05:00:00.0000000+02:00,3.216,
2026-04-06T05:10:00.0000000+02:00,3.211,
2026-04-06T05:20:00.0000000+02:00,3.219,
2026-04-06T05:30:00.0000000+02:00,3.208,
2026-04-06T05:40:00.0000000+02:00,3.218,
2026-04-06T05:50:00.0000000+02:00,3.214,
2026-04-06T06:00:00.0000000+02:00,3.216,
2026-04-06T06:10:00.0000000+02:00,3.216,
2026-04-06T06:20:00.0000000+02:00,3.215,
2026-04-06T06:30:00.0000000+02:00,3.215,
2026-04-06T06:40:00.0000000+02:00,3.208,
2026-04-06T06:50:00.0000000+02:00,3.211,
2026-04-06T07:00:00.0000000+02:00,3.209,
2026-04-06T07:10:00.0000000+02:00,3.204,
2026-04-06T07:20:00.0000000+02:00,3.212,
2026-04-06T07:30:00.0000000+02:00,3.204,
2026-04-06T07:40:00.0000000+02:00,3.202,
2026-04-06T07:50:00.0000000+02:00,3.21,
2026-04-06T08:00:00.0000000+02:00,3.209,
2026-04-06T08:10:00.0000000+02:00,3.203,
2026-04-06T08:20:00.0000000+02:00,3.204,
2026-04-06T08:30:00.0000000+02:00,3.212,
2026-04-06T08:40:00.0000000+02:00,3.204,
2026-04-06T08:50:00.0000000+02:00,3.208,
2026-04-06T09:00:00.0000000+02:00,3.203,
2026-04-06T09:10:00.0000000+02:00,3.205,
2026-04-06T09:20:00.0000000+02:00,3.203,
2026-04-06T09:30:00.0000000+02:00,3.206,
2026-04-06T09:40:00.0000000+02:00,3.205,
2026-04-06T09:50:00.0000000+02:00,3.205,
2026-04-06T10:00:00.0000000+02:00,3.206,
2026-04-06T10:10:00.0000000+02:00,3.203,
2026-04-06T10:20:00.0000000+02:00,3.205,
2026-04-06T10:30:00.0000000+02:00,3.213,
2026-04-06T10:40:00.0000000+02:00,3.206,
2026-04-06T10:50:00.0000000+02:00,3.204,
2026-04-06T11:00:00.0000000+02:00,3.211,
2026-04-06T11:10:00.0000000+02:00,3.209,
2026-04-06T11:20:00.0000000+02:00,3.208,
2026-04-06T11:30:00.0000000+02:00,3.205,
2026-04-06T11:40:00.0000000+02:00,3.202,
2026-04-06T11:50:00.0000000+02:00,3.207,
2026-04-06T12:00:00.0000000+02:00,3.215,
2026-04-06T12:10:00.0000000+02:00,3.212,
2026-04-06T12:20:00.0000000+02:00,3.204,
2026-04-06T12:30:00.0000000+02:00,3.208,
2026-04-06T12:40:00.0000000+02:00,3.208,
2026-04-06T12:50:00.0000000+02:00,3.215,
2026-04-06T13:00:00.0000000+02:00,3.21,
2026-04-06T13:10:00.0000000+02:00,3.208,
2026-04-06T13:20:00.0000000+02:00,3.205,
2026-04-06T13:30:00.0000000+02:00,3.209,
2026-04-06T13:40:00.0000000+02:00,3.2,
2026-04-06T13:50:00.0000000+02:00,3.209,
2026-04-06T14:00:00.0000000+02:00,3.212,
2026-04-06T14:10:00.0000000+02:00,3.204,
2026-04-06T14:20:00.0000000+02:00,3.194,
2026-04-06T14:30:00.0000000+02:00,3.199,
2026-04-06T14:40:00.0000000+02:00,3.192,
2026-04-06T14:50:00.0000000+02:00,3.2,
2026-04-06T15:00:00.0000000+02:00,3.202,
2026-04-06T15:10:00.0000000+02:00,3.2,
2026-04-06T15:20:00.0000000+02:00,3.192,
2026-04-06T15:30:00.0000000+02:00,3.193,
2026-04-06T15:40:00.0000000+02:00,3.201,
2026-04-06T15:50:00.0000000+02:00,3.201,
2026-04-06T16:00:00.0000000+02:00,3.204,
2026-04-06T16:10:00.0000000+02:00,3.202,
2026-04-06T16:20:00.0000000+02:00,3.199,
2026-04-06T16:30:00.0000000+02:00,3.201,
2026-04-06T16:40:00.0000000+02:00,3.198,
2026-04-06T16:50:00.0000000+02:00,3.202,
2026-04-06T17:00:00.0000000+02:00,3.2,
2026-04-06T17:10:00.0000000+02:00,3.206,
2026-04-06T17:20:00.0000000+02:00,3.199,
2026-04-06T17:30:00.0000000+02:00,3.204,
2026-04-06T17:40:00.0000000+02:00,3.195,
2026-04-06T17:50:00.0000000+02:00,3.201,
2026-04-06T18:00:00.0000000+02:00,3.199,
2026-04-06T18:10:00.0000000+02:00,3.201,
2026-04-06T18:20:00.0000000+02:00,3.2,
2026-04-06T18:30:00.0000000+02:00,3.198,
2026-04-06T18:40:00.0000000+02:00,3.203,
2026-04-06T18:50:00.0000000+02:00,3.2,
2026-04-06T19:00:00.0000000+02:00,3.201,
2026-04-06T19:10:00.0000000+02:00,3.2,
2026-04-06T19:20:00.0000000+02:00,3.198,
2026-04-06T19:30:00.0000000+02:00,3.202,
2026-04-06T19:40:00.0000000+02:00,3.192,
2026-04-06T19:50:00.0000000+02:00,3.202,
2026-04-06T20:00:00.0000000+02:00,3.197,
2026-04-06T20:10:00.0000000+02:00,3.197,
2026-04-06T20:20:00.0000000+02:00,3.202,
2026-04-06T20:30:00.0000000+02:00,3.201,
2026-04-06T20:40:00.0000000+02:00,3.189,
2026-04-06T20:50:00.0000000+02:00,3.201,
2026-04-06T21:00:00.0000000+02:00,3.2,
2026-04-06T21:10:00.0000000+02:00,3.2,
2026-04-06T21:20:00.0000000+02:00,3.203,
2026-04-06T21:30:00.0000000+02:00,3.2,
2026-04-06T21:40:00.0000000+02:00,3.208,
2026-04-06T21:50:00.0000000+02:00,3.187,
2026-04-06T22:00:00.0000000+02:00,3.2,
2026-04-06T22:10:00.0000000+02:00,3.202,
2026-04-06T22:20:00.0000000+02:00,3.203,
2026-04-06T22:30:00.0000000+02:00,3.202,
2026-04-06T22:40:00.0000000+02:00,3.199,
2026-04-06T22:50:00.0000000+02:00,3.199,
2026-04-06T23:00:00.0000000+02:00,3.2,
2026-04-06T23:10:00.0000000+02:00,3.202,
2026-04-06T23:20:00.0000000+02:00,3.202,
2026-04-06T23:30:00.0000000+02:00,3.2,
2026-04-06T23:40:00.0000000+02:00,3.202,
2026-04-06T23:50:00.0000000+02:00,3.197,
2026-04-07T00:00:00.0000000+02:00,3.2,
2026-04-07T00:10:00.0000000+02:00,3.196,
2026-04-07T00:20:00.0000000+02:00,3.198,
2026-04-07T00:30:00.0000000+02:00,3.196,
2026-04-07T00:40:00.0000000+02:00,3.195,
2026-04-07T00:50:00.0000000+02:00,3.204,
2026-04-07T01:00:00.0000000+02:00,3.203,
2026-04-07T01:10:00.0000000+02:00,3.201,
2026-04-07T01:20:00.0000000+02:00,3.202,
2026-04-07T01:30:00.0000000+02:00,3.201,
2026-04-07T01:40:00.0000000+02:00,3.203,
2026-04-07T01:50:00.0000000+02:00,3.203,
2026-04-07T02:00:00.0000000+02:00,3.205,
2026-04-07T02:10:00.0000000+02:00,3.202,
2026-04-07T02:20:00.0000000+02:00,3.203,
2026-04-07T02:30:00.0000000+02:00,3.205,
2026-04-07T02:40:00.0000000+02:00,3.202,
2026-04-07T02:50:00.0000000+02:00,3.205,
2026-04-07T03:00:00.0000000+02:00,3.204,
2026-04-07T03:10:00.0000000+02:00,3.201,
2026-04-07T03:20:00.0000000+02:00,3.2,
2026-04-07T03:30:00.0000000+02:00,3.204,
2026-04-07T03:40:00.0000000+02:00,3.197,
2026-04-07T03:50:00.0000000+02:00,3.202,
2026-04-07T04:00:00.0000000+02:00,3.201,
2026-04-07T04:10:00.0000000+02:00,3.197,
2026-04-07T04:20:00.0000000+02:00,3.192,
2026-04-07T04:30:00.0000000+02:00,3.2,
2026-04-07T04:40:00.0000000+02:00,3.194,
2026-04-07T04:50:00.0000000+02:00,3.198,
2026-04-07T05:00:00.0000000+02:00,3.196,
2026-04-07T05:10:00.0000000+02:00,3.192,
2026-04-07T05:20:00.0000000+02:00,3.19,
2026-04-07T05:30:00.0000000+02:00,3.191,
2026-04-07T05:40:00.0000000+02:00,3.188,
2026-04-07T05:50:00.0000000+02:00,3.187,
2026-04-07T06:00:00.0000000+02:00,3.187,
2026-04-07T06:10:00.0000000+02:00,3.188,
2026-04-07T06:20:00.0000000+02:00,3.187,
2026-04-07T06:30:00.0000000+02:00,3.192,
2026-04-07T06:40:00.0000000+02:00,3.187,
2026-04-07T06:50:00.0000000+02:00,3.191,
2026-04-07T07:00:00.0000000+02:00,3.189,
2026-04-07T07:10:00.0000000+02:00,3.188,
2026-04-07T07:20:00.0000000+02:00,3.19,
2026-04-07T07:30:00.0000000+02:00,3.191,
2026-04-07T07:40:00.0000000+02:00,3.19,
2026-04-07T07:50:00.0000000+02:00,3.186,
2026-04-07T08:00:00.0000000+02:00,3.183,
2026-04-07T08:10:00.0000000+02:00,3.189,
2026-04-07T08:20:00.0000000+02:00,3.188,
2026-04-07T08:30:00.0000000+02:00,3.185,
2026-04-07T08:40:00.0000000+02:00,3.188,
2026-04-07T08:50:00.0000000+02:00,3.184,
2026-04-07T09:00:00.0000000+02:00,3.183,
2026-04-07T09:10:00.0000000+02:00,3.176,
2026-04-07T09:20:00.0000000+02:00,3.185,
2026-04-07T09:30:00.0000000+02:00,3.177,
2026-04-07T09:40:00.0000000+02:00,3.178,
2026-04-07T09:50:00.0000000+02:00,3.18,
2026-04-07T10:00:00.0000000+02:00,3.178,
2026-04-07T10:10:00.0000000+02:00,3.178,
2026-04-07T10:20:00.0000000+02:00,3.168,
2026-04-07T10:30:00.0000000+02:00,3.178,
2026-04-07T10:40:00.0000000+02:00,3.17,
2026-04-07T10:50:00.0000000+02:00,3.178,
2026-04-07T11:00:00.0000000+02:00,3.177,
2026-04-07T11:10:00.0000000+02:00,3.186,
2026-04-07T11:20:00.0000000+02:00,3.175,
2026-04-07T11:30:00.0000000+02:00,3.15,
2026-04-07T11:40:00.0000000+02:00,3.139,
2026-04-07T11:50:00.0000000+02:00,3.154,
2026-04-07T12:00:00.0000000+02:00,3.134,
2026-04-07T12:10:00.0000000+02:00,3.154,
2026-04-07T12:20:00.0000000+02:00,3.147,
2026-04-07T12:30:00.0000000+02:00,3.159,
2026-04-07T12:40:00.0000000+02:00,3.162,
2026-04-07T12:50:00.0000000+02:00,3.151,
2026-04-07T13:00:00.0000000+02:00,3.162,
2026-04-07T13:10:00.0000000+02:00,3.146,
2026-04-07T13:20:00.0000000+02:00,3.151,
2026-04-07T13:30:00.0000000+02:00,3.15,
2026-04-07T13:40:00.0000000+02:00,3.151,
2026-04-07T13:50:00.0000000+02:00,3.14,
2026-04-07T14:00:00.0000000+02:00,3.139,
2026-04-07T14:10:00.0000000+02:00,3.148,
2026-04-07T14:20:00.0000000+02:00,3.137,
2026-04-07T14:30:00.0000000+02:00,3.141,
2026-04-07T14:40:00.0000000+02:00,3.164,
2026-04-07T14:50:00.0000000+02:00,3.163,
2026-04-07T15:00:00.0000000+02:00,3.161,
2026-04-07T15:10:00.0000000+02:00,3.161,
2026-04-07T15:20:00.0000000+02:00,3.166,
2026-04-07T15:30:00.0000000+02:00,3.165,
2026-04-07T15:40:00.0000000+02:00,3.159,
2026-04-07T15:50:00.0000000+02:00,3.157,
2026-04-07T16:00:00.0000000+02:00,3.162,
2026-04-07T16:10:00.0000000+02:00,3.162,
2026-04-07T16:20:00.0000000+02:00,3.163,
2026-04-07T16:30:00.0000000+02:00,3.17,
2026-04-07T16:40:00.0000000+02:00,3.167,
2026-04-07T16:50:00.0000000+02:00,3.163,
2026-04-07T17:00:00.0000000+02:00,3.161,
2026-04-07T17:10:00.0000000+02:00,3.16,
2026-04-07T17:20:00.0000000+02:00,3.158,
2026-04-07T17:30:00.0000000+02:00,3.157,
2026-04-07T17:40:00.0000000+02:00,3.156,
2026-04-07T17:50:00.0000000+02:00,3.156,
2026-04-07T18:00:00.0000000+02:00,3.159,
2026-04-07T18:10:00.0000000+02:00,3.16,
2026-04-07T18:20:00.0000000+02:00,3.157,
2026-04-07T18:30:00.0000000+02:00,3.154,
2026-04-07T18:40:00.0000000+02:00,3.157,
2026-04-07T18:50:00.0000000+02:00,3.159,
2026-04-07T19:00:00.0000000+02:00,3.157,
2026-04-07T19:10:00.0000000+02:00,3.157,
2026-04-07T19:20:00.0000000+02:00,3.158,
2026-04-07T19:30:00.0000000+02:00,3.149,
2026-04-07T19:40:00.0000000+02:00,3.157,
2026-04-07T19:50:00.0000000+02:00,3.155,
2026-04-07T20:00:00.0000000+02:00,3.152,
2026-04-07T20:10:00.0000000+02:00,3.155,
2026-04-07T20:20:00.0000000+02:00,3.157,
2026-04-07T20:30:00.0000000+02:00,3.154,
2026-04-07T20:40:00.0000000+02:00,3.159,
2026-04-07T20:50:00.0000000+02:00,3.158,
2026-04-07T21:00:00.0000000+02:00,3.158,
2026-04-07T21:10:00.0000000+02:00,3.161,
2026-04-07T21:20:00.0000000+02:00,3.159,
2026-04-07T21:30:00.0000000+02:00,3.158,
2026-04-07T21:40:00.0000000+02:00,3.158,
2026-04-07T21:50:00.0000000+02:00,3.16,
2026-04-07T22:00:00.0000000+02:00,3.16,
2026-04-07T22:10:00.0000000+02:00,3.164,
2026-04-07T22:20:00.0000000+02:00,3.159,
2026-04-07T22:30:00.0000000+02:00,3.158,
2026-04-07T22:40:00.0000000+02:00,3.158,
2026-04-07T22:50:00.0000000+02:00,3.156,
2026-04-07T23:00:00.0000000+02:00,3.158,
2026-04-07T23:10:00.0000000+02:00,3.156,
2026-04-07T23:20:00.0000000+02:00,3.156,
2026-04-07T23:30:00.0000000+02:00,3.154,
2026-04-07T23:40:00.0000000+02:00,3.158,
2026-04-07T23:50:00.0000000+02:00,3.152,
2026-04-08T00:00:00.0000000+02:00,3.161,
2026-04-08T00:10:00.0000000+02:00,3.162,
2026-04-08T00:20:00.0000000+02:00,3.162,
2026-04-08T00:30:00.0000000+02:00,3.16,
2026-04-08T00:40:00.0000000+02:00,3.158,
2026-04-08T00:50:00.0000000+02:00,3.158,
2026-04-08T01:00:00.0000000+02:00,3.157,
2026-04-08T01:10:00.0000000+02:00,3.162,
2026-04-08T01:20:00.0000000+02:00,3.166,
2026-04-08T01:30:00.0000000+02:00,3.161,
2026-04-08T01:40:00.0000000+02:00,3.159,
2026-04-08T01:50:00.0000000+02:00,3.16,
2026-04-08T02:00:00.0000000+02:00,3.151,
2026-04-08T02:10:00.0000000+02:00,3.152,
2026-04-08T02:20:00.0000000+02:00,3.152,
2026-04-08T02:30:00.0000000+02:00,3.154,
2026-04-08T02:40:00.0000000+02:00,3.15,
2026-04-08T02:50:00.0000000+02:00,3.153,
2026-04-08T03:00:00.0000000+02:00,3.151,
2026-04-08T03:10:00.0000000+02:00,3.154,
2026-04-08T03:20:00.0000000+02:00,3.152,
2026-04-08T03:30:00.0000000+02:00,3.151,
2026-04-08T03:40:00.0000000+02:00,3.151,
2026-04-08T03:50:00.0000000+02:00,3.155,
2026-04-08T04:00:00.0000000+02:00,3.151,
2026-04-08T04:10:00.0000000+02:00,3.155,
2026-04-08T04:20:00.0000000+02:00,3.153,
2026-04-08T04:30:00.0000000+02:00,3.152,
2026-04-08T04:40:00.0000000+02:00,3.15,
2026-04-08T04:50:00.0000000+02:00,3.151,
2026-04-08T05:00:00.0000000+02:00,3.147,
2026-04-08T05:10:00.0000000+02:00,3.152,
2026-04-08T05:20:00.0000000+02:00,3.152,
2026-04-08T05:30:00.0000000+02:00,3.149,
2026-04-08T05:40:00.0000000+02:00,3.144,
2026-04-08T05:50:00.0000000+02:00,3.146,
2026-04-08T06:00:00.0000000+02:00,3.145,
2026-04-08T06:10:00.0000000+02:00,3.141,
2026-04-08T06:20:00.0000000+02:00,3.149,
2026-04-08T06:30:00.0000000+02:00,3.144,
2026-04-08T06:40:00.0000000+02:00,3.144,
2026-04-08T06:50:00.0000000+02:00,3.142,
2026-04-08T07:00:00.0000000+02:00,3.147,
2026-04-08T07:10:00.0000000+02:00,3.144,
2026-04-08T07:20:00.0000000+02:00,3.145,
2026-04-08T07:30:00.0000000+02:00,3.144,
2026-04-08T07:40:00.0000000+02:00,3.145,
2026-04-08T07:50:00.0000000+02:00,3.139,
2026-04-08T08:00:00.0000000+02:00,3.144,
2026-04-08T08:10:00.0000000+02:00,3.14,
2026-04-08T08:20:00.0000000+02:00,3.131,
2026-04-08T08:30:00.0000000+02:00,3.135,
2026-04-08T08:40:00.0000000+02:00,3.135,
2026-04-08T08:50:00.0000000+02:00,3.135,
2026-04-08T09:00:00.0000000+02:00,3.138,
2026-04-08T09:10:00.0000000+02:00,3.134,
2026-04-08T09:20:00.0000000+02:00,3.136,
2026-04-08T09:30:00.0000000+02:00,3.14,
2026-04-08T09:40:00.0000000+02:00,3.134,
2026-04-08T09:50:00.0000000+02:00,3.138,
2026-04-08T10:00:00.0000000+02:00,3.124,
2026-04-08T10:10:00.0000000+02:00,3.13,
2026-04-08T10:20:00.0000000+02:00,3.119,
2026-04-08T10:30:00.0000000+02:00,3.124,
2026-04-08T10:40:00.0000000+02:00,3.123,
2026-04-08T10:50:00.0000000+02:00,3.12,
2026-04-08T11:00:00.0000000+02:00,3.119,
2026-04-08T11:10:00.0000000+02:00,3.118,
2026-04-08T11:20:00.0000000+02:00,3.109,
2026-04-08T11:30:00.0000000+02:00,3.115,
2026-04-08T11:40:00.0000000+02:00,3.114,
2026-04-08T11:50:00.0000000+02:00,3.11,
2026-04-08T12:00:00.0000000+02:00,3.113,
2026-04-08T12:10:00.0000000+02:00,3.108,
2026-04-08T12:20:00.0000000+02:00,3.112,
2026-04-08T12:30:00.0000000+02:00,3.113,
2026-04-08T12:40:00.0000000+02:00,3.111,
2026-04-08T12:50:00.0000000+02:00,3.109,
2026-04-08T13:00:00.0000000+02:00,3.11,
2026-04-08T13:10:00.0000000+02:00,3.118,
2026-04-08T13:20:00.0000000+02:00,3.113,
2026-04-08T13:30:00.0000000+02:00,3.11,
2026-04-08T13:40:00.0000000+02:00,3.111,
2026-04-08T13:50:00.0000000+02:00,3.119,
2026-04-08T14:00:00.0000000+02:00,3.106,
2026-04-08T14:10:00.0000000+02:00,3.104,
2026-04-08T14:20:00.0000000+02:00,3.114,
2026-04-08T14:30:00.0000000+02:00,3.108,
2026-04-08T14:40:00.0000000+02:00,3.108,
2026-04-08T14:50:00.0000000+02:00,3.105,
2026-04-08T15:00:00.0000000+02:00,3.102,
2026-04-08T15:10:00.0000000+02:00,3.105,
2026-04-08T15:20:00.0000000+02:00,3.112,
2026-04-08T15:30:00.0000000+02:00,3.111,
2026-04-08T15:40:00.0000000+02:00,3.105,
2026-04-08T15:50:00.0000000+02:00,3.108,
2026-04-08T16:00:00.0000000+02:00,3.107,
2026-04-08T16:10:00.0000000+02:00,3.098,
2026-04-08T16:20:00.0000000+02:00,3.104,
2026-04-08T16:30:00.0000000+02:00,3.106,
2026-04-08T16:40:00.0000000+02:00,3.1,
2026-04-08T16:50:00.0000000+02:00,3.098,
2026-04-08T17:00:00.0000000+02:00,3.099,
2026-04-08T17:10:00.0000000+02:00,3.106,
2026-04-08T17:20:00.0000000+02:00,3.101,
2026-04-08T17:30:00.0000000+02:00,3.105,
2026-04-08T17:40:00.0000000+02:00,3.105,
2026-04-08T17:50:00.0000000+02:00,3.103,
2026-04-08T18:00:00.0000000+02:00,3.102,
2026-04-08T18:10:00.0000000+02:00,3.103,
2026-04-08T18:20:00.0000000+02:00,3.08,
2026-04-08T18:30:00.0000000+02:00,3.094,
2026-04-08T18:40:00.0000000+02:00,3.099,
2026-04-08T18:50:00.0000000+02:00,3.105,
2026-04-08T19:00:00.0000000+02:00,3.107,
2026-04-08T19:10:00.0000000+02:00,3.101,
2026-04-08T19:20:00.0000000+02:00,3.108,
2026-04-08T19:30:00.0000000+02:00,3.107,
2026-04-08T19:40:00.0000000+02:00,3.108,
2026-04-08T19:50:00.0000000+02:00,3.113,
2026-04-08T20:00:00.0000000+02:00,3.11,
2026-04-08T20:10:00.0000000+02:00,3.108,
2026-04-08T20:20:00.0000000+02:00,3.112,
2026-04-08T20:30:00.0000000+02:00,3.108,
2026-04-08T20:40:00.0000000+02:00,3.109,
2026-04-08T20:50:00.0000000+02:00,3.109,
2026-04-08T21:00:00.0000000+02:00,3.102,
2026-04-08T21:10:00.0000000+02:00,3.111,
2026-04-08T21:20:00.0000000+02:00,3.107,
2026-04-08T21:30:00.0000000+02:00,3.105,
2026-04-08T21:40:00.0000000+02:00,3.11,
2026-04-08T21:50:00.0000000+02:00,3.109,
2026-04-08T22:00:00.0000000+02:00,3.108,
2026-04-08T22:10:00.0000000+02:00,3.113,
2026-04-08T22:20:00.0000000+02:00,3.111,
2026-04-08T22:30:00.0000000+02:00,3.107,
2026-04-08T22:40:00.0000000+02:00,3.105,
2026-04-08T22:50:00.0000000+02:00,3.113,
2026-04-08T23:00:00.0000000+02:00,3.111,
2026-04-08T23:10:00.0000000+02:00,3.113,
2026-04-08T23:20:00.0000000+02:00,3.115,
2026-04-08T23:30:00.0000000+02:00,3.114,
2026-04-08T23:40:00.0000000+02:00,3.115,
2026-04-08T23:50:00.0000000+02:00,3.119,
2026-04-09T00:00:00.0000000+02:00,3.117,
2026-04-09T00:10:00.0000000+02:00,3.116,
2026-04-09T00:20:00.0000000+02:00,3.115,
2026-04-09T00:30:00.0000000+02:00,3.117,
2026-04-09T00:40:00.0000000+02:00,3.124,
2026-04-09T00:50:00.0000000+02:00,3.119,
2026-04-09T01:00:00.0000000+02:00,3.123,
2026-04-09T01:10:00.0000000+02:00,3.123,
2026-04-09T01:20:00.0000000+02:00,3.126,
2026-04-09T01:30:00.0000000+02:00,3.119,
2026-04-09T01:40:00.0000000+02:00,3.117,
2026-04-09T01:50:00.0000000+02:00,3.12,
2026-04-09T02:00:00.0000000+02:00,3.121,
2026-04-09T02:10:00.0000000+02:00,3.12,
2026-04-09T02:20:00.0000000+02:00,3.114,
2026-04-09T02:30:00.0000000+02:00,3.12,
2026-04-09T02:40:00.0000000+02:00,3.121,
2026-04-09T02:50:00.0000000+02:00,3.112,
2026-04-09T03:00:00.0000000+02:00,3.118,
2026-04-09T03:10:00.0000000+02:00,3.109,
2026-04-09T03:20:00.0000000+02:00,3.114,
2026-04-09T03:30:00.0000000+02:00,3.107,
2026-04-09T03:40:00.0000000+02:00,3.112,
2026-04-09T03:50:00.0000000+02:00,3.113,
2026-04-09T04:00:00.0000000+02:00,3.108,
2026-04-09T04:10:00.0000000+02:00,3.114,
2026-04-09T04:20:00.0000000+02:00,3.116,
2026-04-09T04:30:00.0000000+02:00,3.113,
2026-04-09T04:40:00.0000000+02:00,3.112,
2026-04-09T04:50:00.0000000+02:00,3.113,
2026-04-09T05:00:00.0000000+02:00,3.112,
2026-04-09T05:10:00.0000000+02:00,3.109,
2026-04-09T05:20:00.0000000+02:00,3.114,
2026-04-09T05:30:00.0000000+02:00,3.103,
2026-04-09T05:40:00.0000000+02:00,3.102,
2026-04-09T05:50:00.0000000+02:00,3.104,
2026-04-09T06:00:00.0000000+02:00,3.106,
2026-04-09T06:10:00.0000000+02:00,3.104,
2026-04-09T06:20:00.0000000+02:00,3.112,
2026-04-09T06:30:00.0000000+02:00,3.105,
2026-04-09T06:40:00.0000000+02:00,3.109,
2026-04-09T06:50:00.0000000+02:00,3.111,
2026-04-09T07:00:00.0000000+02:00,3.11,
2026-04-09T07:10:00.0000000+02:00,3.112,
2026-04-09T07:20:00.0000000+02:00,3.106,
2026-04-09T07:30:00.0000000+02:00,3.103,
2026-04-09T07:40:00.0000000+02:00,3.104,
2026-04-09T07:50:00.0000000+02:00,3.101,
2026-04-09T08:00:00.0000000+02:00,3.105,
2026-04-09T08:10:00.0000000+02:00,3.105,
2026-04-09T08:20:00.0000000+02:00,3.105,
2026-04-09T08:30:00.0000000+02:00,3.107,
2026-04-09T08:40:00.0000000+02:00,3.101,
2026-04-09T08:50:00.0000000+02:00,3.104,
2026-04-09T09:00:00.0000000+02:00,3.103,
2026-04-09T09:10:00.0000000+02:00,3.099,
2026-04-09T09:20:00.0000000+02:00,3.101,
2026-04-09T09:30:00.0000000+02:00,3.095,
2026-04-09T09:40:00.0000000+02:00,3.098,
2026-04-09T09:50:00.0000000+02:00,3.098,
2026-04-09T10:00:00.0000000+02:00,3.097,
2026-04-09T10:10:00.0000000+02:00,3.098,
2026-04-09T10:20:00.0000000+02:00,3.094,
2026-04-09T10:30:00.0000000+02:00,3.096,
2026-04-09T10:40:00.0000000+02:00,3.094,
2026-04-09T10:50:00.0000000+02:00,3.092,
2026-04-09T11:00:00.0000000+02:00,3.093,
2026-04-09T11:10:00.0000000+02:00,3.1,
2026-04-09T11:20:00.0000000+02:00,3.094,
2026-04-09T11:30:00.0000000+02:00,3.094,
2026-04-09T11:40:00.0000000+02:00,3.094,
2026-04-09T11:50:00.0000000+02:00,3.098,
2026-04-09T12:00:00.0000000+02:00,3.097,
2026-04-09T12:10:00.0000000+02:00,3.086,
2026-04-09T12:20:00.0000000+02:00,3.086,
2026-04-09T12:30:00.0000000+02:00,3.09,
2026-04-09T12:40:00.0000000+02:00,3.1,
2026-04-09T12:50:00.0000000+02:00,3.105,
2026-04-09T13:00:00.0000000+02:00,3.092,
2026-04-09T13:10:00.0000000+02:00,3.098,
2026-04-09T13:20:00.0000000+02:00,3.092,
2026-04-09T13:30:00.0000000+02:00,3.098,
2026-04-09T13:40:00.0000000+02:00,3.098,
2026-04-09T13:50:00.0000000+02:00,3.096,
2026-04-09T14:00:00.0000000+02:00,3.102,
2026-04-09T14:10:00.0000000+02:00,3.1,
2026-04-09T14:20:00.0000000+02:00,3.099,
2026-04-09T14:30:00.0000000+02:00,3.097,
2026-04-09T14:40:00.0000000+02:00,3.099,
2026-04-09T14:50:00.0000000+02:00,3.1,
2026-04-09T15:00:00.0000000+02:00,3.097,
2026-04-09T15:10:00.0000000+02:00,3.092,
2026-04-09T15:20:00.0000000+02:00,3.092,
2026-04-09T15:30:00.0000000+02:00,3.089,
2026-04-09T15:40:00.0000000+02:00,3.094,
2026-04-09T15:50:00.0000000+02:00,3.096,
2026-04-09T16:00:00.0000000+02:00,3.097,
2026-04-09T16:10:00.0000000+02:00,3.098,
2026-04-09T16:20:00.0000000+02:00,3.093,
2026-04-09T16:30:00.0000000+02:00,3.089,
2026-04-09T16:40:00.0000000+02:00,3.097,
2026-04-09T16:50:00.0000000+02:00,3.098,
2026-04-09T17:00:00.0000000+02:00,3.088,
2026-04-09T17:10:00.0000000+02:00,3.097,
2026-04-09T17:20:00.0000000+02:00,3.093,
2026-04-09T17:30:00.0000000+02:00,3.097,
2026-04-09T17:40:00.0000000+02:00,3.096,
2026-04-09T17:50:00.0000000+02:00,3.097,
2026-04-09T18:00:00.0000000+02:00,3.093,
2026-04-09T18:10:00.0000000+02:00,3.089,
2026-04-09T18:20:00.0000000+02:00,3.095,
2026-04-09T18:30:00.0000000+02:00,3.094,
2026-04-09T18:40:00.0000000+02:00,3.094,
2026-04-09T18:50:00.0000000+02:00,3.091,
2026-04-09T19:00:00.0000000+02:00,3.101,
2026-04-09T19:10:00.0000000+02:00,3.096,
2026-04-09T19:20:00.0000000+02:00,3.091,
2026-04-09T19:30:00.0000000+02:00,3.093,
2026-04-09T19:40:00.0000000+02:00,3.095,
2026-04-09T19:50:00.0000000+02:00,3.096,
2026-04-09T20:00:00.0000000+02:00,3.092,
2026-04-09T20:10:00.0000000+02:00,3.095,
2026-04-09T20:20:00.0000000+02:00,3.096,
2026-04-09T20:30:00.0000000+02:00,3.094,
2026-04-09T20:40:00.0000000+02:00,3.095,
2026-04-09T20:50:00.0000000+02:00,3.098,
2026-04-09T21:00:00.0000000+02:00,3.097,
2026-04-09T21:10:00.0000000+02:00,3.099,
2026-04-09T21:20:00.0000000+02:00,3.09,
2026-04-09T21:30:00.0000000+02:00,3.095,
2026-04-09T21:40:00.0000000+02:00,3.092,
2026-04-09T21:50:00.0000000+02:00,3.092,
2026-04-09T22:00:00.0000000+02:00,3.092,
2026-04-09T22:10:00.0000000+02:00,3.089,
2026-04-09T22:20:00.0000000+02:00,3.084,
2026-04-09T22:30:00.0000000+02:00,3.087,
2026-04-09T22:40:00.0000000+02:00,3.09,
2026-04-09T22:50:00.0000000+02:00,3.09,
2026-04-09T23:00:00.0000000+02:00,3.096,
2026-04-09T23:10:00.0000000+02:00,3.096,
2026-04-09T23:20:00.0000000+02:00,3.105,
2026-04-09T23:30:00.0000000+02:00,3.097,
2026-04-09T23:40:00.0000000+02:00,3.096,
2026-04-09T23:50:00.0000000+02:00,3.098,
2026-04-10T00:00:00.0000000+02:00,3.097,
2026-04-10T00:10:00.0000000+02:00,3.094,
2026-04-10T00:20:00.0000000+02:00,3.092,
2026-04-10T00:30:00.0000000+02:00,3.096,
2026-04-10T00:40:00.0000000+02:00,3.097,
2026-04-10T00:50:00.0000000+02:00,3.093,
2026-04-10T01:00:00.0000000+02:00,3.091,
2026-04-10T01:10:00.0000000+02:00,3.093,
2026-04-10T01:20:00.0000000+02:00,3.095,
2026-04-10T01:30:00.0000000+02:00,3.09,
2026-04-10T01:40:00.0000000+02:00,3.093,
2026-04-10T01:50:00.0000000+02:00,3.092,
2026-04-10T02:00:00.0000000+02:00,3.097,
2026-04-10T02:10:00.0000000+02:00,3.097,
2026-04-10T02:20:00.0000000+02:00,3.101,
2026-04-10T02:30:00.0000000+02:00,3.097,
2026-04-10T02:40:00.0000000+02:00,3.088,
2026-04-10T02:50:00.0000000+02:00,3.098,
2026-04-10T03:00:00.0000000+02:00,3.097,
2026-04-10T03:10:00.0000000+02:00,3.1,
2026-04-10T03:20:00.0000000+02:00,3.096,
2026-04-10T03:30:00.0000000+02:00,3.091,
2026-04-10T03:40:00.0000000+02:00,3.095,
2026-04-10T03:50:00.0000000+02:00,3.096,
2026-04-10T04:00:00.0000000+02:00,3.087,
2026-04-10T04:10:00.0000000+02:00,3.094,
2026-04-10T04:20:00.0000000+02:00,3.093,
2026-04-10T04:30:00.0000000+02:00,3.097,
2026-04-10T04:40:00.0000000+02:00,3.096,
2026-04-10T04:50:00.0000000+02:00,3.097,
2026-04-10T05:00:00.0000000+02:00,3.092,
2026-04-10T05:10:00.0000000+02:00,3.094,
2026-04-10T05:20:00.0000000+02:00,3.09,
2026-04-10T05:30:00.0000000+02:00,3.089,
2026-04-10T05:40:00.0000000+02:00,3.085,
2026-04-10T05:50:00.0000000+02:00,3.089,
2026-04-10T06:00:00.0000000+02:00,3.081,
2026-04-10T06:10:00.0000000+02:00,3.09,
2026-04-10T06:20:00.0000000+02:00,3.089,
2026-04-10T06:30:00.0000000+02:00,3.086,
2026-04-10T06:40:00.0000000+02:00,3.084,
2026-04-10T06:50:00.0000000+02:00,3.089,
2026-04-10T07:00:00.0000000+02:00,3.083,
2026-04-10T07:10:00.0000000+02:00,3.083,
2026-04-10T07:20:00.0000000+02:00,3.08,
2026-04-10T07:30:00.0000000+02:00,3.086,
2026-04-10T07:40:00.0000000+02:00,3.08,
2026-04-10T07:50:00.0000000+02:00,3.076,
2026-04-10T08:00:00.0000000+02:00,3.075,
2026-04-10T08:10:00.0000000+02:00,3.079,
2026-04-10T08:20:00.0000000+02:00,3.08,
2026-04-10T08:30:00.0000000+02:00,3.079,
2026-04-10T08:40:00.0000000+02:00,3.076,
2026-04-10T08:50:00.0000000+02:00,3.08,
2026-04-10T09:00:00.0000000+02:00,3.078,
2026-04-10T09:10:00.0000000+02:00,3.076,
2026-04-10T09:20:00.0000000+02:00,3.073,
2026-04-10T09:30:00.0000000+02:00,3.071,
2026-04-10T09:40:00.0000000+02:00,3.079,
2026-04-10T09:50:00.0000000+02:00,3.076,
2026-04-10T10:00:00.0000000+02:00,3.078,
2026-04-10T10:10:00.0000000+02:00,3.076,
2026-04-10T10:20:00.0000000+02:00,3.081,
2026-04-10T10:30:00.0000000+02:00,3.064,
2026-04-10T10:40:00.0000000+02:00,3.072,
2026-04-10T10:50:00.0000000+02:00,3.074,
2026-04-10T11:00:00.0000000+02:00,3.07,
2026-04-10T11:10:00.0000000+02:00,3.068,
2026-04-10T11:20:00.0000000+02:00,3.077,
2026-04-10T11:30:00.0000000+02:00,3.074,
2026-04-10T11:40:00.0000000+02:00,3.069,
2026-04-10T11:50:00.0000000+02:00,3.076,
2026-04-10T12:00:00.0000000+02:00,3.078,
2026-04-10T12:10:00.0000000+02:00,3.07,
2026-04-10T12:20:00.0000000+02:00,3.071,
2026-04-10T12:30:00.0000000+02:00,3.068,
2026-04-10T12:40:00.0000000+02:00,3.064,
2026-04-10T12:50:00.0000000+02:00,3.071,
2026-04-10T13:00:00.0000000+02:00,3.068,
2026-04-10T13:10:00.0000000+02:00,3.072,
2026-04-10T13:20:00.0000000+02:00,3.07,
2026-04-10T13:30:00.0000000+02:00,3.073,
2026-04-10T13:40:00.0000000+02:00,3.066,
2026-04-10T13:50:00.0000000+02:00,3.064,
2026-04-10T14:00:00.0000000+02:00,3.062,
2026-04-10T14:10:00.0000000+02:00,3.069,
2026-04-10T14:20:00.0000000+02:00,3.062,
2026-04-10T14:30:00.0000000+02:00,3.067,
2026-04-10T14:40:00.0000000+02:00,3.067,
2026-04-10T14:50:00.0000000+02:00,3.062,
2026-04-10T15:00:00.0000000+02:00,3.07,
2026-04-10T15:10:00.0000000+02:00,3.069,
2026-04-10T15:20:00.0000000+02:00,3.072,
2026-04-10T15:30:00.0000000+02:00,3.07,
2026-04-10T15:40:00.0000000+02:00,3.065,
2026-04-10T15:50:00.0000000+02:00,3.061,
2026-04-10T16:00:00.0000000+02:00,3.063,
2026-04-10T16:10:00.0000000+02:00,3.062,
2026-04-10T16:20:00.0000000+02:00,3.059,
2026-04-10T16:30:00.0000000+02:00,3.07,
2026-04-10T16:40:00.0000000+02:00,3.068,
2026-04-10T16:50:00.0000000+02:00,3.069,
2026-04-10T17:00:00.0000000+02:00,3.071,
2026-04-10T17:10:00.0000000+02:00,3.064,
2026-04-10T17:20:00.0000000+02:00,3.069,
2026-04-10T17:30:00.0000000+02:00,3.062,
2026-04-10T17:40:00.0000000+02:00,3.068,
2026-04-10T17:50:00.0000000+02:00,3.074,
2026-04-10T18:00:00.0000000+02:00,3.066,
2026-04-10T18:10:00.0000000+02:00,3.072,
2026-04-10T18:20:00.0000000+02:00,3.065,
2026-04-10T18:30:00.0000000+02:00,3.069,
2026-04-10T18:40:00.0000000+02:00,3.076,
2026-04-10T18:50:00.0000000+02:00,3.066,
2026-04-10T19:00:00.0000000+02:00,3.073,
2026-04-10T19:10:00.0000000+02:00,3.067,
2026-04-10T19:20:00.0000000+02:00,3.07,
2026-04-10T19:30:00.0000000+02:00,3.065,
2026-04-10T19:40:00.0000000+02:00,3.07,
2026-04-10T19:50:00.0000000+02:00,3.07,
2026-04-10T20:00:00.0000000+02:00,3.072,
2026-04-10T20:10:00.0000000+02:00,3.072,
2026-04-10T20:20:00.0000000+02:00,3.069,
2026-04-10T20:30:00.0000000+02:00,3.066,
2026-04-10T20:40:00.0000000+02:00,3.071,
2026-04-10T20:50:00.0000000+02:00,3.071,
2026-04-10T21:00:00.0000000+02:00,3.075,
2026-04-10T21:10:00.0000000+02:00,3.073,
2026-04-10T21:20:00.0000000+02:00,3.07,
2026-04-10T21:30:00.0000000+02:00,3.078,
2026-04-10T21:40:00.0000000+02:00,3.074,
2026-04-10T21:50:00.0000000+02:00,3.072,
2026-04-10T22:00:00.0000000+02:00,3.072,
2026-04-10T22:10:00.0000000+02:00,3.069,
2026-04-10T22:20:00.0000000+02:00,3.067,
2026-04-10T22:30:00.0000000+02:00,3.072,
2026-04-10T22:40:00.0000000+02:00,3.07,
2026-04-10T22:50:00.0000000+02:00,3.07,
2026-04-10T23:00:00.0000000+02:00,3.071,
2026-04-10T23:10:00.0000000+02:00,3.068,
2026-04-10T23:20:00.0000000+02:00,3.066,
2026-04-10T23:30:00.0000000+02:00,3.066,
2026-04-10T23:40:00.0000000+02:00,3.069,
2026-04-10T23:50:00.0000000+02:00,3.058,
2026-04-11T00:00:00.0000000+02:00,3.069,
2026-04-11T00:10:00.0000000+02:00,3.071,
2026-04-11T00:20:00.0000000+02:00,3.07,
2026-04-11T00:30:00.0000000+02:00,3.07,
2026-04-11T00:40:00.0000000+02:00,3.069,
2026-04-11T00:50:00.0000000+02:00,3.07,
2026-04-11T01:00:00.0000000+02:00,3.068,
2026-04-11T01:10:00.0000000+02:00,3.062,
2026-04-11T01:20:00.0000000+02:00,3.064,
2026-04-11T01:30:00.0000000+02:00,3.067,
2026-04-11T01:40:00.0000000+02:00,3.065,
2026-04-11T01:50:00.0000000+02:00,3.064,
2026-04-11T02:00:00.0000000+02:00,3.065,
2026-04-11T02:10:00.0000000+02:00,3.068,
2026-04-11T02:20:00.0000000+02:00,3.063,
2026-04-11T02:30:00.0000000+02:00,3.063,
2026-04-11T02:40:00.0000000+02:00,3.065,
2026-04-11T02:50:00.0000000+02:00,3.056,
2026-04-11T03:00:00.0000000+02:00,3.062,
2026-04-11T03:10:00.0000000+02:00,3.062,
2026-04-11T03:20:00.0000000+02:00,3.065,
2026-04-11T03:30:00.0000000+02:00,3.062,
2026-04-11T03:40:00.0000000+02:00,3.061,
2026-04-11T03:50:00.0000000+02:00,3.064,
2026-04-11T04:00:00.0000000+02:00,3.061,
2026-04-11T04:10:00.0000000+02:00,3.065,
2026-04-11T04:20:00.0000000+02:00,3.067,
2026-04-11T04:30:00.0000000+02:00,3.06,
2026-04-11T04:40:00.0000000+02:00,3.057,
2026-04-11T04:50:00.0000000+02:00,3.062,
2026-04-11T05:00:00.0000000+02:00,3.058,
2026-04-11T05:10:00.0000000+02:00,3.057,
2026-04-11T05:20:00.0000000+02:00,3.058,
2026-04-11T05:30:00.0000000+02:00,3.055,
2026-04-11T05:40:00.0000000+02:00,3.06,
2026-04-11T05:50:00.0000000+02:00,3.049,
2026-04-11T06:00:00.0000000+02:00,3.052,
2026-04-11T06:10:00.0000000+02:00,3.059,
2026-04-11T06:20:00.0000000+02:00,3.049,
2026-04-11T06:30:00.0000000+02:00,3.056,
2026-04-11T06:40:00.0000000+02:00,3.051,
2026-04-11T06:50:00.0000000+02:00,3.047,
2026-04-11T07:00:00.0000000+02:00,3.046,
2026-04-11T07:10:00.0000000+02:00,3.044,
2026-04-11T07:20:00.0000000+02:00,3.043,
2026-04-11T07:30:00.0000000+02:00,3.037,
2026-04-11T07:40:00.0000000+02:00,3.039,
2026-04-11T07:50:00.0000000+02:00,3.039,
2026-04-11T08:00:00.0000000+02:00,3.035,
2026-04-11T08:10:00.0000000+02:00,3.042,
2026-04-11T08:20:00.0000000+02:00,3.034,
2026-04-11T08:30:00.0000000+02:00,3.036,
2026-04-11T08:40:00.0000000+02:00,3.029,
2026-04-11T08:50:00.0000000+02:00,3.031,
2026-04-11T09:00:00.0000000+02:00,3.029,
2026-04-11T09:10:00.0000000+02:00,3.031,
2026-04-11T09:20:00.0000000+02:00,3.028,
2026-04-11T09:30:00.0000000+02:00,3.025,
2026-04-11T09:40:00.0000000+02:00,3.026,
2026-04-11T09:50:00.0000000+02:00,3.024,
2026-04-11T10:00:00.0000000+02:00,3.027,
2026-04-11T10:10:00.0000000+02:00,3.023,
2026-04-11T10:20:00.0000000+02:00,3.019,
2026-04-11T10:30:00.0000000+02:00,3.018,
2026-04-11T10:40:00.0000000+02:00,3.008,
2026-04-11T10:50:00.0000000+02:00,3.014,
2026-04-11T11:00:00.0000000+02:00,3.011,
2026-04-11T11:10:00.0000000+02:00,3.014,
2026-04-11T11:20:00.0000000+02:00,3.014,
2026-04-11T11:30:00.0000000+02:00,3.018,
2026-04-11T11:40:00.0000000+02:00,3.006,
2026-04-11T11:50:00.0000000+02:00,3.011,
2026-04-11T12:00:00.0000000+02:00,3.011,
2026-04-11T12:10:00.0000000+02:00,3.005,
2026-04-11T12:20:00.0000000+02:00,3.008,
2026-04-11T12:30:00.0000000+02:00,3.011,
2026-04-11T12:40:00.0000000+02:00,3,
2026-04-11T12:50:00.0000000+02:00,2.996,
2026-04-11T13:00:00.0000000+02:00,3.007,
2026-04-11T13:10:00.0000000+02:00,3.002,
2026-04-11T13:20:00.0000000+02:00,3.003,
2026-04-11T13:30:00.0000000+02:00,3.005,
2026-04-11T13:40:00.0000000+02:00,2.997,
2026-04-11T13:50:00.0000000+02:00,2.995,
2026-04-11T14:00:00.0000000+02:00,3.004,
2026-04-11T14:10:00.0000000+02:00,3.001,
2026-04-11T14:20:00.0000000+02:00,3.005,
2026-04-11T14:30:00.0000000+02:00,3.002,
2026-04-11T14:40:00.0000000+02:00,3.002,
2026-04-11T14:50:00.0000000+02:00,3.001,
2026-04-11T15:00:00.0000000+02:00,3.005,
2026-04-11T15:10:00.0000000+02:00,2.996,
2026-04-11T15:20:00.0000000+02:00,3.002,
2026-04-11T15:30:00.0000000+02:00,3,
2026-04-11T15:40:00.0000000+02:00,3.003,
2026-04-11T15:50:00.0000000+02:00,3.002,
2026-04-11T16:00:00.0000000+02:00,3.001,
2026-04-11T16:10:00.0000000+02:00,2.998,
2026-04-11T16:20:00.0000000+02:00,2.998,
2026-04-11T16:30:00.0000000+02:00,2.993,
2026-04-11T16:40:00.0000000+02:00,3,
2026-04-11T16:50:00.0000000+02:00,2.999,
2026-04-11T17:00:00.0000000+02:00,2.992,
2026-04-11T17:10:00.0000000+02:00,2.993,
2026-04-11T17:20:00.0000000+02:00,2.99,
2026-04-11T17:30:00.0000000+02:00,2.988,
2026-04-11T17:40:00.0000000+02:00,2.99,
2026-04-11T17:50:00.0000000+02:00,2.992,
2026-04-11T18:00:00.0000000+02:00,2.993,
2026-04-11T18:10:00.0000000+02:00,2.998,
2026-04-11T18:20:00.0000000+02:00,3,
2026-04-11T18:30:00.0000000+02:00,3.001,
2026-04-11T18:40:00.0000000+02:00,2.996,
2026-04-11T18:50:00.0000000+02:00,2.994,
2026-04-11T19:00:00.0000000+02:00,3.004,
2026-04-11T19:10:00.0000000+02:00,3,
2026-04-11T19:20:00.0000000+02:00,2.999,
2026-04-11T19:30:00.0000000+02:00,3.003,
2026-04-11T19:40:00.0000000+02:00,2.997,
2026-04-11T19:50:00.0000000+02:00,3,
2026-04-11T20:00:00.0000000+02:00,2.993,
2026-04-11T20:10:00.0000000+02:00,2.997,
2026-04-11T20:20:00.0000000+02:00,2.996,
2026-04-11T20:30:00.0000000+02:00,2.999,
2026-04-11T20:40:00.0000000+02:00,2.999,
2026-04-11T20:50:00.0000000+02:00,3.001,
2026-04-11T21:00:00.0000000+02:00,3.007,
2026-04-11T21:10:00.0000000+02:00,3.003,
2026-04-11T21:20:00.0000000+02:00,3.002,
2026-04-11T21:30:00.0000000+02:00,2.999,
2026-04-11T21:40:00.0000000+02:00,3.002,
2026-04-11T21:50:00.0000000+02:00,3.006,
2026-04-11T22:00:00.0000000+02:00,3.007,
2026-04-11T22:10:00.0000000+02:00,3.007,
2026-04-11T22:20:00.0000000+02:00,3.006,
2026-04-11T22:30:00.0000000+02:00,3.002,
2026-04-11T22:40:00.0000000+02:00,3.001,
2026-04-11T22:50:00.0000000+02:00,3.007,
2026-04-11T23:00:00.0000000+02:00,3.006,
2026-04-11T23:10:00.0000000+02:00,3.009,
2026-04-11T23:20:00.0000000+02:00,3.006,
2026-04-11T23:30:00.0000000+02:00,3.006,
2026-04-11T23:40:00.0000000+02:00,3.005,
2026-04-11T23:50:00.0000000+02:00,3.01,
2026-04-12T00:00:00.0000000+02:00,3.008,
2026-04-12T00:10:00.0000000+02:00,3.01,
2026-04-12T00:20:00.0000000+02:00,3.011,
2026-04-12T00:30:00.0000000+02:00,3.011,
2026-04-12T00:40:00.0000000+02:00,3.014,
2026-04-12T00:50:00.0000000+02:00,3.012,
2026-04-12T01:00:00.0000000+02:00,3.01,
2026-04-12T01:10:00.0000000+02:00,3.011,
2026-04-12T01:20:00.0000000+02:00,3.01,
2026-04-12T01:30:00.0000000+02:00,3.009,
2026-04-12T01:40:00.0000000+02:00,3.009,
2026-04-12T01:50:00.0000000+02:00,3.007,
2026-04-12T02:00:00.0000000+02:00,3.011,
2026-04-12T02:10:00.0000000+02:00,3.011,
2026-04-12T02:20:00.0000000+02:00,3.01,
2026-04-12T02:30:00.0000000+02:00,3.009,
2026-04-12T02:40:00.0000000+02:00,3.013,
2026-04-12T02:50:00.0000000+02:00,3.006,
2026-04-12T03:00:00.0000000+02:00,3.009,
2026-04-12T03:10:00.0000000+02:00,2.998,
2026-04-12T03:20:00.0000000+02:00,3.002,
2026-04-12T03:30:00.0000000+02:00,3.002,
2026-04-12T03:40:00.0000000+02:00,3.003,
2026-04-12T03:50:00.0000000+02:00,2.999,
2026-04-12T04:00:00.0000000+02:00,2.998,
2026-04-12T04:10:00.0000000+02:00,2.992,
2026-04-12T04:20:00.0000000+02:00,2.992,
2026-04-12T04:30:00.0000000+02:00,2.998,
2026-04-12T04:40:00.0000000+02:00,2.989,
2026-04-12T04:50:00.0000000+02:00,2.995,
2026-04-12T05:00:00.0000000+02:00,2.99,
2026-04-12T05:10:00.0000000+02:00,2.989,
2026-04-12T05:20:00.0000000+02:00,2.989,
2026-04-12T05:30:00.0000000+02:00,2.984,
2026-04-12T05:40:00.0000000+02:00,2.985,
2026-04-12T05:50:00.0000000+02:00,2.985,
2026-04-12T06:00:00.0000000+02:00,2.984,
2026-04-12T06:10:00.0000000+02:00,2.992,
2026-04-12T06:20:00.0000000+02:00,2.984,
2026-04-12T06:30:00.0000000+02:00,2.985,
2026-04-12T06:40:00.0000000+02:00,2.982,
2026-04-12T06:50:00.0000000+02:00,2.979,
2026-04-12T07:00:00.0000000+02:00,2.981,
2026-04-12T07:10:00.0000000+02:00,2.981,
2026-04-12T07:20:00.0000000+02:00,2.98,
2026-04-12T07:30:00.0000000+02:00,2.973,
2026-04-12T07:40:00.0000000+02:00,2.975,
2026-04-12T07:50:00.0000000+02:00,2.976,
2026-04-12T08:00:00.0000000+02:00,2.977,
2026-04-12T08:10:00.0000000+02:00,2.976,
2026-04-12T08:20:00.0000000+02:00,2.969,
2026-04-12T08:30:00.0000000+02:00,2.978,
2026-04-12T08:40:00.0000000+02:00,2.971,
2026-04-12T08:50:00.0000000+02:00,2.969,
2026-04-12T09:00:00.0000000+02:00,2.975,
2026-04-12T09:10:00.0000000+02:00,2.972,
2026-04-12T09:20:00.0000000+02:00,2.972,
2026-04-12T09:30:00.0000000+02:00,2.97,
2026-04-12T09:40:00.0000000+02:00,2.967,
2026-04-12T09:50:00.0000000+02:00,2.971,
2026-04-12T10:00:00.0000000+02:00,2.966,
2026-04-12T10:10:00.0000000+02:00,2.967,
2026-04-12T10:20:00.0000000+02:00,2.964,
2026-04-12T10:30:00.0000000+02:00,2.965,
2026-04-12T10:40:00.0000000+02:00,2.965,
2026-04-12T10:50:00.0000000+02:00,2.967,
2026-04-12T11:00:00.0000000+02:00,2.967,
2026-04-12T11:10:00.0000000+02:00,2.962,
2026-04-12T11:20:00.0000000+02:00,2.964,
2026-04-12T11:30:00.0000000+02:00,2.959,
2026-04-12T11:40:00.0000000+02:00,2.953,
2026-04-12T11:50:00.0000000+02:00,2.955,
2026-04-12T12:00:00.0000000+02:00,2.953,
2026-04-12T12:10:00.0000000+02:00,2.956,
2026-04-12T12:20:00.0000000+02:00,2.952,
2026-04-12T12:30:00.0000000+02:00,2.958,
2026-04-12T12:40:00.0000000+02:00,2.953,
2026-04-12T12:50:00.0000000+02:00,2.962,
2026-04-12T13:00:00.0000000+02:00,2.959,
2026-04-12T13:10:00.0000000+02:00,2.958,
2026-04-12T13:20:00.0000000+02:00,2.962,
2026-04-12T13:30:00.0000000+02:00,2.957,
2026-04-12T13:40:00.0000000+02:00,2.96,
2026-04-12T13:50:00.0000000+02:00,2.954,
2026-04-12T14:00:00.0000000+02:00,2.956,
2026-04-12T14:10:00.0000000+02:00,2.957,
2026-04-12T14:20:00.0000000+02:00,2.961,
2026-04-12T14:30:00.0000000+02:00,2.949,
2026-04-12T14:40:00.0000000+02:00,2.954,
2026-04-12T14:50:00.0000000+02:00,2.935,
2026-04-12T15:00:00.0000000+02:00,2.953,
2026-04-12T15:10:00.0000000+02:00,2.951,
2026-04-12T15:20:00.0000000+02:00,2.948,
2026-04-12T15:30:00.0000000+02:00,2.944,
2026-04-12T15:40:00.0000000+02:00,2.957,
2026-04-12T15:50:00.0000000+02:00,2.959,
2026-04-12T16:00:00.0000000+02:00,2.955,
2026-04-12T16:10:00.0000000+02:00,2.959,
2026-04-12T16:20:00.0000000+02:00,2.956,
2026-04-12T16:30:00.0000000+02:00,2.953,
2026-04-12T16:40:00.0000000+02:00,2.951,
2026-04-12T16:50:00.0000000+02:00,2.957,
2026-04-12T17:00:00.0000000+02:00,2.953,
2026-04-12T17:10:00.0000000+02:00,2.956,
2026-04-12T17:20:00.0000000+02:00,2.957,
2026-04-12T17:30:00.0000000+02:00,2.954,
2026-04-12T17:40:00.0000000+02:00,2.955,
2026-04-12T17:50:00.0000000+02:00,2.956,
2026-04-12T18:00:00.0000000+02:00,2.958,
2026-04-12T18:10:00.0000000+02:00,2.955,
2026-04-12T18:20:00.0000000+02:00,2.956,
2026-04-12T18:30:00.0000000+02:00,2.96,
2026-04-12T18:40:00.0000000+02:00,2.959,
2026-04-12T18:50:00.0000000+02:00,2.955,
2026-04-12T19:00:00.0000000+02:00,2.957,
2026-04-12T19:10:00.0000000+02:00,2.956,
2026-04-12T19:20:00.0000000+02:00,2.961,
2026-04-12T19:30:00.0000000+02:00,2.963,
2026-04-12T19:40:00.0000000+02:00,2.957,
2026-04-12T19:50:00.0000000+02:00,2.962,
2026-04-12T20:00:00.0000000+02:00,2.963,
2026-04-12T20:10:00.0000000+02:00,2.961,
2026-04-12T20:20:00.0000000+02:00,2.967,
2026-04-12T20:30:00.0000000+02:00,2.964,
2026-04-12T20:40:00.0000000+02:00,2.966,
2026-04-12T20:50:00.0000000+02:00,2.964,
2026-04-12T21:00:00.0000000+02:00,2.966,
2026-04-12T21:10:00.0000000+02:00,2.965,
2026-04-12T21:20:00.0000000+02:00,2.962,
2026-04-12T21:30:00.0000000+02:00,2.966,
2026-04-12T21:40:00.0000000+02:00,2.965,
2026-04-12T21:50:00.0000000+02:00,2.965,
2026-04-12T22:00:00.0000000+02:00,2.966,
2026-04-12T22:10:00.0000000+02:00,2.963,
2026-04-12T22:20:00.0000000+02:00,2.962,
2026-04-12T22:30:00.0000000+02:00,2.971,
2026-04-12T22:40:00.0000000+02:00,2.965,
2026-04-12T22:50:00.0000000+02:00,2.961,
2026-04-12T23:00:00.0000000+02:00,2.967,
2026-04-12T23:10:00.0000000+02:00,2.967,
2026-04-12T23:20:00.0000000+02:00,2.965,
2026-04-12T23:30:00.0000000+02:00,2.973,
2026-04-12T23:40:00.0000000+02:00,2.969,
2026-04-12T23:50:00.0000000+02:00,2.969,
2026-04-13T00:00:00.0000000+02:00,2.968,
2026-04-13T00:10:00.0000000+02:00,2.964,
2026-04-13T00:20:00.0000000+02:00,2.957,
2026-04-13T00:30:00.0000000+02:00,2.966,
2026-04-13T00:40:00.0000000+02:00,2.968,
2026-04-13T00:50:00.0000000+02:00,2.962,
2026-04-13T01:00:00.0000000+02:00,2.964,
2026-04-13T01:10:00.0000000+02:00,2.968,
2026-04-13T01:20:00.0000000+02:00,2.968,
2026-04-13T01:30:00.0000000+02:00,2.968,
2026-04-13T01:40:00.0000000+02:00,2.972,
2026-04-13T01:50:00.0000000+02:00,2.972,
2026-04-13T02:00:00.0000000+02:00,2.966,
2026-04-13T02:10:00.0000000+02:00,2.96,
2026-04-13T02:20:00.0000000+02:00,2.97,
2026-04-13T02:30:00.0000000+02:00,2.97,
2026-04-13T02:40:00.0000000+02:00,2.969,
2026-04-13T02:50:00.0000000+02:00,2.969,
2026-04-13T03:00:00.0000000+02:00,2.968,
2026-04-13T03:10:00.0000000+02:00,2.966,
2026-04-13T03:20:00.0000000+02:00,2.969,
2026-04-13T03:30:00.0000000+02:00,2.969,
2026-04-13T03:40:00.0000000+02:00,2.963,
2026-04-13T03:50:00.0000000+02:00,2.962,
2026-04-13T04:00:00.0000000+02:00,2.961,
2026-04-13T04:10:00.0000000+02:00,2.961,
2026-04-13T04:20:00.0000000+02:00,2.961,
2026-04-13T04:30:00.0000000+02:00,2.956,
2026-04-13T04:40:00.0000000+02:00,2.962,
2026-04-13T04:50:00.0000000+02:00,2.959,
2026-04-13T05:00:00.0000000+02:00,2.963,
2026-04-13T05:10:00.0000000+02:00,2.958,
2026-04-13T05:20:00.0000000+02:00,2.953,
2026-04-13T05:30:00.0000000+02:00,2.956,
2026-04-13T05:40:00.0000000+02:00,2.959,
2026-04-13T05:50:00.0000000+02:00,2.956,
2026-04-13T06:00:00.0000000+02:00,2.961,
2026-04-13T06:10:00.0000000+02:00,2.958,
2026-04-13T06:20:00.0000000+02:00,2.954,
2026-04-13T06:30:00.0000000+02:00,2.954,
2026-04-13T06:40:00.0000000+02:00,2.952,
2026-04-13T06:50:00.0000000+02:00,2.96,
2026-04-13T07:00:00.0000000+02:00,2.952,
2026-04-13T07:10:00.0000000+02:00,2.946,
2026-04-13T07:20:00.0000000+02:00,2.948,
2026-04-13T07:30:00.0000000+02:00,2.948,
2026-04-13T07:40:00.0000000+02:00,2.945,
2026-04-13T07:50:00.0000000+02:00,2.94,
2026-04-13T08:00:00.0000000+02:00,2.942,
2026-04-13T08:10:00.0000000+02:00,2.942,
2026-04-13T08:20:00.0000000+02:00,2.943,
2026-04-13T08:30:00.0000000+02:00,2.94,
2026-04-13T08:40:00.0000000+02:00,2.943,
2026-04-13T08:50:00.0000000+02:00,2.942,
2026-04-13T09:00:00.0000000+02:00,2.938,
2026-04-13T09:10:00.0000000+02:00,2.936,
2026-04-13T09:20:00.0000000+02:00,2.936,
2026-04-13T09:30:00.0000000+02:00,2.932,
2026-04-13T09:40:00.0000000+02:00,2.935,
2026-04-13T09:50:00.0000000+02:00,2.936,
2026-04-13T10:00:00.0000000+02:00,2.93,
2026-04-13T10:10:00.0000000+02:00,2.933,
2026-04-13T10:20:00.0000000+02:00,2.93,
2026-04-13T10:30:00.0000000+02:00,2.925,
2026-04-13T10:40:00.0000000+02:00,2.931,
2026-04-13T10:50:00.0000000+02:00,2.925,
2026-04-13T11:00:00.0000000+02:00,2.926,
2026-04-13T11:10:00.0000000+02:00,2.922,
2026-04-13T11:20:00.0000000+02:00,2.892,
2026-04-13T11:30:00.0000000+02:00,2.891,
2026-04-13T11:40:00.0000000+02:00,2.901,
2026-04-13T11:50:00.0000000+02:00,2.919,
2026-04-13T12:00:00.0000000+02:00,2.921,
2026-04-13T12:10:00.0000000+02:00,2.919,
2026-04-13T12:20:00.0000000+02:00,2.923,
2026-04-13T12:30:00.0000000+02:00,2.925,
2026-04-13T12:40:00.0000000+02:00,2.914,
2026-04-13T12:50:00.0000000+02:00,2.913,
2026-04-13T13:00:00.0000000+02:00,2.91,
2026-04-13T13:10:00.0000000+02:00,2.916,
2026-04-13T13:20:00.0000000+02:00,2.914,
2026-04-13T13:30:00.0000000+02:00,2.914,
2026-04-13T13:40:00.0000000+02:00,2.904,
2026-04-13T13:50:00.0000000+02:00,2.915,
2026-04-13T14:00:00.0000000+02:00,2.905,
2026-04-13T14:10:00.0000000+02:00,2.907,
2026-04-13T14:20:00.0000000+02:00,2.912,
2026-04-13T14:30:00.0000000+02:00,2.917,
2026-04-13T14:40:00.0000000+02:00,2.912,
2026-04-13T14:50:00.0000000+02:00,2.917,
2026-04-13T15:00:00.0000000+02:00,2.913,
2026-04-13T15:10:00.0000000+02:00,2.913,
2026-04-13T15:20:00.0000000+02:00,2.911,
2026-04-13T15:30:00.0000000+02:00,2.904,
2026-04-13T15:40:00.0000000+02:00,2.905,
2026-04-13T15:50:00.0000000+02:00,2.91,
2026-04-13T16:00:00.0000000+02:00,2.909,
2026-04-13T16:10:00.0000000+02:00,2.904,
2026-04-13T16:20:00.0000000+02:00,2.907,
2026-04-13T16:30:00.0000000+02:00,2.9,
2026-04-13T16:40:00.0000000+02:00,2.901,
2026-04-13T16:50:00.0000000+02:00,2.903,
2026-04-13T17:00:00.0000000+02:00,2.901,
2026-04-13T17:10:00.0000000+02:00,2.904,
2026-04-13T17:20:00.0000000+02:00,2.899,
2026-04-13T17:30:00.0000000+02:00,2.897,
2026-04-13T17:40:00.0000000+02:00,2.9,
2026-04-13T17:50:00.0000000+02:00,2.9,
2026-04-13T18:00:00.0000000+02:00,2.896,
2026-04-13T18:10:00.0000000+02:00,2.894,
2026-04-13T18:20:00.0000000+02:00,2.895,
2026-04-13T18:30:00.0000000+02:00,2.893,
2026-04-13T18:40:00.0000000+02:00,2.895,
2026-04-13T18:50:00.0000000+02:00,2.897,
2026-04-13T19:00:00.0000000+02:00,2.901,
2026-04-13T19:10:00.0000000+02:00,2.896,
2026-04-13T19:20:00.0000000+02:00,2.898,
2026-04-13T19:30:00.0000000+02:00,2.894,
2026-04-13T19:40:00.0000000+02:00,2.899,
2026-04-13T19:50:00.0000000+02:00,2.897,
2026-04-13T20:00:00.0000000+02:00,2.899,
2026-04-13T20:10:00.0000000+02:00,2.896,
2026-04-13T20:20:00.0000000+02:00,2.894,
2026-04-13T20:30:00.0000000+02:00,2.893,
2026-04-13T20:40:00.0000000+02:00,2.898,
2026-04-13T20:50:00.0000000+02:00,2.899,
2026-04-13T21:00:00.0000000+02:00,2.905,
2026-04-13T21:10:00.0000000+02:00,2.907,
2026-04-13T21:20:00.0000000+02:00,2.907,
2026-04-13T21:30:00.0000000+02:00,2.906,
2026-04-13T21:40:00.0000000+02:00,2.9,
2026-04-13T21:50:00.0000000+02:00,2.906,
2026-04-13T22:00:00.0000000+02:00,2.899,
2026-04-13T22:10:00.0000000+02:00,2.903,
2026-04-13T22:20:00.0000000+02:00,2.908,
2026-04-13T22:30:00.0000000+02:00,2.909,
2026-04-13T22:40:00.0000000+02:00,2.906,
2026-04-13T22:50:00.0000000+02:00,2.905,
2026-04-13T23:00:00.0000000+02:00,2.906,
2026-04-13T23:10:00.0000000+02:00,2.908,
2026-04-13T23:20:00.0000000+02:00,2.899,
2026-04-13T23:30:00.0000000+02:00,2.906,
2026-04-13T23:40:00.0000000+02:00,2.904,
2026-04-13T23:50:00.0000000+02:00,2.901,
2026-04-14T00:00:00.0000000+02:00,2.907,
2026-04-14T00:10:00.0000000+02:00,2.908,
2026-04-14T00:20:00.0000000+02:00,2.906,
2026-04-14T00:30:00.0000000+02:00,2.905,
2026-04-14T00:40:00.0000000+02:00,2.904,
2026-04-14T00:50:00.0000000+02:00,2.908,
2026-04-14T01:00:00.0000000+02:00,2.912,
2026-04-14T01:10:00.0000000+02:00,2.902,
2026-04-14T01:20:00.0000000+02:00,2.909,
2026-04-14T01:30:00.0000000+02:00,2.908,
2026-04-14T01:40:00.0000000+02:00,2.913,
2026-04-14T01:50:00.0000000+02:00,2.914,
2026-04-14T02:00:00.0000000+02:00,2.909,
2026-04-14T02:10:00.0000000+02:00,2.905,
2026-04-14T02:20:00.0000000+02:00,2.908,
2026-04-14T02:30:00.0000000+02:00,2.905,
2026-04-14T02:40:00.0000000+02:00,2.909,
2026-04-14T02:50:00.0000000+02:00,2.913,
2026-04-14T03:00:00.0000000+02:00,2.918,
2026-04-14T03:10:00.0000000+02:00,2.915,
2026-04-14T03:20:00.0000000+02:00,2.916,
2026-04-14T03:30:00.0000000+02:00,2.919,
2026-04-14T03:40:00.0000000+02:00,2.916,
2026-04-14T03:50:00.0000000+02:00,2.914,
2026-04-14T04:00:00.0000000+02:00,2.913,
2026-04-14T04:10:00.0000000+02:00,2.915,
2026-04-14T04:20:00.0000000+02:00,2.913,
2026-04-14T04:30:00.0000000+02:00,2.915,
2026-04-14T04:40:00.0000000+02:00,2.911,
2026-04-14T04:50:00.0000000+02:00,2.915,
2026-04-14T05:00:00.0000000+02:00,2.911,
2026-04-14T05:10:00.0000000+02:00,2.913,
2026-04-14T05:20:00.0000000+02:00,2.916,
2026-04-14T05:30:00.0000000+02:00,2.909,
2026-04-14T05:40:00.0000000+02:00,2.91,
2026-04-14T05:50:00.0000000+02:00,2.917,
2026-04-14T06:00:00.0000000+02:00,2.915,
2026-04-14T06:10:00.0000000+02:00,2.913,
2026-04-14T06:20:00.0000000+02:00,2.914,
2026-04-14T06:30:00.0000000+02:00,2.913,
2026-04-14T06:40:00.0000000+02:00,2.908,
2026-04-14T06:50:00.0000000+02:00,2.909,
2026-04-14T07:00:00.0000000+02:00,2.912,
2026-04-14T07:10:00.0000000+02:00,2.905,
2026-04-14T07:20:00.0000000+02:00,2.906,
2026-04-14T07:30:00.0000000+02:00,2.901,
2026-04-14T07:40:00.0000000+02:00,2.906,
2026-04-14T07:50:00.0000000+02:00,2.905,
2026-04-14T08:00:00.0000000+02:00,2.899,
2026-04-14T08:10:00.0000000+02:00,2.9,
2026-04-14T08:20:00.0000000+02:00,2.904,
2026-04-14T08:30:00.0000000+02:00,2.9,
2026-04-14T08:40:00.0000000+02:00,2.899,
2026-04-14T08:50:00.0000000+02:00,2.897,
2026-04-14T09:00:00.0000000+02:00,2.903,
2026-04-14T09:10:00.0000000+02:00,2.9,
2026-04-14T09:20:00.0000000+02:00,2.899,
2026-04-14T09:30:00.0000000+02:00,2.897,
2026-04-14T09:40:00.0000000+02:00,2.902,
2026-04-14T09:50:00.0000000+02:00,2.9,
2026-04-14T10:00:00.0000000+02:00,2.899,
2026-04-14T10:10:00.0000000+02:00,2.897,
2026-04-14T10:20:00.0000000+02:00,2.895,
2026-04-14T10:30:00.0000000+02:00,2.902,
2026-04-14T10:40:00.0000000+02:00,2.897,
2026-04-14T10:50:00.0000000+02:00,2.894,
2026-04-14T11:00:00.0000000+02:00,2.895,
2026-04-14T11:10:00.0000000+02:00,2.896,
2026-04-14T11:20:00.0000000+02:00,2.893,
2026-04-14T11:30:00.0000000+02:00,2.893,
2026-04-14T11:40:00.0000000+02:00,2.884,
2026-04-14T11:50:00.0000000+02:00,2.887,
2026-04-14T12:00:00.0000000+02:00,2.885,
2026-04-14T12:10:00.0000000+02:00,2.888,
2026-04-14T12:20:00.0000000+02:00,2.888,
2026-04-14T12:30:00.0000000+02:00,2.886,
2026-04-14T12:40:00.0000000+02:00,2.882,
2026-04-14T12:50:00.0000000+02:00,2.884,
2026-04-14T13:00:00.0000000+02:00,2.882,
2026-04-14T13:10:00.0000000+02:00,2.878,
2026-04-14T13:20:00.0000000+02:00,2.877,
2026-04-14T13:30:00.0000000+02:00,2.879,
2026-04-14T13:40:00.0000000+02:00,2.869,
2026-04-14T13:50:00.0000000+02:00,2.863,
2026-04-14T14:00:00.0000000+02:00,2.865,
2026-04-14T14:10:00.0000000+02:00,2.872,
2026-04-14T14:20:00.0000000+02:00,2.868,
2026-04-14T14:30:00.0000000+02:00,2.872,
2026-04-14T14:40:00.0000000+02:00,2.871,
2026-04-14T14:50:00.0000000+02:00,2.865,
2026-04-14T15:00:00.0000000+02:00,2.867,
2026-04-14T15:10:00.0000000+02:00,2.859,
2026-04-14T15:20:00.0000000+02:00,2.865,
2026-04-14T15:30:00.0000000+02:00,2.865,
2026-04-14T15:40:00.0000000+02:00,2.858,
2026-04-14T15:50:00.0000000+02:00,2.862,
2026-04-14T16:00:00.0000000+02:00,2.863,
2026-04-14T16:10:00.0000000+02:00,2.864,
2026-04-14T16:20:00.0000000+02:00,2.862,
2026-04-14T16:30:00.0000000+02:00,2.859,
2026-04-14T16:40:00.0000000+02:00,2.856,
2026-04-14T16:50:00.0000000+02:00,2.858,
2026-04-14T17:00:00.0000000+02:00,2.85,
2026-04-14T17:10:00.0000000+02:00,2.852,
2026-04-14T17:20:00.0000000+02:00,2.845,
2026-04-14T17:30:00.0000000+02:00,2.846,
2026-04-14T17:40:00.0000000+02:00,2.852,
2026-04-14T17:50:00.0000000+02:00,2.856,
2026-04-14T18:00:00.0000000+02:00,2.852,
2026-04-14T18:10:00.0000000+02:00,2.843,
2026-04-14T18:20:00.0000000+02:00,2.85,
2026-04-14T18:30:00.0000000+02:00,2.849,
2026-04-14T18:40:00.0000000+02:00,2.849,
2026-04-14T18:50:00.0000000+02:00,2.84,
2026-04-14T19:00:00.0000000+02:00,2.84,
2026-04-14T19:10:00.0000000+02:00,2.846,
2026-04-14T19:20:00.0000000+02:00,2.842,
2026-04-14T19:30:00.0000000+02:00,2.841,
2026-04-14T19:40:00.0000000+02:00,2.85,
2026-04-14T19:50:00.0000000+02:00,2.844,
2026-04-14T20:00:00.0000000+02:00,2.849,
2026-04-14T20:10:00.0000000+02:00,2.84,
2026-04-14T20:20:00.0000000+02:00,2.847,
2026-04-14T20:30:00.0000000+02:00,2.851,
2026-04-14T20:40:00.0000000+02:00,2.845,
2026-04-14T20:50:00.0000000+02:00,2.849,
2026-04-14T21:00:00.0000000+02:00,2.851,
2026-04-14T21:10:00.0000000+02:00,2.846,
2026-04-14T21:20:00.0000000+02:00,2.847,
2026-04-14T21:30:00.0000000+02:00,2.852,
2026-04-14T21:40:00.0000000+02:00,2.851,
2026-04-14T21:50:00.0000000+02:00,2.847,
2026-04-14T22:00:00.0000000+02:00,2.847,
2026-04-14T22:10:00.0000000+02:00,2.85,
2026-04-14T22:20:00.0000000+02:00,2.856,
2026-04-14T22:30:00.0000000+02:00,2.848,
2026-04-14T22:40:00.0000000+02:00,2.858,
2026-04-14T22:50:00.0000000+02:00,2.852,
2026-04-14T23:00:00.0000000+02:00,2.851,
2026-04-14T23:10:00.0000000+02:00,2.859,
2026-04-14T23:20:00.0000000+02:00,2.858,
2026-04-14T23:30:00.0000000+02:00,2.857,
2026-04-14T23:40:00.0000000+02:00,2.856,
2026-04-14T23:50:00.0000000+02:00,2.861,
2026-04-15T00:00:00.0000000+02:00,2.862,
2026-04-15T00:10:00.0000000+02:00,2.858,
2026-04-15T00:20:00.0000000+02:00,2.863,
2026-04-15T00:30:00.0000000+02:00,2.867,
2026-04-15T00:40:00.0000000+02:00,2.866,
2026-04-15T00:50:00.0000000+02:00,2.858,
2026-04-15T01:00:00.0000000+02:00,2.865,
2026-04-15T01:10:00.0000000+02:00,2.867,
2026-04-15T01:20:00.0000000+02:00,2.863,
2026-04-15T01:30:00.0000000+02:00,2.857,
2026-04-15T01:40:00.0000000+02:00,2.862,
2026-04-15T01:50:00.0000000+02:00,2.856,
2026-04-15T02:00:00.0000000+02:00,2.863,
2026-04-15T02:10:00.0000000+02:00,2.862,
2026-04-15T02:20:00.0000000+02:00,2.858,
2026-04-15T02:30:00.0000000+02:00,2.863,
2026-04-15T02:40:00.0000000+02:00,2.861,
2026-04-15T02:50:00.0000000+02:00,2.863,
2026-04-15T03:00:00.0000000+02:00,2.863,
2026-04-15T03:10:00.0000000+02:00,2.861,
2026-04-15T03:20:00.0000000+02:00,2.856,
2026-04-15T03:30:00.0000000+02:00,2.862,
2026-04-15T03:40:00.0000000+02:00,2.865,
2026-04-15T03:50:00.0000000+02:00,2.858,
2026-04-15T04:00:00.0000000+02:00,2.864,
2026-04-15T04:10:00.0000000+02:00,2.859,
2026-04-15T04:20:00.0000000+02:00,2.856,
2026-04-15T04:30:00.0000000+02:00,2.857,
2026-04-15T04:40:00.0000000+02:00,2.855,
2026-04-15T04:50:00.0000000+02:00,2.854,
2026-04-15T05:00:00.0000000+02:00,2.856,
2026-04-15T05:10:00.0000000+02:00,2.863,
2026-04-15T05:20:00.0000000+02:00,2.855,
2026-04-15T05:30:00.0000000+02:00,2.856,
2026-04-15T05:40:00.0000000+02:00,2.851,
2026-04-15T05:50:00.0000000+02:00,2.849,
2026-04-15T06:00:00.0000000+02:00,2.852,
2026-04-15T06:10:00.0000000+02:00,2.843,
2026-04-15T06:20:00.0000000+02:00,2.853,
2026-04-15T06:30:00.0000000+02:00,2.848,
2026-04-15T06:40:00.0000000+02:00,2.849,
2026-04-15T06:50:00.0000000+02:00,2.848,
2026-04-15T07:00:00.0000000+02:00,2.844,
2026-04-15T07:10:00.0000000+02:00,2.842,
2026-04-15T07:20:00.0000000+02:00,2.84,
2026-04-15T07:30:00.0000000+02:00,2.839,
2026-04-15T07:40:00.0000000+02:00,2.84,
2026-04-15T07:50:00.0000000+02:00,2.837,
2026-04-15T08:00:00.0000000+02:00,2.84,
2026-04-15T08:10:00.0000000+02:00,2.835,
2026-04-15T08:20:00.0000000+02:00,2.828,
2026-04-15T08:30:00.0000000+02:00,2.832,
2026-04-15T08:40:00.0000000+02:00,2.827,
2026-04-15T08:50:00.0000000+02:00,2.829,
2026-04-15T09:00:00.0000000+02:00,2.824,
2026-04-15T09:10:00.0000000+02:00,2.821,
2026-04-15T09:20:00.0000000+02:00,2.822,
2026-04-15T09:30:00.0000000+02:00,2.827,
2026-04-15T09:40:00.0000000+02:00,2.822,
2026-04-15T09:50:00.0000000+02:00,2.819,
2026-04-15T10:00:00.0000000+02:00,2.812,
2026-04-15T10:10:00.0000000+02:00,2.814,
2026-04-15T10:20:00.0000000+02:00,2.815,
2026-04-15T10:30:00.0000000+02:00,2.819,
2026-04-15T10:40:00.0000000+02:00,2.814,
2026-04-15T10:50:00.0000000+02:00,2.811,
2026-04-15T11:00:00.0000000+02:00,2.81,
2026-04-15T11:10:00.0000000+02:00,2.808,
2026-04-15T11:20:00.0000000+02:00,2.803,
2026-04-15T11:30:00.0000000+02:00,2.803,
2026-04-15T11:40:00.0000000+02:00,2.809,
2026-04-15T11:50:00.0000000+02:00,2.807,
2026-04-15T12:00:00.0000000+02:00,2.804,
2026-04-15T12:10:00.0000000+02:00,2.803,
2026-04-15T12:20:00.0000000+02:00,2.8,
2026-04-15T12:30:00.0000000+02:00,2.801,
2026-04-15T12:40:00.0000000+02:00,2.798,
2026-04-15T12:50:00.0000000+02:00,2.796,
2026-04-15T13:00:00.0000000+02:00,2.795,
2026-04-15T13:10:00.0000000+02:00,2.797,
2026-04-15T13:20:00.0000000+02:00,2.791,
2026-04-15T13:30:00.0000000+02:00,2.792,
2026-04-15T13:40:00.0000000+02:00,2.78,
2026-04-15T13:50:00.0000000+02:00,2.783,
2026-04-15T14:00:00.0000000+02:00,2.793,
2026-04-15T14:10:00.0000000+02:00,2.794,
2026-04-15T14:20:00.0000000+02:00,2.787,
2026-04-15T14:30:00.0000000+02:00,2.79,
2026-04-15T14:40:00.0000000+02:00,2.779,
2026-04-15T14:50:00.0000000+02:00,2.762,
2026-04-15T15:00:00.0000000+02:00,2.785,
2026-04-15T15:10:00.0000000+02:00,2.785,
2026-04-15T15:20:00.0000000+02:00,2.776,
2026-04-15T15:30:00.0000000+02:00,2.778,
2026-04-15T15:40:00.0000000+02:00,2.783,
2026-04-15T15:50:00.0000000+02:00,2.777,
2026-04-15T16:00:00.0000000+02:00,2.779,
2026-04-15T16:10:00.0000000+02:00,2.778,
2026-04-15T16:20:00.0000000+02:00,2.773,
2026-04-15T16:30:00.0000000+02:00,2.79,
2026-04-15T16:40:00.0000000+02:00,2.788,
2026-04-15T16:50:00.0000000+02:00,2.799,
2026-04-15T17:00:00.0000000+02:00,2.792,
2026-04-15T17:10:00.0000000+02:00,2.797,
2026-04-15T17:20:00.0000000+02:00,2.795,
2026-04-15T17:30:00.0000000+02:00,2.803,
2026-04-15T17:40:00.0000000+02:00,2.8,
2026-04-15T17:50:00.0000000+02:00,2.797,
2026-04-15T18:00:00.0000000+02:00,2.801,
2026-04-15T18:10:00.0000000+02:00,2.799,
2026-04-15T18:20:00.0000000+02:00,2.794,
2026-04-15T18:30:00.0000000+02:00,2.801,
2026-04-15T18:40:00.0000000+02:00,2.804,
2026-04-15T18:50:00.0000000+02:00,2.801,
2026-04-15T19:00:00.0000000+02:00,2.806,
2026-04-15T19:10:00.0000000+02:00,2.808,
2026-04-15T19:20:00.0000000+02:00,2.803,
2026-04-15T19:30:00.0000000+02:00,2.809,
2026-04-15T19:40:00.0000000+02:00,2.8,
2026-04-15T19:50:00.0000000+02:00,2.805,
2026-04-15T20:00:00.0000000+02:00,2.808,
2026-04-15T20:10:00.0000000+02:00,2.811,
2026-04-15T20:20:00.0000000+02:00,2.812,
2026-04-15T20:30:00.0000000+02:00,2.817,
2026-04-15T20:40:00.0000000+02:00,2.815,
2026-04-15T20:50:00.0000000+02:00,2.811,
2026-04-15T21:00:00.0000000+02:00,2.815,
2026-04-15T21:10:00.0000000+02:00,2.817,
2026-04-15T21:20:00.0000000+02:00,2.818,
2026-04-15T21:30:00.0000000+02:00,2.815,
2026-04-15T21:40:00.0000000+02:00,2.823,
2026-04-15T21:50:00.0000000+02:00,2.824,
2026-04-15T22:00:00.0000000+02:00,2.822,
2026-04-15T22:10:00.0000000+02:00,2.822,
2026-04-15T22:20:00.0000000+02:00,2.825,
2026-04-15T22:30:00.0000000+02:00,2.823,
2026-04-15T22:40:00.0000000+02:00,2.832,
2026-04-15T22:50:00.0000000+02:00,2.825,
2026-04-15T23:00:00.0000000+02:00,2.829,
2026-04-15T23:10:00.0000000+02:00,2.834,
2026-04-15T23:20:00.0000000+02:00,2.833,
2026-04-15T23:30:00.0000000+02:00,2.837,
2026-04-15T23:40:00.0000000+02:00,2.839,
2026-04-15T23:50:00.0000000+02:00,2.837,
2026-04-16T00:00:00.0000000+02:00,2.841,
2026-04-16T00:10:00.0000000+02:00,2.839,
2026-04-16T00:20:00.0000000+02:00,2.846,
2026-04-16T00:30:00.0000000+02:00,2.84,
2026-04-16T00:40:00.0000000+02:00,2.844,
2026-04-16T00:50:00.0000000+02:00,2.846,
2026-04-16T01:00:00.0000000+02:00,2.846,
2026-04-16T01:10:00.0000000+02:00,2.85,
2026-04-16T01:20:00.0000000+02:00,2.844,
2026-04-16T01:30:00.0000000+02:00,2.845,
2026-04-16T01:40:00.0000000+02:00,2.843,
2026-04-16T01:50:00.0000000+02:00,2.84,
2026-04-16T02:00:00.0000000+02:00,2.85,
2026-04-16T02:10:00.0000000+02:00,2.85,
2026-04-16T02:20:00.0000000+02:00,2.847,
2026-04-16T02:30:00.0000000+02:00,2.844,
2026-04-16T02:40:00.0000000+02:00,2.848,
2026-04-16T02:50:00.0000000+02:00,2.846,
2026-04-16T03:00:00.0000000+02:00,2.844,
2026-04-16T03:10:00.0000000+02:00,2.848,
2026-04-16T03:20:00.0000000+02:00,2.844,
2026-04-16T03:30:00.0000000+02:00,2.841,
2026-04-16T03:40:00.0000000+02:00,2.841,
2026-04-16T03:50:00.0000000+02:00,2.842,
2026-04-16T04:00:00.0000000+02:00,2.846,
2026-04-16T04:10:00.0000000+02:00,2.843,
2026-04-16T04:20:00.0000000+02:00,2.85,
2026-04-16T04:30:00.0000000+02:00,2.848,
2026-04-16T04:40:00.0000000+02:00,2.841,
2026-04-16T04:50:00.0000000+02:00,2.839,
2026-04-16T05:00:00.0000000+02:00,2.844,
2026-04-16T05:10:00.0000000+02:00,2.839,
2026-04-16T05:20:00.0000000+02:00,2.84,
2026-04-16T05:30:00.0000000+02:00,2.837,
2026-04-16T05:40:00.0000000+02:00,2.833,
2026-04-16T05:50:00.0000000+02:00,2.832,
2026-04-16T06:00:00.0000000+02:00,2.83,
2026-04-16T06:10:00.0000000+02:00,2.828,
2026-04-16T06:20:00.0000000+02:00,2.827,
2026-04-16T06:30:00.0000000+02:00,2.824,
2026-04-16T06:40:00.0000000+02:00,2.83,
2026-04-16T06:50:00.0000000+02:00,2.827,
2026-04-16T07:00:00.0000000+02:00,2.827,
2026-04-16T07:10:00.0000000+02:00,2.825,
2026-04-16T07:20:00.0000000+02:00,2.821,
2026-04-16T07:30:00.0000000+02:00,2.817,
2026-04-16T07:40:00.0000000+02:00,2.818,
2026-04-16T07:50:00.0000000+02:00,2.814,
2026-04-16T08:00:00.0000000+02:00,2.818,
2026-04-16T08:10:00.0000000+02:00,2.816,
2026-04-16T08:20:00.0000000+02:00,2.811,
2026-04-16T08:30:00.0000000+02:00,2.815,
2026-04-16T08:40:00.0000000+02:00,2.815,
2026-04-16T08:50:00.0000000+02:00,2.808,
2026-04-16T09:00:00.0000000+02:00,2.811,
2026-04-16T09:10:00.0000000+02:00,2.806,
2026-04-16T09:20:00.0000000+02:00,2.806,
2026-04-16T09:30:00.0000000+02:00,2.803,
2026-04-16T09:40:00.0000000+02:00,2.801,
2026-04-16T09:50:00.0000000+02:00,2.804,
2026-04-16T10:00:00.0000000+02:00,2.804,
2026-04-16T10:10:00.0000000+02:00,2.799,
2026-04-16T10:20:00.0000000+02:00,2.796,
2026-04-16T10:30:00.0000000+02:00,2.796,
2026-04-16T10:40:00.0000000+02:00,2.792,
2026-04-16T10:50:00.0000000+02:00,2.795,
2026-04-16T11:00:00.0000000+02:00,2.79,
2026-04-16T11:10:00.0000000+02:00,2.757,
2026-04-16T11:20:00.0000000+02:00,2.783,
2026-04-16T11:30:00.0000000+02:00,2.774,
2026-04-16T11:40:00.0000000+02:00,2.775,
2026-04-16T11:50:00.0000000+02:00,2.765,
2026-04-16T12:00:00.0000000+02:00,2.777,
2026-04-16T12:10:00.0000000+02:00,2.782,
2026-04-16T12:20:00.0000000+02:00,2.765,
2026-04-16T12:30:00.0000000+02:00,2.788,
2026-04-16T12:40:00.0000000+02:00,2.785,
2026-04-16T12:50:00.0000000+02:00,2.771,
2026-04-16T13:00:00.0000000+02:00,2.774,
2026-04-16T13:10:00.0000000+02:00,2.776,
2026-04-16T13:20:00.0000000+02:00,2.775,
2026-04-16T13:30:00.0000000+02:00,2.773,
2026-04-16T13:40:00.0000000+02:00,2.776,
2026-04-16T13:50:00.0000000+02:00,2.779,
2026-04-16T14:00:00.0000000+02:00,2.775,
2026-04-16T14:10:00.0000000+02:00,2.771,
2026-04-16T14:20:00.0000000+02:00,2.741,
2026-04-16T14:30:00.0000000+02:00,2.768,
2026-04-16T14:40:00.0000000+02:00,2.763,
2026-04-16T14:50:00.0000000+02:00,2.758,
2026-04-16T15:00:00.0000000+02:00,2.76,
2026-04-16T15:10:00.0000000+02:00,2.764,
2026-04-16T15:20:00.0000000+02:00,2.75,
2026-04-16T15:30:00.0000000+02:00,2.755,
2026-04-16T15:40:00.0000000+02:00,2.757,
2026-04-16T15:50:00.0000000+02:00,2.762,
2026-04-16T16:00:00.0000000+02:00,2.753,
2026-04-16T16:10:00.0000000+02:00,2.751,
2026-04-16T16:20:00.0000000+02:00,2.754,
2026-04-16T16:30:00.0000000+02:00,2.756,
2026-04-16T16:40:00.0000000+02:00,2.759,
2026-04-16T16:50:00.0000000+02:00,2.754,
2026-04-16T17:00:00.0000000+02:00,2.756,
2026-04-16T17:10:00.0000000+02:00,2.76,
2026-04-16T17:20:00.0000000+02:00,2.756,
2026-04-16T17:30:00.0000000+02:00,2.76,
2026-04-16T17:40:00.0000000+02:00,2.753,
2026-04-16T17:50:00.0000000+02:00,2.764,
2026-04-16T18:00:00.0000000+02:00,2.761,
2026-04-16T18:10:00.0000000+02:00,2.76,
2026-04-16T18:20:00.0000000+02:00,2.758,
2026-04-16T18:30:00.0000000+02:00,2.763,
2026-04-16T18:40:00.0000000+02:00,2.761,
2026-04-16T18:50:00.0000000+02:00,2.767,
2026-04-16T19:00:00.0000000+02:00,2.764,
2026-04-16T19:10:00.0000000+02:00,2.771,
2026-04-16T19:20:00.0000000+02:00,2.769,
2026-04-16T19:30:00.0000000+02:00,2.768,
2026-04-16T19:40:00.0000000+02:00,2.767,
2026-04-16T19:50:00.0000000+02:00,2.773,
2026-04-16T20:00:00.0000000+02:00,2.774,
2026-04-16T20:10:00.0000000+02:00,2.773,
2026-04-16T20:20:00.0000000+02:00,2.778,
2026-04-16T20:30:00.0000000+02:00,2.78,
2026-04-16T20:40:00.0000000+02:00,2.775,
2026-04-16T20:50:00.0000000+02:00,2.779,
2026-04-16T21:00:00.0000000+02:00,2.78,
2026-04-16T21:10:00.0000000+02:00,2.786,
2026-04-16T21:20:00.0000000+02:00,2.784,
2026-04-16T21:30:00.0000000+02:00,2.79,
2026-04-16T21:40:00.0000000+02:00,2.785,
2026-04-16T21:50:00.0000000+02:00,2.786,
2026-04-16T22:00:00.0000000+02:00,2.799,
2026-04-16T22:10:00.0000000+02:00,2.791,
2026-04-16T22:20:00.0000000+02:00,2.798,
2026-04-16T22:30:00.0000000+02:00,2.796,
2026-04-16T22:40:00.0000000+02:00,2.796,
2026-04-16T22:50:00.0000000+02:00,2.797,
2026-04-16T23:00:00.0000000+02:00,2.799,
2026-04-16T23:10:00.0000000+02:00,2.803,
2026-04-16T23:20:00.0000000+02:00,2.809,
2026-04-16T23:30:00.0000000+02:00,2.808,
2026-04-16T23:40:00.0000000+02:00,2.805,
2026-04-16T23:50:00.0000000+02:00,2.809,
2026-04-17T00:00:00.0000000+02:00,2.805,
2026-04-17T00:10:00.0000000+02:00,2.802,
2026-04-17T00:20:00.0000000+02:00,2.811,
2026-04-17T00:30:00.0000000+02:00,2.815,
2026-04-17T00:40:00.0000000+02:00,2.817,
2026-04-17T00:50:00.0000000+02:00,2.814,
2026-04-17T01:00:00.0000000+02:00,2.817,
2026-04-17T01:10:00.0000000+02:00,2.821,
2026-04-17T01:20:00.0000000+02:00,2.826,
2026-04-17T01:30:00.0000000+02:00,2.822,
2026-04-17T01:40:00.0000000+02:00,2.825,
2026-04-17T01:50:00.0000000+02:00,2.826,
2026-04-17T02:00:00.0000000+02:00,2.82,
2026-04-17T02:10:00.0000000+02:00,2.821,
2026-04-17T02:20:00.0000000+02:00,2.822,
2026-04-17T02:30:00.0000000+02:00,2.828,
2026-04-17T02:40:00.0000000+02:00,2.831,
2026-04-17T02:50:00.0000000+02:00,2.826,
2026-04-17T03:00:00.0000000+02:00,2.821,
2026-04-17T03:10:00.0000000+02:00,2.832,
2026-04-17T03:20:00.0000000+02:00,2.822,
2026-04-17T03:30:00.0000000+02:00,2.825,
2026-04-17T03:40:00.0000000+02:00,2.829,
2026-04-17T03:50:00.0000000+02:00,2.83,
2026-04-17T04:00:00.0000000+02:00,2.829,
2026-04-17T04:10:00.0000000+02:00,2.826,
2026-04-17T04:20:00.0000000+02:00,2.827,
2026-04-17T04:30:00.0000000+02:00,2.829,
2026-04-17T04:40:00.0000000+02:00,2.832,
2026-04-17T04:50:00.0000000+02:00,2.837,
2026-04-17T05:00:00.0000000+02:00,2.834,
2026-04-17T05:10:00.0000000+02:00,2.833,
2026-04-17T05:20:00.0000000+02:00,2.829,
2026-04-17T05:30:00.0000000+02:00,2.821,
2026-04-17T05:40:00.0000000+02:00,2.835,
2026-04-17T05:50:00.0000000+02:00,2.83,
2026-04-17T06:00:00.0000000+02:00,2.826,
2026-04-17T06:10:00.0000000+02:00,2.826,
2026-04-17T06:20:00.0000000+02:00,2.828,
2026-04-17T06:30:00.0000000+02:00,2.823,
2026-04-17T06:40:00.0000000+02:00,2.828,
2026-04-17T06:50:00.0000000+02:00,2.824,
2026-04-17T07:00:00.0000000+02:00,2.822,
2026-04-17T07:10:00.0000000+02:00,2.821,
2026-04-17T07:20:00.0000000+02:00,2.823,
2026-04-17T07:30:00.0000000+02:00,2.822,
2026-04-17T07:40:00.0000000+02:00,2.817,
2026-04-17T07:50:00.0000000+02:00,2.816,
2026-04-17T08:00:00.0000000+02:00,2.821,
2026-04-17T08:10:00.0000000+02:00,2.819,
2026-04-17T08:20:00.0000000+02:00,2.819,
2026-04-17T08:30:00.0000000+02:00,2.819,
2026-04-17T08:40:00.0000000+02:00,2.817,
2026-04-17T08:50:00.0000000+02:00,2.814,
2026-04-17T09:00:00.0000000+02:00,2.815,
2026-04-17T09:10:00.0000000+02:00,2.809,
2026-04-17T09:20:00.0000000+02:00,2.805,
2026-04-17T09:30:00.0000000+02:00,2.812,
2026-04-17T09:40:00.0000000+02:00,2.808,
2026-04-17T09:50:00.0000000+02:00,2.807,
2026-04-17T10:00:00.0000000+02:00,2.801,
2026-04-17T10:10:00.0000000+02:00,2.804,
2026-04-17T10:20:00.0000000+02:00,2.803,
2026-04-17T10:30:00.0000000+02:00,2.798,
2026-04-17T10:40:00.0000000+02:00,2.806,
2026-04-17T10:50:00.0000000+02:00,2.806,
2026-04-17T11:00:00.0000000+02:00,2.8,
2026-04-17T11:10:00.0000000+02:00,2.807,
2026-04-17T11:20:00.0000000+02:00,2.806,
2026-04-17T11:30:00.0000000+02:00,2.81,
2026-04-17T11:40:00.0000000+02:00,2.813,
2026-04-17T11:50:00.0000000+02:00,2.808,
2026-04-17T12:00:00.0000000+02:00,2.812,
2026-04-17T12:10:00.0000000+02:00,2.811,
2026-04-17T12:20:00.0000000+02:00,2.814,
2026-04-17T12:30:00.0000000+02:00,2.81,
2026-04-17T12:40:00.0000000+02:00,2.817,
2026-04-17T12:50:00.0000000+02:00,2.815,
2026-04-17T13:00:00.0000000+02:00,2.812,
2026-04-17T13:10:00.0000000+02:00,2.811,
2026-04-17T13:20:00.0000000+02:00,2.814,
2026-04-17T13:30:00.0000000+02:00,2.817,
2026-04-17T13:40:00.0000000+02:00,2.817,
2026-04-17T13:50:00.0000000+02:00,2.821,
2026-04-17T14:00:00.0000000+02:00,2.816,
2026-04-17T14:10:00.0000000+02:00,2.817,
2026-04-17T14:20:00.0000000+02:00,2.822,
2026-04-17T14:30:00.0000000+02:00,2.825,
2026-04-17T14:40:00.0000000+02:00,2.824,
2026-04-17T14:50:00.0000000+02:00,2.829,
2026-04-17T15:00:00.0000000+02:00,2.833,
2026-04-17T15:10:00.0000000+02:00,2.831,
2026-04-17T15:20:00.0000000+02:00,2.83,
2026-04-17T15:30:00.0000000+02:00,2.836,
2026-04-17T15:40:00.0000000+02:00,2.837,
2026-04-17T15:50:00.0000000+02:00,2.835,
2026-04-17T16:00:00.0000000+02:00,2.838,
2026-04-17T16:10:00.0000000+02:00,2.843,
2026-04-17T16:20:00.0000000+02:00,2.834,
2026-04-17T16:30:00.0000000+02:00,2.835,
2026-04-17T16:40:00.0000000+02:00,2.832,
2026-04-17T16:50:00.0000000+02:00,2.833,
2026-04-17T17:00:00.0000000+02:00,2.835,
2026-04-17T17:10:00.0000000+02:00,2.837,
2026-04-17T17:20:00.0000000+02:00,2.847,
2026-04-17T17:30:00.0000000+02:00,2.837,
2026-04-17T17:40:00.0000000+02:00,2.85,
2026-04-17T17:50:00.0000000+02:00,2.848,
2026-04-17T18:00:00.0000000+02:00,2.848,
2026-04-17T18:10:00.0000000+02:00,2.847,
2026-04-17T18:20:00.0000000+02:00,2.85,
2026-04-17T18:30:00.0000000+02:00,2.853,
2026-04-17T18:40:00.0000000+02:00,2.851,
2026-04-17T18:50:00.0000000+02:00,2.853,
2026-04-17T19:00:00.0000000+02:00,2.864,
2026-04-17T19:10:00.0000000+02:00,2.861,
2026-04-17T19:20:00.0000000+02:00,2.855,
2026-04-17T19:30:00.0000000+02:00,2.859,
2026-04-17T19:40:00.0000000+02:00,2.858,
2026-04-17T19:50:00.0000000+02:00,2.862,
2026-04-17T20:00:00.0000000+02:00,2.866,
2026-04-17T20:10:00.0000000+02:00,2.872,
2026-04-17T20:20:00.0000000+02:00,2.867,
2026-04-17T20:30:00.0000000+02:00,2.866,
2026-04-17T20:40:00.0000000+02:00,2.867,
2026-04-17T20:50:00.0000000+02:00,2.866,
2026-04-17T21:00:00.0000000+02:00,2.869,
2026-04-17T21:10:00.0000000+02:00,2.871,
2026-04-17T21:20:00.0000000+02:00,2.866,
2026-04-17T21:30:00.0000000+02:00,2.867,
2026-04-17T21:40:00.0000000+02:00,2.872,
2026-04-17T21:50:00.0000000+02:00,2.863,
2026-04-17T22:00:00.0000000+02:00,2.869,
2026-04-17T22:10:00.0000000+02:00,2.866,
2026-04-17T22:20:00.0000000+02:00,2.869,
2026-04-17T22:30:00.0000000+02:00,2.871,
2026-04-17T22:40:00.0000000+02:00,2.879,
2026-04-17T22:50:00.0000000+02:00,2.876,
2026-04-17T23:00:00.0000000+02:00,2.874,
2026-04-17T23:10:00.0000000+02:00,2.871,
2026-04-17T23:20:00.0000000+02:00,2.871,
2026-04-17T23:30:00.0000000+02:00,2.87,
2026-04-17T23:40:00.0000000+02:00,2.875,
2026-04-17T23:50:00.0000000+02:00,2.874,
2026-04-18T00:00:00.0000000+02:00,2.876,
2026-04-18T00:10:00.0000000+02:00,2.875,
2026-04-18T00:20:00.0000000+02:00,2.866,
2026-04-18T00:30:00.0000000+02:00,2.867,
2026-04-18T00:40:00.0000000+02:00,2.868,
2026-04-18T00:50:00.0000000+02:00,2.871,
2026-04-18T01:00:00.0000000+02:00,2.877,
2026-04-18T01:10:00.0000000+02:00,2.874,
2026-04-18T01:20:00.0000000+02:00,2.869,
2026-04-18T01:30:00.0000000+02:00,2.871,
2026-04-18T01:40:00.0000000+02:00,2.871,
2026-04-18T01:50:00.0000000+02:00,2.865,
2026-04-18T02:00:00.0000000+02:00,2.866,
2026-04-18T02:10:00.0000000+02:00,2.866,
2026-04-18T02:20:00.0000000+02:00,2.87,
2026-04-18T02:30:00.0000000+02:00,2.863,
2026-04-18T02:40:00.0000000+02:00,2.865,
2026-04-18T02:50:00.0000000+02:00,2.869,
2026-04-18T03:00:00.0000000+02:00,2.866,
2026-04-18T03:10:00.0000000+02:00,2.863,
2026-04-18T03:20:00.0000000+02:00,2.859,
2026-04-18T03:30:00.0000000+02:00,2.855,
2026-04-18T03:40:00.0000000+02:00,2.859,
2026-04-18T03:50:00.0000000+02:00,2.855,
2026-04-18T04:00:00.0000000+02:00,2.857,
2026-04-18T04:10:00.0000000+02:00,2.858,
2026-04-18T04:20:00.0000000+02:00,2.857,
2026-04-18T04:30:00.0000000+02:00,2.853,
2026-04-18T04:40:00.0000000+02:00,2.855,
2026-04-18T04:50:00.0000000+02:00,2.855,
2026-04-18T05:00:00.0000000+02:00,2.851,
2026-04-18T05:10:00.0000000+02:00,2.85,
2026-04-18T05:20:00.0000000+02:00,2.846,
2026-04-18T05:30:00.0000000+02:00,2.847,
2026-04-18T05:40:00.0000000+02:00,2.849,
2026-04-18T05:50:00.0000000+02:00,2.845,
2026-04-18T06:00:00.0000000+02:00,2.843,
2026-04-18T06:10:00.0000000+02:00,2.844,
2026-04-18T06:20:00.0000000+02:00,2.839,
2026-04-18T06:30:00.0000000+02:00,2.842,
2026-04-18T06:40:00.0000000+02:00,2.838,
2026-04-18T06:50:00.0000000+02:00,2.837,
2026-04-18T07:00:00.0000000+02:00,2.834,
2026-04-18T07:10:00.0000000+02:00,2.831,
2026-04-18T07:20:00.0000000+02:00,2.833,
2026-04-18T07:30:00.0000000+02:00,2.828,
2026-04-18T07:40:00.0000000+02:00,2.825,
2026-04-18T07:50:00.0000000+02:00,2.824,
2026-04-18T08:00:00.0000000+02:00,2.822,
2026-04-18T08:10:00.0000000+02:00,2.83,
2026-04-18T08:20:00.0000000+02:00,2.824,
2026-04-18T08:30:00.0000000+02:00,2.818,
2026-04-18T08:40:00.0000000+02:00,2.822,
2026-04-18T08:50:00.0000000+02:00,2.81,
2026-04-18T09:00:00.0000000+02:00,2.812,
2026-04-18T09:10:00.0000000+02:00,2.811,
2026-04-18T09:20:00.0000000+02:00,2.806,
2026-04-18T09:30:00.0000000+02:00,2.811,
2026-04-18T09:40:00.0000000+02:00,2.809,
2026-04-18T09:50:00.0000000+02:00,2.805,
2026-04-18T10:00:00.0000000+02:00,2.781,
2026-04-18T10:10:00.0000000+02:00,2.793,
2026-04-18T10:20:00.0000000+02:00,2.789,
2026-04-18T10:30:00.0000000+02:00,2.787,
2026-04-18T10:40:00.0000000+02:00,2.798,
2026-04-18T10:50:00.0000000+02:00,2.796,
2026-04-18T11:00:00.0000000+02:00,2.796,
2026-04-18T11:10:00.0000000+02:00,2.798,
2026-04-18T11:20:00.0000000+02:00,2.803,
2026-04-18T11:30:00.0000000+02:00,2.784,
2026-04-18T11:40:00.0000000+02:00,2.793,
2026-04-18T11:50:00.0000000+02:00,2.8,
2026-04-18T12:00:00.0000000+02:00,2.792,
2026-04-18T12:10:00.0000000+02:00,2.794,
2026-04-18T12:20:00.0000000+02:00,2.793,
2026-04-18T12:30:00.0000000+02:00,2.79,
2026-04-18T12:40:00.0000000+02:00,2.788,
2026-04-18T12:50:00.0000000+02:00,2.791,
2026-04-18T13:00:00.0000000+02:00,2.786,
2026-04-18T13:10:00.0000000+02:00,2.783,
2026-04-18T13:20:00.0000000+02:00,2.776,
2026-04-18T13:30:00.0000000+02:00,2.786,
2026-04-18T13:40:00.0000000+02:00,2.78,
2026-04-18T13:50:00.0000000+02:00,2.78,
2026-04-18T14:00:00.0000000+02:00,2.782,
2026-04-18T14:10:00.0000000+02:00,2.778,
2026-04-18T14:20:00.0000000+02:00,2.775,
2026-04-18T14:30:00.0000000+02:00,2.78,
2026-04-18T14:40:00.0000000+02:00,2.782,
2026-04-18T14:50:00.0000000+02:00,2.782,
2026-04-18T15:00:00.0000000+02:00,2.783,
2026-04-18T15:10:00.0000000+02:00,2.779,
2026-04-18T15:20:00.0000000+02:00,2.773,
2026-04-18T15:30:00.0000000+02:00,2.775,
2026-04-18T15:40:00.0000000+02:00,2.78,
2026-04-18T15:50:00.0000000+02:00,2.773,
2026-04-18T16:00:00.0000000+02:00,2.777,
2026-04-18T16:10:00.0000000+02:00,2.776,
2026-04-18T16:20:00.0000000+02:00,2.778,
2026-04-18T16:30:00.0000000+02:00,2.777,
2026-04-18T16:40:00.0000000+02:00,2.782,
2026-04-18T16:50:00.0000000+02:00,2.775,
2026-04-18T17:00:00.0000000+02:00,2.776,
2026-04-18T17:10:00.0000000+02:00,2.778,
2026-04-18T17:20:00.0000000+02:00,2.773,
2026-04-18T17:30:00.0000000+02:00,2.775,
2026-04-18T17:40:00.0000000+02:00,2.775,
2026-04-18T17:50:00.0000000+02:00,2.776,
2026-04-18T18:00:00.0000000+02:00,2.775,
2026-04-18T18:10:00.0000000+02:00,2.78,
2026-04-18T18:20:00.0000000+02:00,2.773,
2026-04-18T18:30:00.0000000+02:00,2.771,
2026-04-18T18:40:00.0000000+02:00,2.77,
2026-04-18T18:50:00.0000000+02:00,2.777,
2026-04-18T19:00:00.0000000+02:00,2.776,
2026-04-18T19:10:00.0000000+02:00,2.775,
2026-04-18T19:20:00.0000000+02:00,2.778,
2026-04-18T19:30:00.0000000+02:00,2.775,
2026-04-18T19:40:00.0000000+02:00,2.773,
2026-04-18T19:50:00.0000000+02:00,2.776,
2026-04-18T20:00:00.0000000+02:00,2.779,
2026-04-18T20:10:00.0000000+02:00,2.776,
2026-04-18T20:20:00.0000000+02:00,2.781,
2026-04-18T20:30:00.0000000+02:00,2.783,
2026-04-18T20:40:00.0000000+02:00,2.783,
2026-04-18T20:50:00.0000000+02:00,2.779,
2026-04-18T21:00:00.0000000+02:00,2.78,
2026-04-18T21:10:00.0000000+02:00,2.777,
2026-04-18T21:20:00.0000000+02:00,2.781,
2026-04-18T21:30:00.0000000+02:00,2.781,
2026-04-18T21:40:00.0000000+02:00,2.782,
2026-04-18T21:50:00.0000000+02:00,2.782,
2026-04-18T22:00:00.0000000+02:00,2.781,
2026-04-18T22:10:00.0000000+02:00,2.786,
2026-04-18T22:20:00.0000000+02:00,2.783,
2026-04-18T22:30:00.0000000+02:00,2.785,
2026-04-18T22:40:00.0000000+02:00,2.79,
2026-04-18T22:50:00.0000000+02:00,2.788,
2026-04-18T23:00:00.0000000+02:00,2.788,
2026-04-18T23:10:00.0000000+02:00,2.788,
2026-04-18T23:20:00.0000000+02:00,2.79,
2026-04-18T23:30:00.0000000+02:00,2.791,
2026-04-18T23:40:00.0000000+02:00,2.792,
2026-04-18T23:50:00.0000000+02:00,2.791,
2026-04-19T00:00:00.0000000+02:00,2.792,
2026-04-19T00:10:00.0000000+02:00,2.794,
2026-04-19T00:20:00.0000000+02:00,2.796,
2026-04-19T00:30:00.0000000+02:00,2.791,
2026-04-19T00:40:00.0000000+02:00,2.798,
2026-04-19T00:50:00.0000000+02:00,2.797,
2026-04-19T01:00:00.0000000+02:00,2.798,
2026-04-19T01:10:00.0000000+02:00,2.799,
2026-04-19T01:20:00.0000000+02:00,2.795,
2026-04-19T01:30:00.0000000+02:00,2.801,
2026-04-19T01:40:00.0000000+02:00,2.797,
2026-04-19T01:50:00.0000000+02:00,2.797,
2026-04-19T02:00:00.0000000+02:00,2.796,
2026-04-19T02:10:00.0000000+02:00,2.793,
2026-04-19T02:20:00.0000000+02:00,2.801,
2026-04-19T02:30:00.0000000+02:00,2.797,
2026-04-19T02:40:00.0000000+02:00,2.799,
2026-04-19T02:50:00.0000000+02:00,2.803,
2026-04-19T03:00:00.0000000+02:00,2.794,
2026-04-19T03:10:00.0000000+02:00,2.794,
2026-04-19T03:20:00.0000000+02:00,2.801,
2026-04-19T03:30:00.0000000+02:00,2.793,
2026-04-19T03:40:00.0000000+02:00,2.795,
2026-04-19T03:50:00.0000000+02:00,2.799,
2026-04-19T04:00:00.0000000+02:00,2.793,
2026-04-19T04:10:00.0000000+02:00,2.793,
2026-04-19T04:20:00.0000000+02:00,2.795,
2026-04-19T04:30:00.0000000+02:00,2.798,
2026-04-19T04:40:00.0000000+02:00,2.792,
2026-04-19T04:50:00.0000000+02:00,2.788,
2026-04-19T05:00:00.0000000+02:00,2.793,
2026-04-19T05:10:00.0000000+02:00,2.795,
2026-04-19T05:20:00.0000000+02:00,2.787,
2026-04-19T05:30:00.0000000+02:00,2.79,
2026-04-19T05:40:00.0000000+02:00,2.786,
2026-04-19T05:50:00.0000000+02:00,2.789,
2026-04-19T06:00:00.0000000+02:00,2.783,
2026-04-19T06:10:00.0000000+02:00,2.784,
2026-04-19T06:20:00.0000000+02:00,2.787,
2026-04-19T06:30:00.0000000+02:00,2.785,
2026-04-19T06:40:00.0000000+02:00,2.782,
2026-04-19T06:50:00.0000000+02:00,2.786,
2026-04-19T07:00:00.0000000+02:00,2.785,
2026-04-19T07:10:00.0000000+02:00,2.786,
2026-04-19T07:20:00.0000000+02:00,2.779,
2026-04-19T07:30:00.0000000+02:00,2.775,
2026-04-19T07:40:00.0000000+02:00,2.776,
2026-04-19T07:50:00.0000000+02:00,2.767,
2026-04-19T08:00:00.0000000+02:00,2.776,
2026-04-19T08:10:00.0000000+02:00,2.773,
2026-04-19T08:20:00.0000000+02:00,2.77,
2026-04-19T08:30:00.0000000+02:00,2.773,
2026-04-19T08:40:00.0000000+02:00,2.768,
2026-04-19T08:50:00.0000000+02:00,2.771,
2026-04-19T09:00:00.0000000+02:00,2.767,
2026-04-19T09:10:00.0000000+02:00,2.76,
2026-04-19T09:20:00.0000000+02:00,2.756,
2026-04-19T09:30:00.0000000+02:00,2.756,
2026-04-19T09:40:00.0000000+02:00,2.759,
2026-04-19T09:50:00.0000000+02:00,2.752,
2026-04-19T10:00:00.0000000+02:00,2.756,
2026-04-19T10:10:00.0000000+02:00,2.757,
2026-04-19T10:20:00.0000000+02:00,2.755,
2026-04-19T10:30:00.0000000+02:00,2.755,
2026-04-19T10:40:00.0000000+02:00,2.753,
2026-04-19T10:50:00.0000000+02:00,2.753,
2026-04-19T11:00:00.0000000+02:00,2.746,
2026-04-19T11:10:00.0000000+02:00,2.75,
2026-04-19T11:20:00.0000000+02:00,2.745,
2026-04-19T11:30:00.0000000+02:00,2.751,
2026-04-19T11:40:00.0000000+02:00,2.748,
2026-04-19T11:50:00.0000000+02:00,2.743,
2026-04-19T12:00:00.0000000+02:00,2.74,
2026-04-19T12:10:00.0000000+02:00,2.74,
2026-04-19T12:20:00.0000000+02:00,2.738,
2026-04-19T12:30:00.0000000+02:00,2.741,
2026-04-19T12:40:00.0000000+02:00,2.741,
2026-04-19T12:50:00.0000000+02:00,2.734,
2026-04-19T13:00:00.0000000+02:00,2.737,
2026-04-19T13:10:00.0000000+02:00,2.732,
2026-04-19T13:20:00.0000000+02:00,2.734,
2026-04-19T13:30:00.0000000+02:00,2.728,
2026-04-19T13:40:00.0000000+02:00,2.733,
2026-04-19T13:50:00.0000000+02:00,2.729,
2026-04-19T14:00:00.0000000+02:00,2.731,
2026-04-19T14:10:00.0000000+02:00,2.72,
2026-04-19T14:20:00.0000000+02:00,2.72,
2026-04-19T14:30:00.0000000+02:00,2.724,
2026-04-19T14:40:00.0000000+02:00,2.721,
2026-04-19T14:50:00.0000000+02:00,2.711,
2026-04-19T15:00:00.0000000+02:00,2.706,
2026-04-19T15:10:00.0000000+02:00,2.714,
2026-04-19T15:20:00.0000000+02:00,2.712,
2026-04-19T15:30:00.0000000+02:00,2.713,
2026-04-19T15:40:00.0000000+02:00,2.707,
2026-04-19T15:50:00.0000000+02:00,2.706,
2026-04-19T16:00:00.0000000+02:00,2.704,
2026-04-19T16:10:00.0000000+02:00,2.699,
2026-04-19T16:20:00.0000000+02:00,2.707,
2026-04-19T16:30:00.0000000+02:00,2.707,
2026-04-19T16:40:00.0000000+02:00,2.709,
2026-04-19T16:50:00.0000000+02:00,2.703,
2026-04-19T17:00:00.0000000+02:00,2.701,
2026-04-19T17:10:00.0000000+02:00,2.702,
2026-04-19T17:20:00.0000000+02:00,2.706,
2026-04-19T17:30:00.0000000+02:00,2.707,
2026-04-19T17:40:00.0000000+02:00,2.705,
2026-04-19T17:50:00.0000000+02:00,2.708,
2026-04-19T18:00:00.0000000+02:00,2.706,
2026-04-19T18:10:00.0000000+02:00,2.7,
2026-04-19T18:20:00.0000000+02:00,2.701,
2026-04-19T18:30:00.0000000+02:00,2.705,
2026-04-19T18:40:00.0000000+02:00,2.71,
2026-04-19T18:50:00.0000000+02:00,2.708,
2026-04-19T19:00:00.0000000+02:00,2.706,
2026-04-19T19:10:00.0000000+02:00,2.703,
2026-04-19T19:20:00.0000000+02:00,2.698,
2026-04-19T19:30:00.0000000+02:00,2.699,
2026-04-19T19:40:00.0000000+02:00,2.705,
2026-04-19T19:50:00.0000000+02:00,2.7,
2026-04-19T20:00:00.0000000+02:00,2.703,
2026-04-19T20:10:00.0000000+02:00,2.703,
2026-04-19T20:20:00.0000000+02:00,2.702,
2026-04-19T20:30:00.0000000+02:00,2.696,
2026-04-19T20:40:00.0000000+02:00,2.698,
2026-04-19T20:50:00.0000000+02:00,2.703,
2026-04-19T21:00:00.0000000+02:00,2.698,
2026-04-19T21:10:00.0000000+02:00,2.697,
2026-04-19T21:20:00.0000000+02:00,2.701,
2026-04-19T21:30:00.0000000+02:00,2.7,
2026-04-19T21:40:00.0000000+02:00,2.702,
2026-04-19T21:50:00.0000000+02:00,2.703,
2026-04-19T22:00:00.0000000+02:00,2.702,
2026-04-19T22:10:00.0000000+02:00,2.706,
2026-04-19T22:20:00.0000000+02:00,2.705,
2026-04-19T22:30:00.0000000+02:00,2.704,
2026-04-19T22:40:00.0000000+02:00,2.7,
2026-04-19T22:50:00.0000000+02:00,2.7,
2026-04-19T23:00:00.0000000+02:00,2.702,
2026-04-19T23:10:00.0000000+02:00,2.704,
2026-04-19T23:20:00.0000000+02:00,2.706,
2026-04-19T23:30:00.0000000+02:00,2.703,
2026-04-19T23:40:00.0000000+02:00,2.709,
2026-04-19T23:50:00.0000000+02:00,2.706,
2026-04-20T00:00:00.0000000+02:00,2.708,
2026-04-20T00:10:00.0000000+02:00,2.704,
2026-04-20T00:20:00.0000000+02:00,2.711,
2026-04-20T00:30:00.0000000+02:00,2.713,
2026-04-20T00:40:00.0000000+02:00,2.711,
2026-04-20T00:50:00.0000000+02:00,2.714,
2026-04-20T01:00:00.0000000+02:00,2.713,
2026-04-20T01:10:00.0000000+02:00,2.714,
2026-04-20T01:20:00.0000000+02:00,2.714,
2026-04-20T01:30:00.0000000+02:00,2.713,
2026-04-20T01:40:00.0000000+02:00,2.713,
2026-04-20T01:50:00.0000000+02:00,2.712,
2026-04-20T02:00:00.0000000+02:00,2.715,
2026-04-20T02:10:00.0000000+02:00,2.715,
2026-04-20T02:20:00.0000000+02:00,2.719,
2026-04-20T02:30:00.0000000+02:00,2.716,
2026-04-20T02:40:00.0000000+02:00,2.717,
2026-04-20T02:50:00.0000000+02:00,2.714,
2026-04-20T03:00:00.0000000+02:00,2.718,
2026-04-20T03:10:00.0000000+02:00,2.708,
2026-04-20T03:20:00.0000000+02:00,2.712,
2026-04-20T03:30:00.0000000+02:00,2.717,
2026-04-20T03:40:00.0000000+02:00,2.71,
2026-04-20T03:50:00.0000000+02:00,2.717,
2026-04-20T04:00:00.0000000+02:00,2.715,
2026-04-20T04:10:00.0000000+02:00,2.714,
2026-04-20T04:20:00.0000000+02:00,2.711,
2026-04-20T04:30:00.0000000+02:00,2.713,
2026-04-20T04:40:00.0000000+02:00,2.715,
2026-04-20T04:50:00.0000000+02:00,2.71,
2026-04-20T05:00:00.0000000+02:00,2.714,
2026-04-20T05:10:00.0000000+02:00,2.714,
2026-04-20T05:20:00.0000000+02:00,2.718,
2026-04-20T05:30:00.0000000+02:00,2.71,
2026-04-20T05:40:00.0000000+02:00,2.713,
2026-04-20T05:50:00.0000000+02:00,2.713,
2026-04-20T06:00:00.0000000+02:00,2.711,
2026-04-20T06:10:00.0000000+02:00,2.706,
2026-04-20T06:20:00.0000000+02:00,2.709,
2026-04-20T06:30:00.0000000+02:00,2.706,
2026-04-20T06:40:00.0000000+02:00,2.701,
2026-04-20T06:50:00.0000000+02:00,2.706,
2026-04-20T07:00:00.0000000+02:00,2.707,
2026-04-20T07:10:00.0000000+02:00,2.7,
2026-04-20T07:20:00.0000000+02:00,2.702,
2026-04-20T07:30:00.0000000+02:00,2.703,
2026-04-20T07:40:00.0000000+02:00,2.701,
2026-04-20T07:50:00.0000000+02:00,2.703,
2026-04-20T08:00:00.0000000+02:00,2.696,
2026-04-20T08:10:00.0000000+02:00,2.697,
2026-04-20T08:20:00.0000000+02:00,2.694,
2026-04-20T08:30:00.0000000+02:00,2.698,
2026-04-20T08:40:00.0000000+02:00,2.699,
2026-04-20T08:50:00.0000000+02:00,2.704,
2026-04-20T09:00:00.0000000+02:00,2.699,
2026-04-20T09:10:00.0000000+02:00,2.691,
2026-04-20T09:20:00.0000000+02:00,2.691,
2026-04-20T09:30:00.0000000+02:00,2.691,
2026-04-20T09:40:00.0000000+02:00,2.69,
2026-04-20T09:50:00.0000000+02:00,2.695,
2026-04-20T10:00:00.0000000+02:00,2.692,
2026-04-20T10:10:00.0000000+02:00,2.69,
2026-04-20T10:20:00.0000000+02:00,2.689,
2026-04-20T10:30:00.0000000+02:00,2.682,
2026-04-20T10:40:00.0000000+02:00,2.683,
2026-04-20T10:50:00.0000000+02:00,2.687,
2026-04-20T11:00:00.0000000+02:00,2.681,
2026-04-20T11:10:00.0000000+02:00,2.686,
2026-04-20T11:20:00.0000000+02:00,2.685,
2026-04-20T11:30:00.0000000+02:00,2.683,
2026-04-20T11:40:00.0000000+02:00,2.685,
2026-04-20T11:50:00.0000000+02:00,2.675,
2026-04-20T12:00:00.0000000+02:00,2.675,
2026-04-20T12:10:00.0000000+02:00,2.68,
2026-04-20T12:20:00.0000000+02:00,2.677,
2026-04-20T12:30:00.0000000+02:00,2.675,
2026-04-20T12:40:00.0000000+02:00,2.67,
2026-04-20T12:50:00.0000000+02:00,2.677,
2026-04-20T13:00:00.0000000+02:00,2.666,
2026-04-20T13:10:00.0000000+02:00,2.668,
2026-04-20T13:20:00.0000000+02:00,2.666,
2026-04-20T13:30:00.0000000+02:00,2.669,
2026-04-20T13:40:00.0000000+02:00,2.671,
2026-04-20T13:50:00.0000000+02:00,2.665,
2026-04-20T14:00:00.0000000+02:00,2.668,
2026-04-20T14:10:00.0000000+02:00,2.656,
2026-04-20T14:20:00.0000000+02:00,2.66,
2026-04-20T14:30:00.0000000+02:00,2.655,
2026-04-20T14:40:00.0000000+02:00,2.657,
2026-04-20T14:50:00.0000000+02:00,2.661,
2026-04-20T15:00:00.0000000+02:00,2.652,
2026-04-20T15:10:00.0000000+02:00,2.656,
2026-04-20T15:20:00.0000000+02:00,2.654,
2026-04-20T15:30:00.0000000+02:00,2.653,
2026-04-20T15:40:00.0000000+02:00,2.653,
2026-04-20T15:50:00.0000000+02:00,2.649,
2026-04-20T16:00:00.0000000+02:00,2.651,
2026-04-20T16:10:00.0000000+02:00,2.645,
2026-04-20T16:20:00.0000000+02:00,2.647,
2026-04-20T16:30:00.0000000+02:00,2.649,
2026-04-20T16:40:00.0000000+02:00,2.644,
2026-04-20T16:50:00.0000000+02:00,2.648,
2026-04-20T17:00:00.0000000+02:00,2.647,
2026-04-20T17:10:00.0000000+02:00,2.642,
2026-04-20T17:20:00.0000000+02:00,2.644,
2026-04-20T17:30:00.0000000+02:00,2.644,
2026-04-20T17:40:00.0000000+02:00,2.64,
2026-04-20T17:50:00.0000000+02:00,2.64,
2026-04-20T18:00:00.0000000+02:00,2.642,
2026-04-20T18:10:00.0000000+02:00,2.637,
2026-04-20T18:20:00.0000000+02:00,2.63,
2026-04-20T18:30:00.0000000+02:00,2.639,
2026-04-20T18:40:00.0000000+02:00,2.636,
2026-04-20T18:50:00.0000000+02:00,2.641,
2026-04-20T19:00:00.0000000+02:00,2.633,
2026-04-20T19:10:00.0000000+02:00,2.637,
2026-04-20T19:20:00.0000000+02:00,2.635,
2026-04-20T19:30:00.0000000+02:00,2.635,
2026-04-20T19:40:00.0000000+02:00,2.638,
2026-04-20T19:50:00.0000000+02:00,2.642,
2026-04-20T20:00:00.0000000+02:00,2.632,
2026-04-20T20:10:00.0000000+02:00,2.633,
2026-04-20T20:20:00.0000000+02:00,2.635,
2026-04-20T20:30:00.0000000+02:00,2.633,
2026-04-20T20:40:00.0000000+02:00,2.639,
2026-04-20T20:50:00.0000000+02:00,2.631,
2026-04-20T21:00:00.0000000+02:00,2.63,
2026-04-20T21:10:00.0000000+02:00,2.63,
2026-04-20T21:20:00.0000000+02:00,2.633,
2026-04-20T21:30:00.0000000+02:00,2.636,
2026-04-20T21:40:00.0000000+02:00,2.633,
2026-04-20T21:50:00.0000000+02:00,2.637,
2026-04-20T22:00:00.0000000+02:00,2.64,
2026-04-20T22:10:00.0000000+02:00,2.637,
2026-04-20T22:20:00.0000000+02:00,2.639,
2026-04-20T22:30:00.0000000+02:00,2.643,
2026-04-20T22:40:00.0000000+02:00,2.64,
2026-04-20T22:50:00.0000000+02:00,2.636,
2026-04-20T23:00:00.0000000+02:00,2.641,
2026-04-20T23:10:00.0000000+02:00,2.646,
2026-04-20T23:20:00.0000000+02:00,2.642,
2026-04-20T23:30:00.0000000+02:00,2.646,
2026-04-20T23:40:00.0000000+02:00,2.639,
2026-04-20T23:50:00.0000000+02:00,2.642,
2026-04-21T00:00:00.0000000+02:00,2.643,
2026-04-21T00:10:00.0000000+02:00,2.641,
2026-04-21T00:20:00.0000000+02:00,2.646,
2026-04-21T00:30:00.0000000+02:00,2.647,
2026-04-21T00:40:00.0000000+02:00,2.646,
2026-04-21T00:50:00.0000000+02:00,2.653,
2026-04-21T01:00:00.0000000+02:00,2.651,
2026-04-21T01:10:00.0000000+02:00,2.655,
2026-04-21T01:20:00.0000000+02:00,2.649,
2026-04-21T01:30:00.0000000+02:00,2.649,
2026-04-21T01:40:00.0000000+02:00,2.651,
2026-04-21T01:50:00.0000000+02:00,2.654,
2026-04-21T02:00:00.0000000+02:00,2.655,
2026-04-21T02:10:00.0000000+02:00,2.657,
2026-04-21T02:20:00.0000000+02:00,2.656,
2026-04-21T02:30:00.0000000+02:00,2.657,
2026-04-21T02:40:00.0000000+02:00,2.653,
2026-04-21T02:50:00.0000000+02:00,2.656,
2026-04-21T03:00:00.0000000+02:00,2.658,
2026-04-21T03:10:00.0000000+02:00,2.657,
2026-04-21T03:20:00.0000000+02:00,2.652,
2026-04-21T03:30:00.0000000+02:00,2.655,
2026-04-21T03:40:00.0000000+02:00,2.654,
2026-04-21T03:50:00.0000000+02:00,2.649,
2026-04-21T04:00:00.0000000+02:00,2.653,
2026-04-21T04:10:00.0000000+02:00,2.652,
2026-04-21T04:20:00.0000000+02:00,2.652,
2026-04-21T04:30:00.0000000+02:00,2.655,
2026-04-21T04:40:00.0000000+02:00,2.655,
2026-04-21T04:50:00.0000000+02:00,2.649,
2026-04-21T05:00:00.0000000+02:00,2.647,
2026-04-21T05:10:00.0000000+02:00,2.65,
2026-04-21T05:20:00.0000000+02:00,2.648,
2026-04-21T05:30:00.0000000+02:00,2.646,
2026-04-21T05:40:00.0000000+02:00,2.644,
2026-04-21T05:50:00.0000000+02:00,2.651,
2026-04-21T06:00:00.0000000+02:00,2.641,
2026-04-21T06:10:00.0000000+02:00,2.644,
2026-04-21T06:20:00.0000000+02:00,2.643,
2026-04-21T06:30:00.0000000+02:00,2.639,
2026-04-21T06:40:00.0000000+02:00,2.639,
2026-04-21T06:50:00.0000000+02:00,2.641,
2026-04-21T07:00:00.0000000+02:00,2.643,
2026-04-21T07:10:00.0000000+02:00,2.636,
2026-04-21T07:20:00.0000000+02:00,2.632,
2026-04-21T07:30:00.0000000+02:00,2.632,
2026-04-21T07:40:00.0000000+02:00,2.638,
2026-04-21T07:50:00.0000000+02:00,2.632,
2026-04-21T08:00:00.0000000+02:00,2.631,
2026-04-21T08:10:00.0000000+02:00,2.625,
2026-04-21T08:20:00.0000000+02:00,2.623,
2026-04-21T08:30:00.0000000+02:00,2.625,
2026-04-21T08:40:00.0000000+02:00,2.625,
2026-04-21T08:50:00.0000000+02:00,2.619,
2026-04-21T09:00:00.0000000+02:00,2.613,
2026-04-21T09:10:00.0000000+02:00,2.611,
2026-04-21T09:20:00.0000000+02:00,2.612,
2026-04-21T09:30:00.0000000+02:00,2.609,
2026-04-21T09:40:00.0000000+02:00,2.607,
2026-04-21T09:50:00.0000000+02:00,2.599,
2026-04-21T10:00:00.0000000+02:00,2.604,
2026-04-21T10:10:00.0000000+02:00,2.603,
2026-04-21T10:20:00.0000000+02:00,2.603,
2026-04-21T10:30:00.0000000+02:00,2.6,
2026-04-21T10:40:00.0000000+02:00,2.598,
2026-04-21T10:50:00.0000000+02:00,2.595,
2026-04-21T11:00:00.0000000+02:00,2.596,
2026-04-21T11:10:00.0000000+02:00,2.593,
2026-04-21T11:20:00.0000000+02:00,2.586,
2026-04-21T11:30:00.0000000+02:00,2.587,
2026-04-21T11:40:00.0000000+02:00,2.587,
2026-04-21T11:50:00.0000000+02:00,2.582,
2026-04-21T12:00:00.0000000+02:00,2.577,
2026-04-21T12:10:00.0000000+02:00,2.58,
2026-04-21T12:20:00.0000000+02:00,2.579,
2026-04-21T12:30:00.0000000+02:00,2.577,
2026-04-21T12:40:00.0000000+02:00,2.58,
2026-04-21T12:50:00.0000000+02:00,2.577,
2026-04-21T13:00:00.0000000+02:00,2.569,
2026-04-21T13:10:00.0000000+02:00,2.566,
2026-04-21T13:20:00.0000000+02:00,2.569,
2026-04-21T13:30:00.0000000+02:00,2.572,
2026-04-21T13:40:00.0000000+02:00,2.569,
2026-04-21T13:50:00.0000000+02:00,2.557,
2026-04-21T14:00:00.0000000+02:00,2.569,
2026-04-21T14:10:00.0000000+02:00,2.564,
2026-04-21T14:20:00.0000000+02:00,2.566,
2026-04-21T14:30:00.0000000+02:00,2.557,
2026-04-21T14:40:00.0000000+02:00,2.558,
2026-04-21T14:50:00.0000000+02:00,2.539,
2026-04-21T15:00:00.0000000+02:00,2.552,
2026-04-21T15:10:00.0000000+02:00,2.562,
2026-04-21T15:20:00.0000000+02:00,2.568,
2026-04-21T15:30:00.0000000+02:00,2.568,
2026-04-21T15:40:00.0000000+02:00,2.57,
2026-04-21T15:50:00.0000000+02:00,2.57,
2026-04-21T16:00:00.0000000+02:00,2.56,
2026-04-21T16:10:00.0000000+02:00,2.569,
2026-04-21T16:20:00.0000000+02:00,2.572,
2026-04-21T16:30:00.0000000+02:00,2.575,
2026-04-21T16:40:00.0000000+02:00,2.578,
2026-04-21T16:50:00.0000000+02:00,2.584,
2026-04-21T17:00:00.0000000+02:00,2.578,
2026-04-21T17:10:00.0000000+02:00,2.576,
2026-04-21T17:20:00.0000000+02:00,2.584,
2026-04-21T17:30:00.0000000+02:00,2.582,
2026-04-21T17:40:00.0000000+02:00,2.584,
2026-04-21T17:50:00.0000000+02:00,2.587,
2026-04-21T18:00:00.0000000+02:00,2.589,
2026-04-21T18:10:00.0000000+02:00,2.593,
2026-04-21T18:20:00.0000000+02:00,2.594,
2026-04-21T18:30:00.0000000+02:00,2.604,
2026-04-21T18:40:00.0000000+02:00,2.6,
2026-04-21T18:50:00.0000000+02:00,2.607,
2026-04-21T19:00:00.0000000+02:00,2.601,
2026-04-21T19:10:00.0000000+02:00,2.605,
2026-04-21T19:20:00.0000000+02:00,2.605,
2026-04-21T19:30:00.0000000+02:00,2.606,
2026-04-21T19:40:00.0000000+02:00,2.607,
2026-04-21T19:50:00.0000000+02:00,2.612,
2026-04-21T20:00:00.0000000+02:00,2.609,
2026-04-21T20:10:00.0000000+02:00,2.613,
2026-04-21T20:20:00.0000000+02:00,2.615,
2026-04-21T20:30:00.0000000+02:00,2.619,
2026-04-21T20:40:00.0000000+02:00,2.626,
2026-04-21T20:50:00.0000000+02:00,2.625,
2026-04-21T21:00:00.0000000+02:00,2.623,
2026-04-21T21:10:00.0000000+02:00,2.629,
2026-04-21T21:20:00.0000000+02:00,2.632,
2026-04-21T21:30:00.0000000+02:00,2.633,
2026-04-21T21:40:00.0000000+02:00,2.637,
2026-04-21T21:50:00.0000000+02:00,2.642,
2026-04-21T22:00:00.0000000+02:00,2.643,
2026-04-21T22:10:00.0000000+02:00,2.643,
2026-04-21T22:20:00.0000000+02:00,2.644,
2026-04-21T22:30:00.0000000+02:00,2.64,
2026-04-21T22:40:00.0000000+02:00,2.65,
2026-04-21T22:50:00.0000000+02:00,2.649,
2026-04-21T23:00:00.0000000+02:00,2.656,
2026-04-21T23:10:00.0000000+02:00,2.652,
2026-04-21T23:20:00.0000000+02:00,2.655,
2026-04-21T23:30:00.0000000+02:00,2.659,
2026-04-21T23:40:00.0000000+02:00,2.658,
2026-04-21T23:50:00.0000000+02:00,2.656,
2026-04-22T00:00:00.0000000+02:00,2.657,
2026-04-22T00:10:00.0000000+02:00,2.659,
2026-04-22T00:20:00.0000000+02:00,2.66,
2026-04-22T00:30:00.0000000+02:00,2.661,
2026-04-22T00:40:00.0000000+02:00,2.666,
2026-04-22T00:50:00.0000000+02:00,2.668,
2026-04-22T01:00:00.0000000+02:00,2.66,
2026-04-22T01:10:00.0000000+02:00,2.669,
2026-04-22T01:20:00.0000000+02:00,2.67,
2026-04-22T01:30:00.0000000+02:00,2.672,
2026-04-22T01:40:00.0000000+02:00,2.671,
2026-04-22T01:50:00.0000000+02:00,2.669,
2026-04-22T02:00:00.0000000+02:00,2.671,
2026-04-22T02:10:00.0000000+02:00,2.674,
2026-04-22T02:20:00.0000000+02:00,2.675,
2026-04-22T02:30:00.0000000+02:00,2.674,
2026-04-22T02:40:00.0000000+02:00,2.675,
2026-04-22T02:50:00.0000000+02:00,2.673,
2026-04-22T03:00:00.0000000+02:00,2.674,
2026-04-22T03:10:00.0000000+02:00,2.673,
2026-04-22T03:20:00.0000000+02:00,2.676,
2026-04-22T03:30:00.0000000+02:00,2.67,
2026-04-22T03:40:00.0000000+02:00,2.673,
2026-04-22T03:50:00.0000000+02:00,2.675,
2026-04-22T04:00:00.0000000+02:00,2.671,
2026-04-22T04:10:00.0000000+02:00,2.671,
2026-04-22T04:20:00.0000000+02:00,2.667,
2026-04-22T04:30:00.0000000+02:00,2.665,
2026-04-22T04:40:00.0000000+02:00,2.675,
2026-04-22T04:50:00.0000000+02:00,2.669,
2026-04-22T05:00:00.0000000+02:00,2.667,
2026-04-22T05:10:00.0000000+02:00,2.668,
2026-04-22T05:20:00.0000000+02:00,2.665,
2026-04-22T05:30:00.0000000+02:00,2.664,
2026-04-22T05:40:00.0000000+02:00,2.66,
2026-04-22T05:50:00.0000000+02:00,2.659,
2026-04-22T06:00:00.0000000+02:00,2.66,
2026-04-22T06:10:00.0000000+02:00,2.648,
2026-04-22T06:20:00.0000000+02:00,2.657,
2026-04-22T06:30:00.0000000+02:00,2.655,
2026-04-22T06:40:00.0000000+02:00,2.65,
2026-04-22T06:50:00.0000000+02:00,2.646,
2026-04-22T07:00:00.0000000+02:00,2.647,
2026-04-22T07:10:00.0000000+02:00,2.644,
2026-04-22T07:20:00.0000000+02:00,2.644,
2026-04-22T07:30:00.0000000+02:00,2.632,
2026-04-22T07:40:00.0000000+02:00,2.637,
2026-04-22T07:50:00.0000000+02:00,2.636,
2026-04-22T08:00:00.0000000+02:00,2.636,
2026-04-22T08:10:00.0000000+02:00,2.637,
2026-04-22T08:20:00.0000000+02:00,2.632,
2026-04-22T08:30:00.0000000+02:00,2.629,
2026-04-22T08:40:00.0000000+02:00,2.628,
2026-04-22T08:50:00.0000000+02:00,2.622,
2026-04-22T09:00:00.0000000+02:00,2.616,
2026-04-22T09:10:00.0000000+02:00,2.617,
2026-04-22T09:20:00.0000000+02:00,2.615,
2026-04-22T09:30:00.0000000+02:00,2.616,
2026-04-22T09:40:00.0000000+02:00,2.608,
2026-04-22T09:50:00.0000000+02:00,2.61,
2026-04-22T10:00:00.0000000+02:00,2.609,
2026-04-22T10:10:00.0000000+02:00,2.605,
2026-04-22T10:20:00.0000000+02:00,2.595,
2026-04-22T10:30:00.0000000+02:00,2.593,
2026-04-22T10:40:00.0000000+02:00,2.596,
2026-04-22T10:50:00.0000000+02:00,2.589,
2026-04-22T11:00:00.0000000+02:00,2.589,
2026-04-22T11:10:00.0000000+02:00,2.583,
2026-04-22T11:20:00.0000000+02:00,2.585,
2026-04-22T11:30:00.0000000+02:00,2.565,
2026-04-22T11:40:00.0000000+02:00,2.58,
2026-04-22T11:50:00.0000000+02:00,2.578,
2026-04-22T12:00:00.0000000+02:00,2.577,
2026-04-22T12:10:00.0000000+02:00,2.579,
2026-04-22T12:20:00.0000000+02:00,2.573,
2026-04-22T12:30:00.0000000+02:00,2.567,
2026-04-22T12:40:00.0000000+02:00,2.571,
2026-04-22T12:50:00.0000000+02:00,2.571,
2026-04-22T13:00:00.0000000+02:00,2.562,
2026-04-22T13:10:00.0000000+02:00,2.563,
2026-04-22T13:20:00.0000000+02:00,2.555,
2026-04-22T13:30:00.0000000+02:00,2.541,
2026-04-22T13:40:00.0000000+02:00,2.546,
2026-04-22T13:50:00.0000000+02:00,2.55,
2026-04-22T14:00:00.0000000+02:00,2.544,
2026-04-22T14:10:00.0000000+02:00,2.537,
2026-04-22T14:20:00.0000000+02:00,2.542,
2026-04-22T14:30:00.0000000+02:00,2.531,
2026-04-22T14:40:00.0000000+02:00,2.537,
2026-04-22T14:50:00.0000000+02:00,2.532,
2026-04-22T15:00:00.0000000+02:00,2.527,
2026-04-22T15:10:00.0000000+02:00,2.527,
2026-04-22T15:20:00.0000000+02:00,2.51,
2026-04-22T15:30:00.0000000+02:00,2.519,
2026-04-22T15:40:00.0000000+02:00,2.515,
2026-04-22T15:50:00.0000000+02:00,2.514,
2026-04-22T16:00:00.0000000+02:00,2.511,
2026-04-22T16:10:00.0000000+02:00,2.502,
2026-04-22T16:20:00.0000000+02:00,2.486,
2026-04-22T16:30:00.0000000+02:00,2.492,
2026-04-22T16:40:00.0000000+02:00,2.496,
2026-04-22T16:50:00.0000000+02:00,2.481,
2026-04-22T17:00:00.0000000+02:00,2.495,
2026-04-22T17:10:00.0000000+02:00,2.49,
2026-04-22T17:20:00.0000000+02:00,2.489,
2026-04-22T17:30:00.0000000+02:00,2.489,
2026-04-22T17:40:00.0000000+02:00,2.488,
2026-04-22T17:50:00.0000000+02:00,2.483,
2026-04-22T18:00:00.0000000+02:00,2.485,
2026-04-22T18:10:00.0000000+02:00,2.484,
2026-04-22T18:20:00.0000000+02:00,2.48,
2026-04-22T18:30:00.0000000+02:00,2.478,
2026-04-22T18:40:00.0000000+02:00,2.477,
2026-04-22T18:50:00.0000000+02:00,2.476,
2026-04-22T19:00:00.0000000+02:00,2.473,
2026-04-22T19:10:00.0000000+02:00,2.473,
2026-04-22T19:20:00.0000000+02:00,2.476,
2026-04-22T19:30:00.0000000+02:00,2.473,
2026-04-22T19:40:00.0000000+02:00,2.471,
2026-04-22T19:50:00.0000000+02:00,2.472,
2026-04-22T20:00:00.0000000+02:00,2.467,
2026-04-22T20:10:00.0000000+02:00,2.469,
2026-04-22T20:20:00.0000000+02:00,2.471,
2026-04-22T20:30:00.0000000+02:00,2.468,
2026-04-22T20:40:00.0000000+02:00,2.468,
2026-04-22T20:50:00.0000000+02:00,2.463,
2026-04-22T21:00:00.0000000+02:00,2.47,
2026-04-22T21:10:00.0000000+02:00,2.467,
2026-04-22T21:20:00.0000000+02:00,2.466,
2026-04-22T21:30:00.0000000+02:00,2.463,
2026-04-22T21:40:00.0000000+02:00,2.468,
2026-04-22T21:50:00.0000000+02:00,2.474,
2026-04-22T22:00:00.0000000+02:00,2.465,
2026-04-22T22:10:00.0000000+02:00,2.47,
2026-04-22T22:20:00.0000000+02:00,2.473,
2026-04-22T23:30:00.0000000+02:00,2.481,
2026-04-22T23:40:00.0000000+02:00,2.484,
2026-04-22T23:50:00.0000000+02:00,2.482,
2026-04-23T00:00:00.0000000+02:00,2.484,
2026-04-23T00:10:00.0000000+02:00,2.488,
2026-04-23T00:20:00.0000000+02:00,2.492,
2026-04-23T00:30:00.0000000+02:00,2.497,
2026-04-23T00:40:00.0000000+02:00,2.497,
2026-04-23T00:50:00.0000000+02:00,2.498,
2026-04-23T01:00:00.0000000+02:00,2.497,
2026-04-23T01:10:00.0000000+02:00,2.496,
2026-04-23T01:20:00.0000000+02:00,2.502,
2026-04-23T01:30:00.0000000+02:00,2.505,
2026-04-23T01:40:00.0000000+02:00,2.504,
2026-04-23T01:50:00.0000000+02:00,2.504,
2026-04-23T02:00:00.0000000+02:00,2.507,
2026-04-23T02:10:00.0000000+02:00,2.505,
2026-04-23T02:20:00.0000000+02:00,2.504,
2026-04-23T02:30:00.0000000+02:00,2.507,
2026-04-23T02:40:00.0000000+02:00,2.51,
2026-04-23T02:50:00.0000000+02:00,2.512,
2026-04-23T03:00:00.0000000+02:00,2.51,
2026-04-23T03:10:00.0000000+02:00,2.511,
2026-04-23T03:20:00.0000000+02:00,2.511,
2026-04-23T03:30:00.0000000+02:00,2.516,
2026-04-23T03:40:00.0000000+02:00,2.517,
2026-04-23T03:50:00.0000000+02:00,2.516,
2026-04-23T04:00:00.0000000+02:00,2.514,
2026-04-23T04:10:00.0000000+02:00,2.518,
2026-04-23T04:20:00.0000000+02:00,2.519,
2026-04-23T05:30:00.0000000+02:00,2.52,
2026-04-23T05:40:00.0000000+02:00,2.515,
2026-04-23T05:50:00.0000000+02:00,2.514,
2026-04-23T06:00:00.0000000+02:00,2.512,
2026-04-23T06:10:00.0000000+02:00,2.515,
2026-04-23T06:20:00.0000000+02:00,2.515,
2026-04-23T06:30:00.0000000+02:00,2.512,
2026-04-23T06:40:00.0000000+02:00,2.511,
2026-04-23T06:50:00.0000000+02:00,2.51,
2026-04-23T07:00:00.0000000+02:00,2.512,
2026-04-23T07:10:00.0000000+02:00,2.511,
2026-04-23T07:20:00.0000000+02:00,2.51,
2026-04-23T07:30:00.0000000+02:00,2.509,
2026-04-23T07:40:00.0000000+02:00,2.509,
2026-04-23T07:50:00.0000000+02:00,2.51,
2026-04-23T08:00:00.0000000+02:00,2.508,
2026-04-23T08:10:00.0000000+02:00,2.501,
2026-04-23T08:20:00.0000000+02:00,2.502,
2026-04-23T08:30:00.0000000+02:00,2.505,
2026-04-23T08:40:00.0000000+02:00,2.497,
2026-04-23T08:50:00.0000000+02:00,2.501,
2026-04-23T09:00:00.0000000+02:00,2.497,
2026-04-23T09:10:00.0000000+02:00,2.498,
2026-04-23T09:20:00.0000000+02:00,2.498,
2026-04-23T09:30:00.0000000+02:00,2.495,
2026-04-23T09:40:00.0000000+02:00,2.494,
2026-04-23T09:50:00.0000000+02:00,2.495,
2026-04-23T10:00:00.0000000+02:00,2.465,
2026-04-23T10:10:00.0000000+02:00,2.478,
2026-04-23T10:20:00.0000000+02:00,2.484,
2026-04-23T10:30:00.0000000+02:00,2.484,
2026-04-23T10:40:00.0000000+02:00,2.481,
2026-04-23T10:50:00.0000000+02:00,2.479,
2026-04-23T11:00:00.0000000+02:00,2.478,
2026-04-23T11:10:00.0000000+02:00,2.479,
2026-04-23T11:20:00.0000000+02:00,2.475,
2026-04-23T11:30:00.0000000+02:00,2.478,
2026-04-23T11:40:00.0000000+02:00,2.469,
2026-04-23T11:50:00.0000000+02:00,2.462,
2026-04-23T12:00:00.0000000+02:00,2.466,
2026-04-23T12:10:00.0000000+02:00,2.468,
2026-04-23T12:20:00.0000000+02:00,2.46,
2026-04-23T12:30:00.0000000+02:00,2.47,
2026-04-23T12:40:00.0000000+02:00,2.465,
2026-04-23T12:50:00.0000000+02:00,2.46,
2026-04-23T13:00:00.0000000+02:00,2.457,
2026-04-23T13:10:00.0000000+02:00,2.457,
2026-04-23T13:20:00.0000000+02:00,2.452,
2026-04-23T13:30:00.0000000+02:00,2.451,
2026-04-23T13:40:00.0000000+02:00,2.445,
2026-04-23T13:50:00.0000000+02:00,2.446,
2026-04-23T14:00:00.0000000+02:00,2.447,
2026-04-23T14:10:00.0000000+02:00,2.449,
2026-04-23T14:20:00.0000000+02:00,2.447,
2026-04-23T14:30:00.0000000+02:00,2.442,
2026-04-23T14:40:00.0000000+02:00,2.448,
2026-04-23T14:50:00.0000000+02:00,2.446,
2026-04-23T15:00:00.0000000+02:00,2.446,
2026-04-23T15:10:00.0000000+02:00,2.44,
2026-04-23T15:20:00.0000000+02:00,2.441,
2026-04-23T15:30:00.0000000+02:00,2.44,
2026-04-23T15:40:00.0000000+02:00,2.44,
2026-04-23T15:50:00.0000000+02:00,2.44,
2026-04-23T16:00:00.0000000+02:00,2.437,
2026-04-23T16:10:00.0000000+02:00,2.442,
2026-04-23T16:20:00.0000000+02:00,2.438,
2026-04-23T16:30:00.0000000+02:00,2.439,
2026-04-23T16:40:00.0000000+02:00,2.435,
2026-04-23T16:50:00.0000000+02:00,2.437,
2026-04-23T17:00:00.0000000+02:00,2.437,
2026-04-23T17:10:00.0000000+02:00,2.435,
2026-04-23T17:20:00.0000000+02:00,2.435,
2026-04-23T17:30:00.0000000+02:00,2.436,
2026-04-23T17:40:00.0000000+02:00,2.437,
2026-04-23T17:50:00.0000000+02:00,2.439,
2026-04-23T18:00:00.0000000+02:00,2.436,
2026-04-23T18:10:00.0000000+02:00,2.435,
2026-04-23T18:20:00.0000000+02:00,2.438,
2026-04-23T18:30:00.0000000+02:00,2.436,
2026-04-23T18:40:00.0000000+02:00,2.437,
2026-04-23T18:50:00.0000000+02:00,2.44,
2026-04-23T19:00:00.0000000+02:00,2.441,
2026-04-23T19:10:00.0000000+02:00,2.442,
2026-04-23T19:20:00.0000000+02:00,2.446,
2026-04-23T19:30:00.0000000+02:00,2.444,
2026-04-23T19:40:00.0000000+02:00,2.447,
2026-04-23T19:50:00.0000000+02:00,2.45,
2026-04-23T20:00:00.0000000+02:00,2.449,
2026-04-23T20:10:00.0000000+02:00,2.453,
2026-04-23T20:20:00.0000000+02:00,2.454,
2026-04-23T20:30:00.0000000+02:00,2.455,
2026-04-23T20:40:00.0000000+02:00,2.462,
2026-04-23T20:50:00.0000000+02:00,2.456,
2026-04-23T21:00:00.0000000+02:00,2.459,
2026-04-23T21:10:00.0000000+02:00,2.461,
2026-04-23T21:20:00.0000000+02:00,2.466,
2026-04-23T21:30:00.0000000+02:00,2.463,
2026-04-23T21:40:00.0000000+02:00,2.467,
2026-04-23T21:50:00.0000000+02:00,2.471,
2026-04-23T22:00:00.0000000+02:00,2.471,
2026-04-23T22:10:00.0000000+02:00,2.475,
2026-04-23T22:20:00.0000000+02:00,2.474,
2026-04-23T22:30:00.0000000+02:00,2.477,
2026-04-23T22:40:00.0000000+02:00,2.476,
2026-04-23T22:50:00.0000000+02:00,2.481,
2026-04-23T23:00:00.0000000+02:00,2.479,
2026-04-23T23:10:00.0000000+02:00,2.481,
2026-04-23T23:20:00.0000000+02:00,2.483,
2026-04-23T23:30:00.0000000+02:00,2.485,
2026-04-23T23:40:00.0000000+02:00,2.488,
2026-04-23T23:50:00.0000000+02:00,2.482,
2026-04-24T00:00:00.0000000+02:00,2.49,
2026-04-24T00:10:00.0000000+02:00,2.49,
2026-04-24T00:20:00.0000000+02:00,2.494,
2026-04-24T00:30:00.0000000+02:00,2.492,
2026-04-24T00:40:00.0000000+02:00,2.494,
2026-04-24T00:50:00.0000000+02:00,2.495,
2026-04-24T01:00:00.0000000+02:00,2.499,
2026-04-24T01:10:00.0000000+02:00,2.499,
2026-04-24T01:20:00.0000000+02:00,2.504,
2026-04-24T01:30:00.0000000+02:00,2.509,
2026-04-24T01:40:00.0000000+02:00,2.507,
2026-04-24T01:50:00.0000000+02:00,2.508,
2026-04-24T02:00:00.0000000+02:00,2.508,
2026-04-24T02:10:00.0000000+02:00,2.508,
2026-04-24T02:20:00.0000000+02:00,2.512,
2026-04-24T02:30:00.0000000+02:00,2.507,
2026-04-24T02:40:00.0000000+02:00,2.512,
2026-04-24T02:50:00.0000000+02:00,2.513,
2026-04-24T03:00:00.0000000+02:00,2.512,
2026-04-24T03:10:00.0000000+02:00,2.512,
2026-04-24T03:20:00.0000000+02:00,2.515,
2026-04-24T03:30:00.0000000+02:00,2.515,
2026-04-24T03:40:00.0000000+02:00,2.515,
2026-04-24T03:50:00.0000000+02:00,2.519,
2026-04-24T04:00:00.0000000+02:00,2.521,
2026-04-24T04:10:00.0000000+02:00,2.519,
2026-04-24T04:20:00.0000000+02:00,2.522,
2026-04-24T04:30:00.0000000+02:00,2.524,
2026-04-24T04:40:00.0000000+02:00,2.52,
2026-04-24T04:50:00.0000000+02:00,2.521,
2026-04-24T05:00:00.0000000+02:00,2.519,
2026-04-24T05:10:00.0000000+02:00,2.518,
2026-04-24T05:20:00.0000000+02:00,2.524,
2026-04-24T05:30:00.0000000+02:00,2.52,
2026-04-24T05:40:00.0000000+02:00,2.524,
2026-04-24T05:50:00.0000000+02:00,2.521,
2026-04-24T06:00:00.0000000+02:00,2.519,
2026-04-24T06:10:00.0000000+02:00,2.521,
2026-04-24T06:20:00.0000000+02:00,2.517,
2026-04-24T06:30:00.0000000+02:00,2.521,
2026-04-24T06:40:00.0000000+02:00,2.518,
2026-04-24T06:50:00.0000000+02:00,2.516,
2026-04-24T07:00:00.0000000+02:00,2.512,
2026-04-24T07:10:00.0000000+02:00,2.517,
2026-04-24T07:20:00.0000000+02:00,2.513,
2026-04-24T07:30:00.0000000+02:00,2.512,
2026-04-24T07:40:00.0000000+02:00,2.514,
2026-04-24T07:50:00.0000000+02:00,2.508,
2026-04-24T08:00:00.0000000+02:00,2.506,
2026-04-24T08:10:00.0000000+02:00,2.506,
2026-04-24T08:20:00.0000000+02:00,2.505,
2026-04-24T08:30:00.0000000+02:00,2.502,
2026-04-24T08:40:00.0000000+02:00,2.502,
2026-04-24T08:50:00.0000000+02:00,2.503,
2026-04-24T09:00:00.0000000+02:00,2.497,
2026-04-24T09:10:00.0000000+02:00,2.494,
2026-04-24T09:20:00.0000000+02:00,2.492,
2026-04-24T09:30:00.0000000+02:00,2.492,
2026-04-24T09:40:00.0000000+02:00,2.492,
2026-04-24T09:50:00.0000000+02:00,2.489,
2026-04-24T10:00:00.0000000+02:00,2.487,
2026-04-24T10:10:00.0000000+02:00,2.486,
2026-04-24T10:20:00.0000000+02:00,2.489,
2026-04-24T10:30:00.0000000+02:00,2.484,
2026-04-24T10:40:00.0000000+02:00,2.481,
2026-04-24T10:50:00.0000000+02:00,2.479,
2026-04-24T11:00:00.0000000+02:00,2.474,
2026-04-24T11:10:00.0000000+02:00,2.472,
2026-04-24T11:20:00.0000000+02:00,2.474,
2026-04-24T11:30:00.0000000+02:00,2.47,
2026-04-24T11:40:00.0000000+02:00,2.469,
2026-04-24T11:50:00.0000000+02:00,2.469,
2026-04-24T12:00:00.0000000+02:00,2.468,
2026-04-24T12:10:00.0000000+02:00,2.466,
2026-04-24T12:20:00.0000000+02:00,2.463,
2026-04-24T12:30:00.0000000+02:00,2.457,
2026-04-24T12:40:00.0000000+02:00,2.454,
2026-04-24T12:50:00.0000000+02:00,2.453,
2026-04-24T13:00:00.0000000+02:00,2.452,
2026-04-24T13:10:00.0000000+02:00,2.447,
2026-04-24T13:20:00.0000000+02:00,2.448,
2026-04-24T13:30:00.0000000+02:00,2.441,
2026-04-24T13:40:00.0000000+02:00,2.441,
2026-04-24T13:50:00.0000000+02:00,2.435,
2026-04-24T14:00:00.0000000+02:00,2.437,
2026-04-24T14:10:00.0000000+02:00,2.433,
2026-04-24T14:20:00.0000000+02:00,2.431,
2026-04-24T14:30:00.0000000+02:00,2.431,
2026-04-24T14:40:00.0000000+02:00,2.429,
2026-04-24T14:50:00.0000000+02:00,2.428,
2026-04-24T15:00:00.0000000+02:00,2.424,
2026-04-24T15:10:00.0000000+02:00,2.419,
2026-04-24T15:20:00.0000000+02:00,2.426,
2026-04-24T15:30:00.0000000+02:00,2.422,
2026-04-24T15:40:00.0000000+02:00,2.42,
2026-04-24T15:50:00.0000000+02:00,2.418,
2026-04-24T16:00:00.0000000+02:00,2.413,
2026-04-24T16:10:00.0000000+02:00,2.414,
2026-04-24T16:20:00.0000000+02:00,2.417,
2026-04-24T16:30:00.0000000+02:00,2.412,
2026-04-24T16:40:00.0000000+02:00,2.415,
2026-04-24T16:50:00.0000000+02:00,2.411,
2026-04-24T17:00:00.0000000+02:00,2.409,
2026-04-24T17:10:00.0000000+02:00,2.404,
2026-04-24T17:20:00.0000000+02:00,2.407,
2026-04-24T17:30:00.0000000+02:00,2.405,
2026-04-24T17:40:00.0000000+02:00,2.403,
2026-04-24T17:50:00.0000000+02:00,2.405,
2026-04-24T18:00:00.0000000+02:00,2.403,
2026-04-24T18:10:00.0000000+02:00,2.403,
2026-04-24T18:20:00.0000000+02:00,2.4,
2026-04-24T18:30:00.0000000+02:00,2.399,
2026-04-24T18:40:00.0000000+02:00,2.403,
2026-04-24T18:50:00.0000000+02:00,2.404,
2026-04-24T19:00:00.0000000+02:00,2.404,
2026-04-24T19:10:00.0000000+02:00,2.404,
2026-04-24T19:20:00.0000000+02:00,2.408,
2026-04-24T19:30:00.0000000+02:00,2.403,
2026-04-24T19:40:00.0000000+02:00,2.405,
2026-04-24T19:50:00.0000000+02:00,2.41,
2026-04-24T20:00:00.0000000+02:00,2.408,
2026-04-24T20:10:00.0000000+02:00,2.408,
2026-04-24T20:20:00.0000000+02:00,2.413,
2026-04-24T20:30:00.0000000+02:00,2.411,
2026-04-24T20:40:00.0000000+02:00,2.413,
2026-04-24T20:50:00.0000000+02:00,2.414,
2026-04-24T21:00:00.0000000+02:00,2.411,
2026-04-24T21:10:00.0000000+02:00,2.418,
2026-04-24T21:20:00.0000000+02:00,2.419,
2026-04-24T21:30:00.0000000+02:00,2.416,
2026-04-24T21:40:00.0000000+02:00,2.421,
2026-04-24T21:50:00.0000000+02:00,2.423,
2026-04-24T22:00:00.0000000+02:00,2.427,
2026-04-24T22:10:00.0000000+02:00,2.424,
2026-04-24T22:20:00.0000000+02:00,2.428,
2026-04-24T22:30:00.0000000+02:00,2.433,
2026-04-24T22:40:00.0000000+02:00,2.436,
2026-04-24T22:50:00.0000000+02:00,2.44,
2026-04-24T23:00:00.0000000+02:00,2.443,
2026-04-24T23:10:00.0000000+02:00,2.441,
2026-04-24T23:20:00.0000000+02:00,2.44,
2026-04-24T23:30:00.0000000+02:00,2.446,
2026-04-24T23:40:00.0000000+02:00,2.45,
2026-04-24T23:50:00.0000000+02:00,2.45,
2026-04-25T00:00:00.0000000+02:00,2.453,
2026-04-25T00:10:00.0000000+02:00,2.455,
2026-04-25T00:20:00.0000000+02:00,2.459,
2026-04-25T00:30:00.0000000+02:00,2.459,
2026-04-25T00:40:00.0000000+02:00,2.461,
2026-04-25T00:50:00.0000000+02:00,2.464,
2026-04-25T01:00:00.0000000+02:00,2.466,
2026-04-25T01:10:00.0000000+02:00,2.462,
2026-04-25T01:20:00.0000000+02:00,2.467,
2026-04-25T01:30:00.0000000+02:00,2.473,
2026-04-25T01:40:00.0000000+02:00,2.473,
2026-04-25T01:50:00.0000000+02:00,2.471,
2026-04-25T02:00:00.0000000+02:00,2.474,
2026-04-25T02:10:00.0000000+02:00,2.475,
2026-04-25T02:20:00.0000000+02:00,2.476,
2026-04-25T02:30:00.0000000+02:00,2.477,
2026-04-25T02:40:00.0000000+02:00,2.482,
2026-04-25T02:50:00.0000000+02:00,2.484,
2026-04-25T03:00:00.0000000+02:00,2.483,
2026-04-25T03:10:00.0000000+02:00,2.482,
2026-04-25T03:20:00.0000000+02:00,2.48,
2026-04-25T03:30:00.0000000+02:00,2.483,
2026-04-25T03:40:00.0000000+02:00,2.485,
2026-04-25T03:50:00.0000000+02:00,2.484,
2026-04-25T04:00:00.0000000+02:00,2.486,
2026-04-25T04:10:00.0000000+02:00,2.483,
2026-04-25T04:20:00.0000000+02:00,2.485,
2026-04-25T04:30:00.0000000+02:00,2.483,
2026-04-25T04:40:00.0000000+02:00,2.488,
2026-04-25T04:50:00.0000000+02:00,2.489,
2026-04-25T05:00:00.0000000+02:00,2.484,
2026-04-25T05:10:00.0000000+02:00,2.481,
2026-04-25T05:20:00.0000000+02:00,2.482,
2026-04-25T05:30:00.0000000+02:00,2.487,
2026-04-25T05:40:00.0000000+02:00,2.484,
2026-04-25T05:50:00.0000000+02:00,2.477,
2026-04-25T06:00:00.0000000+02:00,2.482,
2026-04-25T06:10:00.0000000+02:00,2.484,
2026-04-25T06:20:00.0000000+02:00,2.478,
2026-04-25T06:30:00.0000000+02:00,2.483,
2026-04-25T06:40:00.0000000+02:00,2.48,
2026-04-25T06:50:00.0000000+02:00,2.475,
2026-04-25T07:00:00.0000000+02:00,2.476,
2026-04-25T07:10:00.0000000+02:00,2.473,
2026-04-25T07:20:00.0000000+02:00,2.476,
2026-04-25T07:30:00.0000000+02:00,2.475,
2026-04-25T07:40:00.0000000+02:00,2.471,
2026-04-25T07:50:00.0000000+02:00,2.471,
2026-04-25T08:00:00.0000000+02:00,2.47,
2026-04-25T08:10:00.0000000+02:00,2.468,
2026-04-25T08:20:00.0000000+02:00,2.466,
2026-04-25T08:30:00.0000000+02:00,2.461,
2026-04-25T08:40:00.0000000+02:00,2.462,
2026-04-25T08:50:00.0000000+02:00,2.461,
2026-04-25T09:00:00.0000000+02:00,2.461,
2026-04-25T09:10:00.0000000+02:00,2.461,
2026-04-25T09:20:00.0000000+02:00,2.455,
2026-04-25T09:30:00.0000000+02:00,2.454,
2026-04-25T09:40:00.0000000+02:00,2.443,
2026-04-25T09:50:00.0000000+02:00,2.444,
2026-04-25T10:00:00.0000000+02:00,2.442,
2026-04-25T10:10:00.0000000+02:00,2.437,
2026-04-25T10:20:00.0000000+02:00,2.444,
2026-04-25T10:30:00.0000000+02:00,2.435,
2026-04-25T10:40:00.0000000+02:00,2.427,
2026-04-25T10:50:00.0000000+02:00,2.432,
2026-04-25T11:00:00.0000000+02:00,2.424,
2026-04-25T11:10:00.0000000+02:00,2.421,
2026-04-25T11:20:00.0000000+02:00,2.424,
2026-04-25T11:30:00.0000000+02:00,2.42,
2026-04-25T11:40:00.0000000+02:00,2.413,
2026-04-25T11:50:00.0000000+02:00,2.411,
2026-04-25T12:00:00.0000000+02:00,2.413,
2026-04-25T12:10:00.0000000+02:00,2.408,
2026-04-25T12:20:00.0000000+02:00,2.407,
2026-04-25T12:30:00.0000000+02:00,2.404,
2026-04-25T12:40:00.0000000+02:00,2.403,
2026-04-25T12:50:00.0000000+02:00,2.402,
2026-04-25T13:00:00.0000000+02:00,2.396,
2026-04-25T13:10:00.0000000+02:00,2.392,
2026-04-25T13:20:00.0000000+02:00,2.389,
2026-04-25T13:30:00.0000000+02:00,2.392,
2026-04-25T13:40:00.0000000+02:00,2.382,
2026-04-25T13:50:00.0000000+02:00,2.385,
2026-04-25T14:00:00.0000000+02:00,2.376,
2026-04-25T14:10:00.0000000+02:00,2.372,
2026-04-25T14:20:00.0000000+02:00,2.369,
2026-04-25T14:30:00.0000000+02:00,2.362,
2026-04-25T14:40:00.0000000+02:00,2.367,
2026-04-25T14:50:00.0000000+02:00,2.366,
2026-04-25T15:00:00.0000000+02:00,2.325,
2026-04-25T15:10:00.0000000+02:00,2.316,
2026-04-25T15:20:00.0000000+02:00,2.351,
2026-04-25T15:30:00.0000000+02:00,2.349,
2026-04-25T15:40:00.0000000+02:00,2.349,
2026-04-25T15:50:00.0000000+02:00,2.348,
2026-04-25T16:00:00.0000000+02:00,2.343,
2026-04-25T16:10:00.0000000+02:00,2.341,
2026-04-25T16:20:00.0000000+02:00,2.338,
2026-04-25T16:30:00.0000000+02:00,2.332,
2026-04-25T16:40:00.0000000+02:00,2.324,
2026-04-25T16:50:00.0000000+02:00,2.325,
2026-04-25T17:00:00.0000000+02:00,2.321,
2026-04-25T17:10:00.0000000+02:00,2.32,
2026-04-25T17:20:00.0000000+02:00,2.314,
2026-04-25T17:30:00.0000000+02:00,2.319,
2026-04-25T17:40:00.0000000+02:00,2.316,
2026-04-25T17:50:00.0000000+02:00,2.316,
2026-04-25T18:00:00.0000000+02:00,2.31,
2026-04-25T18:10:00.0000000+02:00,2.306,
2026-04-25T18:20:00.0000000+02:00,2.303,
2026-04-25T18:30:00.0000000+02:00,2.302,
2026-04-25T18:40:00.0000000+02:00,2.304,
2026-04-25T18:50:00.0000000+02:00,2.301,
2026-04-25T19:00:00.0000000+02:00,2.305,
2026-04-25T19:10:00.0000000+02:00,2.303,
2026-04-25T19:20:00.0000000+02:00,2.295,
2026-04-25T19:30:00.0000000+02:00,2.293,
2026-04-25T19:40:00.0000000+02:00,2.296,
2026-04-25T19:50:00.0000000+02:00,2.292,
2026-04-25T20:00:00.0000000+02:00,2.294,
2026-04-25T20:10:00.0000000+02:00,2.295,
2026-04-25T20:20:00.0000000+02:00,2.294,
2026-04-25T20:30:00.0000000+02:00,2.289,
2026-04-25T20:40:00.0000000+02:00,2.289,
2026-04-25T20:50:00.0000000+02:00,2.291,
2026-04-25T21:00:00.0000000+02:00,2.293,
2026-04-25T21:10:00.0000000+02:00,2.294,
2026-04-25T21:20:00.0000000+02:00,2.289,
2026-04-25T21:30:00.0000000+02:00,2.295,
2026-04-25T21:40:00.0000000+02:00,2.289,
2026-04-25T21:50:00.0000000+02:00,2.293,
2026-04-25T22:00:00.0000000+02:00,2.293,
2026-04-25T22:10:00.0000000+02:00,2.295,
2026-04-25T22:20:00.0000000+02:00,2.294,
2026-04-25T22:30:00.0000000+02:00,2.289,
2026-04-25T22:40:00.0000000+02:00,2.293,
2026-04-25T22:50:00.0000000+02:00,2.296,
2026-04-25T23:00:00.0000000+02:00,2.304,
2026-04-25T23:10:00.0000000+02:00,2.301,
2026-04-25T23:20:00.0000000+02:00,2.304,
2026-04-25T23:30:00.0000000+02:00,2.301,
2026-04-25T23:40:00.0000000+02:00,2.31,
2026-04-25T23:50:00.0000000+02:00,2.306,
2026-04-26T00:00:00.0000000+02:00,2.307,
2026-04-26T00:10:00.0000000+02:00,2.308,
2026-04-26T00:20:00.0000000+02:00,2.313,
2026-04-26T00:30:00.0000000+02:00,2.31,
2026-04-26T00:40:00.0000000+02:00,2.32,
2026-04-26T00:50:00.0000000+02:00,2.319,
2026-04-26T01:00:00.0000000+02:00,2.32,
2026-04-26T01:10:00.0000000+02:00,2.324,
2026-04-26T01:20:00.0000000+02:00,2.327,
2026-04-26T01:30:00.0000000+02:00,2.33,
2026-04-26T01:40:00.0000000+02:00,2.332,
2026-04-26T01:50:00.0000000+02:00,2.335,
2026-04-26T02:00:00.0000000+02:00,2.338,
2026-04-26T02:10:00.0000000+02:00,2.34,
2026-04-26T02:20:00.0000000+02:00,2.339,
2026-04-26T02:30:00.0000000+02:00,2.342,
2026-04-26T02:40:00.0000000+02:00,2.344,
2026-04-26T02:50:00.0000000+02:00,2.353,
2026-04-26T03:00:00.0000000+02:00,2.35,
2026-04-26T03:10:00.0000000+02:00,2.356,
2026-04-26T03:20:00.0000000+02:00,2.353,
2026-04-26T03:30:00.0000000+02:00,2.358,
2026-04-26T03:40:00.0000000+02:00,2.36,
2026-04-26T03:50:00.0000000+02:00,2.366,
2026-04-26T04:00:00.0000000+02:00,2.363,
2026-04-26T04:10:00.0000000+02:00,2.361,
2026-04-26T04:20:00.0000000+02:00,2.364,
2026-04-26T04:30:00.0000000+02:00,2.369,
2026-04-26T04:40:00.0000000+02:00,2.368,
2026-04-26T04:50:00.0000000+02:00,2.369,
2026-04-26T05:00:00.0000000+02:00,2.373,
2026-04-26T05:10:00.0000000+02:00,2.374,
2026-04-26T05:20:00.0000000+02:00,2.378,
2026-04-26T05:30:00.0000000+02:00,2.378,
2026-04-26T05:40:00.0000000+02:00,2.379,
2026-04-26T05:50:00.0000000+02:00,2.38,
2026-04-26T06:00:00.0000000+02:00,2.383,
2026-04-26T06:10:00.0000000+02:00,2.385,
2026-04-26T06:20:00.0000000+02:00,2.386,
2026-04-26T06:30:00.0000000+02:00,2.388,
2026-04-26T06:40:00.0000000+02:00,2.384,
2026-04-26T06:50:00.0000000+02:00,2.388,
2026-04-26T07:00:00.0000000+02:00,2.393,
2026-04-26T07:10:00.0000000+02:00,2.39,
2026-04-26T07:20:00.0000000+02:00,2.385,
2026-04-26T07:30:00.0000000+02:00,2.387,
2026-04-26T07:40:00.0000000+02:00,2.396,
2026-04-26T07:50:00.0000000+02:00,2.39,
2026-04-26T08:00:00.0000000+02:00,2.389,
2026-04-26T08:10:00.0000000+02:00,2.393,
2026-04-26T08:20:00.0000000+02:00,2.393,
2026-04-26T08:30:00.0000000+02:00,2.39,
2026-04-26T08:40:00.0000000+02:00,2.39,
2026-04-26T08:50:00.0000000+02:00,2.386,
2026-04-26T09:00:00.0000000+02:00,2.389,
2026-04-26T09:10:00.0000000+02:00,2.39,
2026-04-26T09:20:00.0000000+02:00,2.384,
2026-04-26T09:30:00.0000000+02:00,2.391,
2026-04-26T09:40:00.0000000+02:00,2.382,
2026-04-26T09:50:00.0000000+02:00,2.385,
2026-04-26T10:00:00.0000000+02:00,2.385,
2026-04-26T10:10:00.0000000+02:00,2.387,
2026-04-26T10:20:00.0000000+02:00,2.38,
2026-04-26T10:30:00.0000000+02:00,2.382,
2026-04-26T10:40:00.0000000+02:00,2.379,
2026-04-26T10:50:00.0000000+02:00,2.381,
2026-04-26T11:00:00.0000000+02:00,2.38,
2026-04-26T11:10:00.0000000+02:00,2.379,
2026-04-26T11:20:00.0000000+02:00,2.372,
2026-04-26T11:30:00.0000000+02:00,2.37,
2026-04-26T11:40:00.0000000+02:00,2.371,
2026-04-26T11:50:00.0000000+02:00,2.365,
2026-04-26T12:00:00.0000000+02:00,2.365,
2026-04-26T12:10:00.0000000+02:00,2.368,
2026-04-26T12:20:00.0000000+02:00,2.358,
2026-04-26T12:30:00.0000000+02:00,2.364,
2026-04-26T12:40:00.0000000+02:00,2.359,
2026-04-26T12:50:00.0000000+02:00,2.365,
2026-04-26T13:00:00.0000000+02:00,2.347,
2026-04-26T13:10:00.0000000+02:00,2.356,
2026-04-26T13:20:00.0000000+02:00,2.353,
2026-04-26T13:30:00.0000000+02:00,2.355,
2026-04-26T13:40:00.0000000+02:00,2.354,
2026-04-26T13:50:00.0000000+02:00,2.35,
2026-04-26T14:00:00.0000000+02:00,2.345,
2026-04-26T14:10:00.0000000+02:00,2.333,
2026-04-26T14:20:00.0000000+02:00,2.317,
2026-04-26T14:30:00.0000000+02:00,2.316,
2026-04-26T14:40:00.0000000+02:00,2.324,
2026-04-26T14:50:00.0000000+02:00,2.301,
2026-04-26T15:00:00.0000000+02:00,2.298,
2026-04-26T15:10:00.0000000+02:00,2.31,
2026-04-26T15:20:00.0000000+02:00,2.325,
2026-04-26T15:30:00.0000000+02:00,2.326,
2026-04-26T15:40:00.0000000+02:00,2.326,
2026-04-26T15:50:00.0000000+02:00,2.323,
2026-04-26T16:00:00.0000000+02:00,2.318,
2026-04-26T16:10:00.0000000+02:00,2.32,
2026-04-26T16:20:00.0000000+02:00,2.318,
2026-04-26T16:30:00.0000000+02:00,2.318,
2026-04-26T16:40:00.0000000+02:00,2.312,
2026-04-26T16:50:00.0000000+02:00,2.317,
2026-04-26T17:00:00.0000000+02:00,2.309,
2026-04-26T17:10:00.0000000+02:00,2.31,
2026-04-26T17:20:00.0000000+02:00,2.311,
2026-04-26T17:30:00.0000000+02:00,2.308,
2026-04-26T17:40:00.0000000+02:00,2.308,
2026-04-26T17:50:00.0000000+02:00,2.309,
2026-04-26T18:00:00.0000000+02:00,2.307,
2026-04-26T18:10:00.0000000+02:00,2.308,
2026-04-26T18:20:00.0000000+02:00,2.308,
2026-04-26T18:30:00.0000000+02:00,2.306,
2026-04-26T18:40:00.0000000+02:00,2.301,
2026-04-26T18:50:00.0000000+02:00,2.306,
2026-04-26T19:00:00.0000000+02:00,2.303,
2026-04-26T19:10:00.0000000+02:00,2.307,
2026-04-26T19:20:00.0000000+02:00,2.308,
2026-04-26T19:30:00.0000000+02:00,2.304,
2026-04-26T19:40:00.0000000+02:00,2.308,
2026-04-26T19:50:00.0000000+02:00,2.309,
2026-04-26T20:00:00.0000000+02:00,2.313,
2026-04-26T20:10:00.0000000+02:00,2.307,
2026-04-26T20:20:00.0000000+02:00,2.316,
2026-04-26T20:30:00.0000000+02:00,2.312,
2026-04-26T20:40:00.0000000+02:00,2.317,
2026-04-26T20:50:00.0000000+02:00,2.313,
2026-04-26T21:00:00.0000000+02:00,2.318,
2026-04-26T21:10:00.0000000+02:00,2.319,
2026-04-26T21:20:00.0000000+02:00,2.317,
2026-04-26T21:30:00.0000000+02:00,2.32,
2026-04-26T21:40:00.0000000+02:00,2.327,
2026-04-26T21:50:00.0000000+02:00,2.328,
2026-04-26T22:00:00.0000000+02:00,2.333,
2026-04-26T22:10:00.0000000+02:00,2.333,
2026-04-26T22:20:00.0000000+02:00,2.334,
2026-04-26T22:30:00.0000000+02:00,2.339,
2026-04-26T22:40:00.0000000+02:00,2.34,
2026-04-26T22:50:00.0000000+02:00,2.346,
2026-04-26T23:00:00.0000000+02:00,2.349,
2026-04-26T23:10:00.0000000+02:00,2.352,
2026-04-26T23:20:00.0000000+02:00,2.355,
2026-04-26T23:30:00.0000000+02:00,2.359,
2026-04-26T23:40:00.0000000+02:00,2.364,
2026-04-26T23:50:00.0000000+02:00,2.365,
2026-04-27T00:00:00.0000000+02:00,2.367,
2026-04-27T00:10:00.0000000+02:00,2.37,
2026-04-27T00:20:00.0000000+02:00,2.37,
2026-04-27T00:30:00.0000000+02:00,2.376,
2026-04-27T00:40:00.0000000+02:00,2.379,
2026-04-27T00:50:00.0000000+02:00,2.378,
2026-04-27T01:00:00.0000000+02:00,2.383,
2026-04-27T01:10:00.0000000+02:00,2.387,
2026-04-27T01:20:00.0000000+02:00,2.391,
2026-04-27T01:30:00.0000000+02:00,2.398,
2026-04-27T01:40:00.0000000+02:00,2.394,
2026-04-27T01:50:00.0000000+02:00,2.401,
2026-04-27T02:00:00.0000000+02:00,2.403,
2026-04-27T02:10:00.0000000+02:00,2.403,
2026-04-27T02:20:00.0000000+02:00,2.405,
2026-04-27T02:30:00.0000000+02:00,2.408,
2026-04-27T02:40:00.0000000+02:00,2.411,
2026-04-27T02:50:00.0000000+02:00,2.413,
2026-04-27T03:00:00.0000000+02:00,2.412,
2026-04-27T03:10:00.0000000+02:00,2.417,
2026-04-27T03:20:00.0000000+02:00,2.419,
2026-04-27T03:30:00.0000000+02:00,2.421,
2026-04-27T03:40:00.0000000+02:00,2.422,
2026-04-27T03:50:00.0000000+02:00,2.421,
2026-04-27T04:00:00.0000000+02:00,2.424,
2026-04-27T04:10:00.0000000+02:00,2.43,
2026-04-27T04:20:00.0000000+02:00,2.424,
2026-04-27T04:30:00.0000000+02:00,2.428,
2026-04-27T04:40:00.0000000+02:00,2.435,
2026-04-27T04:50:00.0000000+02:00,2.431,
2026-04-27T05:00:00.0000000+02:00,2.43,
2026-04-27T05:10:00.0000000+02:00,2.436,
2026-04-27T05:20:00.0000000+02:00,2.434,
2026-04-27T05:30:00.0000000+02:00,2.433,
2026-04-27T05:40:00.0000000+02:00,2.435,
2026-04-27T05:50:00.0000000+02:00,2.44,
2026-04-27T06:00:00.0000000+02:00,2.441,
2026-04-27T06:10:00.0000000+02:00,2.432,
2026-04-27T06:20:00.0000000+02:00,2.432,
2026-04-27T06:30:00.0000000+02:00,2.435,
2026-04-27T06:40:00.0000000+02:00,2.432,
2026-04-27T06:50:00.0000000+02:00,2.438,
2026-04-27T07:00:00.0000000+02:00,2.428,
2026-04-27T07:10:00.0000000+02:00,2.43,
2026-04-27T07:20:00.0000000+02:00,2.428,
2026-04-27T07:30:00.0000000+02:00,2.436,
2026-04-27T07:40:00.0000000+02:00,2.427,
2026-04-27T07:50:00.0000000+02:00,2.428,
2026-04-27T08:00:00.0000000+02:00,2.427,
2026-04-27T08:10:00.0000000+02:00,2.428,
2026-04-27T08:20:00.0000000+02:00,2.423,
2026-04-27T08:30:00.0000000+02:00,2.422,
2026-04-27T08:40:00.0000000+02:00,2.421,
2026-04-27T08:50:00.0000000+02:00,2.423,
2026-04-27T09:00:00.0000000+02:00,2.418,
2026-04-27T09:10:00.0000000+02:00,2.421,
2026-04-27T09:20:00.0000000+02:00,2.42,
2026-04-27T09:30:00.0000000+02:00,2.418,
2026-04-27T09:40:00.0000000+02:00,2.416,
2026-04-27T09:50:00.0000000+02:00,2.413,
2026-04-27T10:00:00.0000000+02:00,2.411,
2026-04-27T10:10:00.0000000+02:00,2.408,
2026-04-27T10:20:00.0000000+02:00,2.41,
2026-04-27T10:30:00.0000000+02:00,2.408,
2026-04-27T10:40:00.0000000+02:00,2.407,
2026-04-27T10:50:00.0000000+02:00,2.399,
2026-04-27T11:00:00.0000000+02:00,2.401,
2026-04-27T11:10:00.0000000+02:00,2.406,
2026-04-27T11:20:00.0000000+02:00,2.391,
2026-04-27T11:30:00.0000000+02:00,2.399,
2026-04-27T11:40:00.0000000+02:00,2.401,
2026-04-27T11:50:00.0000000+02:00,2.396,
2026-04-27T12:00:00.0000000+02:00,2.392,
2026-04-27T12:10:00.0000000+02:00,2.387,
2026-04-27T12:20:00.0000000+02:00,2.389,
2026-04-27T12:30:00.0000000+02:00,2.384,
2026-04-27T12:40:00.0000000+02:00,2.382,
2026-04-27T12:50:00.0000000+02:00,2.381,
2026-04-27T13:00:00.0000000+02:00,2.375,
2026-04-27T13:10:00.0000000+02:00,2.373,
2026-04-27T13:20:00.0000000+02:00,2.37,
2026-04-27T13:30:00.0000000+02:00,2.372,
2026-04-27T13:40:00.0000000+02:00,2.366,
2026-04-27T13:50:00.0000000+02:00,2.372,
2026-04-27T14:00:00.0000000+02:00,2.369,
2026-04-27T14:10:00.0000000+02:00,2.352,
2026-04-27T14:20:00.0000000+02:00,2.366,
2026-04-27T14:30:00.0000000+02:00,2.356,
2026-04-27T14:40:00.0000000+02:00,2.357,
2026-04-27T14:50:00.0000000+02:00,2.355,
2026-04-27T15:00:00.0000000+02:00,2.358,
2026-04-27T15:10:00.0000000+02:00,2.346,
2026-04-27T15:20:00.0000000+02:00,2.349,
2026-04-27T15:30:00.0000000+02:00,2.348,
2026-04-27T15:40:00.0000000+02:00,2.346,
2026-04-27T15:50:00.0000000+02:00,2.345,
2026-04-27T16:00:00.0000000+02:00,2.342,
2026-04-27T16:10:00.0000000+02:00,2.343,
2026-04-27T16:20:00.0000000+02:00,2.341,
2026-04-27T16:30:00.0000000+02:00,2.343,
2026-04-27T16:40:00.0000000+02:00,2.338,
2026-04-27T16:50:00.0000000+02:00,2.335,
2026-04-27T17:00:00.0000000+02:00,2.335,
2026-04-27T17:10:00.0000000+02:00,2.334,
2026-04-27T17:20:00.0000000+02:00,2.335,
2026-04-27T17:30:00.0000000+02:00,2.334,
2026-04-27T17:40:00.0000000+02:00,2.332,
2026-04-27T17:50:00.0000000+02:00,2.326,
2026-04-27T18:00:00.0000000+02:00,2.332,
2026-04-27T18:10:00.0000000+02:00,2.328,
2026-04-27T18:20:00.0000000+02:00,2.328,
2026-04-27T18:30:00.0000000+02:00,2.327,
2026-04-27T18:40:00.0000000+02:00,2.329,
2026-04-27T18:50:00.0000000+02:00,2.328,
2026-04-27T19:00:00.0000000+02:00,2.331,
2026-04-27T19:10:00.0000000+02:00,2.331,
2026-04-27T19:20:00.0000000+02:00,2.328,
2026-04-27T19:30:00.0000000+02:00,2.325,
2026-04-27T19:40:00.0000000+02:00,2.325,
2026-04-27T19:50:00.0000000+02:00,2.327,
2026-04-27T20:00:00.0000000+02:00,2.323,
2026-04-27T20:10:00.0000000+02:00,2.328,
2026-04-27T20:20:00.0000000+02:00,2.326,
2026-04-27T20:30:00.0000000+02:00,2.326,
2026-04-27T20:40:00.0000000+02:00,2.331,
2026-04-27T20:50:00.0000000+02:00,2.332,
2026-04-27T21:00:00.0000000+02:00,2.336,
2026-04-27T21:10:00.0000000+02:00,2.334,
2026-04-27T21:20:00.0000000+02:00,2.339,
2026-04-27T21:30:00.0000000+02:00,2.334,
2026-04-27T21:40:00.0000000+02:00,2.33,
2026-04-27T21:50:00.0000000+02:00,2.333,
2026-04-27T22:00:00.0000000+02:00,2.344,
2026-04-27T22:10:00.0000000+02:00,2.345,
2026-04-27T22:20:00.0000000+02:00,2.348,
2026-04-27T22:30:00.0000000+02:00,2.349,
2026-04-27T22:40:00.0000000+02:00,2.347,
2026-04-27T22:50:00.0000000+02:00,2.352,
2026-04-27T23:00:00.0000000+02:00,2.355,
2026-04-27T23:10:00.0000000+02:00,2.357,
2026-04-27T23:20:00.0000000+02:00,2.358,
2026-04-27T23:30:00.0000000+02:00,2.36,
2026-04-27T23:40:00.0000000+02:00,2.36,
2026-04-27T23:50:00.0000000+02:00,2.366,
2026-04-28T00:00:00.0000000+02:00,2.366,
2026-04-28T00:10:00.0000000+02:00,2.366,
2026-04-28T00:20:00.0000000+02:00,2.368,
2026-04-28T00:30:00.0000000+02:00,2.371,
2026-04-28T00:40:00.0000000+02:00,2.378,
2026-04-28T00:50:00.0000000+02:00,2.381,
2026-04-28T01:00:00.0000000+02:00,2.381,
2026-04-28T01:10:00.0000000+02:00,2.38,
2026-04-28T01:20:00.0000000+02:00,2.382,
2026-04-28T01:30:00.0000000+02:00,2.384,
2026-04-28T01:40:00.0000000+02:00,2.392,
2026-04-28T01:50:00.0000000+02:00,2.388,
2026-04-28T02:00:00.0000000+02:00,2.396,
2026-04-28T02:10:00.0000000+02:00,2.398,
2026-04-28T02:20:00.0000000+02:00,2.396,
2026-04-28T02:30:00.0000000+02:00,2.397,
2026-04-28T02:40:00.0000000+02:00,2.4,
2026-04-28T02:50:00.0000000+02:00,2.403,
2026-04-28T03:00:00.0000000+02:00,2.406,
2026-04-28T03:10:00.0000000+02:00,2.403,
2026-04-28T03:20:00.0000000+02:00,2.406,
2026-04-28T03:30:00.0000000+02:00,2.41,
2026-04-28T03:40:00.0000000+02:00,2.411,
2026-04-28T03:50:00.0000000+02:00,2.411,
2026-04-28T04:00:00.0000000+02:00,2.412,
2026-04-28T04:10:00.0000000+02:00,2.412,
2026-04-28T04:20:00.0000000+02:00,2.41,
2026-04-28T04:30:00.0000000+02:00,2.414,
2026-04-28T04:40:00.0000000+02:00,2.417,
2026-04-28T04:50:00.0000000+02:00,2.416,
2026-04-28T05:00:00.0000000+02:00,2.416,
2026-04-28T05:10:00.0000000+02:00,2.412,
2026-04-28T05:20:00.0000000+02:00,2.414,
2026-04-28T05:30:00.0000000+02:00,2.418,
2026-04-28T05:40:00.0000000+02:00,2.411,
2026-04-28T05:50:00.0000000+02:00,2.415,
2026-04-28T06:00:00.0000000+02:00,2.417,
2026-04-28T06:10:00.0000000+02:00,2.416,
2026-04-28T06:20:00.0000000+02:00,2.415,
2026-04-28T06:30:00.0000000+02:00,2.416,
2026-04-28T06:40:00.0000000+02:00,2.412,
2026-04-28T06:50:00.0000000+02:00,2.412,
2026-04-28T07:00:00.0000000+02:00,2.416,
2026-04-28T07:10:00.0000000+02:00,2.41,
2026-04-28T07:20:00.0000000+02:00,2.411,
2026-04-28T07:30:00.0000000+02:00,2.405,
2026-04-28T07:40:00.0000000+02:00,2.408,
2026-04-28T07:50:00.0000000+02:00,2.4,
2026-04-28T08:00:00.0000000+02:00,2.404,
2026-04-28T08:10:00.0000000+02:00,2.404,
2026-04-28T08:20:00.0000000+02:00,2.404,
2026-04-28T08:30:00.0000000+02:00,2.402,
2026-04-28T08:40:00.0000000+02:00,2.401,
2026-04-28T08:50:00.0000000+02:00,2.399,
2026-04-28T09:00:00.0000000+02:00,2.405,
2026-04-28T09:10:00.0000000+02:00,2.396,
2026-04-28T09:20:00.0000000+02:00,2.401,
2026-04-28T09:30:00.0000000+02:00,2.393,
2026-04-28T09:40:00.0000000+02:00,2.392,
2026-04-28T09:50:00.0000000+02:00,2.39,
2026-04-28T10:00:00.0000000+02:00,2.388,
2026-04-28T10:10:00.0000000+02:00,2.388,
2026-04-28T10:20:00.0000000+02:00,2.386,
2026-04-28T10:30:00.0000000+02:00,2.388,
2026-04-28T10:40:00.0000000+02:00,2.389,
2026-04-28T10:50:00.0000000+02:00,2.388,
2026-04-28T11:00:00.0000000+02:00,2.381,
2026-04-28T11:10:00.0000000+02:00,2.386,
2026-04-28T11:20:00.0000000+02:00,2.383,
2026-04-28T11:30:00.0000000+02:00,2.377,
2026-04-28T11:40:00.0000000+02:00,2.378,
2026-04-28T11:50:00.0000000+02:00,2.378,
2026-04-28T12:00:00.0000000+02:00,2.378,
2026-04-28T12:10:00.0000000+02:00,2.374,
2026-04-28T12:20:00.0000000+02:00,2.364,
2026-04-28T12:30:00.0000000+02:00,2.363,
2026-04-28T12:40:00.0000000+02:00,2.365,
2026-04-28T12:50:00.0000000+02:00,2.364,
2026-04-28T13:00:00.0000000+02:00,2.365,
2026-04-28T13:10:00.0000000+02:00,2.363,
2026-04-28T13:20:00.0000000+02:00,2.358,
2026-04-28T13:30:00.0000000+02:00,2.36,
2026-04-28T13:40:00.0000000+02:00,2.363,
2026-04-28T13:50:00.0000000+02:00,2.351,
2026-04-28T14:00:00.0000000+02:00,2.356,
2026-04-28T14:10:00.0000000+02:00,2.35,
2026-04-28T14:20:00.0000000+02:00,2.352,
2026-04-28T14:30:00.0000000+02:00,2.349,
2026-04-28T14:40:00.0000000+02:00,2.345,
2026-04-28T14:50:00.0000000+02:00,2.351,
2026-04-28T15:00:00.0000000+02:00,2.347,
2026-04-28T15:10:00.0000000+02:00,2.307,
2026-04-28T15:20:00.0000000+02:00,2.297,
2026-04-28T15:30:00.0000000+02:00,2.302,
2026-04-28T15:40:00.0000000+02:00,2.302,
2026-04-28T15:50:00.0000000+02:00,2.303,
2026-04-28T16:00:00.0000000+02:00,2.327,
2026-04-28T16:10:00.0000000+02:00,2.336,
2026-04-28T16:20:00.0000000+02:00,2.342,
2026-04-28T16:30:00.0000000+02:00,2.333,
2026-04-28T16:40:00.0000000+02:00,2.332,
2026-04-28T16:50:00.0000000+02:00,2.323,
2026-04-28T17:00:00.0000000+02:00,2.317,
2026-04-28T17:10:00.0000000+02:00,2.327,
2026-04-28T17:20:00.0000000+02:00,2.352,
2026-04-28T17:30:00.0000000+02:00,2.352,
2026-04-28T17:40:00.0000000+02:00,2.353,
2026-04-28T17:50:00.0000000+02:00,2.356,
2026-04-28T18:00:00.0000000+02:00,2.359,
2026-04-28T18:10:00.0000000+02:00,2.356,
2026-04-28T18:20:00.0000000+02:00,2.363,
2026-04-28T18:30:00.0000000+02:00,2.36,
2026-04-28T18:40:00.0000000+02:00,2.357,
2026-04-28T18:50:00.0000000+02:00,2.356,
2026-04-28T19:00:00.0000000+02:00,2.367,
2026-04-28T19:10:00.0000000+02:00,2.373,
2026-04-28T19:20:00.0000000+02:00,2.378,
2026-04-28T19:30:00.0000000+02:00,2.377,
2026-04-28T19:40:00.0000000+02:00,2.385,
2026-04-28T19:50:00.0000000+02:00,2.383,
2026-04-28T20:00:00.0000000+02:00,2.389,
2026-04-28T20:10:00.0000000+02:00,2.389,
2026-04-28T20:20:00.0000000+02:00,2.394,
2026-04-28T20:30:00.0000000+02:00,2.398,
2026-04-28T20:40:00.0000000+02:00,2.406,
2026-04-28T20:50:00.0000000+02:00,2.409,
2026-04-28T21:00:00.0000000+02:00,2.409,
2026-04-28T21:10:00.0000000+02:00,2.414,
2026-04-28T21:20:00.0000000+02:00,2.414,
2026-04-28T21:30:00.0000000+02:00,2.421,
2026-04-28T21:40:00.0000000+02:00,2.42,
2026-04-28T21:50:00.0000000+02:00,2.429,
2026-04-28T22:00:00.0000000+02:00,2.43,
2026-04-28T22:10:00.0000000+02:00,2.437,
2026-04-28T22:20:00.0000000+02:00,2.441,
2026-04-28T22:30:00.0000000+02:00,2.44,
2026-04-28T22:40:00.0000000+02:00,2.448,
2026-04-28T22:50:00.0000000+02:00,2.454,
2026-04-28T23:00:00.0000000+02:00,2.453,
2026-04-28T23:10:00.0000000+02:00,2.46,
2026-04-28T23:20:00.0000000+02:00,2.461,
2026-04-28T23:30:00.0000000+02:00,2.464,
2026-04-28T23:40:00.0000000+02:00,2.466,
2026-04-28T23:50:00.0000000+02:00,2.471,
2026-04-29T00:00:00.0000000+02:00,2.472,
2026-04-29T00:10:00.0000000+02:00,2.475,
2026-04-29T00:20:00.0000000+02:00,2.476,
2026-04-29T00:30:00.0000000+02:00,2.481,
2026-04-29T00:40:00.0000000+02:00,2.488,
2026-04-29T00:50:00.0000000+02:00,2.489,
2026-04-29T01:00:00.0000000+02:00,2.492,
2026-04-29T01:10:00.0000000+02:00,2.494,
2026-04-29T01:20:00.0000000+02:00,2.497,
2026-04-29T01:30:00.0000000+02:00,2.497,
2026-04-29T01:40:00.0000000+02:00,2.506,
2026-04-29T01:50:00.0000000+02:00,2.503,
2026-04-29T02:00:00.0000000+02:00,2.508,
2026-04-29T02:10:00.0000000+02:00,2.508,
2026-04-29T02:20:00.0000000+02:00,2.512,
2026-04-29T02:30:00.0000000+02:00,2.513,
2026-04-29T02:40:00.0000000+02:00,2.512,
2026-04-29T02:50:00.0000000+02:00,2.511,
2026-04-29T03:00:00.0000000+02:00,2.516,
2026-04-29T03:10:00.0000000+02:00,2.518,
2026-04-29T03:20:00.0000000+02:00,2.516,
2026-04-29T03:30:00.0000000+02:00,2.517,
2026-04-29T03:40:00.0000000+02:00,2.521,
2026-04-29T03:50:00.0000000+02:00,2.524,
2026-04-29T04:00:00.0000000+02:00,2.527,
2026-04-29T04:10:00.0000000+02:00,2.527,
2026-04-29T04:20:00.0000000+02:00,2.528,
2026-04-29T04:30:00.0000000+02:00,2.525,
2026-04-29T04:40:00.0000000+02:00,2.528,
2026-04-29T04:50:00.0000000+02:00,2.53,
2026-04-29T05:00:00.0000000+02:00,2.522,
2026-04-29T05:10:00.0000000+02:00,2.529,
2026-04-29T05:20:00.0000000+02:00,2.529,
2026-04-29T05:30:00.0000000+02:00,2.525,
2026-04-29T05:40:00.0000000+02:00,2.528,
2026-04-29T05:50:00.0000000+02:00,2.528,
2026-04-29T06:00:00.0000000+02:00,2.521,
2026-04-29T06:10:00.0000000+02:00,2.527,
2026-04-29T06:20:00.0000000+02:00,2.523,
2026-04-29T06:30:00.0000000+02:00,2.523,
2026-04-29T06:40:00.0000000+02:00,2.524,
2026-04-29T06:50:00.0000000+02:00,2.525,
2026-04-29T07:00:00.0000000+02:00,2.525,
2026-04-29T07:10:00.0000000+02:00,2.521,
2026-04-29T07:20:00.0000000+02:00,2.524,
2026-04-29T07:30:00.0000000+02:00,2.522,
2026-04-29T07:40:00.0000000+02:00,2.52,
2026-04-29T07:50:00.0000000+02:00,2.52,
2026-04-29T08:00:00.0000000+02:00,2.517,
2026-04-29T08:10:00.0000000+02:00,2.516,
2026-04-29T08:20:00.0000000+02:00,2.519,
2026-04-29T08:30:00.0000000+02:00,2.525,
2026-04-29T08:40:00.0000000+02:00,2.522,
2026-04-29T08:50:00.0000000+02:00,2.52,
2026-04-29T09:00:00.0000000+02:00,2.515,
2026-04-29T09:10:00.0000000+02:00,2.519,
2026-04-29T09:20:00.0000000+02:00,2.519,
2026-04-29T09:30:00.0000000+02:00,2.513,
2026-04-29T09:40:00.0000000+02:00,2.511,
2026-04-29T09:50:00.0000000+02:00,2.513,
2026-04-29T10:00:00.0000000+02:00,2.515,
2026-04-29T10:10:00.0000000+02:00,2.516,
2026-04-29T10:20:00.0000000+02:00,2.518,
2026-04-29T10:30:00.0000000+02:00,2.515,
2026-04-29T10:40:00.0000000+02:00,2.513,
2026-04-29T10:50:00.0000000+02:00,2.514,
2026-04-29T11:00:00.0000000+02:00,2.511,
2026-04-29T11:10:00.0000000+02:00,2.509,
2026-04-29T11:20:00.0000000+02:00,2.498,
2026-04-29T11:30:00.0000000+02:00,2.507,
2026-04-29T11:40:00.0000000+02:00,2.508,
2026-04-29T11:50:00.0000000+02:00,2.51,
2026-04-29T12:00:00.0000000+02:00,2.51,
2026-04-29T12:10:00.0000000+02:00,2.506,
2026-04-29T12:20:00.0000000+02:00,2.506,
2026-04-29T12:30:00.0000000+02:00,2.5,
2026-04-29T12:40:00.0000000+02:00,2.51,
2026-04-29T12:50:00.0000000+02:00,2.509,
2026-04-29T13:00:00.0000000+02:00,2.51,
2026-04-29T13:10:00.0000000+02:00,2.496,
2026-04-29T13:20:00.0000000+02:00,2.502,
2026-04-29T13:30:00.0000000+02:00,2.499,
2026-04-29T13:40:00.0000000+02:00,2.503,
2026-04-29T13:50:00.0000000+02:00,2.501,
2026-04-29T14:00:00.0000000+02:00,2.504,
2026-04-29T14:10:00.0000000+02:00,2.499,
2026-04-29T14:20:00.0000000+02:00,2.499,
2026-04-29T14:30:00.0000000+02:00,2.501,
2026-04-29T14:40:00.0000000+02:00,2.503,
2026-04-29T14:50:00.0000000+02:00,2.501,
2026-04-29T15:00:00.0000000+02:00,2.482,
2026-04-29T15:10:00.0000000+02:00,2.488,
2026-04-29T15:20:00.0000000+02:00,2.497,
2026-04-29T15:30:00.0000000+02:00,2.507,
2026-04-29T15:40:00.0000000+02:00,2.508,
2026-04-29T15:50:00.0000000+02:00,2.506,
2026-04-29T16:00:00.0000000+02:00,2.507,
2026-04-29T16:10:00.0000000+02:00,2.495,
2026-04-29T16:20:00.0000000+02:00,2.511,
2026-04-29T16:30:00.0000000+02:00,2.509,
2026-04-29T16:40:00.0000000+02:00,2.512,
2026-04-29T16:50:00.0000000+02:00,2.509,
2026-04-29T17:00:00.0000000+02:00,2.512,
2026-04-29T17:10:00.0000000+02:00,2.514,
2026-04-29T17:20:00.0000000+02:00,2.517,
2026-04-29T17:30:00.0000000+02:00,2.522,
2026-04-29T17:40:00.0000000+02:00,2.522,
2026-04-29T17:50:00.0000000+02:00,2.526,
2026-04-29T18:00:00.0000000+02:00,2.525,
2026-04-29T18:10:00.0000000+02:00,2.536,
2026-04-29T18:20:00.0000000+02:00,2.539,
2026-04-29T18:30:00.0000000+02:00,2.538,
2026-04-29T18:40:00.0000000+02:00,2.543,
2026-04-29T18:50:00.0000000+02:00,2.545,
2026-04-29T19:00:00.0000000+02:00,2.546,
2026-04-29T19:10:00.0000000+02:00,2.553,
2026-04-29T19:20:00.0000000+02:00,2.552,
2026-04-29T19:30:00.0000000+02:00,2.556,
2026-04-29T19:40:00.0000000+02:00,2.563,
2026-04-29T19:50:00.0000000+02:00,2.566,
2026-04-29T20:00:00.0000000+02:00,2.574,
2026-04-29T20:10:00.0000000+02:00,2.569,
2026-04-29T20:20:00.0000000+02:00,2.574,
2026-04-29T20:30:00.0000000+02:00,2.578,
2026-04-29T20:40:00.0000000+02:00,2.583,
2026-04-29T20:50:00.0000000+02:00,2.588,
2026-04-29T21:00:00.0000000+02:00,2.588,
2026-04-29T21:10:00.0000000+02:00,2.595,
2026-04-29T21:20:00.0000000+02:00,2.597,
2026-04-29T21:30:00.0000000+02:00,2.597,
2026-04-29T21:40:00.0000000+02:00,2.608,
2026-04-29T21:50:00.0000000+02:00,2.609,
2026-04-29T22:00:00.0000000+02:00,2.605,
2026-04-29T22:10:00.0000000+02:00,2.613,
2026-04-29T22:20:00.0000000+02:00,2.614,
2026-04-29T22:30:00.0000000+02:00,2.62,
2026-04-29T22:40:00.0000000+02:00,2.626,
2026-04-29T22:50:00.0000000+02:00,2.622,
2026-04-29T23:00:00.0000000+02:00,2.626,
2026-04-29T23:10:00.0000000+02:00,2.628,
2026-04-29T23:20:00.0000000+02:00,2.635,
2026-04-29T23:30:00.0000000+02:00,2.64,
2026-04-29T23:40:00.0000000+02:00,2.639,
2026-04-29T23:50:00.0000000+02:00,2.643,
2026-04-30T00:00:00.0000000+02:00,2.647,
2026-04-30T00:10:00.0000000+02:00,2.647,
2026-04-30T00:20:00.0000000+02:00,2.653,
2026-04-30T00:30:00.0000000+02:00,2.658,
2026-04-30T00:40:00.0000000+02:00,2.66,
2026-04-30T00:50:00.0000000+02:00,2.661,
2026-04-30T01:00:00.0000000+02:00,2.661,
2026-04-30T01:10:00.0000000+02:00,2.663,
2026-04-30T01:20:00.0000000+02:00,2.666,
2026-04-30T01:30:00.0000000+02:00,2.672,
2026-04-30T01:40:00.0000000+02:00,2.666,
2026-04-30T01:50:00.0000000+02:00,2.666,
2026-04-30T02:00:00.0000000+02:00,2.668,
2026-04-30T02:10:00.0000000+02:00,2.673,
2026-04-30T02:20:00.0000000+02:00,2.678,
2026-04-30T02:30:00.0000000+02:00,2.677,
2026-04-30T02:40:00.0000000+02:00,2.676,
2026-04-30T02:50:00.0000000+02:00,2.683,
2026-04-30T03:00:00.0000000+02:00,2.675,
2026-04-30T03:10:00.0000000+02:00,2.686,
2026-04-30T03:20:00.0000000+02:00,2.687,
2026-04-30T03:30:00.0000000+02:00,2.685,
2026-04-30T03:40:00.0000000+02:00,2.684,
2026-04-30T03:50:00.0000000+02:00,2.688,
2026-04-30T04:00:00.0000000+02:00,2.69,
2026-04-30T04:10:00.0000000+02:00,2.693,
2026-04-30T04:20:00.0000000+02:00,2.691,
2026-04-30T04:30:00.0000000+02:00,2.694,
2026-04-30T04:40:00.0000000+02:00,2.697,
2026-04-30T04:50:00.0000000+02:00,2.694,
2026-04-30T05:00:00.0000000+02:00,2.696,
2026-04-30T05:10:00.0000000+02:00,2.691,
2026-04-30T05:20:00.0000000+02:00,2.702,
2026-04-30T05:30:00.0000000+02:00,2.699,
2026-04-30T05:40:00.0000000+02:00,2.702,
2026-04-30T05:50:00.0000000+02:00,2.698,
2026-04-30T06:00:00.0000000+02:00,2.698,
2026-04-30T06:10:00.0000000+02:00,2.697,
2026-04-30T06:20:00.0000000+02:00,2.7,
2026-04-30T06:30:00.0000000+02:00,2.702,
2026-04-30T06:40:00.0000000+02:00,2.692,
2026-04-30T06:50:00.0000000+02:00,2.694,
2026-04-30T07:00:00.0000000+02:00,2.696,
2026-04-30T07:10:00.0000000+02:00,2.697,
2026-04-30T07:20:00.0000000+02:00,2.697,
2026-04-30T07:30:00.0000000+02:00,2.7,
2026-04-30T07:40:00.0000000+02:00,2.695,
2026-04-30T07:50:00.0000000+02:00,2.695,
2026-04-30T08:00:00.0000000+02:00,2.698,
2026-04-30T08:10:00.0000000+02:00,2.7,
2026-04-30T08:20:00.0000000+02:00,2.7,
2026-04-30T08:30:00.0000000+02:00,2.698,
2026-04-30T08:40:00.0000000+02:00,2.697,
2026-04-30T08:50:00.0000000+02:00,2.698,
2026-04-30T09:00:00.0000000+02:00,2.697,
2026-04-30T09:10:00.0000000+02:00,2.702,
2026-04-30T09:20:00.0000000+02:00,2.705,
2026-04-30T09:30:00.0000000+02:00,2.701,
2026-04-30T09:40:00.0000000+02:00,2.703,
2026-04-30T09:50:00.0000000+02:00,2.698,
2026-04-30T10:00:00.0000000+02:00,2.704,
2026-04-30T10:10:00.0000000+02:00,2.707,
2026-04-30T10:20:00.0000000+02:00,2.701,
2026-04-30T10:30:00.0000000+02:00,2.711,
2026-04-30T10:40:00.0000000+02:00,2.709,
2026-04-30T10:50:00.0000000+02:00,2.708,
2026-04-30T11:00:00.0000000+02:00,2.707,
2026-04-30T11:10:00.0000000+02:00,2.709,
2026-04-30T11:20:00.0000000+02:00,2.701,
2026-04-30T11:30:00.0000000+02:00,2.71,
2026-04-30T11:40:00.0000000+02:00,2.711,
2026-04-30T11:50:00.0000000+02:00,2.711,
2026-04-30T12:00:00.0000000+02:00,2.709,
2026-04-30T12:10:00.0000000+02:00,2.712,
2026-04-30T12:20:00.0000000+02:00,2.71,
2026-04-30T12:30:00.0000000+02:00,2.704,
2026-04-30T12:40:00.0000000+02:00,2.709,
2026-04-30T12:50:00.0000000+02:00,2.714,
2026-04-30T13:00:00.0000000+02:00,2.721,
2026-04-30T13:10:00.0000000+02:00,2.713,
2026-04-30T13:20:00.0000000+02:00,2.721,
2026-04-30T13:30:00.0000000+02:00,2.714,
2026-04-30T13:40:00.0000000+02:00,2.716,
2026-04-30T13:50:00.0000000+02:00,2.711,
2026-04-30T14:00:00.0000000+02:00,2.714,
2026-04-30T14:10:00.0000000+02:00,2.717,
2026-04-30T14:20:00.0000000+02:00,2.718,
2026-04-30T14:30:00.0000000+02:00,2.714,
2026-04-30T14:40:00.0000000+02:00,2.714,
2026-04-30T14:50:00.0000000+02:00,2.718,
2026-04-30T15:00:00.0000000+02:00,2.719,
2026-04-30T15:10:00.0000000+02:00,2.719,
2026-04-30T15:20:00.0000000+02:00,2.719,
2026-04-30T15:30:00.0000000+02:00,2.716,
2026-04-30T15:40:00.0000000+02:00,2.718,
2026-04-30T15:50:00.0000000+02:00,2.725,
2026-04-30T16:00:00.0000000+02:00,2.72,
2026-04-30T16:10:00.0000000+02:00,2.721,
2026-04-30T16:20:00.0000000+02:00,2.728,
2026-04-30T16:30:00.0000000+02:00,2.727,
2026-04-30T16:40:00.0000000+02:00,2.721,
2026-04-30T16:50:00.0000000+02:00,2.728,
2026-04-30T17:00:00.0000000+02:00,2.729,
2026-04-30T17:10:00.0000000+02:00,2.734,
2026-04-30T17:20:00.0000000+02:00,2.731,
2026-04-30T17:30:00.0000000+02:00,2.731,
2026-04-30T17:40:00.0000000+02:00,2.73,
2026-04-30T17:50:00.0000000+02:00,2.731,
2026-04-30T18:00:00.0000000+02:00,2.73,
2026-04-30T18:10:00.0000000+02:00,2.735,
2026-04-30T18:20:00.0000000+02:00,2.73,
2026-04-30T18:30:00.0000000+02:00,2.734,
2026-04-30T18:40:00.0000000+02:00,2.739,
2026-04-30T18:50:00.0000000+02:00,2.739,
2026-04-30T19:00:00.0000000+02:00,2.739,
2026-04-30T19:10:00.0000000+02:00,2.74,
2026-04-30T19:20:00.0000000+02:00,2.743,
2026-04-30T19:30:00.0000000+02:00,2.743,
2026-04-30T19:40:00.0000000+02:00,2.746,
2026-04-30T19:50:00.0000000+02:00,2.745,
2026-04-30T20:00:00.0000000+02:00,2.745,
2026-04-30T20:10:00.0000000+02:00,2.748,
2026-04-30T20:20:00.0000000+02:00,2.746,
2026-04-30T20:30:00.0000000+02:00,2.75,
2026-04-30T20:40:00.0000000+02:00,2.749,
2026-04-30T20:50:00.0000000+02:00,2.75,
2026-04-30T21:00:00.0000000+02:00,2.747,
2026-04-30T21:10:00.0000000+02:00,2.753,
2026-04-30T21:20:00.0000000+02:00,2.754,
2026-04-30T21:30:00.0000000+02:00,2.723,
2026-04-30T21:40:00.0000000+02:00,2.762,
2026-04-30T21:50:00.0000000+02:00,2.722,
2026-04-30T22:00:00.0000000+02:00,2.732,
2026-04-30T22:10:00.0000000+02:00,2.75,
2026-04-30T22:20:00.0000000+02:00,2.758,
2026-04-30T22:30:00.0000000+02:00,2.768,
2026-04-30T22:40:00.0000000+02:00,2.795,
2026-04-30T22:50:00.0000000+02:00,2.802,
2026-04-30T23:00:00.0000000+02:00,2.808,
2026-04-30T23:10:00.0000000+02:00,2.8,
2026-04-30T23:20:00.0000000+02:00,2.773,
2026-04-30T23:30:00.0000000+02:00,2.8,
2026-04-30T23:40:00.0000000+02:00,2.794,
2026-04-30T23:50:00.0000000+02:00,2.822,
2026-05-01T00:00:00.0000000+02:00,2.82,
2026-05-01T00:10:00.0000000+02:00,2.827,
2026-05-01T00:20:00.0000000+02:00,2.82,
2026-05-01T00:30:00.0000000+02:00,2.811,
2026-05-01T00:40:00.0000000+02:00,2.818,
2026-05-01T00:50:00.0000000+02:00,2.824,
2026-05-01T01:00:00.0000000+02:00,2.823,
2026-05-01T01:10:00.0000000+02:00,2.824,
2026-05-01T01:20:00.0000000+02:00,2.826,
2026-05-01T01:30:00.0000000+02:00,2.835,
2026-05-01T01:40:00.0000000+02:00,2.831,
2026-05-01T01:50:00.0000000+02:00,2.832,
2026-05-01T02:00:00.0000000+02:00,2.829,
2026-05-01T02:10:00.0000000+02:00,2.834,
2026-05-01T02:20:00.0000000+02:00,2.837,
2026-05-01T02:30:00.0000000+02:00,2.838,
2026-05-01T02:40:00.0000000+02:00,2.821,
2026-05-01T02:50:00.0000000+02:00,2.83,
2026-05-01T03:00:00.0000000+02:00,2.839,
2026-05-01T03:10:00.0000000+02:00,2.837,
2026-05-01T03:20:00.0000000+02:00,2.826,
2026-05-01T03:30:00.0000000+02:00,2.847,
2026-05-01T03:40:00.0000000+02:00,2.851,
2026-05-01T03:50:00.0000000+02:00,2.849,
2026-05-01T04:00:00.0000000+02:00,2.848,
2026-05-01T04:10:00.0000000+02:00,2.851,
2026-05-01T04:20:00.0000000+02:00,2.849,
2026-05-01T04:30:00.0000000+02:00,2.849,
2026-05-01T04:40:00.0000000+02:00,2.848,
2026-05-01T04:50:00.0000000+02:00,2.851,
2026-05-01T05:00:00.0000000+02:00,2.851,
2026-05-01T05:10:00.0000000+02:00,2.855,
2026-05-01T05:20:00.0000000+02:00,2.851,
2026-05-01T05:30:00.0000000+02:00,2.851,
2026-05-01T05:40:00.0000000+02:00,2.852,
2026-05-01T05:50:00.0000000+02:00,2.858,
2026-05-01T06:00:00.0000000+02:00,2.855,
2026-05-01T06:10:00.0000000+02:00,2.858,
2026-05-01T06:20:00.0000000+02:00,2.859,
2026-05-01T06:30:00.0000000+02:00,2.862,
2026-05-01T06:40:00.0000000+02:00,2.863,
2026-05-01T06:50:00.0000000+02:00,2.86,
2026-05-01T07:00:00.0000000+02:00,2.861,
2026-05-01T07:10:00.0000000+02:00,2.864,
2026-05-01T07:20:00.0000000+02:00,2.868,
2026-05-01T07:30:00.0000000+02:00,2.866,
2026-05-01T07:40:00.0000000+02:00,2.871,
2026-05-01T07:50:00.0000000+02:00,2.867,
2026-05-01T08:00:00.0000000+02:00,2.869,
2026-05-01T08:10:00.0000000+02:00,2.871,
2026-05-01T08:20:00.0000000+02:00,2.873,
2026-05-01T08:30:00.0000000+02:00,2.868,
2026-05-01T08:40:00.0000000+02:00,2.871,
2026-05-01T08:50:00.0000000+02:00,2.869,
2026-05-01T09:00:00.0000000+02:00,2.876,
2026-05-01T09:10:00.0000000+02:00,2.877,
2026-05-01T09:20:00.0000000+02:00,2.877,
2026-05-01T10:30:00.0000000+02:00,2.882,
2026-05-01T10:40:00.0000000+02:00,2.883,
2026-05-01T10:50:00.0000000+02:00,2.888,
2026-05-01T11:00:00.0000000+02:00,2.882,
2026-05-01T11:10:00.0000000+02:00,2.884,
2026-05-01T11:20:00.0000000+02:00,2.882,
2026-05-01T11:30:00.0000000+02:00,2.886,
2026-05-01T11:40:00.0000000+02:00,2.881,
2026-05-01T11:50:00.0000000+02:00,2.882,
2026-05-01T12:00:00.0000000+02:00,2.883,
2026-05-01T12:10:00.0000000+02:00,2.888,
2026-05-01T12:20:00.0000000+02:00,2.892,
2026-05-01T12:30:00.0000000+02:00,2.89,
2026-05-01T12:40:00.0000000+02:00,2.894,
2026-05-01T12:50:00.0000000+02:00,2.904,
2026-05-01T13:00:00.0000000+02:00,2.901,
2026-05-01T13:10:00.0000000+02:00,2.895,
2026-05-01T13:20:00.0000000+02:00,2.903,
2026-05-01T13:30:00.0000000+02:00,2.894,
2026-05-01T13:40:00.0000000+02:00,2.898,
2026-05-01T13:50:00.0000000+02:00,2.897,
2026-05-01T14:00:00.0000000+02:00,2.901,
2026-05-01T14:10:00.0000000+02:00,2.898,
2026-05-01T14:20:00.0000000+02:00,2.897,
2026-05-01T14:30:00.0000000+02:00,2.909,
2026-05-01T14:40:00.0000000+02:00,2.908,
2026-05-01T14:50:00.0000000+02:00,2.911,
2026-05-01T15:00:00.0000000+02:00,2.917,
2026-05-01T15:10:00.0000000+02:00,2.915,
2026-05-01T15:20:00.0000000+02:00,2.921,
2026-05-01T15:30:00.0000000+02:00,2.925,
2026-05-01T15:40:00.0000000+02:00,2.924,
2026-05-01T15:50:00.0000000+02:00,2.925,
2026-05-01T16:00:00.0000000+02:00,2.927,
2026-05-01T16:10:00.0000000+02:00,2.922,
2026-05-01T16:20:00.0000000+02:00,2.928,
2026-05-01T16:30:00.0000000+02:00,2.935,
2026-05-01T16:40:00.0000000+02:00,2.933,
2026-05-01T16:50:00.0000000+02:00,2.931,
2026-05-01T17:00:00.0000000+02:00,2.93,
2026-05-01T17:10:00.0000000+02:00,2.929,
2026-05-01T17:20:00.0000000+02:00,2.934,
2026-05-01T17:30:00.0000000+02:00,2.938,
2026-05-01T17:40:00.0000000+02:00,2.94,
2026-05-01T17:50:00.0000000+02:00,2.935,
2026-05-01T18:00:00.0000000+02:00,2.932,
2026-05-01T18:10:00.0000000+02:00,2.936,
2026-05-01T18:20:00.0000000+02:00,2.935,
2026-05-01T18:30:00.0000000+02:00,2.941,
2026-05-01T18:40:00.0000000+02:00,2.94,
2026-05-01T18:50:00.0000000+02:00,2.944,
2026-05-01T19:00:00.0000000+02:00,2.942,
2026-05-01T19:10:00.0000000+02:00,2.945,
2026-05-01T19:20:00.0000000+02:00,2.947,
2026-05-01T19:30:00.0000000+02:00,2.947,
2026-05-01T19:40:00.0000000+02:00,2.946,
2026-05-01T19:50:00.0000000+02:00,2.952,
2026-05-01T20:00:00.0000000+02:00,2.956,
2026-05-01T20:10:00.0000000+02:00,2.954,
2026-05-01T20:20:00.0000000+02:00,2.957,
2026-05-01T20:30:00.0000000+02:00,2.957,
2026-05-01T20:40:00.0000000+02:00,2.955,
2026-05-01T20:50:00.0000000+02:00,2.96,
2026-05-01T21:00:00.0000000+02:00,2.962,
2026-05-01T21:10:00.0000000+02:00,2.964,
2026-05-01T21:20:00.0000000+02:00,2.964,
2026-05-01T21:30:00.0000000+02:00,2.968,
2026-05-01T21:40:00.0000000+02:00,2.966,
2026-05-01T21:50:00.0000000+02:00,2.963,
2026-05-01T22:00:00.0000000+02:00,2.969,
2026-05-01T22:10:00.0000000+02:00,2.968,
2026-05-01T22:20:00.0000000+02:00,2.969,
2026-05-01T22:30:00.0000000+02:00,2.973,
2026-05-01T22:40:00.0000000+02:00,2.977,
2026-05-01T22:50:00.0000000+02:00,2.978,
2026-05-01T23:00:00.0000000+02:00,2.977,
2026-05-01T23:10:00.0000000+02:00,2.978,
2026-05-01T23:20:00.0000000+02:00,2.975,
2026-05-01T23:30:00.0000000+02:00,2.982,
2026-05-01T23:40:00.0000000+02:00,2.979,
2026-05-01T23:50:00.0000000+02:00,2.978,
2026-05-02T00:00:00.0000000+02:00,2.977,
2026-05-02T00:10:00.0000000+02:00,2.985,
2026-05-02T00:20:00.0000000+02:00,2.987,
2026-05-02T00:30:00.0000000+02:00,2.988,
2026-05-02T00:40:00.0000000+02:00,2.987,
2026-05-02T00:50:00.0000000+02:00,2.981,
2026-05-02T01:00:00.0000000+02:00,2.988,
2026-05-02T01:10:00.0000000+02:00,2.988,
2026-05-02T01:20:00.0000000+02:00,2.991,
2026-05-02T01:30:00.0000000+02:00,2.997,
2026-05-02T01:40:00.0000000+02:00,2.992,
2026-05-02T01:50:00.0000000+02:00,2.992,
2026-05-02T02:00:00.0000000+02:00,3.002,
2026-05-02T02:10:00.0000000+02:00,2.99,
2026-05-02T02:20:00.0000000+02:00,2.998,
2026-05-02T02:30:00.0000000+02:00,3,
2026-05-02T02:40:00.0000000+02:00,3.005,
2026-05-02T02:50:00.0000000+02:00,3.005,
2026-05-02T03:00:00.0000000+02:00,3.003,
2026-05-02T03:10:00.0000000+02:00,3.007,
2026-05-02T03:20:00.0000000+02:00,3.003,
2026-05-02T03:30:00.0000000+02:00,3.006,
2026-05-02T03:40:00.0000000+02:00,3.008,
2026-05-02T03:50:00.0000000+02:00,3.012,
2026-05-02T04:00:00.0000000+02:00,3.004,
2026-05-02T04:10:00.0000000+02:00,3.012,
2026-05-02T04:20:00.0000000+02:00,3.013,
2026-05-02T04:30:00.0000000+02:00,3.016,
2026-05-02T04:40:00.0000000+02:00,3.017,
2026-05-02T04:50:00.0000000+02:00,3.018,
2026-05-02T05:00:00.0000000+02:00,3.016,
2026-05-02T05:10:00.0000000+02:00,3.018,
2026-05-02T05:20:00.0000000+02:00,3.018,
2026-05-02T05:30:00.0000000+02:00,3.015,
2026-05-02T05:40:00.0000000+02:00,3.016,
2026-05-02T05:50:00.0000000+02:00,3.014,
2026-05-02T06:00:00.0000000+02:00,3.012,
2026-05-02T06:10:00.0000000+02:00,3.012,
2026-05-02T06:20:00.0000000+02:00,3.019,
2026-05-02T06:30:00.0000000+02:00,3.022,
2026-05-02T06:40:00.0000000+02:00,3.016,
2026-05-02T06:50:00.0000000+02:00,3.018,
2026-05-02T07:00:00.0000000+02:00,3.02,
2026-05-02T07:10:00.0000000+02:00,3.022,
2026-05-02T07:20:00.0000000+02:00,3.02,
2026-05-02T07:30:00.0000000+02:00,3.02,
2026-05-02T07:40:00.0000000+02:00,3.025,
2026-05-02T07:50:00.0000000+02:00,3.023,
2026-05-02T08:00:00.0000000+02:00,3.027,
2026-05-02T08:10:00.0000000+02:00,3.027,
2026-05-02T08:20:00.0000000+02:00,3.027,
2026-05-02T08:30:00.0000000+02:00,3.023,
2026-05-02T08:40:00.0000000+02:00,3.026,
2026-05-02T08:50:00.0000000+02:00,3.031,
2026-05-02T09:00:00.0000000+02:00,3.031,
2026-05-02T09:10:00.0000000+02:00,3.03,
2026-05-02T09:20:00.0000000+02:00,3.029,
2026-05-02T09:30:00.0000000+02:00,3.036,
2026-05-02T09:40:00.0000000+02:00,3.028,
2026-05-02T09:50:00.0000000+02:00,3.035,
2026-05-02T10:00:00.0000000+02:00,3.03,
2026-05-02T10:10:00.0000000+02:00,3.037,
2026-05-02T10:20:00.0000000+02:00,3.034,
2026-05-02T10:30:00.0000000+02:00,3.037,
2026-05-02T10:40:00.0000000+02:00,3.037,
2026-05-02T10:50:00.0000000+02:00,3.037,
2026-05-02T11:00:00.0000000+02:00,3.029,
2026-05-02T11:10:00.0000000+02:00,3.032,
2026-05-02T11:20:00.0000000+02:00,3.033,
2026-05-02T11:30:00.0000000+02:00,3.038,
2026-05-02T11:40:00.0000000+02:00,3.034,
2026-05-02T11:50:00.0000000+02:00,3.038,
2026-05-02T12:00:00.0000000+02:00,3.042,
2026-05-02T12:10:00.0000000+02:00,3.044,
2026-05-02T12:20:00.0000000+02:00,3.041,
2026-05-02T12:30:00.0000000+02:00,3.044,
2026-05-02T12:40:00.0000000+02:00,3.046,
2026-05-02T12:50:00.0000000+02:00,3.049,
2026-05-02T13:00:00.0000000+02:00,3.042,
2026-05-02T13:10:00.0000000+02:00,3.04,
2026-05-02T13:20:00.0000000+02:00,3.044,
2026-05-02T13:30:00.0000000+02:00,3.039,
2026-05-02T13:40:00.0000000+02:00,3.038,
2026-05-02T13:50:00.0000000+02:00,3.043,
2026-05-02T14:00:00.0000000+02:00,3.048,
2026-05-02T14:10:00.0000000+02:00,3.043,
2026-05-02T14:20:00.0000000+02:00,3.043,
2026-05-02T14:30:00.0000000+02:00,3.042,
2026-05-02T14:40:00.0000000+02:00,3.044,
2026-05-02T14:50:00.0000000+02:00,3.042,
2026-05-02T15:00:00.0000000+02:00,3.04,
2026-05-02T15:10:00.0000000+02:00,3.044,
2026-05-02T15:20:00.0000000+02:00,3.043,
2026-05-02T15:30:00.0000000+02:00,3.045,
2026-05-02T15:40:00.0000000+02:00,3.043,
2026-05-02T15:50:00.0000000+02:00,3.043,
2026-05-02T16:00:00.0000000+02:00,3.041,
2026-05-02T16:10:00.0000000+02:00,3.039,
2026-05-02T16:20:00.0000000+02:00,3.038,
2026-05-02T16:30:00.0000000+02:00,3.029,
2026-05-02T16:40:00.0000000+02:00,3.036,
2026-05-02T16:50:00.0000000+02:00,3.038,
2026-05-02T17:00:00.0000000+02:00,3.034,
2026-05-02T17:10:00.0000000+02:00,3.033,
2026-05-02T17:20:00.0000000+02:00,3.035,
2026-05-02T17:30:00.0000000+02:00,3.036,
2026-05-02T17:40:00.0000000+02:00,3.025,
2026-05-02T17:50:00.0000000+02:00,3.03,
2026-05-02T18:00:00.0000000+02:00,3.031,
2026-05-02T18:10:00.0000000+02:00,3.034,
2026-05-02T18:20:00.0000000+02:00,3.031,
2026-05-02T18:30:00.0000000+02:00,3.032,
2026-05-02T18:40:00.0000000+02:00,3.016,
2026-05-02T18:50:00.0000000+02:00,3.032,
2026-05-02T19:00:00.0000000+02:00,3.028,
2026-05-02T19:10:00.0000000+02:00,3.031,
2026-05-02T19:20:00.0000000+02:00,3.026,
2026-05-02T19:30:00.0000000+02:00,3.033,
2026-05-02T19:40:00.0000000+02:00,3.029,
2026-05-02T19:50:00.0000000+02:00,3.026,
2026-05-02T20:00:00.0000000+02:00,3.03,
2026-05-02T20:10:00.0000000+02:00,3.027,
2026-05-02T20:20:00.0000000+02:00,3.026,
2026-05-02T20:30:00.0000000+02:00,3.025,
2026-05-02T20:40:00.0000000+02:00,3.031,
2026-05-02T20:50:00.0000000+02:00,3.026,
2026-05-02T21:00:00.0000000+02:00,3.028,
2026-05-02T21:10:00.0000000+02:00,3.023,
2026-05-02T21:20:00.0000000+02:00,3.029,
2026-05-02T21:30:00.0000000+02:00,3.028,
2026-05-02T21:40:00.0000000+02:00,3.026,
2026-05-02T21:50:00.0000000+02:00,3.025,
2026-05-02T22:00:00.0000000+02:00,3.025,
2026-05-02T22:10:00.0000000+02:00,3.021,
2026-05-02T22:20:00.0000000+02:00,3.027,
2026-05-02T22:30:00.0000000+02:00,3.021,
2026-05-02T22:40:00.0000000+02:00,3.025,
2026-05-02T22:50:00.0000000+02:00,3.024,
2026-05-02T23:00:00.0000000+02:00,3.022,
2026-05-02T23:10:00.0000000+02:00,3.025,
2026-05-02T23:20:00.0000000+02:00,3.022,
2026-05-02T23:30:00.0000000+02:00,3.024,
2026-05-02T23:40:00.0000000+02:00,3.026,
2026-05-02T23:50:00.0000000+02:00,3.027,
2026-05-03T00:00:00.0000000+02:00,3.027,
2026-05-03T00:10:00.0000000+02:00,3.019,
2026-05-03T00:20:00.0000000+02:00,3.023,
2026-05-03T00:30:00.0000000+02:00,3.026,
2026-05-03T00:40:00.0000000+02:00,3.026,
2026-05-03T00:50:00.0000000+02:00,3.021,
2026-05-03T01:00:00.0000000+02:00,3.018,
2026-05-03T01:10:00.0000000+02:00,3.016,
2026-05-03T01:20:00.0000000+02:00,3.025,
2026-05-03T01:30:00.0000000+02:00,3.02,
2026-05-03T01:40:00.0000000+02:00,3.016,
2026-05-03T01:50:00.0000000+02:00,3.018,
2026-05-03T02:00:00.0000000+02:00,3.02,
2026-05-03T02:10:00.0000000+02:00,3.02,
2026-05-03T02:20:00.0000000+02:00,3.014,
2026-05-03T02:30:00.0000000+02:00,3.014,
2026-05-03T02:40:00.0000000+02:00,3.01,
2026-05-03T02:50:00.0000000+02:00,3.004,
2026-05-03T03:00:00.0000000+02:00,3.014,
2026-05-03T03:10:00.0000000+02:00,3.011,
2026-05-03T03:20:00.0000000+02:00,3.012,
2026-05-03T03:30:00.0000000+02:00,3.011,
2026-05-03T03:40:00.0000000+02:00,3.011,
2026-05-03T03:50:00.0000000+02:00,3.01,
2026-05-03T04:00:00.0000000+02:00,3.005,
2026-05-03T04:10:00.0000000+02:00,3.004,
2026-05-03T04:20:00.0000000+02:00,3.007,
2026-05-03T04:30:00.0000000+02:00,2.999,
2026-05-03T04:40:00.0000000+02:00,3.004,
2026-05-03T04:50:00.0000000+02:00,3.001,
2026-05-03T05:00:00.0000000+02:00,2.998,
2026-05-03T05:10:00.0000000+02:00,2.995,
2026-05-03T05:20:00.0000000+02:00,2.998,
2026-05-03T05:30:00.0000000+02:00,2.997,
2026-05-03T05:40:00.0000000+02:00,2.996,
2026-05-03T05:50:00.0000000+02:00,2.993,
2026-05-03T06:00:00.0000000+02:00,2.987,
2026-05-03T06:10:00.0000000+02:00,2.987,
2026-05-03T06:20:00.0000000+02:00,2.99,
2026-05-03T06:30:00.0000000+02:00,2.987,
2026-05-03T06:40:00.0000000+02:00,2.994,
2026-05-03T06:50:00.0000000+02:00,2.987,
2026-05-03T07:00:00.0000000+02:00,2.985,
2026-05-03T07:10:00.0000000+02:00,2.991,
2026-05-03T07:20:00.0000000+02:00,2.989,
2026-05-03T07:30:00.0000000+02:00,2.988,
2026-05-03T07:40:00.0000000+02:00,2.986,
2026-05-03T07:50:00.0000000+02:00,2.983,
2026-05-03T08:00:00.0000000+02:00,2.988,
2026-05-03T08:10:00.0000000+02:00,2.982,
2026-05-03T08:20:00.0000000+02:00,2.986,
2026-05-03T08:30:00.0000000+02:00,2.981,
2026-05-03T08:40:00.0000000+02:00,2.981,
2026-05-03T08:50:00.0000000+02:00,2.982,
2026-05-03T09:00:00.0000000+02:00,2.981,
2026-05-03T09:10:00.0000000+02:00,2.979,
2026-05-03T09:20:00.0000000+02:00,2.984,
2026-05-03T09:30:00.0000000+02:00,2.983,
2026-05-03T09:40:00.0000000+02:00,2.982,
2026-05-03T09:50:00.0000000+02:00,2.973,
2026-05-03T10:00:00.0000000+02:00,2.972,
2026-05-03T10:10:00.0000000+02:00,2.979,
2026-05-03T10:20:00.0000000+02:00,2.978,
2026-05-03T10:30:00.0000000+02:00,2.978,
2026-05-03T10:40:00.0000000+02:00,2.976,
2026-05-03T10:50:00.0000000+02:00,2.975,
2026-05-03T11:00:00.0000000+02:00,2.975,
2026-05-03T11:10:00.0000000+02:00,2.975,
2026-05-03T11:20:00.0000000+02:00,2.983,
2026-05-03T11:30:00.0000000+02:00,2.981,
2026-05-03T11:40:00.0000000+02:00,2.978,
2026-05-03T11:50:00.0000000+02:00,2.979,
2026-05-03T12:00:00.0000000+02:00,2.969,
2026-05-03T12:10:00.0000000+02:00,2.969,
2026-05-03T12:20:00.0000000+02:00,2.987,
2026-05-03T12:30:00.0000000+02:00,2.966,
2026-05-03T12:40:00.0000000+02:00,2.961,
2026-05-03T12:50:00.0000000+02:00,2.966,
2026-05-03T13:00:00.0000000+02:00,2.965,
2026-05-03T13:10:00.0000000+02:00,2.961,
2026-05-03T13:20:00.0000000+02:00,2.973,
2026-05-03T13:30:00.0000000+02:00,2.968,
2026-05-03T13:40:00.0000000+02:00,2.972,
2026-05-03T13:50:00.0000000+02:00,2.962,
2026-05-03T14:00:00.0000000+02:00,2.953,
2026-05-03T14:10:00.0000000+02:00,2.97,
2026-05-03T14:20:00.0000000+02:00,2.971,
2026-05-03T14:30:00.0000000+02:00,2.96,
2026-05-03T14:40:00.0000000+02:00,2.966,
2026-05-03T14:50:00.0000000+02:00,2.962,
2026-05-03T15:00:00.0000000+02:00,2.964,
2026-05-03T15:10:00.0000000+02:00,2.95,
2026-05-03T15:20:00.0000000+02:00,2.953,
2026-05-03T15:30:00.0000000+02:00,2.959,
2026-05-03T15:40:00.0000000+02:00,2.973,
2026-05-03T15:50:00.0000000+02:00,2.969,
2026-05-03T16:00:00.0000000+02:00,2.978,
2026-05-03T16:10:00.0000000+02:00,2.972,
2026-05-03T16:20:00.0000000+02:00,2.971,
2026-05-03T16:30:00.0000000+02:00,2.966,
2026-05-03T16:40:00.0000000+02:00,2.971,
2026-05-03T16:50:00.0000000+02:00,2.972,
2026-05-03T17:00:00.0000000+02:00,2.974,
2026-05-03T17:10:00.0000000+02:00,2.978,
2026-05-03T17:20:00.0000000+02:00,2.977,
2026-05-03T17:30:00.0000000+02:00,2.981,
2026-05-03T17:40:00.0000000+02:00,2.984,
2026-05-03T17:50:00.0000000+02:00,2.983,
2026-05-03T18:00:00.0000000+02:00,2.982,
2026-05-03T18:10:00.0000000+02:00,2.983,
2026-05-03T18:20:00.0000000+02:00,2.98,
2026-05-03T18:30:00.0000000+02:00,2.976,
2026-05-03T18:40:00.0000000+02:00,2.982,
2026-05-03T18:50:00.0000000+02:00,2.982,
2026-05-03T19:00:00.0000000+02:00,2.983,
2026-05-03T19:10:00.0000000+02:00,2.985,
2026-05-03T19:20:00.0000000+02:00,2.983,
2026-05-03T19:30:00.0000000+02:00,2.991,
2026-05-03T19:40:00.0000000+02:00,2.991,
2026-05-03T19:50:00.0000000+02:00,2.99,
2026-05-03T20:00:00.0000000+02:00,2.991,
2026-05-03T20:10:00.0000000+02:00,2.986,
2026-05-03T20:20:00.0000000+02:00,2.991,
2026-05-03T20:30:00.0000000+02:00,2.986,
2026-05-03T20:40:00.0000000+02:00,2.992,
2026-05-03T20:50:00.0000000+02:00,2.987,
2026-05-03T21:00:00.0000000+02:00,2.99,
2026-05-03T21:10:00.0000000+02:00,2.99,
2026-05-03T21:20:00.0000000+02:00,2.983,
2026-05-03T21:30:00.0000000+02:00,2.987,
2026-05-03T21:40:00.0000000+02:00,2.99,
2026-05-03T21:50:00.0000000+02:00,2.988,
2026-05-03T22:00:00.0000000+02:00,2.991,
2026-05-03T22:10:00.0000000+02:00,2.987,
2026-05-03T22:20:00.0000000+02:00,2.992,
2026-05-03T22:30:00.0000000+02:00,2.998,
2026-05-03T22:40:00.0000000+02:00,2.997,
2026-05-03T22:50:00.0000000+02:00,2.996,
2026-05-03T23:00:00.0000000+02:00,2.998,
2026-05-03T23:10:00.0000000+02:00,2.999,
2026-05-03T23:20:00.0000000+02:00,3,
2026-05-03T23:30:00.0000000+02:00,3.001,
2026-05-03T23:40:00.0000000+02:00,3.005,
2026-05-03T23:50:00.0000000+02:00,3.001,
2026-05-04T00:00:00.0000000+02:00,3.003,
2026-05-04T00:10:00.0000000+02:00,3.006,
2026-05-04T00:20:00.0000000+02:00,3.012,
2026-05-04T00:30:00.0000000+02:00,3.011,
2026-05-04T00:40:00.0000000+02:00,3.014,
2026-05-04T00:50:00.0000000+02:00,3.014,
2026-05-04T01:00:00.0000000+02:00,3.013,
2026-05-04T01:10:00.0000000+02:00,3.012,
2026-05-04T01:20:00.0000000+02:00,3.013,
2026-05-04T01:30:00.0000000+02:00,3.017,
2026-05-04T01:40:00.0000000+02:00,3.017,
2026-05-04T01:50:00.0000000+02:00,3.025,
2026-05-04T02:00:00.0000000+02:00,3.022,
2026-05-04T02:10:00.0000000+02:00,3.021,
2026-05-04T02:20:00.0000000+02:00,3.024,
2026-05-04T02:30:00.0000000+02:00,3.026,
2026-05-04T02:40:00.0000000+02:00,3.022,
2026-05-04T02:50:00.0000000+02:00,3.024,
2026-05-04T03:00:00.0000000+02:00,3.031,
2026-05-04T03:10:00.0000000+02:00,3.033,
2026-05-04T03:20:00.0000000+02:00,3.029,
2026-05-04T03:30:00.0000000+02:00,3.028,
2026-05-04T03:40:00.0000000+02:00,3.031,
2026-05-04T03:50:00.0000000+02:00,3.031,
2026-05-04T04:00:00.0000000+02:00,3.034,
2026-05-04T04:10:00.0000000+02:00,3.038,
2026-05-04T04:20:00.0000000+02:00,3.035,
2026-05-04T04:30:00.0000000+02:00,3.035,
2026-05-04T04:40:00.0000000+02:00,3.038,
2026-05-04T04:50:00.0000000+02:00,3.037,
2026-05-04T05:00:00.0000000+02:00,3.034,
2026-05-04T05:10:00.0000000+02:00,3.038,
2026-05-04T05:20:00.0000000+02:00,3.037,
2026-05-04T05:30:00.0000000+02:00,3.042,
2026-05-04T05:40:00.0000000+02:00,3.039,
2026-05-04T05:50:00.0000000+02:00,3.039,
2026-05-04T06:00:00.0000000+02:00,3.042,
2026-05-04T06:10:00.0000000+02:00,3.042,
2026-05-04T06:20:00.0000000+02:00,3.042,
2026-05-04T06:30:00.0000000+02:00,3.046,
2026-05-04T06:40:00.0000000+02:00,3.044,
2026-05-04T06:50:00.0000000+02:00,3.044,
2026-05-04T07:00:00.0000000+02:00,3.043,
2026-05-04T07:10:00.0000000+02:00,3.043,
2026-05-04T07:20:00.0000000+02:00,3.041,
2026-05-04T07:30:00.0000000+02:00,3.043,
2026-05-04T07:40:00.0000000+02:00,3.046,
2026-05-04T07:50:00.0000000+02:00,3.046,
2026-05-04T08:00:00.0000000+02:00,3.046,
2026-05-04T08:10:00.0000000+02:00,3.048,
2026-05-04T08:20:00.0000000+02:00,3.049,
2026-05-04T08:30:00.0000000+02:00,3.051,
2026-05-04T08:40:00.0000000+02:00,3.052,
2026-05-04T08:50:00.0000000+02:00,3.052,
2026-05-04T09:00:00.0000000+02:00,3.053,
2026-05-04T09:10:00.0000000+02:00,3.051,
2026-05-04T09:20:00.0000000+02:00,3.055,
2026-05-04T09:30:00.0000000+02:00,3.051,
2026-05-04T09:40:00.0000000+02:00,3.048,
2026-05-04T09:50:00.0000000+02:00,3.051,
2026-05-04T10:00:00.0000000+02:00,3.046,
2026-05-04T10:10:00.0000000+02:00,3.045,
2026-05-04T10:20:00.0000000+02:00,3.047,
2026-05-04T10:30:00.0000000+02:00,3.043,
2026-05-04T10:40:00.0000000+02:00,3.032,
2026-05-04T10:50:00.0000000+02:00,3.037,
2026-05-04T11:00:00.0000000+02:00,3.043,
2026-05-04T11:10:00.0000000+02:00,3.041,
2026-05-04T11:20:00.0000000+02:00,3.048,
2026-05-04T11:30:00.0000000+02:00,3.047,
2026-05-04T11:40:00.0000000+02:00,3.046,
2026-05-04T11:50:00.0000000+02:00,3.047,
2026-05-04T12:00:00.0000000+02:00,3.049,
2026-05-04T12:10:00.0000000+02:00,3.058,
2026-05-04T12:20:00.0000000+02:00,3.052,
2026-05-04T12:30:00.0000000+02:00,3.055,
2026-05-04T12:40:00.0000000+02:00,3.055,
2026-05-04T12:50:00.0000000+02:00,3.051,
2026-05-04T13:00:00.0000000+02:00,3.051,
2026-05-04T13:10:00.0000000+02:00,3.053,
2026-05-04T13:20:00.0000000+02:00,3.048,
2026-05-04T13:30:00.0000000+02:00,3.051,
2026-05-04T13:40:00.0000000+02:00,3.055,
2026-05-04T13:50:00.0000000+02:00,3.053,
2026-05-04T14:00:00.0000000+02:00,3.054,
2026-05-04T14:10:00.0000000+02:00,3.056,
2026-05-04T14:20:00.0000000+02:00,3.058,
2026-05-04T14:30:00.0000000+02:00,3.054,
2026-05-04T14:40:00.0000000+02:00,3.06,
2026-05-04T14:50:00.0000000+02:00,3.056,
2026-05-04T15:00:00.0000000+02:00,3.052,
2026-05-04T15:10:00.0000000+02:00,3.057,
2026-05-04T15:20:00.0000000+02:00,3.053,
2026-05-04T15:30:00.0000000+02:00,3.047,
2026-05-04T15:40:00.0000000+02:00,3.059,
2026-05-04T15:50:00.0000000+02:00,3.056,
2026-05-04T16:00:00.0000000+02:00,3.051,
2026-05-04T16:10:00.0000000+02:00,3.058,
2026-05-04T16:20:00.0000000+02:00,3.059,
2026-05-04T16:30:00.0000000+02:00,3.049,
2026-05-04T16:40:00.0000000+02:00,3.061,
2026-05-04T16:50:00.0000000+02:00,3.05,
2026-05-04T17:00:00.0000000+02:00,3.052,
2026-05-04T17:10:00.0000000+02:00,3.044,
2026-05-04T17:20:00.0000000+02:00,3.058,
2026-05-04T17:30:00.0000000+02:00,3.058,
2026-05-04T17:40:00.0000000+02:00,3.055,
2026-05-04T17:50:00.0000000+02:00,3.063,
2026-05-04T18:00:00.0000000+02:00,3.057,
2026-05-04T18:10:00.0000000+02:00,3.054,
2026-05-04T18:20:00.0000000+02:00,3.065,
2026-05-04T18:30:00.0000000+02:00,3.059,
2026-05-04T18:40:00.0000000+02:00,3.064,
2026-05-04T18:50:00.0000000+02:00,3.063,
2026-05-04T19:00:00.0000000+02:00,3.067,
2026-05-04T19:10:00.0000000+02:00,3.069,
2026-05-04T19:20:00.0000000+02:00,3.069,
2026-05-04T19:30:00.0000000+02:00,3.066,
2026-05-04T19:40:00.0000000+02:00,3.064,
2026-05-04T19:50:00.0000000+02:00,3.068,
2026-05-04T20:00:00.0000000+02:00,3.063,
2026-05-04T20:10:00.0000000+02:00,3.059,
2026-05-04T20:20:00.0000000+02:00,3.067,
2026-05-04T20:30:00.0000000+02:00,3.065,
2026-05-04T20:40:00.0000000+02:00,3.061,
2026-05-04T20:50:00.0000000+02:00,3.065,
2026-05-04T21:00:00.0000000+02:00,3.067,
2026-05-04T21:10:00.0000000+02:00,3.071,
2026-05-04T21:20:00.0000000+02:00,3.067,
2026-05-04T21:30:00.0000000+02:00,3.065,
2026-05-04T21:40:00.0000000+02:00,3.068,
2026-05-04T21:50:00.0000000+02:00,3.065,
2026-05-04T22:00:00.0000000+02:00,3.066,
2026-05-04T22:10:00.0000000+02:00,3.067,
2026-05-04T22:20:00.0000000+02:00,3.066,
2026-05-04T22:30:00.0000000+02:00,3.066,
2026-05-04T22:40:00.0000000+02:00,3.069,
2026-05-04T22:50:00.0000000+02:00,3.067,
2026-05-04T23:00:00.0000000+02:00,3.069,
2026-05-04T23:10:00.0000000+02:00,3.071,
2026-05-04T23:20:00.0000000+02:00,3.076,
2026-05-04T23:30:00.0000000+02:00,3.072,
2026-05-04T23:40:00.0000000+02:00,3.071,
2026-05-04T23:50:00.0000000+02:00,3.073,
2026-05-05T00:00:00.0000000+02:00,3.071,
2026-05-05T00:10:00.0000000+02:00,3.071,
2026-05-05T00:20:00.0000000+02:00,3.065,
2026-05-05T00:30:00.0000000+02:00,3.07,
2026-05-05T00:40:00.0000000+02:00,3.068,
2026-05-05T00:50:00.0000000+02:00,3.063,
2026-05-05T01:00:00.0000000+02:00,3.066,
2026-05-05T01:10:00.0000000+02:00,3.065,
2026-05-05T01:20:00.0000000+02:00,3.063,
2026-05-05T01:30:00.0000000+02:00,3.06,
2026-05-05T01:40:00.0000000+02:00,3.063,
2026-05-05T01:50:00.0000000+02:00,3.064,
2026-05-05T02:00:00.0000000+02:00,3.059,
2026-05-05T02:10:00.0000000+02:00,3.06,
2026-05-05T02:20:00.0000000+02:00,3.054,
2026-05-05T02:30:00.0000000+02:00,3.062,
2026-05-05T02:40:00.0000000+02:00,3.058,
2026-05-05T02:50:00.0000000+02:00,3.055,
2026-05-05T03:00:00.0000000+02:00,3.056,
2026-05-05T03:10:00.0000000+02:00,3.063,
2026-05-05T03:20:00.0000000+02:00,3.058,
2026-05-05T03:30:00.0000000+02:00,3.053,
2026-05-05T03:40:00.0000000+02:00,3.058,
2026-05-05T03:50:00.0000000+02:00,3.055,
2026-05-05T04:00:00.0000000+02:00,3.057,
2026-05-05T04:10:00.0000000+02:00,3.052,
2026-05-05T04:20:00.0000000+02:00,3.054,
2026-05-05T04:30:00.0000000+02:00,3.053,
2026-05-05T04:40:00.0000000+02:00,3.053,
2026-05-05T04:50:00.0000000+02:00,3.052,
2026-05-05T05:00:00.0000000+02:00,3.045,
2026-05-05T05:10:00.0000000+02:00,3.048,
2026-05-05T05:20:00.0000000+02:00,3.051,
2026-05-05T05:30:00.0000000+02:00,3.052,
2026-05-05T05:40:00.0000000+02:00,3.048,
2026-05-05T05:50:00.0000000+02:00,3.05,
2026-05-05T06:00:00.0000000+02:00,3.044,
2026-05-05T06:10:00.0000000+02:00,3.044,
2026-05-05T06:20:00.0000000+02:00,3.048,
2026-05-05T06:30:00.0000000+02:00,3.047,
2026-05-05T06:40:00.0000000+02:00,3.049,
2026-05-05T06:50:00.0000000+02:00,3.045,
2026-05-05T07:00:00.0000000+02:00,3.04,
2026-05-05T07:10:00.0000000+02:00,3.045,
2026-05-05T07:20:00.0000000+02:00,3.043,
2026-05-05T07:30:00.0000000+02:00,3.042,
2026-05-05T07:40:00.0000000+02:00,3.041,
2026-05-05T07:50:00.0000000+02:00,3.041,
2026-05-05T08:00:00.0000000+02:00,3.039,
2026-05-05T08:10:00.0000000+02:00,3.042,
2026-05-05T08:20:00.0000000+02:00,3.04,
2026-05-05T08:30:00.0000000+02:00,3.039,
2026-05-05T08:40:00.0000000+02:00,3.039,
2026-05-05T08:50:00.0000000+02:00,3.04,
2026-05-05T09:00:00.0000000+02:00,3.032,
2026-05-05T09:10:00.0000000+02:00,3.034,
2026-05-05T09:20:00.0000000+02:00,3.04,
2026-05-05T09:30:00.0000000+02:00,3.033,
2026-05-05T09:40:00.0000000+02:00,3.031,
2026-05-05T09:50:00.0000000+02:00,3.032,
2026-05-05T10:00:00.0000000+02:00,3.03,
2026-05-05T10:10:00.0000000+02:00,3.028,
2026-05-05T10:20:00.0000000+02:00,3.027,
2026-05-05T10:30:00.0000000+02:00,3.028,
2026-05-05T10:40:00.0000000+02:00,3.027,
2026-05-05T10:50:00.0000000+02:00,3.027,
2026-05-05T11:00:00.0000000+02:00,3.018,
2026-05-05T11:10:00.0000000+02:00,3.029,
2026-05-05T11:20:00.0000000+02:00,3.034,
2026-05-05T11:30:00.0000000+02:00,3.022,
2026-05-05T11:40:00.0000000+02:00,3.017,
2026-05-05T11:50:00.0000000+02:00,3.026,
2026-05-05T12:00:00.0000000+02:00,3.026,
2026-05-05T12:10:00.0000000+02:00,3.025,
2026-05-05T12:20:00.0000000+02:00,3.022,
2026-05-05T12:30:00.0000000+02:00,3.02,
2026-05-05T12:40:00.0000000+02:00,3.021,
2026-05-05T12:50:00.0000000+02:00,3.021,
2026-05-05T13:00:00.0000000+02:00,3.018,
2026-05-05T13:10:00.0000000+02:00,3.024,
2026-05-05T13:20:00.0000000+02:00,3.03,
2026-05-05T13:30:00.0000000+02:00,3.023,
2026-05-05T13:40:00.0000000+02:00,3.024,
2026-05-05T13:50:00.0000000+02:00,3.024,
2026-05-05T14:00:00.0000000+02:00,3.02,
2026-05-05T14:10:00.0000000+02:00,3.022,
2026-05-05T14:20:00.0000000+02:00,3.023,
2026-05-05T14:30:00.0000000+02:00,3.022,
2026-05-05T14:40:00.0000000+02:00,3.019,
2026-05-05T14:50:00.0000000+02:00,3.016,
2026-05-05T15:00:00.0000000+02:00,3.015,
2026-05-05T15:10:00.0000000+02:00,3.019,
2026-05-05T15:20:00.0000000+02:00,3.007,
2026-05-05T15:30:00.0000000+02:00,3.012,
2026-05-05T15:40:00.0000000+02:00,3.013,
2026-05-05T15:50:00.0000000+02:00,3.015,
2026-05-05T16:00:00.0000000+02:00,3.013,
2026-05-05T16:10:00.0000000+02:00,3.014,
2026-05-05T16:20:00.0000000+02:00,3.011,
2026-05-05T16:30:00.0000000+02:00,3.014,
2026-05-05T16:40:00.0000000+02:00,3.012,
2026-05-05T16:50:00.0000000+02:00,3.007,
2026-05-05T17:00:00.0000000+02:00,3.016,
2026-05-05T17:10:00.0000000+02:00,3.007,
2026-05-05T17:20:00.0000000+02:00,3.012,
2026-05-05T17:30:00.0000000+02:00,3.01,
2026-05-05T17:40:00.0000000+02:00,3.012,
2026-05-05T17:50:00.0000000+02:00,3.01,
2026-05-05T18:00:00.0000000+02:00,3.003,
2026-05-05T18:10:00.0000000+02:00,3.003,
2026-05-05T18:20:00.0000000+02:00,3.003,
2026-05-05T18:30:00.0000000+02:00,3.003,
2026-05-05T18:40:00.0000000+02:00,3.001,
2026-05-05T18:50:00.0000000+02:00,2.999,
2026-05-05T19:00:00.0000000+02:00,3.003,
2026-05-05T19:10:00.0000000+02:00,2.998,
2026-05-05T19:20:00.0000000+02:00,2.993,
2026-05-05T19:30:00.0000000+02:00,3.005,
2026-05-05T19:40:00.0000000+02:00,3.006,
2026-05-05T19:50:00.0000000+02:00,3,
2026-05-05T20:00:00.0000000+02:00,2.997,
2026-05-05T20:10:00.0000000+02:00,2.994,
2026-05-05T20:20:00.0000000+02:00,2.994,
2026-05-05T20:30:00.0000000+02:00,2.998,
2026-05-05T20:40:00.0000000+02:00,3.002,
2026-05-05T20:50:00.0000000+02:00,2.997,
2026-05-05T21:00:00.0000000+02:00,2.996,
2026-05-05T21:10:00.0000000+02:00,2.995,
2026-05-05T21:20:00.0000000+02:00,2.991,
2026-05-05T21:30:00.0000000+02:00,2.99,
2026-05-05T21:40:00.0000000+02:00,2.992,
2026-05-05T21:50:00.0000000+02:00,2.993,
2026-05-05T22:00:00.0000000+02:00,2.993,
2026-05-05T22:10:00.0000000+02:00,2.991,
2026-05-05T22:20:00.0000000+02:00,2.991,
2026-05-05T22:30:00.0000000+02:00,2.992,
2026-05-05T22:40:00.0000000+02:00,2.993,
2026-05-05T22:50:00.0000000+02:00,2.992,
2026-05-05T23:00:00.0000000+02:00,2.992,
2026-05-05T23:10:00.0000000+02:00,2.989,
2026-05-05T23:20:00.0000000+02:00,2.984,
2026-05-05T23:30:00.0000000+02:00,2.987,
2026-05-05T23:40:00.0000000+02:00,2.983,
2026-05-05T23:50:00.0000000+02:00,2.986,
2026-05-06T00:00:00.0000000+02:00,2.984,
2026-05-06T00:10:00.0000000+02:00,2.987,
2026-05-06T00:20:00.0000000+02:00,2.982,
2026-05-06T00:30:00.0000000+02:00,2.988,
2026-05-06T00:40:00.0000000+02:00,2.985,
2026-05-06T00:50:00.0000000+02:00,2.986,
2026-05-06T01:00:00.0000000+02:00,2.988,
2026-05-06T01:10:00.0000000+02:00,2.985,
2026-05-06T01:20:00.0000000+02:00,2.984,
2026-05-06T01:30:00.0000000+02:00,2.979,
2026-05-06T01:40:00.0000000+02:00,2.984,
2026-05-06T01:50:00.0000000+02:00,2.975,
2026-05-06T02:00:00.0000000+02:00,2.981,
2026-05-06T02:10:00.0000000+02:00,2.978,
2026-05-06T02:20:00.0000000+02:00,2.98,
2026-05-06T02:30:00.0000000+02:00,2.979,
2026-05-06T02:40:00.0000000+02:00,2.977,
2026-05-06T02:50:00.0000000+02:00,2.978,
2026-05-06T03:00:00.0000000+02:00,2.981,
2026-05-06T03:10:00.0000000+02:00,2.978,
2026-05-06T03:20:00.0000000+02:00,2.973,
2026-05-06T03:30:00.0000000+02:00,2.973,
2026-05-06T03:40:00.0000000+02:00,2.977,
2026-05-06T03:50:00.0000000+02:00,2.971,
2026-05-06T04:00:00.0000000+02:00,2.972,
2026-05-06T04:10:00.0000000+02:00,2.972,
2026-05-06T04:20:00.0000000+02:00,2.966,
2026-05-06T04:30:00.0000000+02:00,2.965,
2026-05-06T04:40:00.0000000+02:00,2.967,
2026-05-06T04:50:00.0000000+02:00,2.963,
2026-05-06T05:00:00.0000000+02:00,2.962,
2026-05-06T05:10:00.0000000+02:00,2.965,
2026-05-06T05:20:00.0000000+02:00,2.965,
2026-05-06T05:30:00.0000000+02:00,2.965,
2026-05-06T05:40:00.0000000+02:00,2.964,
2026-05-06T05:50:00.0000000+02:00,2.963,
2026-05-06T06:00:00.0000000+02:00,2.962,
2026-05-06T06:10:00.0000000+02:00,2.968,
2026-05-06T06:20:00.0000000+02:00,2.965,
2026-05-06T06:30:00.0000000+02:00,2.969,
2026-05-06T06:40:00.0000000+02:00,2.964,
2026-05-06T06:50:00.0000000+02:00,2.968,
2026-05-06T07:00:00.0000000+02:00,2.961,
2026-05-06T07:10:00.0000000+02:00,2.961,
2026-05-06T07:20:00.0000000+02:00,2.957,
2026-05-06T07:30:00.0000000+02:00,2.959,
2026-05-06T07:40:00.0000000+02:00,2.965,
2026-05-06T07:50:00.0000000+02:00,2.961,
2026-05-06T08:00:00.0000000+02:00,2.956,
2026-05-06T08:10:00.0000000+02:00,2.962,
2026-05-06T08:20:00.0000000+02:00,2.961,
2026-05-06T08:30:00.0000000+02:00,2.963,
2026-05-06T08:40:00.0000000+02:00,2.961,
2026-05-06T08:50:00.0000000+02:00,2.96,
2026-05-06T09:00:00.0000000+02:00,2.963,
2026-05-06T09:10:00.0000000+02:00,2.958,
2026-05-06T09:20:00.0000000+02:00,2.962,
2026-05-06T09:30:00.0000000+02:00,2.964,
2026-05-06T09:40:00.0000000+02:00,2.962,
2026-05-06T09:50:00.0000000+02:00,2.962,
2026-05-06T10:00:00.0000000+02:00,2.963,
2026-05-06T10:10:00.0000000+02:00,2.965,
2026-05-06T10:20:00.0000000+02:00,2.961,
2026-05-06T10:30:00.0000000+02:00,2.96,
2026-05-06T10:40:00.0000000+02:00,2.956,
2026-05-06T10:50:00.0000000+02:00,2.962,
2026-05-06T11:00:00.0000000+02:00,2.959,
2026-05-06T11:10:00.0000000+02:00,2.961,
2026-05-06T11:20:00.0000000+02:00,2.96,
2026-05-06T11:30:00.0000000+02:00,2.962,
2026-05-06T11:40:00.0000000+02:00,2.965,
2026-05-06T11:50:00.0000000+02:00,2.964,
2026-05-06T12:00:00.0000000+02:00,2.962,
2026-05-06T12:10:00.0000000+02:00,2.967,
2026-05-06T12:20:00.0000000+02:00,2.963,
2026-05-06T12:30:00.0000000+02:00,2.971,
2026-05-06T12:40:00.0000000+02:00,2.97,
2026-05-06T12:50:00.0000000+02:00,2.969,
2026-05-06T13:00:00.0000000+02:00,2.963,
2026-05-06T13:10:00.0000000+02:00,2.962,
2026-05-06T13:20:00.0000000+02:00,2.968,
2026-05-06T13:30:00.0000000+02:00,2.971,
2026-05-06T13:40:00.0000000+02:00,2.966,
2026-05-06T13:50:00.0000000+02:00,2.966,
2026-05-06T14:00:00.0000000+02:00,2.97,
2026-05-06T14:10:00.0000000+02:00,2.971,
2026-05-06T14:20:00.0000000+02:00,2.974,
2026-05-06T14:30:00.0000000+02:00,2.971,
2026-05-06T14:40:00.0000000+02:00,2.974,
2026-05-06T14:50:00.0000000+02:00,2.975,
2026-05-06T15:00:00.0000000+02:00,2.977,
2026-05-06T15:10:00.0000000+02:00,2.97,
2026-05-06T15:20:00.0000000+02:00,2.974,
2026-05-06T15:30:00.0000000+02:00,2.976,
2026-05-06T15:40:00.0000000+02:00,2.974,
2026-05-06T15:50:00.0000000+02:00,2.976,
2026-05-06T16:00:00.0000000+02:00,2.977,
2026-05-06T16:10:00.0000000+02:00,2.984,
2026-05-06T16:20:00.0000000+02:00,2.987,
2026-05-06T16:30:00.0000000+02:00,2.989,
2026-05-06T16:40:00.0000000+02:00,2.991,
2026-05-06T16:50:00.0000000+02:00,2.995,
2026-05-06T17:00:00.0000000+02:00,2.989,
2026-05-06T17:10:00.0000000+02:00,2.995,
2026-05-06T17:20:00.0000000+02:00,2.995,
2026-05-06T17:30:00.0000000+02:00,2.998,
2026-05-06T17:40:00.0000000+02:00,3,
2026-05-06T17:50:00.0000000+02:00,2.997,
2026-05-06T18:00:00.0000000+02:00,3.001,
2026-05-06T18:10:00.0000000+02:00,3.001,
2026-05-06T18:20:00.0000000+02:00,3.004,
2026-05-06T18:30:00.0000000+02:00,3.004,
2026-05-06T18:40:00.0000000+02:00,3.008,
2026-05-06T18:50:00.0000000+02:00,3.013,
2026-05-06T19:00:00.0000000+02:00,3.007,
2026-05-06T19:10:00.0000000+02:00,3.012,
2026-05-06T19:20:00.0000000+02:00,3.013,
2026-05-06T19:30:00.0000000+02:00,3.014,
2026-05-06T19:40:00.0000000+02:00,3.015,
2026-05-06T19:50:00.0000000+02:00,3.011,
2026-05-06T20:00:00.0000000+02:00,3.02,
2026-05-06T20:10:00.0000000+02:00,3.025,
2026-05-06T20:20:00.0000000+02:00,3.025,
2026-05-06T20:30:00.0000000+02:00,3.027,
2026-05-06T20:40:00.0000000+02:00,3.025,
2026-05-06T20:50:00.0000000+02:00,3.03,
2026-05-06T21:00:00.0000000+02:00,3.031,
2026-05-06T21:10:00.0000000+02:00,3.025,
2026-05-06T21:20:00.0000000+02:00,3.031,
2026-05-06T21:30:00.0000000+02:00,3.033,
2026-05-06T21:40:00.0000000+02:00,3.03,
2026-05-06T21:50:00.0000000+02:00,3.032,
2026-05-06T22:00:00.0000000+02:00,3.034,
2026-05-06T22:10:00.0000000+02:00,3.037,
2026-05-06T22:20:00.0000000+02:00,3.039,
2026-05-06T22:30:00.0000000+02:00,3.037,
2026-05-06T22:40:00.0000000+02:00,3.038,
2026-05-06T22:50:00.0000000+02:00,3.037,
2026-05-06T23:00:00.0000000+02:00,3.039,
2026-05-06T23:10:00.0000000+02:00,3.043,
2026-05-06T23:20:00.0000000+02:00,3.04,
2026-05-06T23:30:00.0000000+02:00,3.042,
2026-05-06T23:40:00.0000000+02:00,3.041,
2026-05-06T23:50:00.0000000+02:00,3.042,
2026-05-07T00:00:00.0000000+02:00,3.044,
2026-05-07T00:10:00.0000000+02:00,3.049,
2026-05-07T00:20:00.0000000+02:00,3.045,
2026-05-07T00:30:00.0000000+02:00,3.043,
2026-05-07T00:40:00.0000000+02:00,3.048,
2026-05-07T00:50:00.0000000+02:00,3.047,
2026-05-07T01:00:00.0000000+02:00,3.042,
2026-05-07T01:10:00.0000000+02:00,3.048,
2026-05-07T01:20:00.0000000+02:00,3.047,
2026-05-07T01:30:00.0000000+02:00,3.052,
2026-05-07T01:40:00.0000000+02:00,3.053,
2026-05-07T01:50:00.0000000+02:00,3.057,
2026-05-07T02:00:00.0000000+02:00,3.058,
2026-05-07T02:10:00.0000000+02:00,3.057,
2026-05-07T02:20:00.0000000+02:00,3.057,
2026-05-07T02:30:00.0000000+02:00,3.057,
2026-05-07T02:40:00.0000000+02:00,3.06,
2026-05-07T02:50:00.0000000+02:00,3.061,
2026-05-07T03:00:00.0000000+02:00,3.062,
2026-05-07T03:10:00.0000000+02:00,3.063,
2026-05-07T03:20:00.0000000+02:00,3.064,
2026-05-07T03:30:00.0000000+02:00,3.067,
2026-05-07T03:40:00.0000000+02:00,3.059,
2026-05-07T03:50:00.0000000+02:00,3.066,
2026-05-07T04:00:00.0000000+02:00,3.071,
2026-05-07T04:10:00.0000000+02:00,3.067,
2026-05-07T04:20:00.0000000+02:00,3.075,
2026-05-07T04:30:00.0000000+02:00,3.069,
2026-05-07T04:40:00.0000000+02:00,3.07,
2026-05-07T04:50:00.0000000+02:00,3.066,
2026-05-07T05:00:00.0000000+02:00,3.068,
2026-05-07T05:10:00.0000000+02:00,3.072,
2026-05-07T05:20:00.0000000+02:00,3.071,
2026-05-07T05:30:00.0000000+02:00,3.071,
2026-05-07T05:40:00.0000000+02:00,3.075,
2026-05-07T05:50:00.0000000+02:00,3.074,
2026-05-07T06:00:00.0000000+02:00,3.076,
2026-05-07T06:10:00.0000000+02:00,3.077,
2026-05-07T06:20:00.0000000+02:00,3.073,
2026-05-07T06:30:00.0000000+02:00,3.075,
2026-05-07T06:40:00.0000000+02:00,3.078,
2026-05-07T06:50:00.0000000+02:00,3.076,
2026-05-07T07:00:00.0000000+02:00,3.078,
2026-05-07T07:10:00.0000000+02:00,3.084,
2026-05-07T07:20:00.0000000+02:00,3.083,
2026-05-07T07:30:00.0000000+02:00,3.073,
2026-05-07T07:40:00.0000000+02:00,3.074,
2026-05-07T07:50:00.0000000+02:00,3.08,
2026-05-07T08:00:00.0000000+02:00,3.076,
2026-05-07T08:10:00.0000000+02:00,3.079,
2026-05-07T08:20:00.0000000+02:00,3.084,
2026-05-07T08:30:00.0000000+02:00,3.083,
2026-05-07T08:40:00.0000000+02:00,3.084,
2026-05-07T08:50:00.0000000+02:00,3.08,
2026-05-07T09:00:00.0000000+02:00,3.084,
2026-05-07T09:10:00.0000000+02:00,3.087,
2026-05-07T09:20:00.0000000+02:00,3.087,
2026-05-07T09:30:00.0000000+02:00,3.084,
2026-05-07T09:40:00.0000000+02:00,3.085,
2026-05-07T09:50:00.0000000+02:00,3.083,
2026-05-07T10:00:00.0000000+02:00,3.084,
2026-05-07T10:10:00.0000000+02:00,3.087,
2026-05-07T10:20:00.0000000+02:00,3.092,
2026-05-07T10:30:00.0000000+02:00,3.086,
2026-05-07T10:40:00.0000000+02:00,3.088,
2026-05-07T10:50:00.0000000+02:00,3.092,
2026-05-07T11:00:00.0000000+02:00,3.091,
2026-05-07T11:10:00.0000000+02:00,3.089,
2026-05-07T11:20:00.0000000+02:00,3.085,
2026-05-07T11:30:00.0000000+02:00,3.091,
2026-05-07T11:40:00.0000000+02:00,3.084,
2026-05-07T11:50:00.0000000+02:00,3.084,
2026-05-07T12:00:00.0000000+02:00,3.091,
2026-05-07T12:10:00.0000000+02:00,3.089,
2026-05-07T12:20:00.0000000+02:00,3.095,
2026-05-07T12:30:00.0000000+02:00,3.091,
2026-05-07T12:40:00.0000000+02:00,3.085,
2026-05-07T12:50:00.0000000+02:00,3.091,
2026-05-07T13:00:00.0000000+02:00,3.093,
2026-05-07T13:10:00.0000000+02:00,3.089,
2026-05-07T13:20:00.0000000+02:00,3.095,
2026-05-07T13:30:00.0000000+02:00,3.094,
2026-05-07T13:40:00.0000000+02:00,3.094,
2026-05-07T13:50:00.0000000+02:00,3.097,
2026-05-07T14:00:00.0000000+02:00,3.09,
2026-05-07T14:10:00.0000000+02:00,3.099,
2026-05-07T14:20:00.0000000+02:00,3.092,
2026-05-07T14:30:00.0000000+02:00,3.096,
2026-05-07T14:40:00.0000000+02:00,3.094,
2026-05-07T14:50:00.0000000+02:00,3.101,
2026-05-07T15:00:00.0000000+02:00,3.099,
2026-05-07T15:10:00.0000000+02:00,3.099,
2026-05-07T15:20:00.0000000+02:00,3.102,
2026-05-07T15:30:00.0000000+02:00,3.096,
2026-05-07T15:40:00.0000000+02:00,3.101,
2026-05-07T15:50:00.0000000+02:00,3.1,
2026-05-07T16:00:00.0000000+02:00,3.096,
2026-05-07T16:10:00.0000000+02:00,3.093,
2026-05-07T16:20:00.0000000+02:00,3.099,
2026-05-07T16:30:00.0000000+02:00,3.101,
2026-05-07T16:40:00.0000000+02:00,3.083,
2026-05-07T16:50:00.0000000+02:00,3.072,
2026-05-07T17:00:00.0000000+02:00,3.072,
2026-05-07T17:10:00.0000000+02:00,3.059,
2026-05-07T17:20:00.0000000+02:00,3.07,
2026-05-07T17:30:00.0000000+02:00,3.091,
2026-05-07T17:40:00.0000000+02:00,3.109,
2026-05-07T17:50:00.0000000+02:00,3.111,
2026-05-07T18:00:00.0000000+02:00,3.114,
2026-05-07T18:10:00.0000000+02:00,3.116,
2026-05-07T18:20:00.0000000+02:00,3.11,
2026-05-07T18:30:00.0000000+02:00,3.108,
2026-05-07T18:40:00.0000000+02:00,3.103,
2026-05-07T18:50:00.0000000+02:00,3.11,
2026-05-07T19:00:00.0000000+02:00,3.109,
2026-05-07T19:10:00.0000000+02:00,3.108,
2026-05-07T19:20:00.0000000+02:00,3.11,
2026-05-07T19:30:00.0000000+02:00,3.111,
2026-05-07T19:40:00.0000000+02:00,3.112,
2026-05-07T19:50:00.0000000+02:00,3.101,
2026-05-07T20:00:00.0000000+02:00,3.111,
2026-05-07T20:10:00.0000000+02:00,3.09,
2026-05-07T20:20:00.0000000+02:00,3.115,
2026-05-07T20:30:00.0000000+02:00,3.118,
2026-05-07T20:40:00.0000000+02:00,3.118,
2026-05-07T20:50:00.0000000+02:00,3.112,
2026-05-07T21:00:00.0000000+02:00,3.117,
2026-05-07T21:10:00.0000000+02:00,3.112,
2026-05-07T21:20:00.0000000+02:00,3.119,
2026-05-07T21:30:00.0000000+02:00,3.116,
2026-05-07T21:40:00.0000000+02:00,3.118,
2026-05-07T21:50:00.0000000+02:00,3.123,
2026-05-07T22:00:00.0000000+02:00,3.115,
2026-05-07T22:10:00.0000000+02:00,3.12,
2026-05-07T22:20:00.0000000+02:00,3.12,
2026-05-07T22:30:00.0000000+02:00,3.12,
2026-05-07T22:40:00.0000000+02:00,3.118,
2026-05-07T22:50:00.0000000+02:00,3.119,
2026-05-07T23:00:00.0000000+02:00,3.119,
2026-05-07T23:10:00.0000000+02:00,3.12,
2026-05-07T23:20:00.0000000+02:00,3.118,
2026-05-07T23:30:00.0000000+02:00,3.116,
2026-05-07T23:40:00.0000000+02:00,3.122,
2026-05-07T23:50:00.0000000+02:00,3.122,
2026-05-08T00:00:00.0000000+02:00,3.123,
2026-05-08T00:10:00.0000000+02:00,3.118,
2026-05-08T00:20:00.0000000+02:00,3.126,
2026-05-08T00:30:00.0000000+02:00,3.119,
2026-05-08T00:40:00.0000000+02:00,3.122,
2026-05-08T00:50:00.0000000+02:00,3.126,
2026-05-08T01:00:00.0000000+02:00,3.131,
2026-05-08T01:10:00.0000000+02:00,3.13,
2026-05-08T01:20:00.0000000+02:00,3.127,
2026-05-08T01:30:00.0000000+02:00,3.122,
2026-05-08T01:40:00.0000000+02:00,3.124,
2026-05-08T01:50:00.0000000+02:00,3.126,
2026-05-08T02:00:00.0000000+02:00,3.122,
2026-05-08T02:10:00.0000000+02:00,3.127,
2026-05-08T02:20:00.0000000+02:00,3.123,
2026-05-08T02:30:00.0000000+02:00,3.126,
2026-05-08T02:40:00.0000000+02:00,3.131,
2026-05-08T02:50:00.0000000+02:00,3.126,
2026-05-08T03:00:00.0000000+02:00,3.127,
2026-05-08T03:10:00.0000000+02:00,3.131,
2026-05-08T03:20:00.0000000+02:00,3.131,
2026-05-08T03:30:00.0000000+02:00,3.128,
2026-05-08T03:40:00.0000000+02:00,3.132,
2026-05-08T03:50:00.0000000+02:00,3.129,
2026-05-08T04:00:00.0000000+02:00,3.123,
2026-05-08T04:10:00.0000000+02:00,3.128,
2026-05-08T04:20:00.0000000+02:00,3.133,
2026-05-08T04:30:00.0000000+02:00,3.135,
2026-05-08T04:40:00.0000000+02:00,3.13,
2026-05-08T04:50:00.0000000+02:00,3.135,
2026-05-08T05:00:00.0000000+02:00,3.132,
2026-05-08T05:10:00.0000000+02:00,3.136,
2026-05-08T05:20:00.0000000+02:00,3.134,
2026-05-08T05:30:00.0000000+02:00,3.133,
2026-05-08T05:40:00.0000000+02:00,3.139,
2026-05-08T05:50:00.0000000+02:00,3.141,
2026-05-08T06:00:00.0000000+02:00,3.139,
2026-05-08T06:10:00.0000000+02:00,3.14,
2026-05-08T06:20:00.0000000+02:00,3.14,
2026-05-08T06:30:00.0000000+02:00,3.136,
2026-05-08T06:40:00.0000000+02:00,3.132,
2026-05-08T06:50:00.0000000+02:00,3.135,
2026-05-08T07:00:00.0000000+02:00,3.137,
2026-05-08T07:10:00.0000000+02:00,3.144,
2026-05-08T07:20:00.0000000+02:00,3.143,
2026-05-08T07:30:00.0000000+02:00,3.141,
2026-05-08T07:40:00.0000000+02:00,3.139,
2026-05-08T07:50:00.0000000+02:00,3.14,
2026-05-08T08:00:00.0000000+02:00,3.146,
2026-05-08T08:10:00.0000000+02:00,3.139,
2026-05-08T08:20:00.0000000+02:00,3.139,
2026-05-08T08:30:00.0000000+02:00,3.141,
2026-05-08T08:40:00.0000000+02:00,3.144,
2026-05-08T08:50:00.0000000+02:00,3.14,
2026-05-08T09:00:00.0000000+02:00,3.135,
2026-05-08T09:10:00.0000000+02:00,3.142,
2026-05-08T09:20:00.0000000+02:00,3.144,
2026-05-08T09:30:00.0000000+02:00,3.152,
2026-05-08T09:40:00.0000000+02:00,3.151,
2026-05-08T09:50:00.0000000+02:00,3.151,
2026-05-08T10:00:00.0000000+02:00,3.151,
2026-05-08T10:10:00.0000000+02:00,3.152,
2026-05-08T10:20:00.0000000+02:00,3.154,
2026-05-08T10:30:00.0000000+02:00,3.151,
2026-05-08T10:40:00.0000000+02:00,3.154,
2026-05-08T10:50:00.0000000+02:00,3.151,
2026-05-08T11:00:00.0000000+02:00,3.146,
2026-05-08T11:10:00.0000000+02:00,3.152,
2026-05-08T11:20:00.0000000+02:00,3.153,
2026-05-08T11:30:00.0000000+02:00,3.148,
2026-05-08T11:40:00.0000000+02:00,3.15,
2026-05-08T11:50:00.0000000+02:00,3.141,
2026-05-08T12:00:00.0000000+02:00,3.157,
2026-05-08T12:10:00.0000000+02:00,3.156,
2026-05-08T12:20:00.0000000+02:00,3.166,
2026-05-08T12:30:00.0000000+02:00,3.158,
2026-05-08T12:40:00.0000000+02:00,3.164,
2026-05-08T12:50:00.0000000+02:00,3.163,
2026-05-08T13:00:00.0000000+02:00,3.163,
2026-05-08T13:10:00.0000000+02:00,3.167,
2026-05-08T13:20:00.0000000+02:00,3.164,
2026-05-08T13:30:00.0000000+02:00,3.163,
2026-05-08T13:40:00.0000000+02:00,3.159,
2026-05-08T13:50:00.0000000+02:00,3.17,
2026-05-08T14:00:00.0000000+02:00,3.164,
2026-05-08T14:10:00.0000000+02:00,3.159,
2026-05-08T14:20:00.0000000+02:00,3.167,
2026-05-08T14:30:00.0000000+02:00,3.169,
2026-05-08T14:40:00.0000000+02:00,3.162,
2026-05-08T14:50:00.0000000+02:00,3.168,
2026-05-08T15:00:00.0000000+02:00,3.168,
2026-05-08T15:10:00.0000000+02:00,3.163,
2026-05-08T15:20:00.0000000+02:00,3.167,
2026-05-08T15:30:00.0000000+02:00,3.169,
2026-05-08T15:40:00.0000000+02:00,3.167,
2026-05-08T15:50:00.0000000+02:00,3.17,
2026-05-08T16:00:00.0000000+02:00,3.164,
2026-05-08T16:10:00.0000000+02:00,3.168,
2026-05-08T16:20:00.0000000+02:00,3.157,
2026-05-08T16:30:00.0000000+02:00,3.162,
2026-05-08T16:40:00.0000000+02:00,3.167,
2026-05-08T16:50:00.0000000+02:00,3.166,
2026-05-08T17:00:00.0000000+02:00,3.166,
2026-05-08T17:10:00.0000000+02:00,3.165,
2026-05-08T17:20:00.0000000+02:00,3.158,
2026-05-08T17:30:00.0000000+02:00,3.163,
2026-05-08T17:40:00.0000000+02:00,3.167,
2026-05-08T17:50:00.0000000+02:00,3.164,
2026-05-08T18:00:00.0000000+02:00,3.167,
2026-05-08T18:10:00.0000000+02:00,3.166,
2026-05-08T18:20:00.0000000+02:00,3.171,
2026-05-08T18:30:00.0000000+02:00,3.17,
2026-05-08T18:40:00.0000000+02:00,3.173,
2026-05-08T18:50:00.0000000+02:00,3.167,
2026-05-08T19:00:00.0000000+02:00,3.166,
2026-05-08T19:10:00.0000000+02:00,3.169,
2026-05-08T19:20:00.0000000+02:00,3.173,
2026-05-08T19:30:00.0000000+02:00,3.173,
2026-05-08T19:40:00.0000000+02:00,3.17,
2026-05-08T19:50:00.0000000+02:00,3.168,
2026-05-08T20:00:00.0000000+02:00,3.167,
2026-05-08T20:10:00.0000000+02:00,3.168,
2026-05-08T20:20:00.0000000+02:00,3.168,
2026-05-08T20:30:00.0000000+02:00,3.165,
2026-05-08T20:40:00.0000000+02:00,3.171,
2026-05-08T20:50:00.0000000+02:00,3.17,
2026-05-08T21:00:00.0000000+02:00,3.167,
2026-05-08T21:10:00.0000000+02:00,3.171,
2026-05-08T21:20:00.0000000+02:00,3.17,
2026-05-08T21:30:00.0000000+02:00,3.167,
2026-05-08T21:40:00.0000000+02:00,3.169,
2026-05-08T21:50:00.0000000+02:00,3.169,
2026-05-08T22:00:00.0000000+02:00,3.167,
2026-05-08T22:10:00.0000000+02:00,3.171,
2026-05-08T22:20:00.0000000+02:00,3.172,
2026-05-08T22:30:00.0000000+02:00,3.172,
2026-05-08T22:40:00.0000000+02:00,3.163,
2026-05-08T22:50:00.0000000+02:00,3.171,
2026-05-08T23:00:00.0000000+02:00,3.164,
2026-05-08T23:10:00.0000000+02:00,3.175,
2026-05-08T23:20:00.0000000+02:00,3.168,
2026-05-08T23:30:00.0000000+02:00,3.172,
2026-05-08T23:40:00.0000000+02:00,3.176,
2026-05-08T23:50:00.0000000+02:00,3.175,
2026-05-09T00:00:00.0000000+02:00,3.174,
2026-05-09T00:10:00.0000000+02:00,3.171,
2026-05-09T00:20:00.0000000+02:00,3.167,
2026-05-09T00:30:00.0000000+02:00,3.169,
2026-05-09T00:40:00.0000000+02:00,3.173,
2026-05-09T00:50:00.0000000+02:00,3.178,
2026-05-09T01:00:00.0000000+02:00,3.175,
2026-05-09T01:10:00.0000000+02:00,3.179,
2026-05-09T01:20:00.0000000+02:00,3.178,
2026-05-09T01:30:00.0000000+02:00,3.179,
2026-05-09T01:40:00.0000000+02:00,3.181,
2026-05-09T01:50:00.0000000+02:00,3.177,
2026-05-09T02:00:00.0000000+02:00,3.18,
2026-05-09T02:10:00.0000000+02:00,3.182,
2026-05-09T02:20:00.0000000+02:00,3.171,
2026-05-09T02:30:00.0000000+02:00,3.178,
2026-05-09T02:40:00.0000000+02:00,3.178,
2026-05-09T02:50:00.0000000+02:00,3.182,
2026-05-09T03:00:00.0000000+02:00,3.179,
2026-05-09T03:10:00.0000000+02:00,3.172,
2026-05-09T03:20:00.0000000+02:00,3.176,
2026-05-09T03:30:00.0000000+02:00,3.174,
2026-05-09T03:40:00.0000000+02:00,3.179,
2026-05-09T03:50:00.0000000+02:00,3.178,
2026-05-09T04:00:00.0000000+02:00,3.171,
2026-05-09T04:10:00.0000000+02:00,3.171,
2026-05-09T04:20:00.0000000+02:00,3.169,
2026-05-09T04:30:00.0000000+02:00,3.175,
2026-05-09T04:40:00.0000000+02:00,3.172,
2026-05-09T04:50:00.0000000+02:00,3.171,
2026-05-09T05:00:00.0000000+02:00,3.175,
2026-05-09T05:10:00.0000000+02:00,3.173,
2026-05-09T05:20:00.0000000+02:00,3.164,
2026-05-09T05:30:00.0000000+02:00,3.162,
2026-05-09T05:40:00.0000000+02:00,3.173,
2026-05-09T05:50:00.0000000+02:00,3.166,
2026-05-09T06:00:00.0000000+02:00,3.175,
2026-05-09T06:10:00.0000000+02:00,3.164,
2026-05-09T06:20:00.0000000+02:00,3.17,
2026-05-09T06:30:00.0000000+02:00,3.167,
2026-05-09T06:40:00.0000000+02:00,3.172,
2026-05-09T06:50:00.0000000+02:00,3.176,
2026-05-09T07:00:00.0000000+02:00,3.174,
2026-05-09T07:10:00.0000000+02:00,3.172,
2026-05-09T07:20:00.0000000+02:00,3.165,
2026-05-09T07:30:00.0000000+02:00,3.161,
2026-05-09T07:40:00.0000000+02:00,3.168,
2026-05-09T07:50:00.0000000+02:00,3.173,
2026-05-09T08:00:00.0000000+02:00,3.167,
2026-05-09T08:10:00.0000000+02:00,3.16,
2026-05-09T08:20:00.0000000+02:00,3.163,
2026-05-09T08:30:00.0000000+02:00,3.17,
2026-05-09T08:40:00.0000000+02:00,3.166,
2026-05-09T08:50:00.0000000+02:00,3.169,
2026-05-09T09:00:00.0000000+02:00,3.169,
2026-05-09T09:10:00.0000000+02:00,3.167,
2026-05-09T09:20:00.0000000+02:00,3.174,
2026-05-09T09:30:00.0000000+02:00,3.17,
2026-05-09T09:40:00.0000000+02:00,3.162,
2026-05-09T09:50:00.0000000+02:00,3.172,
2026-05-09T10:00:00.0000000+02:00,3.169,
2026-05-09T10:10:00.0000000+02:00,3.166,
2026-05-09T10:20:00.0000000+02:00,3.158,
2026-05-09T10:30:00.0000000+02:00,3.149,
2026-05-09T10:40:00.0000000+02:00,3.147,
2026-05-09T10:50:00.0000000+02:00,3.149,
2026-05-09T11:00:00.0000000+02:00,3.162,
2026-05-09T11:10:00.0000000+02:00,3.17,
2026-05-09T11:20:00.0000000+02:00,3.172,
2026-05-09T11:30:00.0000000+02:00,3.179,
2026-05-09T11:40:00.0000000+02:00,3.18,
2026-05-09T11:50:00.0000000+02:00,3.186,
2026-05-09T12:00:00.0000000+02:00,3.178,
2026-05-09T12:10:00.0000000+02:00,3.18,
2026-05-09T12:20:00.0000000+02:00,3.186,
2026-05-09T12:30:00.0000000+02:00,3.181,
2026-05-09T12:40:00.0000000+02:00,3.183,
2026-05-09T12:50:00.0000000+02:00,3.18,
2026-05-09T13:00:00.0000000+02:00,3.184,
2026-05-09T13:10:00.0000000+02:00,3.187,
2026-05-09T13:20:00.0000000+02:00,3.183,
2026-05-09T13:30:00.0000000+02:00,3.184,
2026-05-09T13:40:00.0000000+02:00,3.177,
2026-05-09T13:50:00.0000000+02:00,3.183,
2026-05-09T14:00:00.0000000+02:00,3.182,
2026-05-09T14:10:00.0000000+02:00,3.178,
2026-05-09T14:20:00.0000000+02:00,3.187,
2026-05-09T14:30:00.0000000+02:00,3.18,
2026-05-09T14:40:00.0000000+02:00,3.181,
2026-05-09T14:50:00.0000000+02:00,3.182,
2026-05-09T15:00:00.0000000+02:00,3.186,
2026-05-09T15:10:00.0000000+02:00,3.183,
2026-05-09T15:20:00.0000000+02:00,3.185,
2026-05-09T15:30:00.0000000+02:00,3.193,
2026-05-09T15:40:00.0000000+02:00,3.178,
2026-05-09T15:50:00.0000000+02:00,3.169,
2026-05-09T16:00:00.0000000+02:00,3.156,
2026-05-09T16:10:00.0000000+02:00,3.174,
2026-05-09T16:20:00.0000000+02:00,3.189,
2026-05-09T16:30:00.0000000+02:00,3.195,
2026-05-09T16:40:00.0000000+02:00,3.191,
2026-05-09T16:50:00.0000000+02:00,3.19,
2026-05-09T17:00:00.0000000+02:00,3.185,
2026-05-09T17:10:00.0000000+02:00,3.189,
2026-05-09T17:20:00.0000000+02:00,3.183,
2026-05-09T17:30:00.0000000+02:00,3.183,
2026-05-09T17:40:00.0000000+02:00,3.181,
2026-05-09T17:50:00.0000000+02:00,3.171,
2026-05-09T18:00:00.0000000+02:00,3.186,
2026-05-09T18:10:00.0000000+02:00,3.182,
2026-05-09T18:20:00.0000000+02:00,3.176,
2026-05-09T18:30:00.0000000+02:00,3.189,
2026-05-09T18:40:00.0000000+02:00,3.187,
2026-05-09T18:50:00.0000000+02:00,3.184,
2026-05-09T19:00:00.0000000+02:00,3.186,
2026-05-09T19:10:00.0000000+02:00,3.189,
2026-05-09T19:20:00.0000000+02:00,3.187,
2026-05-09T19:30:00.0000000+02:00,3.194,
2026-05-09T19:40:00.0000000+02:00,3.185,
2026-05-09T19:50:00.0000000+02:00,3.192,
2026-05-09T20:00:00.0000000+02:00,3.19,
2026-05-09T20:10:00.0000000+02:00,3.193,
2026-05-09T20:20:00.0000000+02:00,3.193,
2026-05-09T20:30:00.0000000+02:00,3.196,
2026-05-09T20:40:00.0000000+02:00,3.194,
2026-05-09T20:50:00.0000000+02:00,3.194,
2026-05-09T21:00:00.0000000+02:00,3.189,
2026-05-09T21:10:00.0000000+02:00,3.193,
2026-05-09T21:20:00.0000000+02:00,3.191,
2026-05-09T21:30:00.0000000+02:00,3.192,
2026-05-09T21:40:00.0000000+02:00,3.196,
2026-05-09T21:50:00.0000000+02:00,3.189,
2026-05-09T22:00:00.0000000+02:00,3.188,
2026-05-09T22:10:00.0000000+02:00,3.19,
2026-05-09T22:20:00.0000000+02:00,3.19,
2026-05-09T22:30:00.0000000+02:00,3.197,
2026-05-09T22:40:00.0000000+02:00,3.196,
2026-05-09T22:50:00.0000000+02:00,3.195,
2026-05-09T23:00:00.0000000+02:00,3.193,
2026-05-09T23:10:00.0000000+02:00,3.194,
2026-05-09T23:20:00.0000000+02:00,3.196,
2026-05-09T23:30:00.0000000+02:00,3.192,
2026-05-09T23:40:00.0000000+02:00,3.191,
2026-05-09T23:50:00.0000000+02:00,3.193,
2026-05-10T00:00:00.0000000+02:00,3.198,
2026-05-10T00:10:00.0000000+02:00,3.201,
2026-05-10T00:20:00.0000000+02:00,3.193,
2026-05-10T00:30:00.0000000+02:00,3.191,
2026-05-10T00:40:00.0000000+02:00,3.193,
2026-05-10T00:50:00.0000000+02:00,3.197,
2026-05-10T01:00:00.0000000+02:00,3.183,
2026-05-10T01:10:00.0000000+02:00,3.19,
2026-05-10T01:20:00.0000000+02:00,3.185,
2026-05-10T01:30:00.0000000+02:00,3.189,
2026-05-10T01:40:00.0000000+02:00,3.186,
2026-05-10T01:50:00.0000000+02:00,3.194,
2026-05-10T02:00:00.0000000+02:00,3.194,
2026-05-10T02:10:00.0000000+02:00,3.19,
2026-05-10T02:20:00.0000000+02:00,3.197,
2026-05-10T02:30:00.0000000+02:00,3.199,
2026-05-10T02:40:00.0000000+02:00,3.196,
2026-05-10T02:50:00.0000000+02:00,3.198,
2026-05-10T03:00:00.0000000+02:00,3.192,
2026-05-10T03:10:00.0000000+02:00,3.195,
2026-05-10T03:20:00.0000000+02:00,3.196,
2026-05-10T03:30:00.0000000+02:00,3.195,
2026-05-10T03:40:00.0000000+02:00,3.193,
2026-05-10T03:50:00.0000000+02:00,3.193,
2026-05-10T04:00:00.0000000+02:00,3.198,
2026-05-10T04:10:00.0000000+02:00,3.192,
2026-05-10T04:20:00.0000000+02:00,3.187,
2026-05-10T04:30:00.0000000+02:00,3.195,
2026-05-10T04:40:00.0000000+02:00,3.201,
2026-05-10T04:50:00.0000000+02:00,3.193,
2026-05-10T05:00:00.0000000+02:00,3.191,
2026-05-10T05:10:00.0000000+02:00,3.193,
2026-05-10T05:20:00.0000000+02:00,3.189,
2026-05-10T05:30:00.0000000+02:00,3.199,
2026-05-10T05:40:00.0000000+02:00,3.192,
2026-05-10T05:50:00.0000000+02:00,3.191,
2026-05-10T06:00:00.0000000+02:00,3.192,
2026-05-10T06:10:00.0000000+02:00,3.191,
2026-05-10T06:20:00.0000000+02:00,3.197,
2026-05-10T06:30:00.0000000+02:00,3.195,
2026-05-10T06:40:00.0000000+02:00,3.198,
2026-05-10T06:50:00.0000000+02:00,3.192,
2026-05-10T07:00:00.0000000+02:00,3.195,
2026-05-10T07:10:00.0000000+02:00,3.196,
2026-05-10T07:20:00.0000000+02:00,3.197,
2026-05-10T07:30:00.0000000+02:00,3.189,
2026-05-10T07:40:00.0000000+02:00,3.196,
2026-05-10T07:50:00.0000000+02:00,3.193,
2026-05-10T08:00:00.0000000+02:00,3.188,
2026-05-10T08:10:00.0000000+02:00,3.186,
2026-05-10T08:20:00.0000000+02:00,3.19,
2026-05-10T08:30:00.0000000+02:00,3.194,
2026-05-10T08:40:00.0000000+02:00,3.191,
2026-05-10T08:50:00.0000000+02:00,3.19,
2026-05-10T09:00:00.0000000+02:00,3.192,
2026-05-10T09:10:00.0000000+02:00,3.197,
2026-05-10T09:20:00.0000000+02:00,3.192,
2026-05-10T09:30:00.0000000+02:00,3.192,
2026-05-10T09:40:00.0000000+02:00,3.198,
2026-05-10T09:50:00.0000000+02:00,3.196,
2026-05-10T10:00:00.0000000+02:00,3.191,
2026-05-10T10:10:00.0000000+02:00,3.197,
2026-05-10T10:20:00.0000000+02:00,3.194,
2026-05-10T10:30:00.0000000+02:00,3.198,
2026-05-10T10:40:00.0000000+02:00,3.197,
2026-05-10T10:50:00.0000000+02:00,3.196,
2026-05-10T11:00:00.0000000+02:00,3.194,
2026-05-10T11:10:00.0000000+02:00,3.193,
2026-05-10T11:20:00.0000000+02:00,3.195,
2026-05-10T11:30:00.0000000+02:00,3.202,
2026-05-10T11:40:00.0000000+02:00,3.202,
2026-05-10T11:50:00.0000000+02:00,3.199,
2026-05-10T12:00:00.0000000+02:00,3.196,
2026-05-10T12:10:00.0000000+02:00,3.203,
2026-05-10T12:20:00.0000000+02:00,3.199,
2026-05-10T12:30:00.0000000+02:00,3.196,
2026-05-10T12:40:00.0000000+02:00,3.205,
2026-05-10T12:50:00.0000000+02:00,3.203,
2026-05-10T13:00:00.0000000+02:00,3.202,
2026-05-10T13:10:00.0000000+02:00,3.203,
2026-05-10T13:20:00.0000000+02:00,3.208,
2026-05-10T13:30:00.0000000+02:00,3.202,
2026-05-10T13:40:00.0000000+02:00,3.208,
2026-05-10T13:50:00.0000000+02:00,3.204,
2026-05-10T14:00:00.0000000+02:00,3.207,
2026-05-10T14:10:00.0000000+02:00,3.21,
2026-05-10T14:20:00.0000000+02:00,3.213,
2026-05-10T14:30:00.0000000+02:00,3.211,
2026-05-10T14:40:00.0000000+02:00,3.208,
2026-05-10T14:50:00.0000000+02:00,3.206,
2026-05-10T15:00:00.0000000+02:00,3.216,
2026-05-10T15:10:00.0000000+02:00,3.212,
2026-05-10T15:20:00.0000000+02:00,3.211,
2026-05-10T15:30:00.0000000+02:00,3.21,
2026-05-10T15:40:00.0000000+02:00,3.21,
2026-05-10T15:50:00.0000000+02:00,3.212,
2026-05-10T16:00:00.0000000+02:00,3.216,
2026-05-10T16:10:00.0000000+02:00,3.217,
2026-05-10T16:20:00.0000000+02:00,3.212,
2026-05-10T16:30:00.0000000+02:00,3.211,
2026-05-10T16:40:00.0000000+02:00,3.218,
2026-05-10T16:50:00.0000000+02:00,3.222,
2026-05-10T17:00:00.0000000+02:00,3.208,
2026-05-10T17:10:00.0000000+02:00,3.218,
2026-05-10T17:20:00.0000000+02:00,3.221,
2026-05-10T17:30:00.0000000+02:00,3.211,
2026-05-10T17:40:00.0000000+02:00,3.221,
2026-05-10T17:50:00.0000000+02:00,3.22,
2026-05-10T18:00:00.0000000+02:00,3.218,
2026-05-10T18:10:00.0000000+02:00,3.218,
2026-05-10T18:20:00.0000000+02:00,3.214,
2026-05-10T18:30:00.0000000+02:00,3.214,
2026-05-10T18:40:00.0000000+02:00,3.218,
2026-05-10T18:50:00.0000000+02:00,3.218,
2026-05-10T19:00:00.0000000+02:00,3.216,
2026-05-10T19:10:00.0000000+02:00,3.214,
2026-05-10T19:20:00.0000000+02:00,3.217,
2026-05-10T19:30:00.0000000+02:00,3.218,
2026-05-10T19:40:00.0000000+02:00,3.222,
2026-05-10T19:50:00.0000000+02:00,3.221,
2026-05-10T20:00:00.0000000+02:00,3.216,
2026-05-10T20:10:00.0000000+02:00,3.22,
2026-05-10T20:20:00.0000000+02:00,3.213,
2026-05-10T20:30:00.0000000+02:00,3.22,
2026-05-10T20:40:00.0000000+02:00,3.22,
2026-05-10T20:50:00.0000000+02:00,3.215,
2026-05-10T21:00:00.0000000+02:00,3.22,
2026-05-10T21:10:00.0000000+02:00,3.22,
2026-05-10T21:20:00.0000000+02:00,3.22,
2026-05-10T21:30:00.0000000+02:00,3.219,
2026-05-10T21:40:00.0000000+02:00,3.218,
2026-05-10T21:50:00.0000000+02:00,3.22,
2026-05-10T22:00:00.0000000+02:00,3.22,
2026-05-10T22:10:00.0000000+02:00,3.213,
2026-05-10T22:20:00.0000000+02:00,3.219,
2026-05-10T22:30:00.0000000+02:00,3.223,
2026-05-10T22:40:00.0000000+02:00,3.226,
2026-05-10T22:50:00.0000000+02:00,3.218,
2026-05-10T23:00:00.0000000+02:00,3.22,
2026-05-10T23:10:00.0000000+02:00,3.221,
2026-05-10T23:20:00.0000000+02:00,3.227,
2026-05-10T23:30:00.0000000+02:00,3.227,
2026-05-10T23:40:00.0000000+02:00,3.221,
2026-05-10T23:50:00.0000000+02:00,3.224,
2026-05-11T00:00:00.0000000+02:00,3.224,
2026-05-11T00:10:00.0000000+02:00,3.222,
2026-05-11T00:20:00.0000000+02:00,3.219,
2026-05-11T00:30:00.0000000+02:00,3.222,
2026-05-11T00:40:00.0000000+02:00,3.222,
2026-05-11T00:50:00.0000000+02:00,3.223,
2026-05-11T01:00:00.0000000+02:00,3.222,
2026-05-11T01:10:00.0000000+02:00,3.219,
2026-05-11T01:20:00.0000000+02:00,3.227,
2026-05-11T01:30:00.0000000+02:00,3.224,
2026-05-11T01:40:00.0000000+02:00,3.227,
2026-05-11T01:50:00.0000000+02:00,3.222,
2026-05-11T02:00:00.0000000+02:00,3.227,
2026-05-11T02:10:00.0000000+02:00,3.226,
2026-05-11T02:20:00.0000000+02:00,3.224,
2026-05-11T02:30:00.0000000+02:00,3.225,
2026-05-11T02:40:00.0000000+02:00,3.226,
2026-05-11T02:50:00.0000000+02:00,3.225,
2026-05-11T03:00:00.0000000+02:00,3.225,
2026-05-11T03:10:00.0000000+02:00,3.225,
2026-05-11T03:20:00.0000000+02:00,3.225,
2026-05-11T03:30:00.0000000+02:00,3.228,
2026-05-11T03:40:00.0000000+02:00,3.23,
2026-05-11T03:50:00.0000000+02:00,3.224,
2026-05-11T04:00:00.0000000+02:00,3.226,
2026-05-11T04:10:00.0000000+02:00,3.232,
2026-05-11T04:20:00.0000000+02:00,3.231,
2026-05-11T04:30:00.0000000+02:00,3.238,
2026-05-11T04:40:00.0000000+02:00,3.233,
2026-05-11T04:50:00.0000000+02:00,3.235,
2026-05-11T05:00:00.0000000+02:00,3.231,
2026-05-11T05:10:00.0000000+02:00,3.238,
2026-05-11T05:20:00.0000000+02:00,3.23,
2026-05-11T05:30:00.0000000+02:00,3.235,
2026-05-11T05:40:00.0000000+02:00,3.231,
2026-05-11T05:50:00.0000000+02:00,3.234,
2026-05-11T06:00:00.0000000+02:00,3.235,
2026-05-11T06:10:00.0000000+02:00,3.238,
2026-05-11T06:20:00.0000000+02:00,3.23,
2026-05-11T06:30:00.0000000+02:00,3.225,
2026-05-11T06:40:00.0000000+02:00,3.233,
2026-05-11T06:50:00.0000000+02:00,3.231,
2026-05-11T07:00:00.0000000+02:00,3.23,
2026-05-11T07:10:00.0000000+02:00,3.223,
2026-05-11T07:20:00.0000000+02:00,3.228,
2026-05-11T07:30:00.0000000+02:00,3.236,
2026-05-11T07:40:00.0000000+02:00,3.232,
2026-05-11T07:50:00.0000000+02:00,3.229,
2026-05-11T08:00:00.0000000+02:00,3.223,
2026-05-11T08:10:00.0000000+02:00,3.231,
2026-05-11T08:20:00.0000000+02:00,3.229,
2026-05-11T08:30:00.0000000+02:00,3.233,
2026-05-11T08:40:00.0000000+02:00,3.227,
2026-05-11T08:50:00.0000000+02:00,3.23,
2026-05-11T09:00:00.0000000+02:00,3.228,
2026-05-11T09:10:00.0000000+02:00,3.229,
2026-05-11T09:20:00.0000000+02:00,3.235,
2026-05-11T09:30:00.0000000+02:00,3.234,
2026-05-11T09:40:00.0000000+02:00,3.233,
2026-05-11T09:50:00.0000000+02:00,3.238,
2026-05-11T10:00:00.0000000+02:00,3.238,
2026-05-11T10:10:00.0000000+02:00,3.226,
2026-05-11T10:20:00.0000000+02:00,3.239,
2026-05-11T10:30:00.0000000+02:00,3.237,
2026-05-11T10:40:00.0000000+02:00,3.241,
2026-05-11T10:50:00.0000000+02:00,3.243,
2026-05-11T11:00:00.0000000+02:00,3.242,
2026-05-11T11:10:00.0000000+02:00,3.238,
2026-05-11T11:20:00.0000000+02:00,3.241,
2026-05-11T11:30:00.0000000+02:00,3.236,
2026-05-11T11:40:00.0000000+02:00,3.241,
2026-05-11T11:50:00.0000000+02:00,3.241,
2026-05-11T12:00:00.0000000+02:00,3.244,
2026-05-11T12:10:00.0000000+02:00,3.237,
2026-05-11T12:20:00.0000000+02:00,3.241,
2026-05-11T12:30:00.0000000+02:00,3.243,
2026-05-11T12:40:00.0000000+02:00,3.247,
2026-05-11T12:50:00.0000000+02:00,3.236,
2026-05-11T13:00:00.0000000+02:00,3.238,
2026-05-11T13:10:00.0000000+02:00,3.245,
2026-05-11T13:20:00.0000000+02:00,3.248,
2026-05-11T13:30:00.0000000+02:00,3.244,
2026-05-11T13:40:00.0000000+02:00,3.247,
2026-05-11T13:50:00.0000000+02:00,3.242,
2026-05-11T14:00:00.0000000+02:00,3.244,
2026-05-11T14:10:00.0000000+02:00,3.25,
2026-05-11T14:20:00.0000000+02:00,3.247,
2026-05-11T14:30:00.0000000+02:00,3.24,
2026-05-11T14:40:00.0000000+02:00,3.235,
2026-05-11T14:50:00.0000000+02:00,3.243,
2026-05-11T15:00:00.0000000+02:00,3.243,
2026-05-11T15:10:00.0000000+02:00,3.249,
2026-05-11T15:20:00.0000000+02:00,3.236,
2026-05-11T15:30:00.0000000+02:00,3.241,
2026-05-11T15:40:00.0000000+02:00,3.24,
2026-05-11T15:50:00.0000000+02:00,3.241,
2026-05-11T16:00:00.0000000+02:00,3.24,
2026-05-11T16:10:00.0000000+02:00,3.242,
2026-05-11T16:20:00.0000000+02:00,3.233,
2026-05-11T16:30:00.0000000+02:00,3.235,
2026-05-11T16:40:00.0000000+02:00,3.239,
2026-05-11T16:50:00.0000000+02:00,3.241,
2026-05-11T17:00:00.0000000+02:00,3.235,
2026-05-11T17:10:00.0000000+02:00,3.241,
2026-05-11T17:20:00.0000000+02:00,3.234,
2026-05-11T17:30:00.0000000+02:00,3.233,
2026-05-11T17:40:00.0000000+02:00,3.228,
2026-05-11T17:50:00.0000000+02:00,3.23,
2026-05-11T18:00:00.0000000+02:00,3.233,
2026-05-11T18:10:00.0000000+02:00,3.23,
2026-05-11T18:20:00.0000000+02:00,3.226,
2026-05-11T18:30:00.0000000+02:00,3.225,
2026-05-11T18:40:00.0000000+02:00,3.222,
2026-05-11T18:50:00.0000000+02:00,3.229,
2026-05-11T19:00:00.0000000+02:00,3.232,
2026-05-11T19:10:00.0000000+02:00,3.229,
2026-05-11T19:20:00.0000000+02:00,3.231,
2026-05-11T19:30:00.0000000+02:00,3.231,
2026-05-11T19:40:00.0000000+02:00,3.227,
2026-05-11T19:50:00.0000000+02:00,3.229,
2026-05-11T20:00:00.0000000+02:00,3.229,
2026-05-11T20:10:00.0000000+02:00,3.232,
2026-05-11T20:20:00.0000000+02:00,3.228,
2026-05-11T20:30:00.0000000+02:00,3.227,
2026-05-11T20:40:00.0000000+02:00,3.233,
2026-05-11T20:50:00.0000000+02:00,3.231,
2026-05-11T21:00:00.0000000+02:00,3.226,
2026-05-11T21:10:00.0000000+02:00,3.223,
2026-05-11T21:20:00.0000000+02:00,3.226,
2026-05-11T21:30:00.0000000+02:00,3.227,
2026-05-11T21:40:00.0000000+02:00,3.226,
2026-05-11T21:50:00.0000000+02:00,3.226,
2026-05-11T22:00:00.0000000+02:00,3.228,
2026-05-11T22:10:00.0000000+02:00,3.219,
2026-05-11T22:20:00.0000000+02:00,3.229,
2026-05-11T22:30:00.0000000+02:00,3.227,
2026-05-11T22:40:00.0000000+02:00,3.225,
2026-05-11T22:50:00.0000000+02:00,3.222,
2026-05-11T23:00:00.0000000+02:00,3.22,
2026-05-11T23:10:00.0000000+02:00,3.224,
2026-05-11T23:20:00.0000000+02:00,3.221,
2026-05-11T23:30:00.0000000+02:00,3.224,
2026-05-11T23:40:00.0000000+02:00,3.227,
2026-05-11T23:50:00.0000000+02:00,3.225,
2026-05-12T00:00:00.0000000+02:00,3.229,
2026-05-12T00:10:00.0000000+02:00,3.229,
2026-05-12T00:20:00.0000000+02:00,3.227,
2026-05-12T00:30:00.0000000+02:00,3.234,
2026-05-12T00:40:00.0000000+02:00,3.23,
2026-05-12T00:50:00.0000000+02:00,3.23,
2026-05-12T01:00:00.0000000+02:00,3.23,
2026-05-12T01:10:00.0000000+02:00,3.225,
2026-05-12T01:20:00.0000000+02:00,3.218,
2026-05-12T01:30:00.0000000+02:00,3.223,
2026-05-12T01:40:00.0000000+02:00,3.225,
2026-05-12T01:50:00.0000000+02:00,3.228,
2026-05-12T02:00:00.0000000+02:00,3.232,
2026-05-12T02:10:00.0000000+02:00,3.229,
2026-05-12T02:20:00.0000000+02:00,3.225,
2026-05-12T02:30:00.0000000+02:00,3.224,
2026-05-12T02:40:00.0000000+02:00,3.222,
2026-05-12T02:50:00.0000000+02:00,3.224,
2026-05-12T03:00:00.0000000+02:00,3.224,
2026-05-12T03:10:00.0000000+02:00,3.224,
2026-05-12T03:20:00.0000000+02:00,3.227,
2026-05-12T03:30:00.0000000+02:00,3.225,
2026-05-12T03:40:00.0000000+02:00,3.223,
2026-05-12T03:50:00.0000000+02:00,3.222,
2026-05-12T04:00:00.0000000+02:00,3.226,
2026-05-12T04:10:00.0000000+02:00,3.22,
2026-05-12T04:20:00.0000000+02:00,3.224,
2026-05-12T04:30:00.0000000+02:00,3.226,
2026-05-12T04:40:00.0000000+02:00,3.224,
2026-05-12T04:50:00.0000000+02:00,3.226,
2026-05-12T05:00:00.0000000+02:00,3.227,
2026-05-12T05:10:00.0000000+02:00,3.223,
2026-05-12T05:20:00.0000000+02:00,3.226,
2026-05-12T05:30:00.0000000+02:00,3.225,
2026-05-12T05:40:00.0000000+02:00,3.223,
2026-05-12T05:50:00.0000000+02:00,3.223,
2026-05-12T06:00:00.0000000+02:00,3.226,
2026-05-12T06:10:00.0000000+02:00,3.223,
2026-05-12T06:20:00.0000000+02:00,3.222,
2026-05-12T06:30:00.0000000+02:00,3.223,
2026-05-12T06:40:00.0000000+02:00,3.224,
2026-05-12T06:50:00.0000000+02:00,3.223,
2026-05-12T07:00:00.0000000+02:00,3.224,
2026-05-12T07:10:00.0000000+02:00,3.222,
2026-05-12T07:20:00.0000000+02:00,3.218,
2026-05-12T07:30:00.0000000+02:00,3.231,
2026-05-12T07:40:00.0000000+02:00,3.224,
2026-05-12T07:50:00.0000000+02:00,3.225,
2026-05-12T08:00:00.0000000+02:00,3.227,
2026-05-12T08:10:00.0000000+02:00,3.226,
2026-05-12T08:20:00.0000000+02:00,3.229,
2026-05-12T08:30:00.0000000+02:00,3.225,
2026-05-12T08:40:00.0000000+02:00,3.228,
2026-05-12T08:50:00.0000000+02:00,3.226,
2026-05-12T09:00:00.0000000+02:00,3.217,
2026-05-12T09:10:00.0000000+02:00,3.225,
2026-05-12T09:20:00.0000000+02:00,3.226,
2026-05-12T09:30:00.0000000+02:00,3.219,
2026-05-12T09:40:00.0000000+02:00,3.224,
2026-05-12T09:50:00.0000000+02:00,3.221,
2026-05-12T10:00:00.0000000+02:00,3.23,
2026-05-12T10:10:00.0000000+02:00,3.231,
2026-05-12T10:20:00.0000000+02:00,3.23,
2026-05-12T10:30:00.0000000+02:00,3.232,
2026-05-12T10:40:00.0000000+02:00,3.229,
2026-05-12T10:50:00.0000000+02:00,3.229,
2026-05-12T11:00:00.0000000+02:00,3.226,
2026-05-12T11:10:00.0000000+02:00,3.225,
2026-05-12T11:20:00.0000000+02:00,3.232,
2026-05-12T11:30:00.0000000+02:00,3.229,
2026-05-12T11:40:00.0000000+02:00,3.233,
2026-05-12T11:50:00.0000000+02:00,3.228,
2026-05-12T12:00:00.0000000+02:00,3.23,
2026-05-12T12:10:00.0000000+02:00,3.229,
2026-05-12T12:20:00.0000000+02:00,3.228,
2026-05-12T12:30:00.0000000+02:00,3.229,
2026-05-12T12:40:00.0000000+02:00,3.227,
2026-05-12T12:50:00.0000000+02:00,3.222,
2026-05-12T13:00:00.0000000+02:00,3.224,
2026-05-12T13:10:00.0000000+02:00,3.227,
2026-05-12T13:20:00.0000000+02:00,3.227,
2026-05-12T13:30:00.0000000+02:00,3.224,
2026-05-12T13:40:00.0000000+02:00,3.225,
2026-05-12T13:50:00.0000000+02:00,3.224,
2026-05-12T14:00:00.0000000+02:00,3.222,
2026-05-12T14:10:00.0000000+02:00,3.221,
2026-05-12T14:20:00.0000000+02:00,3.227,
2026-05-12T14:30:00.0000000+02:00,3.227,
2026-05-12T14:40:00.0000000+02:00,3.226,
2026-05-12T14:50:00.0000000+02:00,3.228,
2026-05-12T15:00:00.0000000+02:00,3.228,
2026-05-12T15:10:00.0000000+02:00,3.221,
2026-05-12T15:20:00.0000000+02:00,3.224,
2026-05-12T15:30:00.0000000+02:00,3.222,
2026-05-12T15:40:00.0000000+02:00,3.221,
2026-05-12T15:50:00.0000000+02:00,3.223,
2026-05-12T16:00:00.0000000+02:00,3.221,
2026-05-12T16:10:00.0000000+02:00,3.223,
2026-05-12T16:20:00.0000000+02:00,3.22,
2026-05-12T16:30:00.0000000+02:00,3.224,
2026-05-12T16:40:00.0000000+02:00,3.218,
2026-05-12T16:50:00.0000000+02:00,3.218,
2026-05-12T17:00:00.0000000+02:00,3.216,
2026-05-12T17:10:00.0000000+02:00,3.21,
2026-05-12T17:20:00.0000000+02:00,3.215,
2026-05-12T17:30:00.0000000+02:00,3.214,
2026-05-12T17:40:00.0000000+02:00,3.21,
2026-05-12T17:50:00.0000000+02:00,3.21,
2026-05-12T18:00:00.0000000+02:00,3.214,
2026-05-12T18:10:00.0000000+02:00,3.208,
2026-05-12T18:20:00.0000000+02:00,3.213,
2026-05-12T18:30:00.0000000+02:00,3.212,
2026-05-12T18:40:00.0000000+02:00,3.205,
2026-05-12T18:50:00.0000000+02:00,3.21,
2026-05-12T19:00:00.0000000+02:00,3.215,
2026-05-12T19:10:00.0000000+02:00,3.214,
2026-05-12T19:20:00.0000000+02:00,3.209,
2026-05-12T19:30:00.0000000+02:00,3.21,
2026-05-12T19:40:00.0000000+02:00,3.212,
2026-05-12T19:50:00.0000000+02:00,3.212,
2026-05-12T20:00:00.0000000+02:00,3.208,
2026-05-12T20:10:00.0000000+02:00,3.207,
2026-05-12T20:20:00.0000000+02:00,3.21,
2026-05-12T20:30:00.0000000+02:00,3.203,
2026-05-12T20:40:00.0000000+02:00,3.207,
2026-05-12T20:50:00.0000000+02:00,3.206,
2026-05-12T21:00:00.0000000+02:00,3.211,
2026-05-12T21:10:00.0000000+02:00,3.206,
2026-05-12T21:20:00.0000000+02:00,3.209,
2026-05-12T21:30:00.0000000+02:00,3.206,
2026-05-12T21:40:00.0000000+02:00,3.207,
2026-05-12T21:50:00.0000000+02:00,3.204,
2026-05-12T22:00:00.0000000+02:00,3.205,
2026-05-12T22:10:00.0000000+02:00,3.204,
2026-05-12T22:20:00.0000000+02:00,3.206,
2026-05-12T22:30:00.0000000+02:00,3.204,
2026-05-12T22:40:00.0000000+02:00,3.194,
2026-05-12T22:50:00.0000000+02:00,3.196,
2026-05-12T23:00:00.0000000+02:00,3.203,
2026-05-12T23:10:00.0000000+02:00,3.2,
2026-05-12T23:20:00.0000000+02:00,3.202,
2026-05-12T23:30:00.0000000+02:00,3.198,
2026-05-12T23:40:00.0000000+02:00,3.197,
2026-05-12T23:50:00.0000000+02:00,3.196,
2026-05-13T00:00:00.0000000+02:00,3.197,
2026-05-13T00:10:00.0000000+02:00,3.194,
2026-05-13T00:20:00.0000000+02:00,3.195,
2026-05-13T00:30:00.0000000+02:00,3.194,
2026-05-13T00:40:00.0000000+02:00,3.195,
2026-05-13T00:50:00.0000000+02:00,3.197,
2026-05-13T01:00:00.0000000+02:00,3.195,
2026-05-13T01:10:00.0000000+02:00,3.197,
2026-05-13T01:20:00.0000000+02:00,3.193,
2026-05-13T01:30:00.0000000+02:00,3.187,
2026-05-13T01:40:00.0000000+02:00,3.19,
2026-05-13T01:50:00.0000000+02:00,3.195,
2026-05-13T02:00:00.0000000+02:00,3.193,
2026-05-13T02:10:00.0000000+02:00,3.193,
2026-05-13T02:20:00.0000000+02:00,3.198,
2026-05-13T02:30:00.0000000+02:00,3.192,
2026-05-13T02:40:00.0000000+02:00,3.195,
2026-05-13T02:50:00.0000000+02:00,3.193,
2026-05-13T03:00:00.0000000+02:00,3.198,
2026-05-13T03:10:00.0000000+02:00,3.193,
2026-05-13T03:20:00.0000000+02:00,3.195,
2026-05-13T03:30:00.0000000+02:00,3.186,
2026-05-13T03:40:00.0000000+02:00,3.192,
2026-05-13T03:50:00.0000000+02:00,3.191,
2026-05-13T04:00:00.0000000+02:00,3.187,
2026-05-13T04:10:00.0000000+02:00,3.189,
2026-05-13T04:20:00.0000000+02:00,3.188,
2026-05-13T04:30:00.0000000+02:00,3.188,
2026-05-13T04:40:00.0000000+02:00,3.19,
2026-05-13T04:50:00.0000000+02:00,3.186,
2026-05-13T05:00:00.0000000+02:00,3.189,
2026-05-13T05:10:00.0000000+02:00,3.185,
2026-05-13T05:20:00.0000000+02:00,3.186,
2026-05-13T05:30:00.0000000+02:00,3.182,
2026-05-13T05:40:00.0000000+02:00,3.189,
2026-05-13T05:50:00.0000000+02:00,3.185,
2026-05-13T06:00:00.0000000+02:00,3.185,
2026-05-13T06:10:00.0000000+02:00,3.184,
2026-05-13T06:20:00.0000000+02:00,3.188,
2026-05-13T06:30:00.0000000+02:00,3.183,
2026-05-13T06:40:00.0000000+02:00,3.183,
2026-05-13T06:50:00.0000000+02:00,3.185,
2026-05-13T07:00:00.0000000+02:00,3.18,
2026-05-13T07:10:00.0000000+02:00,3.176,
2026-05-13T07:20:00.0000000+02:00,3.179,
2026-05-13T07:30:00.0000000+02:00,3.175,
2026-05-13T07:40:00.0000000+02:00,3.172,
2026-05-13T07:50:00.0000000+02:00,3.175,
2026-05-13T08:00:00.0000000+02:00,3.173,
2026-05-13T08:10:00.0000000+02:00,3.171,
2026-05-13T08:20:00.0000000+02:00,3.172,
2026-05-13T08:30:00.0000000+02:00,3.172,
2026-05-13T08:40:00.0000000+02:00,3.167,
2026-05-13T08:50:00.0000000+02:00,3.165,
2026-05-13T09:00:00.0000000+02:00,3.165,
2026-05-13T09:10:00.0000000+02:00,3.165,
2026-05-13T09:20:00.0000000+02:00,3.167,
2026-05-13T09:30:00.0000000+02:00,3.161,
2026-05-13T09:40:00.0000000+02:00,3.164,
2026-05-13T09:50:00.0000000+02:00,3.169,
2026-05-13T10:00:00.0000000+02:00,3.165,
2026-05-13T10:10:00.0000000+02:00,3.158,
2026-05-13T10:20:00.0000000+02:00,3.162,
2026-05-13T10:30:00.0000000+02:00,3.164,
2026-05-13T10:40:00.0000000+02:00,3.158,
2026-05-13T10:50:00.0000000+02:00,3.16,
2026-05-13T11:00:00.0000000+02:00,3.154,
2026-05-13T11:10:00.0000000+02:00,3.158,
2026-05-13T11:20:00.0000000+02:00,3.16,
2026-05-13T11:30:00.0000000+02:00,3.158,
2026-05-13T11:40:00.0000000+02:00,3.159,
2026-05-13T11:50:00.0000000+02:00,3.17,
2026-05-13T12:00:00.0000000+02:00,3.164,
2026-05-13T12:10:00.0000000+02:00,3.17,
2026-05-13T12:20:00.0000000+02:00,3.167,
2026-05-13T12:30:00.0000000+02:00,3.167,
2026-05-13T12:40:00.0000000+02:00,3.161,
2026-05-13T12:50:00.0000000+02:00,3.164,
2026-05-13T13:00:00.0000000+02:00,3.169,
2026-05-13T13:10:00.0000000+02:00,3.157,
2026-05-13T13:20:00.0000000+02:00,3.16,
2026-05-13T13:30:00.0000000+02:00,3.164,
2026-05-13T13:40:00.0000000+02:00,3.156,
2026-05-13T13:50:00.0000000+02:00,3.152,
2026-05-13T14:00:00.0000000+02:00,3.161,
2026-05-13T14:10:00.0000000+02:00,3.157,
2026-05-13T14:20:00.0000000+02:00,3.158,
2026-05-13T14:30:00.0000000+02:00,3.158,
2026-05-13T14:40:00.0000000+02:00,3.152,
2026-05-13T14:50:00.0000000+02:00,3.158,
2026-05-13T15:00:00.0000000+02:00,3.152,
2026-05-13T15:10:00.0000000+02:00,3.142,
2026-05-13T15:20:00.0000000+02:00,3.149,
2026-05-13T15:30:00.0000000+02:00,3.145,
2026-05-13T15:40:00.0000000+02:00,3.141,
2026-05-13T15:50:00.0000000+02:00,3.146,
2026-05-13T16:00:00.0000000+02:00,3.138,
2026-05-13T16:10:00.0000000+02:00,3.134,
2026-05-13T16:20:00.0000000+02:00,3.146,
2026-05-13T16:30:00.0000000+02:00,3.145,
2026-05-13T16:40:00.0000000+02:00,3.153,
2026-05-13T16:50:00.0000000+02:00,3.15,
2026-05-13T17:00:00.0000000+02:00,3.142,
2026-05-13T17:10:00.0000000+02:00,3.142,
2026-05-13T17:20:00.0000000+02:00,3.143,
2026-05-13T17:30:00.0000000+02:00,3.14,
2026-05-13T17:40:00.0000000+02:00,3.138,
2026-05-13T17:50:00.0000000+02:00,3.142,
2026-05-13T18:00:00.0000000+02:00,3.137,
2026-05-13T18:10:00.0000000+02:00,3.136,
2026-05-13T18:20:00.0000000+02:00,3.134,
2026-05-13T18:30:00.0000000+02:00,3.14,
2026-05-13T18:40:00.0000000+02:00,3.136,
2026-05-13T18:50:00.0000000+02:00,3.138,
2026-05-13T19:00:00.0000000+02:00,3.131,
2026-05-13T19:10:00.0000000+02:00,3.135,
2026-05-13T19:20:00.0000000+02:00,3.137,
2026-05-13T19:30:00.0000000+02:00,3.138,
2026-05-13T19:40:00.0000000+02:00,3.136,
2026-05-13T19:50:00.0000000+02:00,3.133,
2026-05-13T20:00:00.0000000+02:00,3.132,
2026-05-13T20:10:00.0000000+02:00,3.133,
2026-05-13T20:20:00.0000000+02:00,3.133,
2026-05-13T20:30:00.0000000+02:00,3.132,
2026-05-13T20:40:00.0000000+02:00,3.128,
2026-05-13T20:50:00.0000000+02:00,3.128,
2026-05-13T21:00:00.0000000+02:00,3.131,
2026-05-13T21:10:00.0000000+02:00,3.133,
2026-05-13T21:20:00.0000000+02:00,3.125,
2026-05-13T21:30:00.0000000+02:00,3.132,
2026-05-13T21:40:00.0000000+02:00,3.127,
2026-05-13T21:50:00.0000000+02:00,3.132,
2026-05-13T22:00:00.0000000+02:00,3.128,
2026-05-13T22:10:00.0000000+02:00,3.131,
2026-05-13T22:20:00.0000000+02:00,3.125,
2026-05-13T22:30:00.0000000+02:00,3.129,
2026-05-13T22:40:00.0000000+02:00,3.127,
2026-05-13T22:50:00.0000000+02:00,3.128,
2026-05-13T23:00:00.0000000+02:00,3.129,
2026-05-13T23:10:00.0000000+02:00,3.128,
2026-05-13T23:20:00.0000000+02:00,3.124,
2026-05-13T23:30:00.0000000+02:00,3.12,
2026-05-13T23:40:00.0000000+02:00,3.124,
2026-05-13T23:50:00.0000000+02:00,3.124,
2026-05-14T00:00:00.0000000+02:00,3.125,
2026-05-14T00:10:00.0000000+02:00,3.131,
2026-05-14T00:20:00.0000000+02:00,3.125,
2026-05-14T00:30:00.0000000+02:00,3.125,
2026-05-14T00:40:00.0000000+02:00,3.126,
2026-05-14T00:50:00.0000000+02:00,3.124,
2026-05-14T01:00:00.0000000+02:00,3.125,
2026-05-14T01:10:00.0000000+02:00,3.124,
2026-05-14T01:20:00.0000000+02:00,3.125,
2026-05-14T01:30:00.0000000+02:00,3.124,
2026-05-14T01:40:00.0000000+02:00,3.123,
2026-05-14T01:50:00.0000000+02:00,3.122,
2026-05-14T02:00:00.0000000+02:00,3.125,
2026-05-14T02:10:00.0000000+02:00,3.12,
2026-05-14T02:20:00.0000000+02:00,3.122,
2026-05-14T02:30:00.0000000+02:00,3.122,
2026-05-14T02:40:00.0000000+02:00,3.124,
2026-05-14T02:50:00.0000000+02:00,3.12,
2026-05-14T03:00:00.0000000+02:00,3.12,
2026-05-14T03:10:00.0000000+02:00,3.118,
2026-05-14T03:20:00.0000000+02:00,3.12,
2026-05-14T03:30:00.0000000+02:00,3.119,
2026-05-14T03:40:00.0000000+02:00,3.118,
2026-05-14T03:50:00.0000000+02:00,3.114,
2026-05-14T04:00:00.0000000+02:00,3.116,
2026-05-14T04:10:00.0000000+02:00,3.111,
2026-05-14T04:20:00.0000000+02:00,3.11,
2026-05-14T04:30:00.0000000+02:00,3.113,
2026-05-14T04:40:00.0000000+02:00,3.107,
2026-05-14T04:50:00.0000000+02:00,3.109,
2026-05-14T05:00:00.0000000+02:00,3.106,
2026-05-14T05:10:00.0000000+02:00,3.113,
2026-05-14T05:20:00.0000000+02:00,3.114,
2026-05-14T05:30:00.0000000+02:00,3.117,
2026-05-14T05:40:00.0000000+02:00,3.111,
2026-05-14T05:50:00.0000000+02:00,3.107,
2026-05-14T06:00:00.0000000+02:00,3.107,
2026-05-14T06:10:00.0000000+02:00,3.11,
2026-05-14T06:20:00.0000000+02:00,3.108,
2026-05-14T06:30:00.0000000+02:00,3.106,
2026-05-14T06:40:00.0000000+02:00,3.109,
2026-05-14T06:50:00.0000000+02:00,3.108,
2026-05-14T07:00:00.0000000+02:00,3.109,
2026-05-14T07:10:00.0000000+02:00,3.106,
2026-05-14T07:20:00.0000000+02:00,3.103,
2026-05-14T07:30:00.0000000+02:00,3.104,
2026-05-14T07:40:00.0000000+02:00,3.103,
2026-05-14T07:50:00.0000000+02:00,3.101,
2026-05-14T08:00:00.0000000+02:00,3.103,
2026-05-14T08:10:00.0000000+02:00,3.096,
2026-05-14T08:20:00.0000000+02:00,3.094,
2026-05-14T08:30:00.0000000+02:00,3.099,
2026-05-14T08:40:00.0000000+02:00,3.098,
2026-05-14T08:50:00.0000000+02:00,3.1,
2026-05-14T09:00:00.0000000+02:00,3.1,
2026-05-14T09:10:00.0000000+02:00,3.097,
2026-05-14T09:20:00.0000000+02:00,3.097,
2026-05-14T09:30:00.0000000+02:00,3.106,
2026-05-14T09:40:00.0000000+02:00,3.103,
2026-05-14T09:50:00.0000000+02:00,3.097,
2026-05-14T10:00:00.0000000+02:00,3.099,
2026-05-14T10:10:00.0000000+02:00,3.1,
2026-05-14T10:20:00.0000000+02:00,3.104,
2026-05-14T10:30:00.0000000+02:00,3.095,
2026-05-14T10:40:00.0000000+02:00,3.085,
2026-05-14T10:50:00.0000000+02:00,3.094,
2026-05-14T11:00:00.0000000+02:00,3.091,
2026-05-14T11:10:00.0000000+02:00,3.095,
2026-05-14T11:20:00.0000000+02:00,3.093,
2026-05-14T11:30:00.0000000+02:00,3.094,
2026-05-14T11:40:00.0000000+02:00,3.09,
2026-05-14T11:50:00.0000000+02:00,3.095,
2026-05-14T12:00:00.0000000+02:00,3.094,
2026-05-14T12:10:00.0000000+02:00,3.102,
2026-05-14T12:20:00.0000000+02:00,3.101,
2026-05-14T12:30:00.0000000+02:00,3.094,
2026-05-14T12:40:00.0000000+02:00,3.086,
2026-05-14T12:50:00.0000000+02:00,3.088,
2026-05-14T13:00:00.0000000+02:00,3.095,
2026-05-14T13:10:00.0000000+02:00,3.095,
2026-05-14T13:20:00.0000000+02:00,3.092,
2026-05-14T13:30:00.0000000+02:00,3.087,
2026-05-14T13:40:00.0000000+02:00,3.082,
2026-05-14T13:50:00.0000000+02:00,3.081,
2026-05-14T14:00:00.0000000+02:00,3.084,
2026-05-14T14:10:00.0000000+02:00,3.086,
2026-05-14T14:20:00.0000000+02:00,3.083,
2026-05-14T14:30:00.0000000+02:00,3.078,
2026-05-14T14:40:00.0000000+02:00,3.085,
2026-05-14T14:50:00.0000000+02:00,3.087,
2026-05-14T15:00:00.0000000+02:00,3.082,
2026-05-14T15:10:00.0000000+02:00,3.085,
2026-05-14T15:20:00.0000000+02:00,3.083,
2026-05-14T15:30:00.0000000+02:00,3.088,
2026-05-14T15:40:00.0000000+02:00,3.084,
2026-05-14T15:50:00.0000000+02:00,3.085,
2026-05-14T16:00:00.0000000+02:00,3.083,
2026-05-14T16:10:00.0000000+02:00,3.084,
2026-05-14T16:20:00.0000000+02:00,3.082,
2026-05-14T16:30:00.0000000+02:00,3.078,
2026-05-14T16:40:00.0000000+02:00,3.072,
2026-05-14T16:50:00.0000000+02:00,3.076,
2026-05-14T17:00:00.0000000+02:00,3.076,
2026-05-14T17:10:00.0000000+02:00,3.07,
2026-05-14T17:20:00.0000000+02:00,3.068,
2026-05-14T17:30:00.0000000+02:00,3.069,
2026-05-14T17:40:00.0000000+02:00,3.066,
2026-05-14T17:50:00.0000000+02:00,3.068,
2026-05-14T18:00:00.0000000+02:00,3.065,
2026-05-14T18:10:00.0000000+02:00,3.06,
2026-05-14T18:20:00.0000000+02:00,3.064,
2026-05-14T18:30:00.0000000+02:00,3.061,
2026-05-14T18:40:00.0000000+02:00,3.062,
2026-05-14T18:50:00.0000000+02:00,3.056,
2026-05-14T19:00:00.0000000+02:00,3.054,
2026-05-14T19:10:00.0000000+02:00,3.056,
2026-05-14T19:20:00.0000000+02:00,3.061,
2026-05-14T19:30:00.0000000+02:00,3.05,
2026-05-14T19:40:00.0000000+02:00,3.052,
2026-05-14T19:50:00.0000000+02:00,3.058,
2026-05-14T20:00:00.0000000+02:00,3.053,
2026-05-14T20:10:00.0000000+02:00,3.057,
2026-05-14T20:20:00.0000000+02:00,3.052,
2026-05-14T20:30:00.0000000+02:00,3.051,
2026-05-14T20:40:00.0000000+02:00,3.051,
2026-05-14T20:50:00.0000000+02:00,3.051,
2026-05-14T21:00:00.0000000+02:00,3.049,
2026-05-14T21:10:00.0000000+02:00,3.044,
2026-05-14T21:20:00.0000000+02:00,3.048,
2026-05-14T21:30:00.0000000+02:00,3.046,
2026-05-14T21:40:00.0000000+02:00,3.036,
2026-05-14T21:50:00.0000000+02:00,3.016,
2026-05-14T22:00:00.0000000+02:00,3.022,
2026-05-14T22:10:00.0000000+02:00,3.026,
2026-05-14T22:20:00.0000000+02:00,3.034,
2026-05-14T22:30:00.0000000+02:00,3.015,
2026-05-14T22:40:00.0000000+02:00,3.057,
2026-05-14T22:50:00.0000000+02:00,3.057,
2026-05-14T23:00:00.0000000+02:00,3.056,
2026-05-14T23:10:00.0000000+02:00,3.051,
2026-05-14T23:20:00.0000000+02:00,3.052,
2026-05-14T23:30:00.0000000+02:00,3.048,
2026-05-14T23:40:00.0000000+02:00,3.042,
2026-05-14T23:50:00.0000000+02:00,3.044,
2026-05-15T00:00:00.0000000+02:00,3.049,
2026-05-15T00:10:00.0000000+02:00,3.048,
2026-05-15T00:20:00.0000000+02:00,3.048,
2026-05-15T00:30:00.0000000+02:00,3.044,
2026-05-15T00:40:00.0000000+02:00,3.041,
2026-05-15T00:50:00.0000000+02:00,3.041,
2026-05-15T01:00:00.0000000+02:00,3.043,
2026-05-15T01:10:00.0000000+02:00,3.04,
2026-05-15T01:20:00.0000000+02:00,3.043,
2026-05-15T01:30:00.0000000+02:00,3.039,
2026-05-15T01:40:00.0000000+02:00,3.042,
2026-05-15T01:50:00.0000000+02:00,3.035,
2026-05-15T02:00:00.0000000+02:00,3.041,
2026-05-15T02:10:00.0000000+02:00,3.04,
2026-05-15T02:20:00.0000000+02:00,3.039,
2026-05-15T02:30:00.0000000+02:00,3.037,
2026-05-15T02:40:00.0000000+02:00,3.033,
2026-05-15T02:50:00.0000000+02:00,3.032,
2026-05-15T03:00:00.0000000+02:00,3.03,
2026-05-15T03:10:00.0000000+02:00,3.032,
2026-05-15T03:20:00.0000000+02:00,3.029,
2026-05-15T03:30:00.0000000+02:00,3.025,
2026-05-15T03:40:00.0000000+02:00,3.025,
2026-05-15T03:50:00.0000000+02:00,3.027,
2026-05-15T04:00:00.0000000+02:00,3.016,
2026-05-15T04:10:00.0000000+02:00,3.021,
2026-05-15T04:20:00.0000000+02:00,3.019,
2026-05-15T04:30:00.0000000+02:00,3.017,
2026-05-15T04:40:00.0000000+02:00,3.017,
2026-05-15T04:50:00.0000000+02:00,3.015,
2026-05-15T05:00:00.0000000+02:00,3.017,
2026-05-15T05:10:00.0000000+02:00,3.017,
2026-05-15T05:20:00.0000000+02:00,3.013,
2026-05-15T05:30:00.0000000+02:00,3.007,
2026-05-15T05:40:00.0000000+02:00,3.013,
2026-05-15T05:50:00.0000000+02:00,3.013,
2026-05-15T06:00:00.0000000+02:00,3.006,
2026-05-15T06:10:00.0000000+02:00,3.009,
2026-05-15T06:20:00.0000000+02:00,3.003,
2026-05-15T06:30:00.0000000+02:00,3.006,
2026-05-15T06:40:00.0000000+02:00,3.003,
2026-05-15T06:50:00.0000000+02:00,2.998,
2026-05-15T07:00:00.0000000+02:00,2.998,
2026-05-15T07:10:00.0000000+02:00,2.994,
2026-05-15T07:20:00.0000000+02:00,2.989,
2026-05-15T07:30:00.0000000+02:00,2.991,
2026-05-15T07:40:00.0000000+02:00,2.99,
2026-05-15T07:50:00.0000000+02:00,2.991,
2026-05-15T08:00:00.0000000+02:00,2.992,
2026-05-15T08:10:00.0000000+02:00,2.987,
2026-05-15T08:20:00.0000000+02:00,2.986,
2026-05-15T08:30:00.0000000+02:00,2.985,
2026-05-15T08:40:00.0000000+02:00,2.983,
2026-05-15T08:50:00.0000000+02:00,2.974,
2026-05-15T09:00:00.0000000+02:00,2.979,
2026-05-15T09:10:00.0000000+02:00,2.977,
2026-05-15T09:20:00.0000000+02:00,2.974,
2026-05-15T09:30:00.0000000+02:00,2.978,
2026-05-15T09:40:00.0000000+02:00,2.972,
2026-05-15T09:50:00.0000000+02:00,2.966,
2026-05-15T10:00:00.0000000+02:00,2.969,
2026-05-15T10:10:00.0000000+02:00,2.963,
2026-05-15T10:20:00.0000000+02:00,2.965,
2026-05-15T10:30:00.0000000+02:00,2.952,
2026-05-15T10:40:00.0000000+02:00,2.946,
2026-05-15T10:50:00.0000000+02:00,2.952,
2026-05-15T11:00:00.0000000+02:00,2.964,
2026-05-15T11:10:00.0000000+02:00,2.956,
2026-05-15T11:20:00.0000000+02:00,2.949,
2026-05-15T11:30:00.0000000+02:00,2.952,
2026-05-15T11:40:00.0000000+02:00,2.952,
2026-05-15T11:50:00.0000000+02:00,2.95,
2026-05-15T12:00:00.0000000+02:00,2.951,
2026-05-15T12:10:00.0000000+02:00,2.953,
2026-05-15T12:20:00.0000000+02:00,2.948,
2026-05-15T12:30:00.0000000+02:00,2.939,
2026-05-15T12:40:00.0000000+02:00,2.953,
2026-05-15T12:50:00.0000000+02:00,2.947,
2026-05-15T13:00:00.0000000+02:00,2.951,
2026-05-15T13:10:00.0000000+02:00,2.948,
2026-05-15T13:20:00.0000000+02:00,2.935,
2026-05-15T13:30:00.0000000+02:00,2.952,
2026-05-15T13:40:00.0000000+02:00,2.939,
2026-05-15T13:50:00.0000000+02:00,2.944,
2026-05-15T14:00:00.0000000+02:00,2.943,
2026-05-15T14:10:00.0000000+02:00,2.944,
2026-05-15T14:20:00.0000000+02:00,2.94,
2026-05-15T14:30:00.0000000+02:00,2.944,
2026-05-15T14:40:00.0000000+02:00,2.941,
2026-05-15T14:50:00.0000000+02:00,2.938,
2026-05-15T15:00:00.0000000+02:00,2.923,
2026-05-15T15:10:00.0000000+02:00,2.935,
2026-05-15T15:20:00.0000000+02:00,2.931,
2026-05-15T15:30:00.0000000+02:00,2.941,
2026-05-15T15:40:00.0000000+02:00,2.938,
2026-05-15T15:50:00.0000000+02:00,2.941,
2026-05-15T16:00:00.0000000+02:00,2.942,
2026-05-15T16:10:00.0000000+02:00,2.941,
2026-05-15T16:20:00.0000000+02:00,2.935,
2026-05-15T16:30:00.0000000+02:00,2.942,
2026-05-15T16:40:00.0000000+02:00,2.939,
2026-05-15T16:50:00.0000000+02:00,2.938,
2026-05-15T17:00:00.0000000+02:00,2.935,
2026-05-15T17:10:00.0000000+02:00,2.939,
2026-05-15T17:20:00.0000000+02:00,2.941,
2026-05-15T17:30:00.0000000+02:00,2.943,
2026-05-15T17:40:00.0000000+02:00,2.942,
2026-05-15T17:50:00.0000000+02:00,2.941,
2026-05-15T18:00:00.0000000+02:00,2.945,
2026-05-15T18:10:00.0000000+02:00,2.942,
2026-05-15T18:20:00.0000000+02:00,2.937,
2026-05-15T18:30:00.0000000+02:00,2.94,
2026-05-15T18:40:00.0000000+02:00,2.936,
2026-05-15T18:50:00.0000000+02:00,2.937,
2026-05-15T19:00:00.0000000+02:00,2.943,
2026-05-15T19:10:00.0000000+02:00,2.947,
2026-05-15T19:20:00.0000000+02:00,2.939,
2026-05-15T19:30:00.0000000+02:00,2.936,
2026-05-15T19:40:00.0000000+02:00,2.945,
2026-05-15T19:50:00.0000000+02:00,2.944,
2026-05-15T20:00:00.0000000+02:00,2.938,
2026-05-15T20:10:00.0000000+02:00,2.946,
2026-05-15T20:20:00.0000000+02:00,2.941,
2026-05-15T20:30:00.0000000+02:00,2.951,
2026-05-15T20:40:00.0000000+02:00,2.95,
2026-05-15T20:50:00.0000000+02:00,2.947,
2026-05-15T21:00:00.0000000+02:00,2.949,
2026-05-15T21:10:00.0000000+02:00,2.949,
2026-05-15T21:20:00.0000000+02:00,2.95,
2026-05-15T21:30:00.0000000+02:00,2.954,
2026-05-15T21:40:00.0000000+02:00,2.955,
2026-05-15T21:50:00.0000000+02:00,2.95,
2026-05-15T22:00:00.0000000+02:00,2.955,
2026-05-15T22:10:00.0000000+02:00,2.955,
2026-05-15T22:20:00.0000000+02:00,2.955,
2026-05-15T22:30:00.0000000+02:00,2.954,
2026-05-15T22:40:00.0000000+02:00,2.953,
2026-05-15T22:50:00.0000000+02:00,2.957,
2026-05-15T23:00:00.0000000+02:00,2.959,
2026-05-15T23:10:00.0000000+02:00,2.958,
2026-05-15T23:20:00.0000000+02:00,2.953,
2026-05-15T23:30:00.0000000+02:00,2.953,
2026-05-15T23:40:00.0000000+02:00,2.952,
2026-05-15T23:50:00.0000000+02:00,2.954,
2026-05-16T00:00:00.0000000+02:00,2.952,
2026-05-16T00:10:00.0000000+02:00,2.955,
2026-05-16T00:20:00.0000000+02:00,2.954,
2026-05-16T00:30:00.0000000+02:00,2.957,
2026-05-16T00:40:00.0000000+02:00,2.957,
2026-05-16T00:50:00.0000000+02:00,2.955,
2026-05-16T01:00:00.0000000+02:00,2.952,
2026-05-16T01:10:00.0000000+02:00,2.947,
2026-05-16T01:20:00.0000000+02:00,2.954,
2026-05-16T01:30:00.0000000+02:00,2.951,
2026-05-16T01:40:00.0000000+02:00,2.952,
2026-05-16T01:50:00.0000000+02:00,2.951,
2026-05-16T02:00:00.0000000+02:00,2.947,
2026-05-16T02:10:00.0000000+02:00,2.948,
2026-05-16T02:20:00.0000000+02:00,2.952,
2026-05-16T02:30:00.0000000+02:00,2.949,
2026-05-16T02:40:00.0000000+02:00,2.947,
2026-05-16T02:50:00.0000000+02:00,2.947,
2026-05-16T03:00:00.0000000+02:00,2.947,
2026-05-16T03:10:00.0000000+02:00,2.937,
2026-05-16T03:20:00.0000000+02:00,2.945,
2026-05-16T03:30:00.0000000+02:00,2.945,
2026-05-16T03:40:00.0000000+02:00,2.944,
2026-05-16T03:50:00.0000000+02:00,2.938,
2026-05-16T04:00:00.0000000+02:00,2.934,
2026-05-16T04:10:00.0000000+02:00,2.938,
2026-05-16T04:20:00.0000000+02:00,2.94,
2026-05-16T04:30:00.0000000+02:00,2.931,
2026-05-16T04:40:00.0000000+02:00,2.935,
2026-05-16T04:50:00.0000000+02:00,2.933,
2026-05-16T05:00:00.0000000+02:00,2.934,
2026-05-16T05:10:00.0000000+02:00,2.932,
2026-05-16T05:20:00.0000000+02:00,2.932,
2026-05-16T05:30:00.0000000+02:00,2.929,
2026-05-16T05:40:00.0000000+02:00,2.932,
2026-05-16T05:50:00.0000000+02:00,2.93,
2026-05-16T06:00:00.0000000+02:00,2.936,
2026-05-16T06:10:00.0000000+02:00,2.934,
2026-05-16T06:20:00.0000000+02:00,2.926,
2026-05-16T06:30:00.0000000+02:00,2.927,
2026-05-16T06:40:00.0000000+02:00,2.922,
2026-05-16T06:50:00.0000000+02:00,2.925,
2026-05-16T07:00:00.0000000+02:00,2.923,
2026-05-16T07:10:00.0000000+02:00,2.917,
2026-05-16T07:20:00.0000000+02:00,2.917,
2026-05-16T07:30:00.0000000+02:00,2.92,
2026-05-16T07:40:00.0000000+02:00,2.91,
2026-05-16T07:50:00.0000000+02:00,2.915,
2026-05-16T08:00:00.0000000+02:00,2.912,
2026-05-16T08:10:00.0000000+02:00,2.911,
2026-05-16T08:20:00.0000000+02:00,2.915,
2026-05-16T08:30:00.0000000+02:00,2.906,
2026-05-16T08:40:00.0000000+02:00,2.906,
2026-05-16T08:50:00.0000000+02:00,2.9,
2026-05-16T09:00:00.0000000+02:00,2.902,
2026-05-16T09:10:00.0000000+02:00,2.907,
2026-05-16T09:20:00.0000000+02:00,2.9,
2026-05-16T09:30:00.0000000+02:00,2.895,
2026-05-16T09:40:00.0000000+02:00,2.883,
2026-05-16T09:50:00.0000000+02:00,2.897,
2026-05-16T10:00:00.0000000+02:00,2.895,
2026-05-16T10:10:00.0000000+02:00,2.891,
2026-05-16T10:20:00.0000000+02:00,2.89,
2026-05-16T10:30:00.0000000+02:00,2.887,
2026-05-16T10:40:00.0000000+02:00,2.88,
2026-05-16T10:50:00.0000000+02:00,2.883,
2026-05-16T11:00:00.0000000+02:00,2.881,
2026-05-16T11:10:00.0000000+02:00,2.871,
2026-05-16T11:20:00.0000000+02:00,2.866,
2026-05-16T11:30:00.0000000+02:00,2.882,
2026-05-16T11:40:00.0000000+02:00,2.878,
2026-05-16T11:50:00.0000000+02:00,2.88,
2026-05-16T12:00:00.0000000+02:00,2.876,
2026-05-16T12:10:00.0000000+02:00,2.875,
2026-05-16T12:20:00.0000000+02:00,2.875,
2026-05-16T12:30:00.0000000+02:00,2.875,
2026-05-16T12:40:00.0000000+02:00,2.872,
2026-05-16T12:50:00.0000000+02:00,2.873,
2026-05-16T13:00:00.0000000+02:00,2.866,
2026-05-16T13:10:00.0000000+02:00,2.857,
2026-05-16T13:20:00.0000000+02:00,2.859,
2026-05-16T13:30:00.0000000+02:00,2.869,
2026-05-16T13:40:00.0000000+02:00,2.87,
2026-05-16T13:50:00.0000000+02:00,2.868,
2026-05-16T14:00:00.0000000+02:00,2.869,
2026-05-16T14:10:00.0000000+02:00,2.862,
2026-05-16T14:20:00.0000000+02:00,2.858,
2026-05-16T14:30:00.0000000+02:00,2.862,
2026-05-16T14:40:00.0000000+02:00,2.854,
2026-05-16T14:50:00.0000000+02:00,2.845,
2026-05-16T15:00:00.0000000+02:00,2.851,
2026-05-16T15:10:00.0000000+02:00,2.856,
2026-05-16T15:20:00.0000000+02:00,2.846,
2026-05-16T15:30:00.0000000+02:00,2.853,
2026-05-16T15:40:00.0000000+02:00,2.85,
2026-05-16T15:50:00.0000000+02:00,2.853,
2026-05-16T16:00:00.0000000+02:00,2.847,
2026-05-16T16:10:00.0000000+02:00,2.847,
2026-05-16T16:20:00.0000000+02:00,2.851,
2026-05-16T16:30:00.0000000+02:00,2.853,
2026-05-16T16:40:00.0000000+02:00,2.844,
2026-05-16T16:50:00.0000000+02:00,2.845,
2026-05-16T17:00:00.0000000+02:00,2.85,
2026-05-16T17:10:00.0000000+02:00,2.845,
2026-05-16T17:20:00.0000000+02:00,2.847,
2026-05-16T17:30:00.0000000+02:00,2.846,
2026-05-16T17:40:00.0000000+02:00,2.845,
2026-05-16T17:50:00.0000000+02:00,2.842,
2026-05-16T18:00:00.0000000+02:00,2.838,
2026-05-16T18:10:00.0000000+02:00,2.836,
2026-05-16T18:20:00.0000000+02:00,2.837,
2026-05-16T18:30:00.0000000+02:00,2.832,
2026-05-16T18:40:00.0000000+02:00,2.84,
2026-05-16T18:50:00.0000000+02:00,2.839,
2026-05-16T19:00:00.0000000+02:00,2.832,
2026-05-16T19:10:00.0000000+02:00,2.826,
2026-05-16T19:20:00.0000000+02:00,2.824,
2026-05-16T19:30:00.0000000+02:00,2.826,
2026-05-16T19:40:00.0000000+02:00,2.825,
2026-05-16T19:50:00.0000000+02:00,2.822,
2026-05-16T20:00:00.0000000+02:00,2.822,
2026-05-16T20:10:00.0000000+02:00,2.823,
2026-05-16T20:20:00.0000000+02:00,2.826,
2026-05-16T20:30:00.0000000+02:00,2.826,
2026-05-16T20:40:00.0000000+02:00,2.825,
2026-05-16T20:50:00.0000000+02:00,2.822,
2026-05-16T21:00:00.0000000+02:00,2.825,
2026-05-16T21:10:00.0000000+02:00,2.823,
2026-05-16T21:20:00.0000000+02:00,2.825,
2026-05-16T21:30:00.0000000+02:00,2.826,
2026-05-16T21:40:00.0000000+02:00,2.83,
2026-05-16T21:50:00.0000000+02:00,2.827,
2026-05-16T22:00:00.0000000+02:00,2.83,
2026-05-16T22:10:00.0000000+02:00,2.827,
2026-05-16T22:20:00.0000000+02:00,2.829,
2026-05-16T22:30:00.0000000+02:00,2.831,
2026-05-16T22:40:00.0000000+02:00,2.83,
2026-05-16T22:50:00.0000000+02:00,2.829,
2026-05-16T23:00:00.0000000+02:00,2.832,
2026-05-16T23:10:00.0000000+02:00,2.83,
2026-05-16T23:20:00.0000000+02:00,2.838,
2026-05-16T23:30:00.0000000+02:00,2.831,
2026-05-16T23:40:00.0000000+02:00,2.833,
2026-05-16T23:50:00.0000000+02:00,2.84,
2026-05-17T00:00:00.0000000+02:00,2.836,
2026-05-17T00:10:00.0000000+02:00,2.847,
2026-05-17T00:20:00.0000000+02:00,2.841,
2026-05-17T00:30:00.0000000+02:00,2.843,
2026-05-17T00:40:00.0000000+02:00,2.847,
2026-05-17T00:50:00.0000000+02:00,2.841,
2026-05-17T01:00:00.0000000+02:00,2.848,
2026-05-17T01:10:00.0000000+02:00,2.849,
2026-05-17T01:20:00.0000000+02:00,2.85,
2026-05-17T01:30:00.0000000+02:00,2.851,
2026-05-17T01:40:00.0000000+02:00,2.852,
2026-05-17T01:50:00.0000000+02:00,2.855,
2026-05-17T02:00:00.0000000+02:00,2.856,
2026-05-17T02:10:00.0000000+02:00,2.855,
2026-05-17T02:20:00.0000000+02:00,2.855,
2026-05-17T02:30:00.0000000+02:00,2.855,
2026-05-17T02:40:00.0000000+02:00,2.851,
2026-05-17T02:50:00.0000000+02:00,2.856,
2026-05-17T03:00:00.0000000+02:00,2.852,
2026-05-17T03:10:00.0000000+02:00,2.851,
2026-05-17T03:20:00.0000000+02:00,2.858,
2026-05-17T03:30:00.0000000+02:00,2.856,
2026-05-17T03:40:00.0000000+02:00,2.855,
2026-05-17T03:50:00.0000000+02:00,2.854,
2026-05-17T04:00:00.0000000+02:00,2.855,
2026-05-17T04:10:00.0000000+02:00,2.851,
2026-05-17T04:20:00.0000000+02:00,2.856,
2026-05-17T04:30:00.0000000+02:00,2.853,
2026-05-17T04:40:00.0000000+02:00,2.858,
2026-05-17T04:50:00.0000000+02:00,2.857,
2026-05-17T05:00:00.0000000+02:00,2.858,
2026-05-17T05:10:00.0000000+02:00,2.857,
2026-05-17T05:20:00.0000000+02:00,2.857,
2026-05-17T05:30:00.0000000+02:00,2.847,
2026-05-17T05:40:00.0000000+02:00,2.855,
2026-05-17T05:50:00.0000000+02:00,2.858,
2026-05-17T06:00:00.0000000+02:00,2.854,
2026-05-17T06:10:00.0000000+02:00,2.849,
2026-05-17T06:20:00.0000000+02:00,2.854,
2026-05-17T06:30:00.0000000+02:00,2.857,
2026-05-17T06:40:00.0000000+02:00,2.851,
2026-05-17T06:50:00.0000000+02:00,2.852,
2026-05-17T07:00:00.0000000+02:00,2.859,
2026-05-17T07:10:00.0000000+02:00,2.857,
2026-05-17T07:20:00.0000000+02:00,2.851,
2026-05-17T07:30:00.0000000+02:00,2.853,
2026-05-17T07:40:00.0000000+02:00,2.848,
2026-05-17T07:50:00.0000000+02:00,2.847,
2026-05-17T08:00:00.0000000+02:00,2.847,
2026-05-17T08:10:00.0000000+02:00,2.845,
2026-05-17T08:20:00.0000000+02:00,2.848,
2026-05-17T08:30:00.0000000+02:00,2.851,
2026-05-17T08:40:00.0000000+02:00,2.846,
2026-05-17T08:50:00.0000000+02:00,2.846,
2026-05-17T09:00:00.0000000+02:00,2.844,
2026-05-17T09:10:00.0000000+02:00,2.84,
2026-05-17T09:20:00.0000000+02:00,2.846,
2026-05-17T09:30:00.0000000+02:00,2.849,
2026-05-17T09:40:00.0000000+02:00,2.845,
2026-05-17T09:50:00.0000000+02:00,2.847,
2026-05-17T10:00:00.0000000+02:00,2.843,
2026-05-17T10:10:00.0000000+02:00,2.845,
2026-05-17T10:20:00.0000000+02:00,2.83,
2026-05-17T10:30:00.0000000+02:00,2.838,
2026-05-17T10:40:00.0000000+02:00,2.833,
2026-05-17T10:50:00.0000000+02:00,2.839,
2026-05-17T11:00:00.0000000+02:00,2.832,
2026-05-17T11:10:00.0000000+02:00,2.826,
2026-05-17T11:20:00.0000000+02:00,2.828,
2026-05-17T11:30:00.0000000+02:00,2.833,
2026-05-17T11:40:00.0000000+02:00,2.836,
2026-05-17T11:50:00.0000000+02:00,2.837,
2026-05-17T12:00:00.0000000+02:00,2.836,
2026-05-17T12:10:00.0000000+02:00,2.841,
2026-05-17T12:20:00.0000000+02:00,2.843,
2026-05-17T12:30:00.0000000+02:00,2.837,
2026-05-17T12:40:00.0000000+02:00,2.831,
2026-05-17T12:50:00.0000000+02:00,2.832,
2026-05-17T13:00:00.0000000+02:00,2.837,
2026-05-17T13:10:00.0000000+02:00,2.833,
2026-05-17T13:20:00.0000000+02:00,2.828,
2026-05-17T13:30:00.0000000+02:00,2.825,
2026-05-17T13:40:00.0000000+02:00,2.826,
2026-05-17T13:50:00.0000000+02:00,2.824,
2026-05-17T14:00:00.0000000+02:00,2.828,
2026-05-17T14:10:00.0000000+02:00,2.825,
2026-05-17T14:20:00.0000000+02:00,2.829,
2026-05-17T14:30:00.0000000+02:00,2.828,
2026-05-17T14:40:00.0000000+02:00,2.825,
2026-05-17T14:50:00.0000000+02:00,2.819,
2026-05-17T15:00:00.0000000+02:00,2.822,
2026-05-17T15:10:00.0000000+02:00,2.819,
2026-05-17T15:20:00.0000000+02:00,2.821,
2026-05-17T15:30:00.0000000+02:00,2.813,
2026-05-17T15:40:00.0000000+02:00,2.814,
2026-05-17T15:50:00.0000000+02:00,2.812,
2026-05-17T16:00:00.0000000+02:00,2.812,
2026-05-17T16:10:00.0000000+02:00,2.808,
2026-05-17T16:20:00.0000000+02:00,2.811,
2026-05-17T16:30:00.0000000+02:00,2.807,
2026-05-17T16:40:00.0000000+02:00,2.807,
2026-05-17T16:50:00.0000000+02:00,2.795,
2026-05-17T17:00:00.0000000+02:00,2.806,
2026-05-17T17:10:00.0000000+02:00,2.805,
2026-05-17T17:20:00.0000000+02:00,2.796,
2026-05-17T17:30:00.0000000+02:00,2.797,
2026-05-17T17:40:00.0000000+02:00,2.799,
2026-05-17T17:50:00.0000000+02:00,2.795,
2026-05-17T18:00:00.0000000+02:00,2.792,
2026-05-17T18:10:00.0000000+02:00,2.791,
2026-05-17T18:20:00.0000000+02:00,2.792,
2026-05-17T18:30:00.0000000+02:00,2.788,
2026-05-17T18:40:00.0000000+02:00,2.792,
2026-05-17T18:50:00.0000000+02:00,2.788,
2026-05-17T19:00:00.0000000+02:00,2.794,
2026-05-17T19:10:00.0000000+02:00,2.786,
2026-05-17T19:20:00.0000000+02:00,2.791,
2026-05-17T19:30:00.0000000+02:00,2.788,
2026-05-17T19:40:00.0000000+02:00,2.784,
2026-05-17T19:50:00.0000000+02:00,2.789,
2026-05-17T20:00:00.0000000+02:00,2.788,
2026-05-17T20:10:00.0000000+02:00,2.787,
2026-05-17T20:20:00.0000000+02:00,2.787,
2026-05-17T20:30:00.0000000+02:00,2.788,
2026-05-17T20:40:00.0000000+02:00,2.783,
2026-05-17T20:50:00.0000000+02:00,2.788,
2026-05-17T21:00:00.0000000+02:00,2.787,
2026-05-17T21:10:00.0000000+02:00,2.789,
2026-05-17T21:20:00.0000000+02:00,2.786,
2026-05-17T21:30:00.0000000+02:00,2.784,
2026-05-17T21:40:00.0000000+02:00,2.783,
2026-05-17T21:50:00.0000000+02:00,2.789,
2026-05-17T22:00:00.0000000+02:00,2.788,
2026-05-17T22:10:00.0000000+02:00,2.785,
2026-05-17T22:20:00.0000000+02:00,2.789,
2026-05-17T22:30:00.0000000+02:00,2.79,
2026-05-17T22:40:00.0000000+02:00,2.786,
2026-05-17T22:50:00.0000000+02:00,2.788,
2026-05-17T23:00:00.0000000+02:00,2.791,
2026-05-17T23:10:00.0000000+02:00,2.789,
2026-05-17T23:20:00.0000000+02:00,2.787,
2026-05-17T23:30:00.0000000+02:00,2.794,
2026-05-17T23:40:00.0000000+02:00,2.792,
2026-05-17T23:50:00.0000000+02:00,2.788,
2026-05-18T00:00:00.0000000+02:00,2.786,
2026-05-18T00:10:00.0000000+02:00,2.788,
2026-05-18T00:20:00.0000000+02:00,2.792,
2026-05-18T00:30:00.0000000+02:00,2.791,
2026-05-18T00:40:00.0000000+02:00,2.793,
2026-05-18T00:50:00.0000000+02:00,2.792,
2026-05-18T01:00:00.0000000+02:00,2.793,
2026-05-18T01:10:00.0000000+02:00,2.789,
2026-05-18T01:20:00.0000000+02:00,2.793,
2026-05-18T01:30:00.0000000+02:00,2.795,
2026-05-18T01:40:00.0000000+02:00,2.79,
2026-05-18T01:50:00.0000000+02:00,2.798,
2026-05-18T02:00:00.0000000+02:00,2.791,
2026-05-18T02:10:00.0000000+02:00,2.796,
2026-05-18T02:20:00.0000000+02:00,2.797,
2026-05-18T02:30:00.0000000+02:00,2.795,
2026-05-18T02:40:00.0000000+02:00,2.793,
2026-05-18T02:50:00.0000000+02:00,2.792,
2026-05-18T03:00:00.0000000+02:00,2.794,
2026-05-18T03:10:00.0000000+02:00,2.796,
2026-05-18T03:20:00.0000000+02:00,2.794,
2026-05-18T03:30:00.0000000+02:00,2.795,
2026-05-18T03:40:00.0000000+02:00,2.787,
2026-05-18T03:50:00.0000000+02:00,2.796,
2026-05-18T04:00:00.0000000+02:00,2.793,
2026-05-18T04:10:00.0000000+02:00,2.79,
2026-05-18T04:20:00.0000000+02:00,2.792,
2026-05-18T04:30:00.0000000+02:00,2.793,
2026-05-18T04:40:00.0000000+02:00,2.787,
2026-05-18T04:50:00.0000000+02:00,2.785,
2026-05-18T05:00:00.0000000+02:00,2.789,
2026-05-18T05:10:00.0000000+02:00,2.789,
2026-05-18T05:20:00.0000000+02:00,2.791,
2026-05-18T05:30:00.0000000+02:00,2.783,
2026-05-18T05:40:00.0000000+02:00,2.784,
2026-05-18T05:50:00.0000000+02:00,2.781,
2026-05-18T06:00:00.0000000+02:00,2.781,
2026-05-18T06:10:00.0000000+02:00,2.776,
2026-05-18T06:20:00.0000000+02:00,2.78,
2026-05-18T06:30:00.0000000+02:00,2.78,
2026-05-18T06:40:00.0000000+02:00,2.774,
2026-05-18T06:50:00.0000000+02:00,2.777,
2026-05-18T07:00:00.0000000+02:00,2.775,
2026-05-18T07:10:00.0000000+02:00,2.77,
2026-05-18T07:20:00.0000000+02:00,2.768,
2026-05-18T07:30:00.0000000+02:00,2.766,
2026-05-18T07:40:00.0000000+02:00,2.768,
2026-05-18T07:50:00.0000000+02:00,2.763,
2026-05-18T08:00:00.0000000+02:00,2.764,
2026-05-18T08:10:00.0000000+02:00,2.757,
2026-05-18T08:20:00.0000000+02:00,2.754,
2026-05-18T08:30:00.0000000+02:00,2.759,
2026-05-18T08:40:00.0000000+02:00,2.758,
2026-05-18T08:50:00.0000000+02:00,2.751,
2026-05-18T09:00:00.0000000+02:00,2.752,
2026-05-18T09:10:00.0000000+02:00,2.758,
2026-05-18T09:20:00.0000000+02:00,2.754,
2026-05-18T09:30:00.0000000+02:00,2.747,
2026-05-18T09:40:00.0000000+02:00,2.751,
2026-05-18T09:50:00.0000000+02:00,2.749,
2026-05-18T10:00:00.0000000+02:00,2.748,
2026-05-18T10:10:00.0000000+02:00,2.748,
2026-05-18T10:20:00.0000000+02:00,2.743,
2026-05-18T10:30:00.0000000+02:00,2.737,
2026-05-18T10:40:00.0000000+02:00,2.741,
2026-05-18T10:50:00.0000000+02:00,2.737,
2026-05-18T11:00:00.0000000+02:00,2.74,
2026-05-18T11:10:00.0000000+02:00,2.737,
2026-05-18T11:20:00.0000000+02:00,2.739,
2026-05-18T11:30:00.0000000+02:00,2.734,
2026-05-18T11:40:00.0000000+02:00,2.737,
2026-05-18T11:50:00.0000000+02:00,2.73,
2026-05-18T12:00:00.0000000+02:00,2.738,
2026-05-18T12:10:00.0000000+02:00,2.734,
2026-05-18T12:20:00.0000000+02:00,2.726,
2026-05-18T12:30:00.0000000+02:00,2.729,
2026-05-18T12:40:00.0000000+02:00,2.735,
2026-05-18T12:50:00.0000000+02:00,2.731,
2026-05-18T13:00:00.0000000+02:00,2.726,
2026-05-18T13:10:00.0000000+02:00,2.725,
2026-05-18T13:20:00.0000000+02:00,2.72,
2026-05-18T13:30:00.0000000+02:00,2.719,
2026-05-18T13:40:00.0000000+02:00,2.723,
2026-05-18T13:50:00.0000000+02:00,2.721,
2026-05-18T14:00:00.0000000+02:00,2.722,
2026-05-18T14:10:00.0000000+02:00,2.721,
2026-05-18T14:20:00.0000000+02:00,2.719,
2026-05-18T14:30:00.0000000+02:00,2.72,
2026-05-18T14:40:00.0000000+02:00,2.721,
2026-05-18T14:50:00.0000000+02:00,2.72,
2026-05-18T15:00:00.0000000+02:00,2.718,
2026-05-18T15:10:00.0000000+02:00,2.717,
2026-05-18T15:20:00.0000000+02:00,2.713,
2026-05-18T15:30:00.0000000+02:00,2.716,
2026-05-18T15:40:00.0000000+02:00,2.712,
2026-05-18T15:50:00.0000000+02:00,2.712,
2026-05-18T16:00:00.0000000+02:00,2.704,
2026-05-18T16:10:00.0000000+02:00,2.708,
2026-05-18T16:20:00.0000000+02:00,2.711,
2026-05-18T16:30:00.0000000+02:00,2.711,
2026-05-18T16:40:00.0000000+02:00,2.708,
2026-05-18T16:50:00.0000000+02:00,2.708,
2026-05-18T17:00:00.0000000+02:00,2.707,
2026-05-18T17:10:00.0000000+02:00,2.71,
2026-05-18T17:20:00.0000000+02:00,2.707,
2026-05-18T17:30:00.0000000+02:00,2.708,
2026-05-18T17:40:00.0000000+02:00,2.707,
2026-05-18T17:50:00.0000000+02:00,2.707,
2026-05-18T18:00:00.0000000+02:00,2.704,
2026-05-18T18:10:00.0000000+02:00,2.701,
2026-05-18T18:20:00.0000000+02:00,2.709,
2026-05-18T18:30:00.0000000+02:00,2.706,
2026-05-18T18:40:00.0000000+02:00,2.709,
2026-05-18T18:50:00.0000000+02:00,2.704,
2026-05-18T19:00:00.0000000+02:00,2.702,
2026-05-18T19:10:00.0000000+02:00,2.709,
2026-05-18T19:20:00.0000000+02:00,2.707,
2026-05-18T19:30:00.0000000+02:00,2.706,
2026-05-18T19:40:00.0000000+02:00,2.71,
2026-05-18T19:50:00.0000000+02:00,2.708,
2026-05-18T20:00:00.0000000+02:00,2.707,
2026-05-18T20:10:00.0000000+02:00,2.706,
2026-05-18T20:20:00.0000000+02:00,2.712,
2026-05-18T20:30:00.0000000+02:00,2.708,
2026-05-18T20:40:00.0000000+02:00,2.713,
2026-05-18T20:50:00.0000000+02:00,2.715,
2026-05-18T21:00:00.0000000+02:00,2.716,
2026-05-18T21:10:00.0000000+02:00,2.714,
2026-05-18T21:20:00.0000000+02:00,2.713,
2026-05-18T21:30:00.0000000+02:00,2.715,
2026-05-18T21:40:00.0000000+02:00,2.717,
2026-05-18T21:50:00.0000000+02:00,2.723,
2026-05-18T22:00:00.0000000+02:00,2.722,
2026-05-18T22:10:00.0000000+02:00,2.72,
2026-05-18T22:20:00.0000000+02:00,2.724,
2026-05-18T22:30:00.0000000+02:00,2.724,
2026-05-18T22:40:00.0000000+02:00,2.723,
2026-05-18T22:50:00.0000000+02:00,2.725,
2026-05-18T23:00:00.0000000+02:00,2.729,
2026-05-18T23:10:00.0000000+02:00,2.73,
2026-05-18T23:20:00.0000000+02:00,2.728,
2026-05-18T23:30:00.0000000+02:00,2.723,
2026-05-18T23:40:00.0000000+02:00,2.724,
2026-05-18T23:50:00.0000000+02:00,2.728,
2026-05-19T00:00:00.0000000+02:00,2.729,
2026-05-19T00:10:00.0000000+02:00,2.729,
2026-05-19T00:20:00.0000000+02:00,2.729,
2026-05-19T00:30:00.0000000+02:00,2.731,
2026-05-19T00:40:00.0000000+02:00,2.735,
2026-05-19T00:50:00.0000000+02:00,2.729,
2026-05-19T01:00:00.0000000+02:00,2.73,
2026-05-19T01:10:00.0000000+02:00,2.734,
2026-05-19T01:20:00.0000000+02:00,2.732,
2026-05-19T01:30:00.0000000+02:00,2.733,
2026-05-19T01:40:00.0000000+02:00,2.735,
2026-05-19T01:50:00.0000000+02:00,2.736,
2026-05-19T02:00:00.0000000+02:00,2.735,
2026-05-19T02:10:00.0000000+02:00,2.738,
2026-05-19T02:20:00.0000000+02:00,2.731,
2026-05-19T02:30:00.0000000+02:00,2.733,
2026-05-19T02:40:00.0000000+02:00,2.733,
2026-05-19T02:50:00.0000000+02:00,2.732,
2026-05-19T03:00:00.0000000+02:00,2.732,
2026-05-19T03:10:00.0000000+02:00,2.73,
2026-05-19T03:20:00.0000000+02:00,2.727,
2026-05-19T03:30:00.0000000+02:00,2.732,
2026-05-19T03:40:00.0000000+02:00,2.725,
2026-05-19T03:50:00.0000000+02:00,2.729,
2026-05-19T04:00:00.0000000+02:00,2.725,
2026-05-19T04:10:00.0000000+02:00,2.728,
2026-05-19T04:20:00.0000000+02:00,2.717,
2026-05-19T04:30:00.0000000+02:00,2.727,
2026-05-19T04:40:00.0000000+02:00,2.722,
2026-05-19T04:50:00.0000000+02:00,2.718,
2026-05-19T05:00:00.0000000+02:00,2.719,
2026-05-19T05:10:00.0000000+02:00,2.72,
2026-05-19T05:20:00.0000000+02:00,2.721,
2026-05-19T05:30:00.0000000+02:00,2.71,
2026-05-19T05:40:00.0000000+02:00,2.715,
2026-05-19T05:50:00.0000000+02:00,2.713,
2026-05-19T06:00:00.0000000+02:00,2.712,
2026-05-19T06:10:00.0000000+02:00,2.714,
2026-05-19T06:20:00.0000000+02:00,2.71,
2026-05-19T06:30:00.0000000+02:00,2.714,
2026-05-19T06:40:00.0000000+02:00,2.706,
2026-05-19T06:50:00.0000000+02:00,2.708,
2026-05-19T07:00:00.0000000+02:00,2.702,
2026-05-19T07:10:00.0000000+02:00,2.705,
2026-05-19T07:20:00.0000000+02:00,2.697,
2026-05-19T07:30:00.0000000+02:00,2.696,
2026-05-19T07:40:00.0000000+02:00,2.693,
2026-05-19T07:50:00.0000000+02:00,2.692,
2026-05-19T08:00:00.0000000+02:00,2.691,
2026-05-19T08:10:00.0000000+02:00,2.692,
2026-05-19T08:20:00.0000000+02:00,2.688,
2026-05-19T08:30:00.0000000+02:00,2.686,
2026-05-19T08:40:00.0000000+02:00,2.683,
2026-05-19T08:50:00.0000000+02:00,2.688,
2026-05-19T09:00:00.0000000+02:00,2.683,
2026-05-19T09:10:00.0000000+02:00,2.68,
2026-05-19T09:20:00.0000000+02:00,2.68,
2026-05-19T09:30:00.0000000+02:00,2.675,
2026-05-19T09:40:00.0000000+02:00,2.676,
2026-05-19T09:50:00.0000000+02:00,2.674,
2026-05-19T10:00:00.0000000+02:00,2.67,
2026-05-19T10:10:00.0000000+02:00,2.671,
2026-05-19T10:20:00.0000000+02:00,2.667,
2026-05-19T10:30:00.0000000+02:00,2.667,
2026-05-19T10:40:00.0000000+02:00,2.661,
2026-05-19T10:50:00.0000000+02:00,2.653,
2026-05-19T11:00:00.0000000+02:00,2.651,
2026-05-19T11:10:00.0000000+02:00,2.66,
2026-05-19T11:20:00.0000000+02:00,2.652,
2026-05-19T11:30:00.0000000+02:00,2.651,
2026-05-19T11:40:00.0000000+02:00,2.648,
2026-05-19T11:50:00.0000000+02:00,2.654,
2026-05-19T12:00:00.0000000+02:00,2.644,
2026-05-19T12:10:00.0000000+02:00,2.647,
2026-05-19T12:20:00.0000000+02:00,2.636,
2026-05-19T12:30:00.0000000+02:00,2.625,
2026-05-19T12:40:00.0000000+02:00,2.636,
2026-05-19T12:50:00.0000000+02:00,2.64,
2026-05-19T13:00:00.0000000+02:00,2.635,
2026-05-19T13:10:00.0000000+02:00,2.633,
2026-05-19T13:20:00.0000000+02:00,2.629,
2026-05-19T13:30:00.0000000+02:00,2.625,
2026-05-19T13:40:00.0000000+02:00,2.63,
2026-05-19T13:50:00.0000000+02:00,2.623,
2026-05-19T14:00:00.0000000+02:00,2.621,
2026-05-19T14:10:00.0000000+02:00,2.616,
2026-05-19T14:20:00.0000000+02:00,2.619,
2026-05-19T14:30:00.0000000+02:00,2.609,
2026-05-19T14:40:00.0000000+02:00,2.616,
2026-05-19T14:50:00.0000000+02:00,2.608,
2026-05-19T15:00:00.0000000+02:00,2.608,
2026-05-19T15:10:00.0000000+02:00,2.615,
2026-05-19T15:20:00.0000000+02:00,2.604,
2026-05-19T15:30:00.0000000+02:00,2.594,
2026-05-19T15:40:00.0000000+02:00,2.602,
2026-05-19T15:50:00.0000000+02:00,2.595,
2026-05-19T16:00:00.0000000+02:00,2.6,
2026-05-19T16:10:00.0000000+02:00,2.597,
2026-05-19T16:20:00.0000000+02:00,2.587,
2026-05-19T16:30:00.0000000+02:00,2.588,
2026-05-19T16:40:00.0000000+02:00,2.587,
2026-05-19T16:50:00.0000000+02:00,2.587,
2026-05-19T17:00:00.0000000+02:00,2.591,
2026-05-19T17:10:00.0000000+02:00,2.589,
2026-05-19T17:20:00.0000000+02:00,2.589,
2026-05-19T17:30:00.0000000+02:00,2.587,
2026-05-19T17:40:00.0000000+02:00,2.586,
2026-05-19T17:50:00.0000000+02:00,2.581,
2026-05-19T18:00:00.0000000+02:00,2.584,
2026-05-19T18:10:00.0000000+02:00,2.584,
2026-05-19T18:20:00.0000000+02:00,2.58,
2026-05-19T18:30:00.0000000+02:00,2.578,
2026-05-19T18:40:00.0000000+02:00,2.581,
2026-05-19T18:50:00.0000000+02:00,2.574,
2026-05-19T19:00:00.0000000+02:00,2.58,
2026-05-19T19:10:00.0000000+02:00,2.581,
2026-05-19T19:20:00.0000000+02:00,2.583,
2026-05-19T19:30:00.0000000+02:00,2.58,
2026-05-19T19:40:00.0000000+02:00,2.579,
2026-05-19T19:50:00.0000000+02:00,2.583,
2026-05-19T20:00:00.0000000+02:00,2.579,
2026-05-19T20:10:00.0000000+02:00,2.579,
2026-05-19T20:20:00.0000000+02:00,2.576,
2026-05-19T20:30:00.0000000+02:00,2.575,
2026-05-19T20:40:00.0000000+02:00,2.581,
2026-05-19T20:50:00.0000000+02:00,2.575,
2026-05-19T21:00:00.0000000+02:00,2.58,
2026-05-19T21:10:00.0000000+02:00,2.579,
2026-05-19T21:20:00.0000000+02:00,2.579,
2026-05-19T21:30:00.0000000+02:00,2.579,
2026-05-19T21:40:00.0000000+02:00,2.58,
2026-05-19T21:50:00.0000000+02:00,2.581,
2026-05-19T22:00:00.0000000+02:00,2.588,
2026-05-19T22:10:00.0000000+02:00,2.588,
2026-05-19T22:20:00.0000000+02:00,2.588,
2026-05-19T22:30:00.0000000+02:00,2.587,
2026-05-19T22:40:00.0000000+02:00,2.584,
2026-05-19T22:50:00.0000000+02:00,2.589,
2026-05-19T23:00:00.0000000+02:00,2.593,
2026-05-19T23:10:00.0000000+02:00,2.592,
2026-05-19T23:20:00.0000000+02:00,2.594,
2026-05-19T23:30:00.0000000+02:00,2.594,
2026-05-19T23:40:00.0000000+02:00,2.596,
2026-05-19T23:50:00.0000000+02:00,2.595,
2026-05-20T00:00:00.0000000+02:00,2.599,
2026-05-20T00:10:00.0000000+02:00,2.596,
2026-05-20T00:20:00.0000000+02:00,2.6,
2026-05-20T00:30:00.0000000+02:00,2.608,
2026-05-20T00:40:00.0000000+02:00,2.609,
2026-05-20T00:50:00.0000000+02:00,2.604,
2026-05-20T01:00:00.0000000+02:00,2.606,
2026-05-20T01:10:00.0000000+02:00,2.607,
2026-05-20T01:20:00.0000000+02:00,2.61,
2026-05-20T01:30:00.0000000+02:00,2.612,
2026-05-20T01:40:00.0000000+02:00,2.613,
2026-05-20T01:50:00.0000000+02:00,2.613,
2026-05-20T02:00:00.0000000+02:00,2.611,
2026-05-20T02:10:00.0000000+02:00,2.618,
2026-05-20T02:20:00.0000000+02:00,2.619,
2026-05-20T02:30:00.0000000+02:00,2.622,
2026-05-20T02:40:00.0000000+02:00,2.611,
2026-05-20T02:50:00.0000000+02:00,2.618,
2026-05-20T03:00:00.0000000+02:00,2.618,
2026-05-20T03:10:00.0000000+02:00,2.619,
2026-05-20T03:20:00.0000000+02:00,2.616,
2026-05-20T03:30:00.0000000+02:00,2.618,
2026-05-20T03:40:00.0000000+02:00,2.616,
2026-05-20T03:50:00.0000000+02:00,2.62,
2026-05-20T04:00:00.0000000+02:00,2.624,
2026-05-20T04:10:00.0000000+02:00,2.625,
2026-05-20T04:20:00.0000000+02:00,2.621,
2026-05-20T04:30:00.0000000+02:00,2.622,
2026-05-20T04:40:00.0000000+02:00,2.622,
2026-05-20T04:50:00.0000000+02:00,2.62,
2026-05-20T05:00:00.0000000+02:00,2.622,
2026-05-20T05:10:00.0000000+02:00,2.624,
2026-05-20T05:20:00.0000000+02:00,2.62,
2026-05-20T05:30:00.0000000+02:00,2.62,
2026-05-20T05:40:00.0000000+02:00,2.621,
2026-05-20T05:50:00.0000000+02:00,2.619,
2026-05-20T06:00:00.0000000+02:00,2.617,
2026-05-20T06:10:00.0000000+02:00,2.616,
2026-05-20T06:20:00.0000000+02:00,2.618,
2026-05-20T06:30:00.0000000+02:00,2.623,
2026-05-20T06:40:00.0000000+02:00,2.622,
2026-05-20T06:50:00.0000000+02:00,2.619,
2026-05-20T07:00:00.0000000+02:00,2.619,
2026-05-20T07:10:00.0000000+02:00,2.612,
2026-05-20T07:20:00.0000000+02:00,2.613,
2026-05-20T07:30:00.0000000+02:00,2.615,
2026-05-20T07:40:00.0000000+02:00,2.613,
2026-05-20T07:50:00.0000000+02:00,2.609,
2026-05-20T08:00:00.0000000+02:00,2.615,
2026-05-20T08:10:00.0000000+02:00,2.613,
2026-05-20T08:20:00.0000000+02:00,2.607,
2026-05-20T08:30:00.0000000+02:00,2.61,
2026-05-20T08:40:00.0000000+02:00,2.605,
2026-05-20T08:50:00.0000000+02:00,2.604,
2026-05-20T09:00:00.0000000+02:00,2.602,
2026-05-20T09:10:00.0000000+02:00,2.593,
2026-05-20T09:20:00.0000000+02:00,2.605,
2026-05-20T09:30:00.0000000+02:00,2.596,
2026-05-20T09:40:00.0000000+02:00,2.591,
2026-05-20T09:50:00.0000000+02:00,2.587,
2026-05-20T10:00:00.0000000+02:00,2.597,
2026-05-20T10:10:00.0000000+02:00,2.599,
2026-05-20T10:20:00.0000000+02:00,2.59,
2026-05-20T10:30:00.0000000+02:00,2.585,
2026-05-20T10:40:00.0000000+02:00,2.572,
2026-05-20T10:50:00.0000000+02:00,2.586,
2026-05-20T11:00:00.0000000+02:00,2.577,
2026-05-20T11:10:00.0000000+02:00,2.582,
2026-05-20T11:20:00.0000000+02:00,2.58,
2026-05-20T11:30:00.0000000+02:00,2.565,
2026-05-20T11:40:00.0000000+02:00,2.567,
2026-05-20T11:50:00.0000000+02:00,2.573,
2026-05-20T12:00:00.0000000+02:00,2.571,
2026-05-20T12:10:00.0000000+02:00,2.57,
2026-05-20T12:20:00.0000000+02:00,2.57,
2026-05-20T12:30:00.0000000+02:00,2.567,
2026-05-20T12:40:00.0000000+02:00,2.563,
2026-05-20T12:50:00.0000000+02:00,2.564,
2026-05-20T13:00:00.0000000+02:00,2.564,
2026-05-20T13:10:00.0000000+02:00,2.562,
2026-05-20T13:20:00.0000000+02:00,2.556,
2026-05-20T13:30:00.0000000+02:00,2.532,
2026-05-20T13:40:00.0000000+02:00,2.552,
2026-05-20T13:50:00.0000000+02:00,2.545,
2026-05-20T14:00:00.0000000+02:00,2.55,
2026-05-20T14:10:00.0000000+02:00,2.555,
2026-05-20T14:20:00.0000000+02:00,2.553,
2026-05-20T14:30:00.0000000+02:00,2.55,
2026-05-20T14:40:00.0000000+02:00,2.551,
2026-05-20T14:50:00.0000000+02:00,2.551,
2026-05-20T15:00:00.0000000+02:00,2.553,
2026-05-20T15:10:00.0000000+02:00,2.552,
2026-05-20T15:20:00.0000000+02:00,2.549,
2026-05-20T15:30:00.0000000+02:00,2.554,
2026-05-20T15:40:00.0000000+02:00,2.552,
2026-05-20T15:50:00.0000000+02:00,2.549,
2026-05-20T16:00:00.0000000+02:00,2.55,
2026-05-20T16:10:00.0000000+02:00,2.538,
2026-05-20T16:20:00.0000000+02:00,2.551,
2026-05-20T16:30:00.0000000+02:00,2.551,
2026-05-20T16:40:00.0000000+02:00,2.516,
2026-05-20T16:50:00.0000000+02:00,2.513,
2026-05-20T17:00:00.0000000+02:00,2.548,
2026-05-20T17:10:00.0000000+02:00,2.549,
2026-05-20T17:20:00.0000000+02:00,2.551,
2026-05-20T17:30:00.0000000+02:00,2.546,
2026-05-20T17:40:00.0000000+02:00,2.553,
2026-05-20T17:50:00.0000000+02:00,2.554,
2026-05-20T18:00:00.0000000+02:00,2.552,
2026-05-20T18:10:00.0000000+02:00,2.553,
2026-05-20T18:20:00.0000000+02:00,2.553,
2026-05-20T18:30:00.0000000+02:00,2.553,
2026-05-20T18:40:00.0000000+02:00,2.555,
2026-05-20T18:50:00.0000000+02:00,2.555,
2026-05-20T19:00:00.0000000+02:00,2.556,
2026-05-20T19:10:00.0000000+02:00,2.556,
2026-05-20T19:20:00.0000000+02:00,2.56,
2026-05-20T19:30:00.0000000+02:00,2.561,
2026-05-20T19:40:00.0000000+02:00,2.564,
2026-05-20T19:50:00.0000000+02:00,2.562,
2026-05-20T20:00:00.0000000+02:00,2.558,
2026-05-20T20:10:00.0000000+02:00,2.561,
2026-05-20T20:20:00.0000000+02:00,2.564,
2026-05-20T20:30:00.0000000+02:00,2.563,
2026-05-20T20:40:00.0000000+02:00,2.567,
2026-05-20T20:50:00.0000000+02:00,2.567,
2026-05-20T21:00:00.0000000+02:00,2.568,
2026-05-20T21:10:00.0000000+02:00,2.571,
2026-05-20T21:20:00.0000000+02:00,2.574,
2026-05-20T21:30:00.0000000+02:00,2.574,
2026-05-20T21:40:00.0000000+02:00,2.576,
2026-05-20T21:50:00.0000000+02:00,2.575,
2026-05-20T22:00:00.0000000+02:00,2.574,
2026-05-20T22:10:00.0000000+02:00,2.576,
2026-05-20T22:20:00.0000000+02:00,2.579,
2026-05-20T22:30:00.0000000+02:00,2.58,
2026-05-20T22:40:00.0000000+02:00,2.578,
2026-05-20T22:50:00.0000000+02:00,2.587,
2026-05-20T23:00:00.0000000+02:00,2.593,
2026-05-20T23:10:00.0000000+02:00,2.589,
2026-05-20T23:20:00.0000000+02:00,2.59,
2026-05-20T23:30:00.0000000+02:00,2.592,
2026-05-20T23:40:00.0000000+02:00,2.594,
2026-05-20T23:50:00.0000000+02:00,2.596,
2026-05-21T00:00:00.0000000+02:00,2.599,
2026-05-21T00:10:00.0000000+02:00,2.599,
2026-05-21T00:20:00.0000000+02:00,2.604,
2026-05-21T01:30:00.0000000+02:00,2.613,
2026-05-21T01:40:00.0000000+02:00,2.619,
2026-05-21T01:50:00.0000000+02:00,2.617,
2026-05-21T02:00:00.0000000+02:00,2.618,
2026-05-21T02:10:00.0000000+02:00,2.618,
2026-05-21T02:20:00.0000000+02:00,2.626,
2026-05-21T04:50:00.0000000+02:00,2.635,
2026-05-21T05:00:00.0000000+02:00,2.642,
2026-05-21T06:50:00.0000000+02:00,2.633,
2026-05-21T07:00:00.0000000+02:00,2.632,
2026-05-21T07:10:00.0000000+02:00,2.64,
2026-05-21T07:20:00.0000000+02:00,2.639,
2026-05-21T07:30:00.0000000+02:00,2.637,
2026-05-21T07:40:00.0000000+02:00,2.635,
2026-05-21T07:50:00.0000000+02:00,2.633,
2026-05-21T08:00:00.0000000+02:00,2.636,
2026-05-21T08:10:00.0000000+02:00,2.634,
2026-05-21T08:20:00.0000000+02:00,2.627,
2026-05-21T08:30:00.0000000+02:00,2.63,
2026-05-21T08:40:00.0000000+02:00,2.632,
2026-05-21T08:50:00.0000000+02:00,2.63,
2026-05-21T09:00:00.0000000+02:00,2.624,
2026-05-21T09:10:00.0000000+02:00,2.628,
2026-05-21T09:20:00.0000000+02:00,2.633,
2026-05-21T09:30:00.0000000+02:00,2.634,
2026-05-21T09:40:00.0000000+02:00,2.631,
2026-05-21T09:50:00.0000000+02:00,2.627,
2026-05-21T10:00:00.0000000+02:00,2.627,
2026-05-21T10:10:00.0000000+02:00,2.63,
2026-05-21T10:20:00.0000000+02:00,2.628,
2026-05-21T10:30:00.0000000+02:00,2.626,
2026-05-21T10:40:00.0000000+02:00,2.624,
2026-05-21T10:50:00.0000000+02:00,2.622,
2026-05-21T11:00:00.0000000+02:00,2.619,
2026-05-21T11:10:00.0000000+02:00,2.621,
2026-05-21T11:20:00.0000000+02:00,2.621,
2026-05-21T11:30:00.0000000+02:00,2.623,
2026-05-21T11:40:00.0000000+02:00,2.612,
2026-05-21T11:50:00.0000000+02:00,2.614,
2026-05-21T12:00:00.0000000+02:00,2.616,
2026-05-21T12:10:00.0000000+02:00,2.619,
2026-05-21T12:20:00.0000000+02:00,2.617,
2026-05-21T12:30:00.0000000+02:00,2.608,
2026-05-21T12:40:00.0000000+02:00,2.614,
2026-05-21T12:50:00.0000000+02:00,2.611,
2026-05-21T13:00:00.0000000+02:00,2.605,
2026-05-21T13:10:00.0000000+02:00,2.613,
2026-05-21T13:20:00.0000000+02:00,2.61,
2026-05-21T13:30:00.0000000+02:00,2.617,
2026-05-21T13:40:00.0000000+02:00,2.611,
2026-05-21T13:50:00.0000000+02:00,2.609,
2026-05-21T14:00:00.0000000+02:00,2.607,
2026-05-21T14:10:00.0000000+02:00,2.61,
2026-05-21T14:20:00.0000000+02:00,2.607,
2026-05-21T14:30:00.0000000+02:00,2.601,
2026-05-21T14:40:00.0000000+02:00,2.604,
2026-05-21T14:50:00.0000000+02:00,2.6,
2026-05-21T15:00:00.0000000+02:00,2.584,
2026-05-21T15:10:00.0000000+02:00,2.575,
2026-05-21T15:20:00.0000000+02:00,2.576,
2026-05-21T15:30:00.0000000+02:00,2.572,
2026-05-21T15:40:00.0000000+02:00,2.577,
2026-05-21T15:50:00.0000000+02:00,2.588,
2026-05-21T16:00:00.0000000+02:00,2.587,
2026-05-21T16:10:00.0000000+02:00,2.578,
2026-05-21T16:20:00.0000000+02:00,2.58,
2026-05-21T16:30:00.0000000+02:00,2.577,
2026-05-21T16:40:00.0000000+02:00,2.577,
2026-05-21T16:50:00.0000000+02:00,2.569,
2026-05-21T17:00:00.0000000+02:00,2.572,
2026-05-21T17:10:00.0000000+02:00,2.565,
2026-05-21T17:20:00.0000000+02:00,2.568,
2026-05-21T17:30:00.0000000+02:00,2.568,
2026-05-21T17:40:00.0000000+02:00,2.564,
2026-05-21T17:50:00.0000000+02:00,2.568,
2026-05-21T18:00:00.0000000+02:00,2.57,
2026-05-21T18:10:00.0000000+02:00,2.567,
2026-05-21T18:20:00.0000000+02:00,2.571,
2026-05-21T18:30:00.0000000+02:00,2.566,
2026-05-21T18:40:00.0000000+02:00,2.569,
2026-05-21T18:50:00.0000000+02:00,2.571,
2026-05-21T19:00:00.0000000+02:00,2.571,
2026-05-21T19:10:00.0000000+02:00,2.57,
2026-05-21T19:20:00.0000000+02:00,2.574,
2026-05-21T19:30:00.0000000+02:00,2.575,
2026-05-21T19:40:00.0000000+02:00,2.575,
2026-05-21T19:50:00.0000000+02:00,2.575,
2026-05-21T20:00:00.0000000+02:00,2.581,
2026-05-21T20:10:00.0000000+02:00,2.579,
2026-05-21T20:20:00.0000000+02:00,2.586,
2026-05-21T20:30:00.0000000+02:00,2.588,
2026-05-21T20:40:00.0000000+02:00,2.591,
2026-05-21T20:50:00.0000000+02:00,2.591,
2026-05-21T21:00:00.0000000+02:00,2.592,
2026-05-21T21:10:00.0000000+02:00,2.593,
2026-05-21T21:20:00.0000000+02:00,2.596,
2026-05-21T21:30:00.0000000+02:00,2.605,
2026-05-21T21:40:00.0000000+02:00,2.6,
2026-05-21T21:50:00.0000000+02:00,2.603,
2026-05-21T22:00:00.0000000+02:00,2.614,
2026-05-21T22:10:00.0000000+02:00,2.613,
2026-05-21T22:20:00.0000000+02:00,2.616,
2026-05-21T22:30:00.0000000+02:00,2.621,
2026-05-21T22:40:00.0000000+02:00,2.619,
2026-05-21T22:50:00.0000000+02:00,2.626,
2026-05-21T23:00:00.0000000+02:00,2.628,
2026-05-21T23:10:00.0000000+02:00,2.632,
2026-05-21T23:20:00.0000000+02:00,2.636,
2026-05-21T23:30:00.0000000+02:00,2.639,
2026-05-21T23:40:00.0000000+02:00,2.638,
2026-05-21T23:50:00.0000000+02:00,2.64,
2026-05-22T00:00:00.0000000+02:00,2.65,
2026-05-22T00:10:00.0000000+02:00,2.654,
2026-05-22T00:20:00.0000000+02:00,2.658,
2026-05-22T00:30:00.0000000+02:00,2.657,
2026-05-22T00:40:00.0000000+02:00,2.662,
2026-05-22T00:50:00.0000000+02:00,2.669,
2026-05-22T01:00:00.0000000+02:00,2.667,
2026-05-22T01:10:00.0000000+02:00,2.665,
2026-05-22T01:20:00.0000000+02:00,2.669,
2026-05-22T01:30:00.0000000+02:00,2.672,
2026-05-22T01:40:00.0000000+02:00,2.676,
2026-05-22T01:50:00.0000000+02:00,2.673,
2026-05-22T02:00:00.0000000+02:00,2.677,
2026-05-22T02:10:00.0000000+02:00,2.683,
2026-05-22T02:20:00.0000000+02:00,2.678,
2026-05-22T02:30:00.0000000+02:00,2.674,
2026-05-22T02:40:00.0000000+02:00,2.678,
2026-05-22T02:50:00.0000000+02:00,2.68,
2026-05-22T03:00:00.0000000+02:00,2.689,
2026-05-22T03:10:00.0000000+02:00,2.688,
2026-05-22T03:20:00.0000000+02:00,2.691,
2026-05-22T03:30:00.0000000+02:00,2.691,
2026-05-22T03:40:00.0000000+02:00,2.692,
2026-05-22T03:50:00.0000000+02:00,2.694,
2026-05-22T04:00:00.0000000+02:00,2.695,
2026-05-22T04:10:00.0000000+02:00,2.694,
2026-05-22T04:20:00.0000000+02:00,2.692,
2026-05-22T04:30:00.0000000+02:00,2.69,
2026-05-22T04:40:00.0000000+02:00,2.694,
2026-05-22T04:50:00.0000000+02:00,2.696,
2026-05-22T05:00:00.0000000+02:00,2.694,
2026-05-22T05:10:00.0000000+02:00,2.692,
2026-05-22T05:20:00.0000000+02:00,2.692,
2026-05-22T05:30:00.0000000+02:00,2.692,
2026-05-22T05:40:00.0000000+02:00,2.689,
2026-05-22T05:50:00.0000000+02:00,2.691,
2026-05-22T06:00:00.0000000+02:00,2.685,
2026-05-22T06:10:00.0000000+02:00,2.684,
2026-05-22T06:20:00.0000000+02:00,2.687,
2026-05-22T06:30:00.0000000+02:00,2.682,
2026-05-22T06:40:00.0000000+02:00,2.681,
2026-05-22T06:50:00.0000000+02:00,2.682,
2026-05-22T07:00:00.0000000+02:00,2.68,
2026-05-22T07:10:00.0000000+02:00,2.678,
2026-05-22T07:20:00.0000000+02:00,2.678,
2026-05-22T07:30:00.0000000+02:00,2.679,
2026-05-22T07:40:00.0000000+02:00,2.68,
2026-05-22T07:50:00.0000000+02:00,2.678,
2026-05-22T08:00:00.0000000+02:00,2.672,
2026-05-22T08:10:00.0000000+02:00,2.671,
2026-05-22T08:20:00.0000000+02:00,2.669,
2026-05-22T08:30:00.0000000+02:00,2.663,
2026-05-22T08:40:00.0000000+02:00,2.666,
2026-05-22T08:50:00.0000000+02:00,2.662,
2026-05-22T09:00:00.0000000+02:00,2.658,
2026-05-22T09:10:00.0000000+02:00,2.663,
2026-05-22T09:20:00.0000000+02:00,2.662,
2026-05-22T09:30:00.0000000+02:00,2.659,
2026-05-22T09:40:00.0000000+02:00,2.661,
2026-05-22T09:50:00.0000000+02:00,2.655,
2026-05-22T10:00:00.0000000+02:00,2.653,
2026-05-22T10:10:00.0000000+02:00,2.652,
2026-05-22T10:20:00.0000000+02:00,2.643,
2026-05-22T10:30:00.0000000+02:00,2.644,
2026-05-22T10:40:00.0000000+02:00,2.647,
2026-05-22T10:50:00.0000000+02:00,2.645,
2026-05-22T11:00:00.0000000+02:00,2.646,
2026-05-22T11:10:00.0000000+02:00,2.643,
2026-05-22T11:20:00.0000000+02:00,2.645,
2026-05-22T11:30:00.0000000+02:00,2.64,
2026-05-22T11:40:00.0000000+02:00,2.635,
2026-05-22T11:50:00.0000000+02:00,2.641,
2026-05-22T12:00:00.0000000+02:00,2.636,
2026-05-22T12:10:00.0000000+02:00,2.637,
2026-05-22T12:20:00.0000000+02:00,2.639,
2026-05-22T12:30:00.0000000+02:00,2.634,
2026-05-22T12:40:00.0000000+02:00,2.638,
2026-05-22T12:50:00.0000000+02:00,2.637,
2026-05-22T13:00:00.0000000+02:00,2.63,
2026-05-22T13:10:00.0000000+02:00,2.628,
2026-05-22T13:20:00.0000000+02:00,2.625,
2026-05-22T13:30:00.0000000+02:00,2.632,
2026-05-22T13:40:00.0000000+02:00,2.625,
2026-05-22T13:50:00.0000000+02:00,2.623,
2026-05-22T14:00:00.0000000+02:00,2.631,
2026-05-22T14:10:00.0000000+02:00,2.621,
2026-05-22T14:20:00.0000000+02:00,2.618,
2026-05-22T14:30:00.0000000+02:00,2.614,
2026-05-22T14:40:00.0000000+02:00,2.614,
2026-05-22T14:50:00.0000000+02:00,2.616,
2026-05-22T15:00:00.0000000+02:00,2.617,
2026-05-22T15:10:00.0000000+02:00,2.615,
2026-05-22T15:20:00.0000000+02:00,2.616,
2026-05-22T15:30:00.0000000+02:00,2.608,
2026-05-22T15:40:00.0000000+02:00,2.614,
2026-05-22T15:50:00.0000000+02:00,2.611,
2026-05-22T16:00:00.0000000+02:00,2.61,
2026-05-22T16:10:00.0000000+02:00,2.611,
2026-05-22T16:20:00.0000000+02:00,2.603,
2026-05-22T16:30:00.0000000+02:00,2.61,
2026-05-22T16:40:00.0000000+02:00,2.606,
2026-05-22T16:50:00.0000000+02:00,2.603,
2026-05-22T17:00:00.0000000+02:00,2.609,
2026-05-22T17:10:00.0000000+02:00,2.606,
2026-05-22T17:20:00.0000000+02:00,2.614,
2026-05-22T17:30:00.0000000+02:00,2.608,
2026-05-22T17:40:00.0000000+02:00,2.61,
2026-05-22T17:50:00.0000000+02:00,2.606,
2026-05-22T18:00:00.0000000+02:00,2.607,
2026-05-22T18:10:00.0000000+02:00,2.61,
2026-05-22T18:20:00.0000000+02:00,2.614,
2026-05-22T18:30:00.0000000+02:00,2.61,
2026-05-22T18:40:00.0000000+02:00,2.614,
2026-05-22T18:50:00.0000000+02:00,2.609,
2026-05-22T19:00:00.0000000+02:00,2.613,
2026-05-22T19:10:00.0000000+02:00,2.618,
2026-05-22T19:20:00.0000000+02:00,2.61,
2026-05-22T19:30:00.0000000+02:00,2.616,
2026-05-22T19:40:00.0000000+02:00,2.614,
2026-05-22T19:50:00.0000000+02:00,2.617,
2026-05-22T20:00:00.0000000+02:00,2.619,
2026-05-22T20:10:00.0000000+02:00,2.617,
2026-05-22T20:20:00.0000000+02:00,2.615,
2026-05-22T20:30:00.0000000+02:00,2.62,
2026-05-22T20:40:00.0000000+02:00,2.623,
2026-05-22T20:50:00.0000000+02:00,2.623,
2026-05-22T21:00:00.0000000+02:00,2.617,
2026-05-22T21:10:00.0000000+02:00,2.62,
2026-05-22T21:20:00.0000000+02:00,2.623,
2026-05-22T21:30:00.0000000+02:00,2.63,
2026-05-22T21:40:00.0000000+02:00,2.63,
2026-05-22T21:50:00.0000000+02:00,2.631,
2026-05-22T22:00:00.0000000+02:00,2.632,
2026-05-22T22:10:00.0000000+02:00,2.635,
2026-05-22T22:20:00.0000000+02:00,2.634,
2026-05-22T22:30:00.0000000+02:00,2.637,
2026-05-22T22:40:00.0000000+02:00,2.637,
2026-05-22T22:50:00.0000000+02:00,2.642,
2026-05-22T23:00:00.0000000+02:00,2.638,
2026-05-22T23:10:00.0000000+02:00,2.642,
2026-05-22T23:20:00.0000000+02:00,2.641,
2026-05-22T23:30:00.0000000+02:00,2.642,
2026-05-22T23:40:00.0000000+02:00,2.647,
2026-05-22T23:50:00.0000000+02:00,2.645,
2026-05-23T00:00:00.0000000+02:00,2.649,
2026-05-23T00:10:00.0000000+02:00,2.643,
2026-05-23T00:20:00.0000000+02:00,2.645,
2026-05-23T00:30:00.0000000+02:00,2.647,
2026-05-23T00:40:00.0000000+02:00,2.648,
2026-05-23T00:50:00.0000000+02:00,2.644,
2026-05-23T01:00:00.0000000+02:00,2.652,
2026-05-23T01:10:00.0000000+02:00,2.649,
2026-05-23T01:20:00.0000000+02:00,2.652,
2026-05-23T01:30:00.0000000+02:00,2.655,
2026-05-23T01:40:00.0000000+02:00,2.652,
2026-05-23T01:50:00.0000000+02:00,2.651,
2026-05-23T02:00:00.0000000+02:00,2.653,
2026-05-23T02:10:00.0000000+02:00,2.654,
2026-05-23T02:20:00.0000000+02:00,2.651,
2026-05-23T02:30:00.0000000+02:00,2.654,
2026-05-23T02:40:00.0000000+02:00,2.651,
2026-05-23T02:50:00.0000000+02:00,2.653,
2026-05-23T03:00:00.0000000+02:00,2.651,
2026-05-23T03:10:00.0000000+02:00,2.654,
2026-05-23T03:20:00.0000000+02:00,2.653,
2026-05-23T03:30:00.0000000+02:00,2.653,
2026-05-23T03:40:00.0000000+02:00,2.655,
2026-05-23T03:50:00.0000000+02:00,2.654,
2026-05-23T04:00:00.0000000+02:00,2.651,
2026-05-23T04:10:00.0000000+02:00,2.656,
2026-05-23T04:20:00.0000000+02:00,2.655,
2026-05-23T04:30:00.0000000+02:00,2.648,
2026-05-23T04:40:00.0000000+02:00,2.65,
2026-05-23T04:50:00.0000000+02:00,2.656,
2026-05-23T05:00:00.0000000+02:00,2.646,
2026-05-23T05:10:00.0000000+02:00,2.654,
2026-05-23T05:20:00.0000000+02:00,2.646,
2026-05-23T05:30:00.0000000+02:00,2.647,
2026-05-23T05:40:00.0000000+02:00,2.644,
2026-05-23T05:50:00.0000000+02:00,2.643,
2026-05-23T06:00:00.0000000+02:00,2.643,
2026-05-23T06:10:00.0000000+02:00,2.64,
2026-05-23T06:20:00.0000000+02:00,2.646,
2026-05-23T06:30:00.0000000+02:00,2.648,
2026-05-23T06:40:00.0000000+02:00,2.643,
2026-05-23T06:50:00.0000000+02:00,2.642,
2026-05-23T07:00:00.0000000+02:00,2.642,
2026-05-23T07:10:00.0000000+02:00,2.64,
2026-05-23T07:20:00.0000000+02:00,2.636,
2026-05-23T07:30:00.0000000+02:00,2.639,
2026-05-23T07:40:00.0000000+02:00,2.636,
2026-05-23T07:50:00.0000000+02:00,2.629,
2026-05-23T08:00:00.0000000+02:00,2.638,
2026-05-23T08:10:00.0000000+02:00,2.629,
2026-05-23T08:20:00.0000000+02:00,2.632,
2026-05-23T08:30:00.0000000+02:00,2.627,
2026-05-23T08:40:00.0000000+02:00,2.63,
2026-05-23T08:50:00.0000000+02:00,2.633,
2026-05-23T09:00:00.0000000+02:00,2.626,
2026-05-23T09:10:00.0000000+02:00,2.626,
2026-05-23T09:20:00.0000000+02:00,2.628,
2026-05-23T09:30:00.0000000+02:00,2.623,
2026-05-23T09:40:00.0000000+02:00,2.618,
2026-05-23T09:50:00.0000000+02:00,2.619,
2026-05-23T10:00:00.0000000+02:00,2.624,
2026-05-23T10:10:00.0000000+02:00,2.622,
2026-05-23T10:20:00.0000000+02:00,2.616,
2026-05-23T10:30:00.0000000+02:00,2.62,
2026-05-23T10:40:00.0000000+02:00,2.615,
2026-05-23T10:50:00.0000000+02:00,2.608,
2026-05-23T11:00:00.0000000+02:00,2.619,
2026-05-23T11:10:00.0000000+02:00,2.596,
2026-05-23T11:20:00.0000000+02:00,2.585,
2026-05-23T11:30:00.0000000+02:00,2.598,
2026-05-23T11:40:00.0000000+02:00,2.595,
2026-05-23T11:50:00.0000000+02:00,2.603,
2026-05-23T12:00:00.0000000+02:00,2.601,
2026-05-23T12:10:00.0000000+02:00,2.6,
2026-05-23T12:20:00.0000000+02:00,2.603,
2026-05-23T12:30:00.0000000+02:00,2.6,
2026-05-23T12:40:00.0000000+02:00,2.605,
2026-05-23T12:50:00.0000000+02:00,2.6,
2026-05-23T13:00:00.0000000+02:00,2.597,
2026-05-23T13:10:00.0000000+02:00,2.593,
2026-05-23T13:20:00.0000000+02:00,2.587,
2026-05-23T13:30:00.0000000+02:00,2.592,
2026-05-23T13:40:00.0000000+02:00,2.589,
2026-05-23T13:50:00.0000000+02:00,2.6,
2026-05-23T14:00:00.0000000+02:00,2.606,
2026-05-23T14:10:00.0000000+02:00,2.599,
2026-05-23T14:20:00.0000000+02:00,2.606,
2026-05-23T14:30:00.0000000+02:00,2.608,
2026-05-23T14:40:00.0000000+02:00,2.613,
2026-05-23T14:50:00.0000000+02:00,2.609,
2026-05-23T15:00:00.0000000+02:00,2.607,
2026-05-23T15:10:00.0000000+02:00,2.611,
2026-05-23T15:20:00.0000000+02:00,2.611,
2026-05-23T15:30:00.0000000+02:00,2.616,
2026-05-23T15:40:00.0000000+02:00,2.614,
2026-05-23T15:50:00.0000000+02:00,2.613,
2026-05-23T16:00:00.0000000+02:00,2.614,
2026-05-23T16:10:00.0000000+02:00,2.613,
2026-05-23T16:20:00.0000000+02:00,2.617,
2026-05-23T16:30:00.0000000+02:00,2.62,
2026-05-23T16:40:00.0000000+02:00,2.621,
2026-05-23T16:50:00.0000000+02:00,2.617,
2026-05-23T17:00:00.0000000+02:00,2.624,
2026-05-23T17:10:00.0000000+02:00,2.621,
2026-05-23T17:20:00.0000000+02:00,2.622,
2026-05-23T17:30:00.0000000+02:00,2.623,
2026-05-23T17:40:00.0000000+02:00,2.622,
2026-05-23T17:50:00.0000000+02:00,2.624,
2026-05-23T18:00:00.0000000+02:00,2.621,
2026-05-23T18:10:00.0000000+02:00,2.623,
2026-05-23T18:20:00.0000000+02:00,2.625,
2026-05-23T18:30:00.0000000+02:00,2.627,
2026-05-23T18:40:00.0000000+02:00,2.626,
2026-05-23T18:50:00.0000000+02:00,2.626,
2026-05-23T19:00:00.0000000+02:00,2.627,
2026-05-23T19:10:00.0000000+02:00,2.629,
2026-05-23T19:20:00.0000000+02:00,2.627,
2026-05-23T19:30:00.0000000+02:00,2.624,
2026-05-23T19:40:00.0000000+02:00,2.627,
2026-05-23T19:50:00.0000000+02:00,2.631,
2026-05-23T20:00:00.0000000+02:00,2.632,
2026-05-23T20:10:00.0000000+02:00,2.631,
2026-05-23T20:20:00.0000000+02:00,2.634,
2026-05-23T20:30:00.0000000+02:00,2.633,
2026-05-23T20:40:00.0000000+02:00,2.636,
2026-05-23T20:50:00.0000000+02:00,2.635,
2026-05-23T21:00:00.0000000+02:00,2.637,
2026-05-23T21:10:00.0000000+02:00,2.633,
2026-05-23T21:20:00.0000000+02:00,2.64,
2026-05-23T21:30:00.0000000+02:00,2.633,
2026-05-23T21:40:00.0000000+02:00,2.638,
2026-05-23T21:50:00.0000000+02:00,2.643,
2026-05-23T22:00:00.0000000+02:00,2.639,
2026-05-23T22:10:00.0000000+02:00,2.644,
2026-05-23T22:20:00.0000000+02:00,2.644,
2026-05-23T22:30:00.0000000+02:00,2.643,
2026-05-23T22:40:00.0000000+02:00,2.644,
2026-05-23T22:50:00.0000000+02:00,2.646,
2026-05-23T23:00:00.0000000+02:00,2.639,
2026-05-23T23:10:00.0000000+02:00,2.642,
2026-05-23T23:20:00.0000000+02:00,2.639,
2026-05-23T23:30:00.0000000+02:00,2.648,
2026-05-23T23:40:00.0000000+02:00,2.649,
2026-05-23T23:50:00.0000000+02:00,2.647,
2026-05-24T00:00:00.0000000+02:00,2.65,
2026-05-24T00:10:00.0000000+02:00,2.65,
2026-05-24T00:20:00.0000000+02:00,2.649,
2026-05-24T00:30:00.0000000+02:00,2.646,
2026-05-24T00:40:00.0000000+02:00,2.652,
2026-05-24T00:50:00.0000000+02:00,2.654,
2026-05-24T01:00:00.0000000+02:00,2.654,
2026-05-24T01:10:00.0000000+02:00,2.659,
2026-05-24T01:20:00.0000000+02:00,2.663,
2026-05-24T01:30:00.0000000+02:00,2.661,
2026-05-24T01:40:00.0000000+02:00,2.659,
2026-05-24T01:50:00.0000000+02:00,2.658,
2026-05-24T02:00:00.0000000+02:00,2.659,
2026-05-24T02:10:00.0000000+02:00,2.66,
2026-05-24T02:20:00.0000000+02:00,2.662,
2026-05-24T02:30:00.0000000+02:00,2.669,
2026-05-24T02:40:00.0000000+02:00,2.667,
2026-05-24T02:50:00.0000000+02:00,2.665,
2026-05-24T03:00:00.0000000+02:00,2.669,
2026-05-24T03:10:00.0000000+02:00,2.671,
2026-05-24T03:20:00.0000000+02:00,2.671,
2026-05-24T03:30:00.0000000+02:00,2.671,
2026-05-24T03:40:00.0000000+02:00,2.669,
2026-05-24T03:50:00.0000000+02:00,2.675,
2026-05-24T04:00:00.0000000+02:00,2.675,
2026-05-24T04:10:00.0000000+02:00,2.678,
2026-05-24T05:00:00.0000000+02:00,2.682,
2026-05-24T05:10:00.0000000+02:00,2.682,
2026-05-24T06:30:00.0000000+02:00,2.689,
2026-05-24T06:40:00.0000000+02:00,2.693,
2026-05-24T06:50:00.0000000+02:00,2.693,
2026-05-24T07:00:00.0000000+02:00,2.692,
2026-05-24T07:10:00.0000000+02:00,2.693,
2026-05-24T07:20:00.0000000+02:00,2.694,
2026-05-24T07:30:00.0000000+02:00,2.696,
2026-05-24T07:40:00.0000000+02:00,2.7,
2026-05-24T07:50:00.0000000+02:00,2.697,
2026-05-24T08:00:00.0000000+02:00,2.702,
2026-05-24T08:10:00.0000000+02:00,2.701,
2026-05-24T08:20:00.0000000+02:00,2.702,
2026-05-24T08:30:00.0000000+02:00,2.706,
2026-05-24T08:40:00.0000000+02:00,2.712,
2026-05-24T08:50:00.0000000+02:00,2.706,
2026-05-24T09:00:00.0000000+02:00,2.704,
2026-05-24T09:10:00.0000000+02:00,2.71,
2026-05-24T09:20:00.0000000+02:00,2.714,
2026-05-24T09:30:00.0000000+02:00,2.716,
2026-05-24T09:40:00.0000000+02:00,2.718,
2026-05-24T09:50:00.0000000+02:00,2.718,
2026-05-24T10:00:00.0000000+02:00,2.719,
2026-05-24T10:10:00.0000000+02:00,2.726,
2026-05-24T10:20:00.0000000+02:00,2.725,
2026-05-24T10:30:00.0000000+02:00,2.727,
2026-05-24T10:40:00.0000000+02:00,2.728,
2026-05-24T10:50:00.0000000+02:00,2.728,
2026-05-24T11:00:00.0000000+02:00,2.73,
2026-05-24T11:10:00.0000000+02:00,2.736,
2026-05-24T11:20:00.0000000+02:00,2.74,
2026-05-24T11:30:00.0000000+02:00,2.744,
2026-05-24T11:40:00.0000000+02:00,2.745,
2026-05-24T11:50:00.0000000+02:00,2.752,
2026-05-24T12:00:00.0000000+02:00,2.752,
2026-05-24T12:10:00.0000000+02:00,2.753,
2026-05-24T12:20:00.0000000+02:00,2.761,
2026-05-24T12:30:00.0000000+02:00,2.763,
2026-05-24T12:40:00.0000000+02:00,2.767,
2026-05-24T12:50:00.0000000+02:00,2.767,
2026-05-24T13:00:00.0000000+02:00,2.767,
2026-05-24T13:10:00.0000000+02:00,2.769,
2026-05-24T13:20:00.0000000+02:00,2.771,
2026-05-24T13:30:00.0000000+02:00,2.772,
2026-05-24T13:40:00.0000000+02:00,2.767,
2026-05-24T13:50:00.0000000+02:00,2.777,
2026-05-24T14:00:00.0000000+02:00,2.782,
2026-05-24T14:10:00.0000000+02:00,2.783,
2026-05-24T14:20:00.0000000+02:00,2.78,
2026-05-24T14:30:00.0000000+02:00,2.783,
2026-05-24T14:40:00.0000000+02:00,2.785,
2026-05-24T14:50:00.0000000+02:00,2.784,
2026-05-24T15:00:00.0000000+02:00,2.78,
2026-05-24T15:10:00.0000000+02:00,2.791,
2026-05-24T15:20:00.0000000+02:00,2.794,
2026-05-24T15:30:00.0000000+02:00,2.785,
2026-05-24T15:40:00.0000000+02:00,2.792,
2026-05-24T15:50:00.0000000+02:00,2.793,
2026-05-24T16:00:00.0000000+02:00,2.794,
2026-05-24T16:10:00.0000000+02:00,2.799,
2026-05-24T16:20:00.0000000+02:00,2.794,
2026-05-24T16:30:00.0000000+02:00,2.802,
2026-05-24T16:40:00.0000000+02:00,2.805,
2026-05-24T16:50:00.0000000+02:00,2.803,
2026-05-24T17:00:00.0000000+02:00,2.803,
2026-05-24T17:10:00.0000000+02:00,2.803,
2026-05-24T17:20:00.0000000+02:00,2.807,
2026-05-24T17:30:00.0000000+02:00,2.803,
2026-05-24T17:40:00.0000000+02:00,2.808,
2026-05-24T17:50:00.0000000+02:00,2.81,
2026-05-24T18:00:00.0000000+02:00,2.807,
2026-05-24T18:10:00.0000000+02:00,2.81,
2026-05-24T18:20:00.0000000+02:00,2.813,
2026-05-24T18:30:00.0000000+02:00,2.817,
2026-05-24T18:40:00.0000000+02:00,2.821,
2026-05-24T18:50:00.0000000+02:00,2.82,
2026-05-24T19:00:00.0000000+02:00,2.821,
2026-05-24T19:10:00.0000000+02:00,2.826,
2026-05-24T19:20:00.0000000+02:00,2.825,
2026-05-24T19:30:00.0000000+02:00,2.829,
2026-05-24T19:40:00.0000000+02:00,2.825,
2026-05-24T19:50:00.0000000+02:00,2.828,
2026-05-24T20:00:00.0000000+02:00,2.832,
2026-05-24T20:10:00.0000000+02:00,2.836,
2026-05-24T20:20:00.0000000+02:00,2.838,
2026-05-24T20:30:00.0000000+02:00,2.837,
2026-05-24T20:40:00.0000000+02:00,2.839,
2026-05-24T20:50:00.0000000+02:00,2.84,
2026-05-24T21:00:00.0000000+02:00,2.837,
2026-05-24T21:10:00.0000000+02:00,2.841,
2026-05-24T21:20:00.0000000+02:00,2.841,
2026-05-24T21:30:00.0000000+02:00,2.841,
2026-05-24T21:40:00.0000000+02:00,2.842,
2026-05-24T21:50:00.0000000+02:00,2.843,
2026-05-24T22:00:00.0000000+02:00,2.846,
2026-05-24T22:10:00.0000000+02:00,2.851,
2026-05-24T22:20:00.0000000+02:00,2.85,
2026-05-24T22:30:00.0000000+02:00,2.852,
2026-05-24T22:40:00.0000000+02:00,2.853,
2026-05-24T22:50:00.0000000+02:00,2.849,
2026-05-24T23:00:00.0000000+02:00,2.849,
2026-05-24T23:10:00.0000000+02:00,2.854,
2026-05-24T23:20:00.0000000+02:00,2.849,
2026-05-24T23:30:00.0000000+02:00,2.852,
2026-05-24T23:40:00.0000000+02:00,2.853,
2026-05-24T23:50:00.0000000+02:00,2.857,
2026-05-25T00:00:00.0000000+02:00,2.856,
2026-05-25T00:10:00.0000000+02:00,2.858,
2026-05-25T06:30:00.0000000+02:00,2.823,
2026-05-25T06:40:00.0000000+02:00,2.826,
2026-05-25T06:50:00.0000000+02:00,2.827,
2026-05-25T07:00:00.0000000+02:00,2.827,
2026-05-25T07:10:00.0000000+02:00,2.827,
2026-05-25T07:20:00.0000000+02:00,2.826,
2026-05-25T07:30:00.0000000+02:00,2.821,
2026-05-25T07:40:00.0000000+02:00,2.818,
2026-05-25T07:50:00.0000000+02:00,2.816,
2026-05-25T08:00:00.0000000+02:00,2.819,
2026-05-25T08:10:00.0000000+02:00,2.818,
2026-05-25T08:20:00.0000000+02:00,2.814,
2026-05-25T08:30:00.0000000+02:00,2.816,
2026-05-25T08:40:00.0000000+02:00,2.816,
2026-05-25T08:50:00.0000000+02:00,2.81,
2026-05-25T09:00:00.0000000+02:00,2.813,
2026-05-25T09:10:00.0000000+02:00,2.806,
2026-05-25T09:20:00.0000000+02:00,2.805,
2026-05-25T09:30:00.0000000+02:00,2.804,
2026-05-25T09:40:00.0000000+02:00,2.807,
2026-05-25T09:50:00.0000000+02:00,2.807,
2026-05-25T10:00:00.0000000+02:00,2.781,
2026-05-25T10:10:00.0000000+02:00,2.797,
2026-05-25T10:20:00.0000000+02:00,2.795,
2026-05-25T10:30:00.0000000+02:00,2.797,
2026-05-25T10:40:00.0000000+02:00,2.771,
2026-05-25T10:50:00.0000000+02:00,2.79,
2026-05-25T11:00:00.0000000+02:00,2.793,
2026-05-25T11:10:00.0000000+02:00,2.788,
2026-05-25T11:20:00.0000000+02:00,2.791,
2026-05-25T11:30:00.0000000+02:00,2.79,
2026-05-25T11:40:00.0000000+02:00,2.789,
2026-05-25T11:50:00.0000000+02:00,2.79,
2026-05-25T12:00:00.0000000+02:00,2.784,
2026-05-25T12:10:00.0000000+02:00,2.787,
2026-05-25T12:20:00.0000000+02:00,2.777,
2026-05-25T12:30:00.0000000+02:00,2.783,
2026-05-25T12:40:00.0000000+02:00,2.774,
2026-05-25T12:50:00.0000000+02:00,2.777,
2026-05-25T13:00:00.0000000+02:00,2.773,
2026-05-25T13:10:00.0000000+02:00,2.76,
2026-05-25T13:20:00.0000000+02:00,2.783,
2026-05-25T13:30:00.0000000+02:00,2.78,
2026-05-25T13:40:00.0000000+02:00,2.777,
2026-05-25T13:50:00.0000000+02:00,2.773,
2026-05-25T14:00:00.0000000+02:00,2.77,
2026-05-25T14:10:00.0000000+02:00,2.771,
2026-05-25T14:20:00.0000000+02:00,2.773,
2026-05-25T14:30:00.0000000+02:00,2.772,
2026-05-25T14:40:00.0000000+02:00,2.77,
2026-05-25T14:50:00.0000000+02:00,2.771,
2026-05-25T15:00:00.0000000+02:00,2.766,
2026-05-25T15:10:00.0000000+02:00,2.761,
2026-05-25T15:20:00.0000000+02:00,2.764,
2026-05-25T15:30:00.0000000+02:00,2.761,
2026-05-25T15:40:00.0000000+02:00,2.76,
2026-05-25T15:50:00.0000000+02:00,2.755,
2026-05-25T16:00:00.0000000+02:00,2.755,
2026-05-25T16:10:00.0000000+02:00,2.754,
2026-05-25T16:20:00.0000000+02:00,2.754,
2026-05-25T16:30:00.0000000+02:00,2.752,
2026-05-25T16:40:00.0000000+02:00,2.751,
2026-05-25T16:50:00.0000000+02:00,2.752,
2026-05-25T17:00:00.0000000+02:00,2.745,
2026-05-25T17:10:00.0000000+02:00,2.748,
2026-05-25T17:20:00.0000000+02:00,2.741,
2026-05-25T17:30:00.0000000+02:00,2.74,
2026-05-25T17:40:00.0000000+02:00,2.741,
2026-05-25T17:50:00.0000000+02:00,2.736,
2026-05-25T18:00:00.0000000+02:00,2.735,
2026-05-25T18:10:00.0000000+02:00,2.738,
2026-05-25T18:20:00.0000000+02:00,2.736,
2026-05-25T18:30:00.0000000+02:00,2.735,
2026-05-25T18:40:00.0000000+02:00,2.738,
2026-05-25T18:50:00.0000000+02:00,2.735,
2026-05-25T19:00:00.0000000+02:00,2.729,
2026-05-25T19:10:00.0000000+02:00,2.734,
2026-05-26T07:00:00.0000000+02:00,2.685,
2026-05-26T07:10:00.0000000+02:00,2.691,
2026-05-26T07:20:00.0000000+02:00,2.69,
2026-05-26T07:30:00.0000000+02:00,2.691,
2026-05-26T07:40:00.0000000+02:00,2.691,
2026-05-26T07:50:00.0000000+02:00,2.689,
2026-05-26T08:00:00.0000000+02:00,2.682,
2026-05-26T08:10:00.0000000+02:00,2.686,
2026-05-26T08:20:00.0000000+02:00,2.685,
2026-05-26T08:30:00.0000000+02:00,2.682,
2026-05-26T08:40:00.0000000+02:00,2.682,
2026-05-26T08:50:00.0000000+02:00,2.677,
2026-05-26T09:00:00.0000000+02:00,2.679,
2026-05-26T09:10:00.0000000+02:00,2.675,
2026-05-26T09:20:00.0000000+02:00,2.679,
2026-05-26T09:30:00.0000000+02:00,2.676,
2026-05-26T09:40:00.0000000+02:00,2.675,
2026-05-26T09:50:00.0000000+02:00,2.671,
2026-05-26T10:00:00.0000000+02:00,2.673,
2026-05-26T10:10:00.0000000+02:00,2.674,
2026-05-26T10:20:00.0000000+02:00,2.67,
2026-05-26T10:30:00.0000000+02:00,2.673,
2026-05-26T10:40:00.0000000+02:00,2.664,
2026-05-26T10:50:00.0000000+02:00,2.669,
2026-05-26T11:00:00.0000000+02:00,2.669,
2026-05-26T11:10:00.0000000+02:00,2.66,
2026-05-26T11:20:00.0000000+02:00,2.661,
2026-05-26T11:30:00.0000000+02:00,2.663,
2026-05-26T11:40:00.0000000+02:00,2.662,
2026-05-26T11:50:00.0000000+02:00,2.654,
2026-05-26T12:00:00.0000000+02:00,2.661,
2026-05-26T12:10:00.0000000+02:00,2.665,
2026-05-26T12:20:00.0000000+02:00,2.661,
2026-05-26T12:30:00.0000000+02:00,2.661,
2026-05-26T12:40:00.0000000+02:00,2.664,
2026-05-26T12:50:00.0000000+02:00,2.665,
2026-05-26T13:00:00.0000000+02:00,2.665,
2026-05-26T13:10:00.0000000+02:00,2.661,
2026-05-26T13:20:00.0000000+02:00,2.665,
2026-05-26T13:30:00.0000000+02:00,2.663,
2026-05-26T13:40:00.0000000+02:00,2.667,
2026-05-26T13:50:00.0000000+02:00,2.667,
2026-05-26T14:00:00.0000000+02:00,2.664,
2026-05-26T14:10:00.0000000+02:00,2.669,
2026-05-26T14:20:00.0000000+02:00,2.668,
2026-05-26T14:30:00.0000000+02:00,2.663,
2026-05-26T14:40:00.0000000+02:00,2.668,
2026-05-26T14:50:00.0000000+02:00,2.669,
2026-05-26T15:00:00.0000000+02:00,2.664,
2026-05-26T15:10:00.0000000+02:00,2.662,
2026-05-26T15:20:00.0000000+02:00,2.664,
2026-05-26T15:30:00.0000000+02:00,2.67,
2026-05-26T15:40:00.0000000+02:00,2.663,
2026-05-26T15:50:00.0000000+02:00,2.663,
2026-05-26T16:00:00.0000000+02:00,2.667,
2026-05-26T16:10:00.0000000+02:00,2.667,
2026-05-26T16:20:00.0000000+02:00,2.669,
2026-05-26T16:30:00.0000000+02:00,2.668,
2026-05-26T16:40:00.0000000+02:00,2.664,
2026-05-26T16:50:00.0000000+02:00,2.665,
2026-05-26T17:00:00.0000000+02:00,2.663,
2026-05-26T17:10:00.0000000+02:00,2.664,
2026-05-26T17:20:00.0000000+02:00,2.662,
2026-05-26T17:30:00.0000000+02:00,2.659,
2026-05-26T17:40:00.0000000+02:00,2.659,
2026-05-26T17:50:00.0000000+02:00,2.659,
2026-05-26T18:00:00.0000000+02:00,2.658,
2026-05-26T18:10:00.0000000+02:00,2.658,
2026-05-26T18:20:00.0000000+02:00,2.657,
2026-05-26T18:30:00.0000000+02:00,2.653,
2026-05-26T18:40:00.0000000+02:00,2.658,
2026-05-26T18:50:00.0000000+02:00,2.66,
2026-05-26T19:00:00.0000000+02:00,2.653,
2026-05-26T19:10:00.0000000+02:00,2.654,
2026-05-26T19:20:00.0000000+02:00,2.658,
2026-05-26T19:30:00.0000000+02:00,2.657,
2026-05-26T19:40:00.0000000+02:00,2.656,
2026-05-26T19:50:00.0000000+02:00,2.66,
2026-05-26T20:00:00.0000000+02:00,2.662,
2026-05-26T20:10:00.0000000+02:00,2.655,
2026-05-26T20:20:00.0000000+02:00,2.659,
2026-05-26T20:30:00.0000000+02:00,2.658,
2026-05-26T20:40:00.0000000+02:00,2.653,
2026-05-26T20:50:00.0000000+02:00,2.662,
2026-05-26T21:00:00.0000000+02:00,2.66,
2026-05-26T21:10:00.0000000+02:00,2.653,
2026-05-26T21:20:00.0000000+02:00,2.656,
2026-05-26T21:30:00.0000000+02:00,2.659,
2026-05-26T21:40:00.0000000+02:00,2.662,
2026-05-26T21:50:00.0000000+02:00,2.657,
2026-05-26T22:00:00.0000000+02:00,2.654,
2026-05-26T22:10:00.0000000+02:00,2.657,
2026-05-26T22:20:00.0000000+02:00,2.659,
2026-05-26T22:30:00.0000000+02:00,2.655,
2026-05-26T22:40:00.0000000+02:00,2.654,
2026-05-26T22:50:00.0000000+02:00,2.656,
2026-05-26T23:00:00.0000000+02:00,2.656,
2026-05-26T23:10:00.0000000+02:00,2.657,
2026-05-26T23:20:00.0000000+02:00,2.656,
2026-05-26T23:30:00.0000000+02:00,2.657,
2026-05-26T23:40:00.0000000+02:00,2.651,
2026-05-26T23:50:00.0000000+02:00,2.661,
2026-05-27T00:00:00.0000000+02:00,2.652,
2026-05-27T00:10:00.0000000+02:00,2.661,
2026-05-27T00:20:00.0000000+02:00,2.655,
2026-05-27T00:30:00.0000000+02:00,2.652,
2026-05-27T00:40:00.0000000+02:00,2.65,
2026-05-27T00:50:00.0000000+02:00,2.654,
2026-05-27T01:00:00.0000000+02:00,2.653,
2026-05-27T01:10:00.0000000+02:00,2.651,
2026-05-27T01:20:00.0000000+02:00,2.649,
2026-05-27T01:30:00.0000000+02:00,2.652,
2026-05-27T01:40:00.0000000+02:00,2.647,
2026-05-27T01:50:00.0000000+02:00,2.648,
2026-05-27T02:00:00.0000000+02:00,2.645,
2026-05-27T02:10:00.0000000+02:00,2.645,
2026-05-27T06:50:00.0000000+02:00,2.599,
2026-05-27T07:00:00.0000000+02:00,2.596,
2026-05-27T07:10:00.0000000+02:00,2.591,
2026-05-27T07:20:00.0000000+02:00,2.589,
2026-05-27T07:30:00.0000000+02:00,2.589,
2026-05-27T07:40:00.0000000+02:00,2.589,
2026-05-27T07:50:00.0000000+02:00,2.586,
2026-05-27T08:00:00.0000000+02:00,2.581,
2026-05-27T08:10:00.0000000+02:00,2.576,
2026-05-27T08:20:00.0000000+02:00,2.576,
2026-05-27T08:30:00.0000000+02:00,2.572,
2026-05-27T08:40:00.0000000+02:00,2.567,
2026-05-27T08:50:00.0000000+02:00,2.568,
2026-05-27T09:00:00.0000000+02:00,2.564,
2026-05-27T09:10:00.0000000+02:00,2.564,
2026-05-27T09:20:00.0000000+02:00,2.557,
2026-05-27T09:30:00.0000000+02:00,2.561,
2026-05-27T09:40:00.0000000+02:00,2.555,
2026-05-27T09:50:00.0000000+02:00,2.546,
2026-05-27T10:00:00.0000000+02:00,2.543,
2026-05-27T10:10:00.0000000+02:00,2.543,
2026-05-27T10:20:00.0000000+02:00,2.539,
2026-05-27T10:30:00.0000000+02:00,2.528,
2026-05-27T10:40:00.0000000+02:00,2.528,
2026-05-27T10:50:00.0000000+02:00,2.526,
2026-05-27T11:00:00.0000000+02:00,2.526,
2026-05-27T11:10:00.0000000+02:00,2.521,
2026-05-27T11:20:00.0000000+02:00,2.518,
2026-05-27T11:30:00.0000000+02:00,2.514,
2026-05-27T11:40:00.0000000+02:00,2.51,
2026-05-27T11:50:00.0000000+02:00,2.512,
2026-05-27T12:00:00.0000000+02:00,2.505,
2026-05-27T12:10:00.0000000+02:00,2.505,
2026-05-27T12:20:00.0000000+02:00,2.5,
2026-05-27T12:30:00.0000000+02:00,2.501,
2026-05-27T12:40:00.0000000+02:00,2.5,
2026-05-27T12:50:00.0000000+02:00,2.507,
2026-05-27T13:00:00.0000000+02:00,2.497,
2026-05-27T13:10:00.0000000+02:00,2.492,
2026-05-27T13:20:00.0000000+02:00,2.496,
2026-05-27T13:30:00.0000000+02:00,2.49,
2026-05-27T13:40:00.0000000+02:00,2.491,
2026-05-27T13:50:00.0000000+02:00,2.492,
2026-05-27T14:00:00.0000000+02:00,2.489,
2026-05-27T14:10:00.0000000+02:00,2.49,
2026-05-27T14:20:00.0000000+02:00,2.49,
2026-05-27T14:30:00.0000000+02:00,2.487,
2026-05-27T14:40:00.0000000+02:00,2.485,
2026-05-27T14:50:00.0000000+02:00,2.48,
2026-05-27T15:00:00.0000000+02:00,2.482,
2026-05-27T15:10:00.0000000+02:00,2.479,
2026-05-27T15:20:00.0000000+02:00,2.477,
2026-05-27T15:30:00.0000000+02:00,2.475,
2026-05-27T15:40:00.0000000+02:00,2.47,
2026-05-27T15:50:00.0000000+02:00,2.472,
2026-05-27T16:00:00.0000000+02:00,2.476,
2026-05-27T16:10:00.0000000+02:00,2.475,
2026-05-27T16:20:00.0000000+02:00,2.467,
2026-05-27T16:30:00.0000000+02:00,2.473,
2026-05-27T16:40:00.0000000+02:00,2.468,
2026-05-27T16:50:00.0000000+02:00,2.467,
2026-05-27T17:00:00.0000000+02:00,2.469,
2026-05-27T17:10:00.0000000+02:00,2.471,
2026-05-27T17:20:00.0000000+02:00,2.468,
2026-05-27T17:30:00.0000000+02:00,2.467,
2026-05-27T17:40:00.0000000+02:00,2.463,
2026-05-27T17:50:00.0000000+02:00,2.46,
2026-05-27T18:00:00.0000000+02:00,2.464,
2026-05-27T18:10:00.0000000+02:00,2.461,
2026-05-27T18:20:00.0000000+02:00,2.457,
2026-05-27T18:30:00.0000000+02:00,2.464,
2026-05-27T18:40:00.0000000+02:00,2.467,
2026-05-27T18:50:00.0000000+02:00,2.465,
2026-05-27T19:00:00.0000000+02:00,2.461,
2026-05-27T19:10:00.0000000+02:00,2.465,
2026-05-27T19:20:00.0000000+02:00,2.462,
2026-05-27T19:30:00.0000000+02:00,2.473,
2026-05-27T19:40:00.0000000+02:00,2.468,
2026-05-27T19:50:00.0000000+02:00,2.469,
2026-05-27T20:00:00.0000000+02:00,2.469,
2026-05-27T20:10:00.0000000+02:00,2.476,
2026-05-27T20:20:00.0000000+02:00,2.474,
2026-05-27T20:30:00.0000000+02:00,2.473,
2026-05-27T20:40:00.0000000+02:00,2.482,
2026-05-27T20:50:00.0000000+02:00,2.48,
2026-05-27T21:00:00.0000000+02:00,2.478,
2026-05-27T21:10:00.0000000+02:00,2.478,
2026-05-27T21:20:00.0000000+02:00,2.487,
2026-05-27T21:30:00.0000000+02:00,2.486,
2026-05-27T21:40:00.0000000+02:00,2.488,
2026-05-27T21:50:00.0000000+02:00,2.49,
2026-05-27T22:00:00.0000000+02:00,2.489,
2026-05-27T22:10:00.0000000+02:00,2.489,
2026-05-27T22:20:00.0000000+02:00,2.491,
2026-05-27T22:30:00.0000000+02:00,2.492,
2026-05-27T22:40:00.0000000+02:00,2.493,
2026-05-27T22:50:00.0000000+02:00,2.494,
2026-05-27T23:00:00.0000000+02:00,2.495,
2026-05-27T23:10:00.0000000+02:00,2.5,
2026-05-27T23:20:00.0000000+02:00,2.501,
2026-05-27T23:30:00.0000000+02:00,2.502,
2026-05-27T23:40:00.0000000+02:00,2.501,
2026-05-27T23:50:00.0000000+02:00,2.503,
2026-05-28T00:00:00.0000000+02:00,2.501,
2026-05-28T00:10:00.0000000+02:00,2.507,
2026-05-28T00:20:00.0000000+02:00,2.506,
2026-05-28T00:30:00.0000000+02:00,2.507,
2026-05-28T00:40:00.0000000+02:00,2.506,
2026-05-28T00:50:00.0000000+02:00,2.513,
2026-05-28T01:00:00.0000000+02:00,2.507,
2026-05-28T01:10:00.0000000+02:00,2.516,
2026-05-28T01:30:00.0000000+02:00,2.517,
2026-05-28T01:40:00.0000000+02:00,2.52,
2026-05-28T01:50:00.0000000+02:00,2.517,
2026-05-28T02:00:00.0000000+02:00,2.517,
2026-05-28T02:10:00.0000000+02:00,2.509,
2026-05-28T06:20:00.0000000+02:00,2.502,
2026-05-28T06:30:00.0000000+02:00,2.505,
2026-05-28T06:40:00.0000000+02:00,2.502,
2026-05-28T06:50:00.0000000+02:00,2.501,
2026-05-28T07:00:00.0000000+02:00,2.496,
2026-05-28T07:10:00.0000000+02:00,2.496,
2026-05-28T07:20:00.0000000+02:00,2.496,
2026-05-28T07:30:00.0000000+02:00,2.492,
2026-05-28T07:40:00.0000000+02:00,2.488,
2026-05-28T07:50:00.0000000+02:00,2.491,
2026-05-28T08:00:00.0000000+02:00,2.488,
2026-05-28T08:10:00.0000000+02:00,2.484,
2026-05-28T08:20:00.0000000+02:00,2.481,
2026-05-28T08:30:00.0000000+02:00,2.476,
2026-05-28T08:40:00.0000000+02:00,2.47,
2026-05-28T08:50:00.0000000+02:00,2.471,
2026-05-28T09:00:00.0000000+02:00,2.468,
2026-05-28T09:10:00.0000000+02:00,2.463,
2026-05-28T09:20:00.0000000+02:00,2.459,
2026-05-28T09:30:00.0000000+02:00,2.428,
2026-05-28T09:40:00.0000000+02:00,2.445,
2026-05-28T09:50:00.0000000+02:00,2.454,
2026-05-28T10:00:00.0000000+02:00,2.449,
2026-05-28T10:10:00.0000000+02:00,2.433,
2026-05-28T10:20:00.0000000+02:00,2.442,
2026-05-28T10:30:00.0000000+02:00,2.442,
2026-05-28T10:40:00.0000000+02:00,2.438,
2026-05-28T10:50:00.0000000+02:00,2.436,
2026-05-28T11:00:00.0000000+02:00,2.427,
2026-05-28T11:10:00.0000000+02:00,2.435,
2026-05-28T11:20:00.0000000+02:00,2.432,
2026-05-28T11:30:00.0000000+02:00,2.427,
2026-05-28T11:40:00.0000000+02:00,2.423,
2026-05-28T11:50:00.0000000+02:00,2.415,
2026-05-28T12:00:00.0000000+02:00,2.412,
2026-05-28T12:10:00.0000000+02:00,2.412,
2026-05-28T12:20:00.0000000+02:00,2.403,
2026-05-28T12:30:00.0000000+02:00,2.399,
2026-05-28T12:40:00.0000000+02:00,2.4,
2026-05-28T12:50:00.0000000+02:00,2.4,
2026-05-28T13:00:00.0000000+02:00,2.399,
2026-05-28T13:10:00.0000000+02:00,2.396,
2026-05-28T13:20:00.0000000+02:00,2.398,
2026-05-28T13:30:00.0000000+02:00,2.394,
2026-05-28T13:40:00.0000000+02:00,2.387,
2026-05-28T13:50:00.0000000+02:00,2.39,
2026-05-28T14:00:00.0000000+02:00,2.385,
2026-05-28T14:10:00.0000000+02:00,2.381,
2026-05-28T14:20:00.0000000+02:00,2.38,
2026-05-28T14:30:00.0000000+02:00,2.378,
2026-05-28T14:40:00.0000000+02:00,2.371,
2026-05-28T14:50:00.0000000+02:00,2.374,
2026-05-28T15:00:00.0000000+02:00,2.368,
2026-05-28T15:10:00.0000000+02:00,2.369,
2026-05-28T15:20:00.0000000+02:00,2.363,
2026-05-28T15:30:00.0000000+02:00,2.359,
2026-05-28T15:40:00.0000000+02:00,2.352,
2026-05-28T15:50:00.0000000+02:00,2.351,
2026-05-28T16:00:00.0000000+02:00,2.349,
2026-05-28T16:10:00.0000000+02:00,2.349,
2026-05-28T16:20:00.0000000+02:00,2.345,
2026-05-28T16:30:00.0000000+02:00,2.341,
2026-05-28T16:40:00.0000000+02:00,2.338,
2026-05-28T16:50:00.0000000+02:00,2.339,
2026-05-28T17:00:00.0000000+02:00,2.336,
2026-05-28T17:10:00.0000000+02:00,2.33,
2026-05-28T17:20:00.0000000+02:00,2.331,
2026-05-28T17:30:00.0000000+02:00,2.321,
2026-05-28T17:40:00.0000000+02:00,2.324,
2026-05-28T17:50:00.0000000+02:00,2.322,
2026-05-28T18:00:00.0000000+02:00,2.322,
2026-05-28T18:10:00.0000000+02:00,2.318,
2026-05-28T18:20:00.0000000+02:00,2.319,
2026-05-28T18:30:00.0000000+02:00,2.321,
2026-05-28T18:40:00.0000000+02:00,2.313,
2026-05-28T18:50:00.0000000+02:00,2.322,
2026-05-28T19:00:00.0000000+02:00,2.313,
2026-05-28T19:10:00.0000000+02:00,2.321,
2026-05-28T19:20:00.0000000+02:00,2.315,
2026-05-28T19:30:00.0000000+02:00,2.316,
2026-05-28T19:40:00.0000000+02:00,2.316,
2026-05-28T19:50:00.0000000+02:00,2.318,
2026-05-28T20:00:00.0000000+02:00,2.315,
2026-05-28T20:10:00.0000000+02:00,2.316,
2026-05-28T20:20:00.0000000+02:00,2.318,
2026-05-28T20:30:00.0000000+02:00,2.316,
2026-05-28T20:40:00.0000000+02:00,2.308,
2026-05-28T20:50:00.0000000+02:00,2.317,
2026-05-28T21:00:00.0000000+02:00,2.315,
2026-05-28T21:10:00.0000000+02:00,2.313,
2026-05-28T21:20:00.0000000+02:00,2.322,
2026-05-28T21:30:00.0000000+02:00,2.319,
2026-05-28T21:40:00.0000000+02:00,2.32,
2026-05-28T21:50:00.0000000+02:00,2.324,
2026-05-28T22:00:00.0000000+02:00,2.323,
2026-05-28T22:10:00.0000000+02:00,2.322,
2026-05-28T22:20:00.0000000+02:00,2.329,
2026-05-28T22:30:00.0000000+02:00,2.323,
2026-05-28T22:40:00.0000000+02:00,2.326,
2026-05-28T22:50:00.0000000+02:00,2.332,
2026-05-28T23:00:00.0000000+02:00,2.33,
2026-05-28T23:10:00.0000000+02:00,2.333,
2026-05-28T23:30:00.0000000+02:00,2.333,
2026-05-28T23:40:00.0000000+02:00,2.337,
2026-05-28T23:50:00.0000000+02:00,2.336,
2026-05-29T00:00:00.0000000+02:00,2.339,
2026-05-29T00:10:00.0000000+02:00,2.339,
2026-05-29T06:30:00.0000000+02:00,2.351,
2026-05-29T06:40:00.0000000+02:00,2.36,
2026-05-29T06:50:00.0000000+02:00,2.356,
2026-05-29T07:00:00.0000000+02:00,2.355,
2026-05-29T07:10:00.0000000+02:00,2.357,
2026-05-29T07:20:00.0000000+02:00,2.354,
2026-05-29T07:30:00.0000000+02:00,2.351,
2026-05-29T07:40:00.0000000+02:00,2.35,
2026-05-29T07:50:00.0000000+02:00,2.35,
2026-05-29T08:00:00.0000000+02:00,2.349,
2026-05-29T08:10:00.0000000+02:00,2.349,
2026-05-29T08:20:00.0000000+02:00,2.341,
2026-05-29T08:30:00.0000000+02:00,2.342,
2026-05-29T08:40:00.0000000+02:00,2.343,
2026-05-29T08:50:00.0000000+02:00,2.341,
2026-05-29T09:00:00.0000000+02:00,2.335,
2026-05-29T09:10:00.0000000+02:00,2.336,
2026-05-29T09:20:00.0000000+02:00,2.334,
2026-05-29T09:30:00.0000000+02:00,2.328,
2026-05-29T09:40:00.0000000+02:00,2.324,
2026-05-29T09:50:00.0000000+02:00,2.319,
2026-05-29T10:00:00.0000000+02:00,2.33,
2026-05-29T10:10:00.0000000+02:00,2.323,
2026-05-29T10:20:00.0000000+02:00,2.316,
2026-05-29T10:30:00.0000000+02:00,2.315,
2026-05-29T10:40:00.0000000+02:00,2.314,
2026-05-29T10:50:00.0000000+02:00,2.309,
2026-05-29T11:00:00.0000000+02:00,2.304,
2026-05-29T11:10:00.0000000+02:00,2.3,
2026-05-29T11:20:00.0000000+02:00,2.304,
2026-05-29T11:30:00.0000000+02:00,2.304,
2026-05-29T11:40:00.0000000+02:00,2.299,
2026-05-29T11:50:00.0000000+02:00,2.291,
2026-05-29T12:00:00.0000000+02:00,2.291,
2026-05-29T12:10:00.0000000+02:00,2.294,
2026-05-29T12:20:00.0000000+02:00,2.279,
2026-05-29T12:30:00.0000000+02:00,2.282,
2026-05-29T12:40:00.0000000+02:00,2.286,
2026-05-29T12:50:00.0000000+02:00,2.282,
2026-05-29T13:00:00.0000000+02:00,2.281,
2026-05-29T13:10:00.0000000+02:00,2.281,
2026-05-29T13:20:00.0000000+02:00,2.272,
2026-05-29T13:30:00.0000000+02:00,2.277,
2026-05-29T13:40:00.0000000+02:00,2.269,
2026-05-29T13:50:00.0000000+02:00,2.266,
2026-05-29T14:00:00.0000000+02:00,2.271,
2026-05-29T14:10:00.0000000+02:00,2.259,
2026-05-29T14:20:00.0000000+02:00,2.257,
2026-05-29T14:30:00.0000000+02:00,2.251,
2026-05-29T14:40:00.0000000+02:00,2.251,
2026-05-29T14:50:00.0000000+02:00,2.248,
2026-05-29T15:00:00.0000000+02:00,2.249,
2026-05-29T15:10:00.0000000+02:00,2.24,
2026-05-29T15:20:00.0000000+02:00,2.241,
2026-05-29T15:30:00.0000000+02:00,2.242,
2026-05-29T15:40:00.0000000+02:00,2.238,
2026-05-29T15:50:00.0000000+02:00,2.234,
2026-05-29T16:00:00.0000000+02:00,2.228,
2026-05-29T16:10:00.0000000+02:00,2.222,
2026-05-29T16:20:00.0000000+02:00,2.225,
2026-05-29T16:30:00.0000000+02:00,2.227,
2026-05-29T16:40:00.0000000+02:00,2.223,
2026-05-29T16:50:00.0000000+02:00,2.214,
2026-05-29T17:00:00.0000000+02:00,2.216,
2026-05-29T17:10:00.0000000+02:00,2.204,
2026-05-29T17:20:00.0000000+02:00,2.206,
2026-05-29T17:30:00.0000000+02:00,2.204,
2026-05-29T17:40:00.0000000+02:00,2.205,
2026-05-29T17:50:00.0000000+02:00,2.205,
2026-05-29T18:00:00.0000000+02:00,2.2,
2026-05-29T18:10:00.0000000+02:00,2.202,
2026-05-29T18:20:00.0000000+02:00,2.203,
2026-05-29T18:30:00.0000000+02:00,2.196,
2026-05-29T18:40:00.0000000+02:00,2.199,
2026-05-29T18:50:00.0000000+02:00,2.192,
2026-05-29T19:00:00.0000000+02:00,2.197,
2026-05-29T19:10:00.0000000+02:00,2.198,
2026-05-29T19:20:00.0000000+02:00,2.201,
2026-05-29T19:30:00.0000000+02:00,2.194,
2026-05-29T19:40:00.0000000+02:00,2.195,
2026-05-29T19:50:00.0000000+02:00,2.2,
2026-05-29T20:00:00.0000000+02:00,2.199,
2026-05-29T20:10:00.0000000+02:00,2.198,
2026-05-29T20:20:00.0000000+02:00,2.198,
2026-05-29T20:30:00.0000000+02:00,2.2,
2026-05-29T20:40:00.0000000+02:00,2.201,
2026-05-29T20:50:00.0000000+02:00,2.204,
2026-05-29T21:00:00.0000000+02:00,2.202,
2026-05-29T21:10:00.0000000+02:00,2.205,
2026-05-29T21:20:00.0000000+02:00,2.206,
2026-05-29T21:30:00.0000000+02:00,2.204,
2026-05-29T21:40:00.0000000+02:00,2.207,
2026-05-29T21:50:00.0000000+02:00,2.21,
2026-05-29T22:00:00.0000000+02:00,2.209,
2026-05-29T22:10:00.0000000+02:00,2.212,
2026-05-29T22:20:00.0000000+02:00,2.213,
2026-05-29T22:30:00.0000000+02:00,2.214,
2026-05-29T22:40:00.0000000+02:00,2.216,
2026-05-29T22:50:00.0000000+02:00,2.217,
2026-05-29T23:00:00.0000000+02:00,2.218,
2026-05-29T23:10:00.0000000+02:00,2.223,
2026-05-29T23:20:00.0000000+02:00,2.226,
2026-05-29T23:30:00.0000000+02:00,2.228,
2026-05-29T23:40:00.0000000+02:00,2.23,
2026-05-29T23:50:00.0000000+02:00,2.235,
2026-05-30T00:00:00.0000000+02:00,2.236,
2026-05-30T00:10:00.0000000+02:00,2.241,
2026-05-30T06:30:00.0000000+02:00,2.277,
2026-05-30T06:40:00.0000000+02:00,2.281,
2026-05-30T06:50:00.0000000+02:00,2.281,
2026-05-30T07:00:00.0000000+02:00,2.284,
2026-05-30T07:10:00.0000000+02:00,2.284,
2026-05-30T07:20:00.0000000+02:00,2.283,
2026-05-30T07:30:00.0000000+02:00,2.282,
2026-05-30T07:40:00.0000000+02:00,2.277,
2026-05-30T07:50:00.0000000+02:00,2.281,
2026-05-30T08:00:00.0000000+02:00,2.279,
2026-05-30T08:10:00.0000000+02:00,2.279,
2026-05-30T08:20:00.0000000+02:00,2.272,
2026-05-30T08:30:00.0000000+02:00,2.269,
2026-05-30T08:40:00.0000000+02:00,2.273,
2026-05-30T08:50:00.0000000+02:00,2.275,
2026-05-30T09:00:00.0000000+02:00,2.265,
2026-05-30T09:10:00.0000000+02:00,2.268,
2026-05-30T09:20:00.0000000+02:00,2.268,
2026-05-30T09:30:00.0000000+02:00,2.276,
2026-05-30T09:40:00.0000000+02:00,2.264,
2026-05-30T09:50:00.0000000+02:00,2.264,
2026-05-30T10:00:00.0000000+02:00,2.265,
2026-05-30T10:10:00.0000000+02:00,2.258,
2026-05-30T10:20:00.0000000+02:00,2.262,
2026-05-30T10:30:00.0000000+02:00,2.251,
2026-05-30T10:40:00.0000000+02:00,2.254,
2026-05-30T10:50:00.0000000+02:00,2.256,
2026-05-30T11:00:00.0000000+02:00,2.234,
2026-05-30T11:10:00.0000000+02:00,2.245,
2026-05-30T11:20:00.0000000+02:00,2.244,
2026-05-30T11:30:00.0000000+02:00,2.248,
2026-05-30T11:40:00.0000000+02:00,2.242,
2026-05-30T11:50:00.0000000+02:00,2.232,
2026-05-30T12:00:00.0000000+02:00,2.229,
2026-05-30T12:10:00.0000000+02:00,2.232,
2026-05-30T12:20:00.0000000+02:00,2.236,
2026-05-30T12:30:00.0000000+02:00,2.239,
2026-05-30T12:40:00.0000000+02:00,2.22,
2026-05-30T12:50:00.0000000+02:00,2.232,
2026-05-30T13:00:00.0000000+02:00,2.233,
2026-05-30T13:10:00.0000000+02:00,2.232,
2026-05-30T13:20:00.0000000+02:00,2.226,
2026-05-30T13:30:00.0000000+02:00,2.224,
2026-05-30T13:40:00.0000000+02:00,2.218,
2026-05-30T13:50:00.0000000+02:00,2.221,
2026-05-30T14:00:00.0000000+02:00,2.213,
2026-05-30T14:10:00.0000000+02:00,2.21,
2026-05-30T14:20:00.0000000+02:00,2.214,
2026-05-30T14:30:00.0000000+02:00,2.211,
2026-05-30T14:40:00.0000000+02:00,2.21,
2026-05-30T14:50:00.0000000+02:00,2.206,
2026-05-30T15:00:00.0000000+02:00,2.199,
2026-05-30T15:10:00.0000000+02:00,2.198,
2026-05-30T15:20:00.0000000+02:00,2.193,
2026-05-30T15:30:00.0000000+02:00,2.19,
2026-05-30T15:40:00.0000000+02:00,2.189,
2026-05-30T15:50:00.0000000+02:00,2.186,
2026-05-30T16:00:00.0000000+02:00,2.189,
2026-05-30T16:10:00.0000000+02:00,2.187,
2026-05-30T16:20:00.0000000+02:00,2.182,
2026-05-30T16:30:00.0000000+02:00,2.179,
2026-05-30T16:40:00.0000000+02:00,2.179,
2026-05-30T16:50:00.0000000+02:00,2.173,
2026-05-30T17:00:00.0000000+02:00,2.177,
2026-05-30T17:10:00.0000000+02:00,2.172,
2026-05-30T17:20:00.0000000+02:00,2.164,
2026-05-30T17:30:00.0000000+02:00,2.165,
2026-05-30T17:40:00.0000000+02:00,2.164,
2026-05-30T17:50:00.0000000+02:00,2.161,
2026-05-30T18:00:00.0000000+02:00,2.158,
2026-05-30T18:10:00.0000000+02:00,2.16,
2026-05-30T18:20:00.0000000+02:00,2.154,
2026-05-30T18:30:00.0000000+02:00,2.162,
2026-05-30T18:40:00.0000000+02:00,2.154,
2026-05-30T18:50:00.0000000+02:00,2.161,
2026-05-30T19:00:00.0000000+02:00,2.157,
2026-05-30T19:10:00.0000000+02:00,2.161,
2026-05-30T19:20:00.0000000+02:00,2.15,
2026-05-30T19:30:00.0000000+02:00,2.154,
2026-05-30T19:40:00.0000000+02:00,2.154,
2026-05-30T19:50:00.0000000+02:00,2.156,
2026-05-30T20:00:00.0000000+02:00,2.153,
2026-05-30T20:10:00.0000000+02:00,2.153,
2026-05-30T20:20:00.0000000+02:00,2.146,
2026-05-30T20:30:00.0000000+02:00,2.155,
2026-05-30T20:40:00.0000000+02:00,2.155,
2026-05-30T20:50:00.0000000+02:00,2.154,
2026-05-30T21:00:00.0000000+02:00,2.156,
2026-05-30T21:10:00.0000000+02:00,2.157,
2026-05-30T21:20:00.0000000+02:00,2.161,
2026-05-30T21:30:00.0000000+02:00,2.16,
2026-05-30T21:40:00.0000000+02:00,2.163,
2026-05-30T21:50:00.0000000+02:00,2.156,
2026-05-30T22:00:00.0000000+02:00,2.16,
2026-05-30T22:10:00.0000000+02:00,2.165,
2026-05-30T22:20:00.0000000+02:00,2.163,
2026-05-30T22:30:00.0000000+02:00,2.164,
2026-05-30T22:40:00.0000000+02:00,2.159,
2026-05-30T22:50:00.0000000+02:00,2.162,
2026-05-30T23:00:00.0000000+02:00,2.173,
2026-05-30T23:10:00.0000000+02:00,2.166,
2026-05-30T23:20:00.0000000+02:00,2.169,
2026-05-30T23:30:00.0000000+02:00,2.17,
2026-05-30T23:40:00.0000000+02:00,2.177,
2026-05-30T23:50:00.0000000+02:00,2.174,
2026-05-31T00:00:00.0000000+02:00,2.175,
2026-05-31T00:10:00.0000000+02:00,2.18,
2026-05-31T06:30:00.0000000+02:00,2.243,
2026-05-31T06:40:00.0000000+02:00,2.243,
2026-05-31T06:50:00.0000000+02:00,2.247,
2026-05-31T07:00:00.0000000+02:00,2.251,
2026-05-31T07:10:00.0000000+02:00,2.246,
2026-05-31T07:20:00.0000000+02:00,2.248,
2026-05-31T07:30:00.0000000+02:00,2.24,
2026-05-31T07:40:00.0000000+02:00,2.247,
2026-05-31T07:50:00.0000000+02:00,2.243,
2026-05-31T08:00:00.0000000+02:00,2.247,
2026-05-31T08:10:00.0000000+02:00,2.246,
2026-05-31T08:20:00.0000000+02:00,2.243,
2026-05-31T08:30:00.0000000+02:00,2.242,
2026-05-31T08:40:00.0000000+02:00,2.231,
2026-05-31T08:50:00.0000000+02:00,2.238,
2026-05-31T09:00:00.0000000+02:00,2.241,
2026-05-31T09:10:00.0000000+02:00,2.229,
2026-05-31T09:20:00.0000000+02:00,2.234,
2026-05-31T09:30:00.0000000+02:00,2.229,
2026-05-31T09:40:00.0000000+02:00,2.227,
2026-05-31T09:50:00.0000000+02:00,2.226,
2026-05-31T10:00:00.0000000+02:00,2.227,
2026-05-31T10:10:00.0000000+02:00,2.229,
2026-05-31T10:20:00.0000000+02:00,2.221,
2026-05-31T10:30:00.0000000+02:00,2.218,
2026-05-31T10:40:00.0000000+02:00,2.2,
2026-05-31T10:50:00.0000000+02:00,2.202,
2026-05-31T11:00:00.0000000+02:00,2.218,
2026-05-31T11:10:00.0000000+02:00,2.21,
2026-05-31T11:20:00.0000000+02:00,2.22,
2026-05-31T11:30:00.0000000+02:00,2.213,
2026-05-31T11:40:00.0000000+02:00,2.209,
2026-05-31T11:50:00.0000000+02:00,2.208,
2026-05-31T12:00:00.0000000+02:00,2.208,
2026-05-31T12:10:00.0000000+02:00,2.21,
2026-05-31T12:20:00.0000000+02:00,2.204,
2026-05-31T12:30:00.0000000+02:00,2.202,
2026-05-31T12:40:00.0000000+02:00,2.203,
2026-05-31T12:50:00.0000000+02:00,2.201,
2026-05-31T13:00:00.0000000+02:00,2.191,
2026-05-31T13:10:00.0000000+02:00,2.19,
2026-05-31T13:20:00.0000000+02:00,2.186,
2026-05-31T13:30:00.0000000+02:00,2.187,
2026-05-31T13:40:00.0000000+02:00,2.183,
2026-05-31T13:50:00.0000000+02:00,2.178,
2026-05-31T14:00:00.0000000+02:00,2.178,
2026-05-31T14:10:00.0000000+02:00,2.17,
2026-05-31T14:20:00.0000000+02:00,2.168,
2026-05-31T14:30:00.0000000+02:00,2.163,
2026-05-31T14:40:00.0000000+02:00,2.168,
2026-05-31T14:50:00.0000000+02:00,2.159,
2026-05-31T15:00:00.0000000+02:00,2.16,
2026-05-31T15:10:00.0000000+02:00,2.152,
2026-05-31T15:20:00.0000000+02:00,2.152,
2026-05-31T15:30:00.0000000+02:00,2.153,
2026-05-31T15:40:00.0000000+02:00,2.144,
2026-05-31T15:50:00.0000000+02:00,2.142,
2026-05-31T16:00:00.0000000+02:00,2.138,
2026-05-31T16:10:00.0000000+02:00,2.142,
2026-05-31T16:20:00.0000000+02:00,2.138,
2026-05-31T16:30:00.0000000+02:00,2.133,
2026-05-31T16:40:00.0000000+02:00,2.133,
2026-05-31T16:50:00.0000000+02:00,2.128,
2026-05-31T17:00:00.0000000+02:00,2.128,
2026-05-31T17:10:00.0000000+02:00,2.128,
2026-05-31T17:20:00.0000000+02:00,2.117,
2026-05-31T17:30:00.0000000+02:00,2.116,
2026-05-31T17:40:00.0000000+02:00,2.115,
2026-05-31T17:50:00.0000000+02:00,2.105,
2026-05-31T18:00:00.0000000+02:00,2.108,
2026-05-31T18:10:00.0000000+02:00,2.106,
2026-05-31T18:20:00.0000000+02:00,2.109,
2026-05-31T18:30:00.0000000+02:00,2.106,
2026-05-31T18:40:00.0000000+02:00,2.105,
2026-05-31T18:50:00.0000000+02:00,2.105,
2026-05-31T19:00:00.0000000+02:00,2.103,
2026-05-31T19:10:00.0000000+02:00,2.099,
2026-05-31T19:20:00.0000000+02:00,2.095,
2026-05-31T19:30:00.0000000+02:00,2.092,
2026-05-31T19:40:00.0000000+02:00,2.089,
2026-05-31T19:50:00.0000000+02:00,2.089,
2026-05-31T20:00:00.0000000+02:00,2.086,
2026-05-31T20:10:00.0000000+02:00,2.088,
2026-05-31T20:20:00.0000000+02:00,2.087,
2026-05-31T20:30:00.0000000+02:00,2.087,
2026-05-31T20:40:00.0000000+02:00,2.085,
2026-05-31T20:50:00.0000000+02:00,2.086,
2026-05-31T21:00:00.0000000+02:00,2.088,
2026-05-31T21:10:00.0000000+02:00,2.083,
2026-05-31T21:20:00.0000000+02:00,2.082,
2026-05-31T21:30:00.0000000+02:00,2.085,
2026-05-31T21:40:00.0000000+02:00,2.075,
2026-05-31T21:50:00.0000000+02:00,2.075,
2026-05-31T22:00:00.0000000+02:00,2.076,
2026-05-31T22:10:00.0000000+02:00,2.077,
2026-05-31T22:20:00.0000000+02:00,2.068,
2026-05-31T22:30:00.0000000+02:00,2.078,
2026-05-31T22:40:00.0000000+02:00,2.079,
2026-05-31T22:50:00.0000000+02:00,2.081,
2026-05-31T23:00:00.0000000+02:00,2.077,
2026-05-31T23:10:00.0000000+02:00,2.08,
2026-06-01T07:30:00.0000000+02:00,2.125,
2026-06-01T07:40:00.0000000+02:00,2.126,
2026-06-01T07:50:00.0000000+02:00,2.125,
2026-06-01T08:00:00.0000000+02:00,2.125,
2026-06-01T08:10:00.0000000+02:00,2.123,
2026-06-01T08:20:00.0000000+02:00,2.125,
2026-06-01T08:30:00.0000000+02:00,2.125,
2026-06-01T08:40:00.0000000+02:00,2.125,
2026-06-01T08:50:00.0000000+02:00,2.124,
2026-06-01T09:00:00.0000000+02:00,2.123,
2026-06-01T09:10:00.0000000+02:00,2.117,
2026-06-01T09:20:00.0000000+02:00,2.116,
2026-06-01T09:30:00.0000000+02:00,2.117,
2026-06-01T09:40:00.0000000+02:00,2.116,
2026-06-01T09:50:00.0000000+02:00,2.118,
2026-06-01T10:00:00.0000000+02:00,2.115,
2026-06-01T10:10:00.0000000+02:00,2.116,
2026-06-01T10:20:00.0000000+02:00,2.116,
2026-06-01T10:30:00.0000000+02:00,2.114,
2026-06-01T10:40:00.0000000+02:00,2.109,
2026-06-01T10:50:00.0000000+02:00,2.101,
2026-06-01T11:00:00.0000000+02:00,2.102,
2026-06-01T11:10:00.0000000+02:00,2.082,
2026-06-01T11:20:00.0000000+02:00,2.079,
2026-06-01T11:30:00.0000000+02:00,2.09,
2026-06-01T11:40:00.0000000+02:00,2.099,
2026-06-01T11:50:00.0000000+02:00,2.095,
2026-06-01T12:00:00.0000000+02:00,2.091,
2026-06-01T12:10:00.0000000+02:00,2.094,
2026-06-01T12:20:00.0000000+02:00,2.09,
2026-06-01T12:30:00.0000000+02:00,2.081,
2026-06-01T12:40:00.0000000+02:00,2.061,
2026-06-01T12:50:00.0000000+02:00,2.084,
2026-06-01T13:00:00.0000000+02:00,2.073,
2026-06-01T13:10:00.0000000+02:00,2.068,
2026-06-01T13:20:00.0000000+02:00,2.064,
2026-06-01T13:30:00.0000000+02:00,2.06,
2026-06-01T13:40:00.0000000+02:00,2.065,
2026-06-01T13:50:00.0000000+02:00,2.078,
2026-06-01T14:00:00.0000000+02:00,2.069,
2026-06-01T14:10:00.0000000+02:00,2.075,
2026-06-01T14:20:00.0000000+02:00,2.055,
2026-06-01T14:30:00.0000000+02:00,2.068,
2026-06-01T14:40:00.0000000+02:00,2.068,
2026-06-01T14:50:00.0000000+02:00,2.067,
2026-06-01T15:00:00.0000000+02:00,2.062,
2026-06-01T15:10:00.0000000+02:00,2.061,
2026-06-01T15:20:00.0000000+02:00,2.06,
2026-06-01T15:30:00.0000000+02:00,2.061,
2026-06-01T15:40:00.0000000+02:00,2.061,
2026-06-01T15:50:00.0000000+02:00,2.059,
2026-06-01T16:00:00.0000000+02:00,2.06,
2026-06-01T16:10:00.0000000+02:00,2.058,
2026-06-01T16:20:00.0000000+02:00,2.057,
2026-06-01T16:30:00.0000000+02:00,2.053,
2026-06-01T16:40:00.0000000+02:00,2.055,
2026-06-01T16:50:00.0000000+02:00,2.044,
2026-06-01T17:00:00.0000000+02:00,2.046,
2026-06-01T17:10:00.0000000+02:00,2.052,
2026-06-01T17:20:00.0000000+02:00,2.051,
2026-06-01T17:30:00.0000000+02:00,2.051,
2026-06-01T17:40:00.0000000+02:00,2.044,
2026-06-01T17:50:00.0000000+02:00,2.047,
2026-06-01T18:00:00.0000000+02:00,2.048,
2026-06-01T18:10:00.0000000+02:00,2.05,
2026-06-01T18:20:00.0000000+02:00,2.048,
2026-06-01T18:30:00.0000000+02:00,2.054,
2026-06-01T18:40:00.0000000+02:00,2.052,
2026-06-01T18:50:00.0000000+02:00,2.054,
2026-06-01T19:00:00.0000000+02:00,2.056,
2026-06-01T19:10:00.0000000+02:00,2.063,
2026-06-01T19:20:00.0000000+02:00,2.057,
2026-06-01T19:30:00.0000000+02:00,2.06,
2026-06-01T19:40:00.0000000+02:00,2.062,
2026-06-01T19:50:00.0000000+02:00,2.067,
2026-06-01T20:00:00.0000000+02:00,2.063,
2026-06-01T20:10:00.0000000+02:00,2.068,
2026-06-01T20:20:00.0000000+02:00,2.074,
2026-06-01T20:30:00.0000000+02:00,2.073,
2026-06-01T20:40:00.0000000+02:00,2.073,
2026-06-01T20:50:00.0000000+02:00,2.08,
2026-06-01T21:00:00.0000000+02:00,2.079,
2026-06-01T21:10:00.0000000+02:00,2.081,
2026-06-02T08:00:00.0000000+02:00,2.147,
2026-06-02T08:10:00.0000000+02:00,2.143,
2026-06-02T08:20:00.0000000+02:00,2.141,
2026-06-02T08:30:00.0000000+02:00,2.138,
2026-06-02T08:40:00.0000000+02:00,2.135,
2026-06-02T08:50:00.0000000+02:00,2.133,
2026-06-02T09:00:00.0000000+02:00,2.129,
2026-06-02T09:10:00.0000000+02:00,2.126,
2026-06-02T09:20:00.0000000+02:00,2.124,
2026-06-02T09:30:00.0000000+02:00,2.117,
2026-06-02T09:40:00.0000000+02:00,2.116,
2026-06-02T09:50:00.0000000+02:00,2.112,
2026-06-02T10:00:00.0000000+02:00,2.118,
2026-06-02T10:10:00.0000000+02:00,2.11,
2026-06-02T10:20:00.0000000+02:00,2.113,
2026-06-02T10:30:00.0000000+02:00,2.113,
2026-06-02T10:40:00.0000000+02:00,2.103,
2026-06-02T10:50:00.0000000+02:00,2.097,
2026-06-02T11:00:00.0000000+02:00,2.101,
2026-06-02T11:10:00.0000000+02:00,2.098,
2026-06-02T11:20:00.0000000+02:00,2.092,
2026-06-02T11:30:00.0000000+02:00,2.088,
2026-06-02T11:40:00.0000000+02:00,2.089,
2026-06-02T11:50:00.0000000+02:00,2.08,
2026-06-02T12:00:00.0000000+02:00,2.085,
2026-06-02T12:10:00.0000000+02:00,2.079,
2026-06-02T12:20:00.0000000+02:00,2.083,
2026-06-02T12:30:00.0000000+02:00,2.079,
2026-06-02T12:40:00.0000000+02:00,2.071,
2026-06-02T12:50:00.0000000+02:00,2.074,
2026-06-02T13:00:00.0000000+02:00,2.068,
2026-06-02T13:10:00.0000000+02:00,2.066,
2026-06-02T13:20:00.0000000+02:00,2.065,
2026-06-02T13:30:00.0000000+02:00,2.057,
2026-06-02T13:40:00.0000000+02:00,2.061,
2026-06-02T13:50:00.0000000+02:00,2.052,
2026-06-02T14:00:00.0000000+02:00,2.052,
2026-06-02T14:10:00.0000000+02:00,2.049,
2026-06-02T14:20:00.0000000+02:00,2.052,
2026-06-02T14:30:00.0000000+02:00,2.051,
2026-06-02T14:40:00.0000000+02:00,2.045,
2026-06-02T14:50:00.0000000+02:00,2.05,
2026-06-02T15:00:00.0000000+02:00,2.045,
2026-06-02T15:10:00.0000000+02:00,2.045,
2026-06-02T15:20:00.0000000+02:00,2.043,
2026-06-02T15:30:00.0000000+02:00,2.045,
2026-06-02T15:40:00.0000000+02:00,2.043,
2026-06-02T15:50:00.0000000+02:00,2.04,
2026-06-02T16:00:00.0000000+02:00,2.044,
2026-06-02T16:10:00.0000000+02:00,2.046,
2026-06-02T16:20:00.0000000+02:00,2.043,
2026-06-02T16:30:00.0000000+02:00,2.046,
2026-06-02T16:40:00.0000000+02:00,2.047,
2026-06-02T16:50:00.0000000+02:00,2.039,
2026-06-02T17:00:00.0000000+02:00,2.041,
2026-06-02T17:10:00.0000000+02:00,2.044,
2026-06-02T17:20:00.0000000+02:00,2.036,
2026-06-02T17:30:00.0000000+02:00,2.039,
2026-06-02T17:40:00.0000000+02:00,2.045,
2026-06-02T17:50:00.0000000+02:00,2.045,
2026-06-02T18:00:00.0000000+02:00,2.041,
2026-06-02T18:10:00.0000000+02:00,2.043,
2026-06-02T18:20:00.0000000+02:00,2.043,
2026-06-02T18:30:00.0000000+02:00,2.05,
2026-06-02T18:40:00.0000000+02:00,2.055,
2026-06-02T18:50:00.0000000+02:00,2.052,
2026-06-02T19:00:00.0000000+02:00,2.054,
2026-06-02T19:10:00.0000000+02:00,2.059,
2026-06-02T19:20:00.0000000+02:00,2.058,
2026-06-02T19:30:00.0000000+02:00,2.061,
2026-06-02T19:40:00.0000000+02:00,2.063,
2026-06-02T19:50:00.0000000+02:00,2.066,
2026-06-02T20:00:00.0000000+02:00,2.07,
2026-06-02T20:10:00.0000000+02:00,2.08,
2026-06-02T20:20:00.0000000+02:00,2.079,
2026-06-02T20:30:00.0000000+02:00,2.083,
2026-06-02T20:40:00.0000000+02:00,2.086,
2026-06-02T20:50:00.0000000+02:00,2.087,
2026-06-02T21:00:00.0000000+02:00,2.091,
2026-06-02T21:10:00.0000000+02:00,2.094,
2026-06-02T21:30:00.0000000+02:00,2.101,
2026-06-02T21:40:00.0000000+02:00,2.103,
2026-06-02T21:50:00.0000000+02:00,2.1,
2026-06-02T22:00:00.0000000+02:00,2.106,
2026-06-02T22:10:00.0000000+02:00,2.107,
2026-06-03T08:00:00.0000000+02:00,2.152,
2026-06-03T08:10:00.0000000+02:00,2.151,
2026-06-03T08:20:00.0000000+02:00,2.152,
2026-06-03T08:30:00.0000000+02:00,2.151,
2026-06-03T08:40:00.0000000+02:00,2.143,
2026-06-03T08:50:00.0000000+02:00,2.138,
2026-06-03T09:00:00.0000000+02:00,2.139,
2026-06-03T09:10:00.0000000+02:00,2.135,
2026-06-03T09:20:00.0000000+02:00,2.136,
2026-06-03T09:30:00.0000000+02:00,2.125,
2026-06-03T09:40:00.0000000+02:00,2.125,
2026-06-03T09:50:00.0000000+02:00,2.123,
2026-06-03T10:00:00.0000000+02:00,2.12,
2026-06-03T10:10:00.0000000+02:00,2.117,
2026-06-03T10:20:00.0000000+02:00,2.114,
2026-06-03T10:30:00.0000000+02:00,2.108,
2026-06-03T10:40:00.0000000+02:00,2.105,
2026-06-03T10:50:00.0000000+02:00,2.101,
2026-06-03T11:00:00.0000000+02:00,2.098,
2026-06-03T11:10:00.0000000+02:00,2.101,
2026-06-03T11:20:00.0000000+02:00,2.095,
2026-06-03T11:30:00.0000000+02:00,2.097,
2026-06-03T11:40:00.0000000+02:00,2.091,
2026-06-03T11:50:00.0000000+02:00,2.063,
2026-06-03T12:00:00.0000000+02:00,2.086,
2026-06-03T12:10:00.0000000+02:00,2.08,
2026-06-03T12:20:00.0000000+02:00,2.079,
2026-06-03T12:30:00.0000000+02:00,2.072,
2026-06-03T12:40:00.0000000+02:00,2.067,
2026-06-03T12:50:00.0000000+02:00,2.055,
2026-06-03T13:00:00.0000000+02:00,2.06,
2026-06-03T13:10:00.0000000+02:00,2.06,
2026-06-03T13:20:00.0000000+02:00,2.056,
2026-06-03T13:30:00.0000000+02:00,2.053,
2026-06-03T13:40:00.0000000+02:00,2.051,
2026-06-03T13:50:00.0000000+02:00,2.043,
2026-06-03T14:00:00.0000000+02:00,2.045,
2026-06-03T14:10:00.0000000+02:00,2.029,
2026-06-03T14:20:00.0000000+02:00,2.033,
2026-06-03T14:30:00.0000000+02:00,2.03,
2026-06-03T14:40:00.0000000+02:00,2.021,
2026-06-03T14:50:00.0000000+02:00,2.02,
2026-06-03T15:00:00.0000000+02:00,1.99,
2026-06-03T15:10:00.0000000+02:00,2.003,
2026-06-03T15:20:00.0000000+02:00,2.007,
2026-06-03T15:30:00.0000000+02:00,2.004,
2026-06-03T15:40:00.0000000+02:00,2.003,
2026-06-03T15:50:00.0000000+02:00,1.999,
2026-06-03T16:00:00.0000000+02:00,1.993,
2026-06-03T16:10:00.0000000+02:00,1.99,
2026-06-03T16:20:00.0000000+02:00,1.984,
2026-06-03T16:30:00.0000000+02:00,1.978,
2026-06-03T16:40:00.0000000+02:00,1.977,
2026-06-03T16:50:00.0000000+02:00,1.975,
2026-06-03T17:00:00.0000000+02:00,1.966,
2026-06-03T17:10:00.0000000+02:00,1.97,
2026-06-03T17:20:00.0000000+02:00,1.962,
2026-06-03T17:30:00.0000000+02:00,1.961,
2026-06-03T17:40:00.0000000+02:00,1.957,
2026-06-03T17:50:00.0000000+02:00,1.956,
2026-06-03T18:00:00.0000000+02:00,1.953,
2026-06-03T18:10:00.0000000+02:00,1.952,
2026-06-03T18:20:00.0000000+02:00,1.947,
2026-06-03T18:30:00.0000000+02:00,1.949,
2026-06-03T18:40:00.0000000+02:00,1.943,
2026-06-03T18:50:00.0000000+02:00,1.946,
2026-06-03T19:00:00.0000000+02:00,1.942,
2026-06-03T19:10:00.0000000+02:00,1.936,
2026-06-03T19:20:00.0000000+02:00,1.934,
2026-06-03T19:30:00.0000000+02:00,1.936,
2026-06-03T19:40:00.0000000+02:00,1.932,
2026-06-03T19:50:00.0000000+02:00,1.933,
2026-06-03T20:00:00.0000000+02:00,1.917,
2026-06-03T20:10:00.0000000+02:00,1.926,
2026-06-03T20:20:00.0000000+02:00,1.927,
2026-06-03T20:30:00.0000000+02:00,1.921,
2026-06-03T20:40:00.0000000+02:00,1.921,
2026-06-03T20:50:00.0000000+02:00,1.917,
2026-06-03T21:00:00.0000000+02:00,1.912,
2026-06-03T21:10:00.0000000+02:00,1.925,
2026-06-03T21:20:00.0000000+02:00,1.923,
2026-06-03T21:30:00.0000000+02:00,1.921,
2026-06-03T21:40:00.0000000+02:00,1.915,
2026-06-03T21:50:00.0000000+02:00,1.922,
2026-06-03T22:00:00.0000000+02:00,1.917,
2026-06-03T22:10:00.0000000+02:00,1.918,
2026-06-03T22:20:00.0000000+02:00,1.92,
2026-06-03T22:30:00.0000000+02:00,1.916,
2026-06-03T22:40:00.0000000+02:00,1.92,
2026-06-03T22:50:00.0000000+02:00,1.923,
2026-06-03T23:00:00.0000000+02:00,1.919,
2026-06-03T23:10:00.0000000+02:00,1.92,
2026-06-03T23:20:00.0000000+02:00,1.923,
2026-06-03T23:30:00.0000000+02:00,1.923,
2026-06-03T23:40:00.0000000+02:00,1.927,
2026-06-03T23:50:00.0000000+02:00,1.928,
2026-06-04T00:00:00.0000000+02:00,1.929,
2026-06-04T00:10:00.0000000+02:00,1.933,
2026-06-04T06:30:00.0000000+02:00,2.009,
2026-06-04T06:40:00.0000000+02:00,2.008,
2026-06-04T06:50:00.0000000+02:00,2.01,
2026-06-04T07:00:00.0000000+02:00,2.006,
2026-06-04T07:10:00.0000000+02:00,2.003,
2026-06-04T07:20:00.0000000+02:00,2.011,
2026-06-04T07:30:00.0000000+02:00,2.013,
2026-06-04T07:40:00.0000000+02:00,2.009,
2026-06-04T07:50:00.0000000+02:00,2.01,
2026-06-04T08:00:00.0000000+02:00,2.008,
2026-06-04T08:10:00.0000000+02:00,2.011,
2026-06-04T08:20:00.0000000+02:00,2.017,
2026-06-04T08:30:00.0000000+02:00,2.009,
2026-06-04T08:40:00.0000000+02:00,2.009,
2026-06-04T08:50:00.0000000+02:00,2.011,
2026-06-04T09:00:00.0000000+02:00,2.013,
2026-06-04T09:10:00.0000000+02:00,2.017,
2026-06-04T09:20:00.0000000+02:00,2.015,
2026-06-04T09:30:00.0000000+02:00,2.005,
2026-06-04T09:40:00.0000000+02:00,2.01,
2026-06-04T09:50:00.0000000+02:00,2.006,
2026-06-04T10:00:00.0000000+02:00,2.008,
2026-06-04T10:10:00.0000000+02:00,2.005,
2026-06-04T10:20:00.0000000+02:00,2.007,
2026-06-04T10:30:00.0000000+02:00,2.005,
2026-06-04T10:40:00.0000000+02:00,2.006,
2026-06-04T10:50:00.0000000+02:00,2.003,
2026-06-04T11:00:00.0000000+02:00,2,
2026-06-04T11:10:00.0000000+02:00,1.999,
2026-06-04T11:20:00.0000000+02:00,1.996,
2026-06-04T11:30:00.0000000+02:00,1.995,
2026-06-04T11:40:00.0000000+02:00,1.996,
2026-06-04T11:50:00.0000000+02:00,1.989,
2026-06-04T12:00:00.0000000+02:00,1.996,
2026-06-04T12:10:00.0000000+02:00,1.988,
2026-06-04T12:20:00.0000000+02:00,1.993,
2026-06-04T12:30:00.0000000+02:00,1.989,
2026-06-04T12:40:00.0000000+02:00,1.983,
2026-06-04T12:50:00.0000000+02:00,1.981,
2026-06-04T13:00:00.0000000+02:00,1.981,
2026-06-04T13:10:00.0000000+02:00,1.983,
2026-06-04T13:20:00.0000000+02:00,1.976,
2026-06-04T13:30:00.0000000+02:00,1.973,
2026-06-04T13:40:00.0000000+02:00,1.971,
2026-06-04T13:50:00.0000000+02:00,1.969,
2026-06-04T14:00:00.0000000+02:00,1.966,
2026-06-04T14:10:00.0000000+02:00,1.945,
2026-06-04T14:20:00.0000000+02:00,1.959,
2026-06-04T14:30:00.0000000+02:00,1.958,
2026-06-04T14:40:00.0000000+02:00,1.958,
2026-06-04T14:50:00.0000000+02:00,1.955,
2026-06-04T15:00:00.0000000+02:00,1.947,
2026-06-04T15:10:00.0000000+02:00,1.949,
2026-06-04T15:20:00.0000000+02:00,1.944,
2026-06-04T15:30:00.0000000+02:00,1.935,
2026-06-04T15:40:00.0000000+02:00,1.938,
2026-06-04T15:50:00.0000000+02:00,1.928,
2026-06-04T16:00:00.0000000+02:00,1.93,
2026-06-04T16:10:00.0000000+02:00,1.922,
2026-06-04T16:20:00.0000000+02:00,1.922,
2026-06-04T16:30:00.0000000+02:00,1.92,
2026-06-04T16:40:00.0000000+02:00,1.907,
2026-06-04T16:50:00.0000000+02:00,1.899,
2026-06-04T17:00:00.0000000+02:00,1.904,
2026-06-04T17:10:00.0000000+02:00,1.887,
2026-06-04T17:20:00.0000000+02:00,1.894,
2026-06-04T17:30:00.0000000+02:00,1.896,
2026-06-04T17:40:00.0000000+02:00,1.885,
2026-06-04T17:50:00.0000000+02:00,1.889,
2026-06-04T18:00:00.0000000+02:00,1.882,
2026-06-04T18:10:00.0000000+02:00,1.878,
2026-06-04T18:20:00.0000000+02:00,1.876,
2026-06-04T18:30:00.0000000+02:00,1.873,
2026-06-04T18:40:00.0000000+02:00,1.871,
2026-06-04T18:50:00.0000000+02:00,1.871,
2026-06-04T19:00:00.0000000+02:00,1.862,
2026-06-04T19:10:00.0000000+02:00,1.86,
2026-06-05T07:00:00.0000000+02:00,1.956,
2026-06-05T07:10:00.0000000+02:00,1.96,
2026-06-05T07:20:00.0000000+02:00,1.959,
2026-06-05T07:30:00.0000000+02:00,1.959,
2026-06-05T07:40:00.0000000+02:00,1.968,
2026-06-05T07:50:00.0000000+02:00,1.965,
2026-06-05T08:00:00.0000000+02:00,1.969,
2026-06-05T08:10:00.0000000+02:00,1.969,
2026-06-05T08:20:00.0000000+02:00,1.965,
2026-06-05T08:30:00.0000000+02:00,1.971,
2026-06-05T08:40:00.0000000+02:00,1.971,
2026-06-05T08:50:00.0000000+02:00,1.975,
2026-06-05T09:00:00.0000000+02:00,1.975,
2026-06-05T09:10:00.0000000+02:00,1.98,
2026-06-05T09:20:00.0000000+02:00,1.974,
2026-06-05T09:30:00.0000000+02:00,1.976,
2026-06-05T09:40:00.0000000+02:00,1.974,
2026-06-05T09:50:00.0000000+02:00,1.975,
2026-06-05T10:00:00.0000000+02:00,1.977,
2026-06-05T10:10:00.0000000+02:00,1.976,
2026-06-05T10:20:00.0000000+02:00,1.976,
2026-06-05T10:30:00.0000000+02:00,1.979,
2026-06-05T10:40:00.0000000+02:00,1.969,
2026-06-05T10:50:00.0000000+02:00,1.972,
2026-06-05T11:00:00.0000000+02:00,1.972,
2026-06-05T11:10:00.0000000+02:00,1.977,
2026-06-05T11:20:00.0000000+02:00,1.972,
2026-06-05T11:30:00.0000000+02:00,1.973,
2026-06-05T11:40:00.0000000+02:00,1.975,
2026-06-05T11:50:00.0000000+02:00,1.965,
2026-06-05T12:00:00.0000000+02:00,1.972,
2026-06-05T12:10:00.0000000+02:00,1.975,
2026-06-05T12:20:00.0000000+02:00,1.979,
2026-06-05T12:30:00.0000000+02:00,1.972,
2026-06-05T12:40:00.0000000+02:00,1.976,
2026-06-05T12:50:00.0000000+02:00,1.974,
2026-06-05T13:00:00.0000000+02:00,1.957,
2026-06-05T13:10:00.0000000+02:00,1.971,
2026-06-05T13:20:00.0000000+02:00,1.966,
2026-06-05T13:30:00.0000000+02:00,1.97,
2026-06-05T13:40:00.0000000+02:00,1.97,
2026-06-05T13:50:00.0000000+02:00,1.963,
2026-06-05T14:00:00.0000000+02:00,1.947,
2026-06-05T14:10:00.0000000+02:00,1.956,
2026-06-05T14:20:00.0000000+02:00,1.954,
2026-06-05T14:30:00.0000000+02:00,1.951,
2026-06-05T14:40:00.0000000+02:00,1.951,
2026-06-05T14:50:00.0000000+02:00,1.949,
2026-06-05T15:00:00.0000000+02:00,1.943,
2026-06-05T15:10:00.0000000+02:00,1.944,
2026-06-05T15:20:00.0000000+02:00,1.929,
2026-06-05T15:30:00.0000000+02:00,1.936,
2026-06-05T15:40:00.0000000+02:00,1.922,
2026-06-05T15:50:00.0000000+02:00,1.934,
2026-06-05T16:00:00.0000000+02:00,1.93,
2026-06-05T16:10:00.0000000+02:00,1.927,
2026-06-05T16:20:00.0000000+02:00,1.914,
2026-06-05T16:30:00.0000000+02:00,1.924,
2026-06-05T16:40:00.0000000+02:00,1.911,
2026-06-05T16:50:00.0000000+02:00,1.912,
2026-06-05T17:00:00.0000000+02:00,1.905,
2026-06-05T17:10:00.0000000+02:00,1.911,
2026-06-05T17:20:00.0000000+02:00,1.91,
2026-06-05T17:30:00.0000000+02:00,1.907,
2026-06-05T17:40:00.0000000+02:00,1.909,
2026-06-05T17:50:00.0000000+02:00,1.901,
2026-06-05T18:00:00.0000000+02:00,1.905,
2026-06-05T18:10:00.0000000+02:00,1.898,
2026-06-05T18:20:00.0000000+02:00,1.895,
2026-06-05T18:30:00.0000000+02:00,1.899,
2026-06-05T18:40:00.0000000+02:00,1.903,
2026-06-05T18:50:00.0000000+02:00,1.899,
2026-06-05T19:00:00.0000000+02:00,1.898,
2026-06-05T19:10:00.0000000+02:00,1.901,
2026-06-05T19:20:00.0000000+02:00,1.899,
2026-06-05T19:30:00.0000000+02:00,1.897,
2026-06-05T19:40:00.0000000+02:00,1.894,
2026-06-05T19:50:00.0000000+02:00,1.897,
2026-06-05T20:00:00.0000000+02:00,1.891,
2026-06-05T20:10:00.0000000+02:00,1.899,
2026-06-06T09:40:00.0000000+02:00,2.011,
2026-06-06T09:50:00.0000000+02:00,2.016,
2026-06-06T10:00:00.0000000+02:00,2.014,
2026-06-06T10:10:00.0000000+02:00,2.011,
2026-06-06T10:20:00.0000000+02:00,2.006,
2026-06-06T10:30:00.0000000+02:00,2.003,
2026-06-06T10:40:00.0000000+02:00,2.001,
2026-06-06T10:50:00.0000000+02:00,2,
2026-06-06T11:00:00.0000000+02:00,1.993,
2026-06-06T11:10:00.0000000+02:00,1.995,
2026-06-06T11:20:00.0000000+02:00,1.988,
2026-06-06T11:30:00.0000000+02:00,1.989,
2026-06-06T11:40:00.0000000+02:00,1.985,
2026-06-06T11:50:00.0000000+02:00,1.988,
2026-06-06T12:00:00.0000000+02:00,1.98,
2026-06-06T12:10:00.0000000+02:00,1.969,
2026-06-06T12:20:00.0000000+02:00,1.971,
2026-06-06T12:30:00.0000000+02:00,1.969,
2026-06-06T12:40:00.0000000+02:00,1.967,
2026-06-06T12:50:00.0000000+02:00,1.963,
2026-06-06T13:00:00.0000000+02:00,1.959,
2026-06-06T13:10:00.0000000+02:00,1.946,
2026-06-06T13:20:00.0000000+02:00,1.956,
2026-06-06T13:30:00.0000000+02:00,1.95,
2026-06-06T13:40:00.0000000+02:00,1.941,
2026-06-06T13:50:00.0000000+02:00,1.942,
2026-06-06T14:00:00.0000000+02:00,1.936,
2026-06-06T14:10:00.0000000+02:00,1.935,
2026-06-06T14:20:00.0000000+02:00,1.933,
2026-06-06T14:30:00.0000000+02:00,1.927,
2026-06-06T14:40:00.0000000+02:00,1.927,
2026-06-06T14:50:00.0000000+02:00,1.914,
2026-06-06T15:00:00.0000000+02:00,1.912,
2026-06-06T15:10:00.0000000+02:00,1.903,
2026-06-06T15:20:00.0000000+02:00,1.895,
2026-06-06T15:30:00.0000000+02:00,1.904,
2026-06-06T15:40:00.0000000+02:00,1.898,
2026-06-06T15:50:00.0000000+02:00,1.896,
2026-06-06T16:00:00.0000000+02:00,1.883,
2026-06-06T16:10:00.0000000+02:00,1.885,
2026-06-06T16:20:00.0000000+02:00,1.885,
2026-06-06T16:30:00.0000000+02:00,1.863,
2026-06-06T16:40:00.0000000+02:00,1.855,
2026-06-06T16:50:00.0000000+02:00,1.863,
2026-06-06T17:00:00.0000000+02:00,1.865,
2026-06-06T17:10:00.0000000+02:00,1.862,
2026-06-06T17:20:00.0000000+02:00,1.852,
2026-06-06T17:30:00.0000000+02:00,1.85,
2026-06-06T17:40:00.0000000+02:00,1.849,
2026-06-06T17:50:00.0000000+02:00,1.832,
2026-06-06T18:00:00.0000000+02:00,1.843,
2026-06-06T18:10:00.0000000+02:00,1.832,
2026-06-06T18:20:00.0000000+02:00,1.84,
2026-06-06T18:30:00.0000000+02:00,1.833,
2026-06-06T18:40:00.0000000+02:00,1.833,
2026-06-06T18:50:00.0000000+02:00,1.831,
2026-06-06T19:00:00.0000000+02:00,1.828,
2026-06-06T19:10:00.0000000+02:00,1.821,
2026-06-06T19:20:00.0000000+02:00,1.819,
2026-06-06T19:30:00.0000000+02:00,1.812,
2026-06-06T19:40:00.0000000+02:00,1.815,
2026-06-06T19:50:00.0000000+02:00,1.808,
2026-06-06T20:00:00.0000000+02:00,1.808,
2026-06-06T20:10:00.0000000+02:00,1.803,
2026-06-06T20:20:00.0000000+02:00,1.806,
2026-06-06T20:30:00.0000000+02:00,1.8,
2026-06-06T20:40:00.0000000+02:00,1.797,
2026-06-06T20:50:00.0000000+02:00,1.794,
2026-06-06T21:00:00.0000000+02:00,1.79,
2026-06-06T21:10:00.0000000+02:00,1.789,
2026-06-06T21:20:00.0000000+02:00,1.792,
2026-06-06T21:30:00.0000000+02:00,1.79,
2026-06-06T21:40:00.0000000+02:00,1.792,
2026-06-06T21:50:00.0000000+02:00,1.785,
2026-06-06T22:00:00.0000000+02:00,1.789,
2026-06-06T22:10:00.0000000+02:00,1.789,
2026-06-06T22:20:00.0000000+02:00,1.781,
2026-06-07T06:30:00.0000000+02:00,1.958,
2026-06-07T06:40:00.0000000+02:00,1.96,
2026-06-07T06:50:00.0000000+02:00,1.957,
2026-06-07T07:00:00.0000000+02:00,1.964,
2026-06-07T07:10:00.0000000+02:00,1.973,
2026-06-07T07:20:00.0000000+02:00,1.977,
2026-06-07T07:30:00.0000000+02:00,1.975,
2026-06-07T07:40:00.0000000+02:00,1.982,
2026-06-07T07:50:00.0000000+02:00,1.975,
2026-06-07T08:00:00.0000000+02:00,1.986,
2026-06-07T08:10:00.0000000+02:00,1.987,
2026-06-07T08:20:00.0000000+02:00,1.985,
2026-06-07T08:30:00.0000000+02:00,1.995,
2026-06-07T08:40:00.0000000+02:00,1.994,
2026-06-07T08:50:00.0000000+02:00,2.006,
2026-06-07T09:00:00.0000000+02:00,2.008,
2026-06-07T09:10:00.0000000+02:00,2.008,
2026-06-07T09:20:00.0000000+02:00,2.014,
2026-06-07T09:30:00.0000000+02:00,2.008,
2026-06-07T09:40:00.0000000+02:00,2.018,
2026-06-07T09:50:00.0000000+02:00,2.022,
2026-06-07T10:00:00.0000000+02:00,2.026,
2026-06-07T10:10:00.0000000+02:00,2.023,
2026-06-07T10:20:00.0000000+02:00,2.03,
2026-06-07T10:30:00.0000000+02:00,2.042,
2026-06-07T10:40:00.0000000+02:00,2.041,
2026-06-07T10:50:00.0000000+02:00,2.038,
2026-06-07T11:00:00.0000000+02:00,2.038,
2026-06-07T11:10:00.0000000+02:00,2.034,
2026-06-07T11:20:00.0000000+02:00,2.03,
2026-06-07T11:30:00.0000000+02:00,2.046,
2026-06-07T11:40:00.0000000+02:00,2.044,
2026-06-07T11:50:00.0000000+02:00,2.052,
2026-06-07T12:00:00.0000000+02:00,2.056,
2026-06-07T12:10:00.0000000+02:00,2.059,
2026-06-07T12:20:00.0000000+02:00,2.053,
2026-06-07T12:30:00.0000000+02:00,2.066,
2026-06-07T12:40:00.0000000+02:00,2.07,
2026-06-07T12:50:00.0000000+02:00,2.075,
2026-06-07T13:00:00.0000000+02:00,2.072,
2026-06-07T13:10:00.0000000+02:00,2.078,
2026-06-07T13:20:00.0000000+02:00,2.084,
2026-06-07T13:30:00.0000000+02:00,2.071,
2026-06-07T13:40:00.0000000+02:00,2.077,
2026-06-07T13:50:00.0000000+02:00,2.084,
2026-06-07T14:00:00.0000000+02:00,2.09,
2026-06-07T14:10:00.0000000+02:00,2.093,
2026-06-07T14:20:00.0000000+02:00,2.085,
2026-06-07T14:30:00.0000000+02:00,2.084,
2026-06-07T14:40:00.0000000+02:00,2.1,
2026-06-07T14:50:00.0000000+02:00,2.104,
2026-06-07T15:00:00.0000000+02:00,2.105,
2026-06-07T15:10:00.0000000+02:00,2.103,
2026-06-07T15:20:00.0000000+02:00,2.108,
2026-06-07T15:30:00.0000000+02:00,2.112,
2026-06-07T15:40:00.0000000+02:00,2.111,
2026-06-07T15:50:00.0000000+02:00,2.106,
2026-06-07T16:00:00.0000000+02:00,2.115,
2026-06-07T16:10:00.0000000+02:00,2.113,
2026-06-07T16:20:00.0000000+02:00,2.121,
2026-06-07T16:30:00.0000000+02:00,2.129,
2026-06-07T16:40:00.0000000+02:00,2.125,
2026-06-07T16:50:00.0000000+02:00,2.124,
2026-06-07T17:00:00.0000000+02:00,2.132,
2026-06-07T17:10:00.0000000+02:00,2.129,
2026-06-07T17:20:00.0000000+02:00,2.137,
2026-06-07T17:30:00.0000000+02:00,2.143,
2026-06-07T17:40:00.0000000+02:00,2.144,
2026-06-07T17:50:00.0000000+02:00,2.144,
2026-06-07T18:00:00.0000000+02:00,2.144,
2026-06-07T18:10:00.0000000+02:00,2.144,
2026-06-07T18:20:00.0000000+02:00,2.145,
2026-06-07T18:30:00.0000000+02:00,2.155,
2026-06-07T18:40:00.0000000+02:00,2.152,
2026-06-07T18:50:00.0000000+02:00,2.155,
2026-06-07T19:00:00.0000000+02:00,2.154,
2026-06-07T19:10:00.0000000+02:00,2.158,
2026-06-07T19:20:00.0000000+02:00,2.161,
2026-06-07T19:30:00.0000000+02:00,2.158,
2026-06-07T19:40:00.0000000+02:00,2.162,
2026-06-07T19:50:00.0000000+02:00,2.162,
2026-06-07T20:00:00.0000000+02:00,2.166,
2026-06-07T20:10:00.0000000+02:00,2.166,
2026-06-07T20:30:00.0000000+02:00,2.175,
2026-06-07T20:40:00.0000000+02:00,2.179,
2026-06-07T20:50:00.0000000+02:00,2.173,
2026-06-07T21:00:00.0000000+02:00,2.174,
2026-06-07T21:10:00.0000000+02:00,2.173,
2026-06-07T21:20:00.0000000+02:00,2.18,
2026-06-07T21:30:00.0000000+02:00,2.184,
2026-06-07T21:40:00.0000000+02:00,2.178,
2026-06-07T21:50:00.0000000+02:00,2.181,
2026-06-07T22:00:00.0000000+02:00,2.183,
2026-06-07T22:10:00.0000000+02:00,2.184,
2026-06-08T06:40:00.0000000+02:00,2.136,
2026-06-08T06:50:00.0000000+02:00,2.137,
2026-06-08T07:00:00.0000000+02:00,2.132,
2026-06-08T07:10:00.0000000+02:00,2.129,
2026-06-08T07:20:00.0000000+02:00,2.117,
2026-06-08T07:30:00.0000000+02:00,2.121,
2026-06-08T07:40:00.0000000+02:00,2.115,
2026-06-08T07:50:00.0000000+02:00,2.112,
2026-06-08T08:00:00.0000000+02:00,2.107,
2026-06-08T08:10:00.0000000+02:00,2.108,
2026-06-08T08:20:00.0000000+02:00,2.096,
2026-06-08T08:30:00.0000000+02:00,2.1,
2026-06-08T08:40:00.0000000+02:00,2.095,
2026-06-08T08:50:00.0000000+02:00,2.094,
2026-06-08T09:00:00.0000000+02:00,2.088,
2026-06-08T09:10:00.0000000+02:00,2.083,
2026-06-08T09:20:00.0000000+02:00,2.079,
2026-06-08T09:30:00.0000000+02:00,2.075,
2026-06-08T09:40:00.0000000+02:00,2.072,
2026-06-08T09:50:00.0000000+02:00,2.068,
2026-06-08T10:00:00.0000000+02:00,2.071,
2026-06-08T10:10:00.0000000+02:00,2.065,
2026-06-08T10:20:00.0000000+02:00,2.057,
2026-06-08T10:30:00.0000000+02:00,2.036,
2026-06-08T10:40:00.0000000+02:00,2.046,
2026-06-08T10:50:00.0000000+02:00,2.031,
2026-06-08T11:00:00.0000000+02:00,2.035,
2026-06-08T11:10:00.0000000+02:00,2.038,
2026-06-08T11:20:00.0000000+02:00,2.029,
2026-06-08T11:30:00.0000000+02:00,2.021,
2026-06-08T11:40:00.0000000+02:00,2.014,
2026-06-08T11:50:00.0000000+02:00,2.022,
2026-06-08T12:00:00.0000000+02:00,2.015,
2026-06-08T12:10:00.0000000+02:00,2.01,
2026-06-08T12:20:00.0000000+02:00,2.011,
2026-06-08T12:30:00.0000000+02:00,2.008,
2026-06-08T12:40:00.0000000+02:00,2,
2026-06-08T12:50:00.0000000+02:00,1.996,
2026-06-08T13:00:00.0000000+02:00,1.989,
2026-06-08T13:10:00.0000000+02:00,1.995,
2026-06-08T13:20:00.0000000+02:00,1.985,
2026-06-08T13:30:00.0000000+02:00,1.983,
2026-06-08T13:40:00.0000000+02:00,1.977,
2026-06-08T13:50:00.0000000+02:00,1.968,
2026-06-08T14:00:00.0000000+02:00,1.965,
2026-06-08T14:10:00.0000000+02:00,1.963,
2026-06-08T14:20:00.0000000+02:00,1.962,
2026-06-08T14:30:00.0000000+02:00,1.957,
2026-06-08T14:40:00.0000000+02:00,1.951,
2026-06-08T14:50:00.0000000+02:00,1.95,
2026-06-08T15:00:00.0000000+02:00,1.944,
2026-06-08T15:10:00.0000000+02:00,1.937,
2026-06-08T15:20:00.0000000+02:00,1.937,
2026-06-08T15:30:00.0000000+02:00,1.928,
2026-06-08T15:40:00.0000000+02:00,1.926,
2026-06-08T15:50:00.0000000+02:00,1.92,
2026-06-08T16:00:00.0000000+02:00,1.917,
2026-06-08T16:10:00.0000000+02:00,1.914,
2026-06-08T16:20:00.0000000+02:00,1.905,
2026-06-08T16:30:00.0000000+02:00,1.903,
2026-06-08T16:40:00.0000000+02:00,1.9,
2026-06-08T16:50:00.0000000+02:00,1.89,
2026-06-08T17:00:00.0000000+02:00,1.882,
2026-06-08T17:10:00.0000000+02:00,1.878,
2026-06-08T17:20:00.0000000+02:00,1.876,
2026-06-08T17:30:00.0000000+02:00,1.869,
2026-06-08T17:40:00.0000000+02:00,1.865,
2026-06-08T17:50:00.0000000+02:00,1.863,
2026-06-08T18:00:00.0000000+02:00,1.861,
2026-06-08T18:10:00.0000000+02:00,1.854,
2026-06-08T18:20:00.0000000+02:00,1.854,
2026-06-08T18:30:00.0000000+02:00,1.847,
2026-06-08T18:40:00.0000000+02:00,1.849,
2026-06-08T18:50:00.0000000+02:00,1.843,
2026-06-08T19:00:00.0000000+02:00,1.839,
2026-06-08T19:10:00.0000000+02:00,1.841,
2026-06-08T19:20:00.0000000+02:00,1.833,
2026-06-08T19:30:00.0000000+02:00,1.829,
2026-06-08T19:40:00.0000000+02:00,1.825,
2026-06-08T19:50:00.0000000+02:00,1.821,
2026-06-08T20:00:00.0000000+02:00,1.821,
2026-06-08T20:10:00.0000000+02:00,1.814,
2026-06-08T20:20:00.0000000+02:00,1.812,
2026-06-08T20:30:00.0000000+02:00,1.807,
2026-06-08T20:40:00.0000000+02:00,1.805,
2026-06-08T20:50:00.0000000+02:00,1.802,
2026-06-08T21:00:00.0000000+02:00,1.8,
2026-06-08T21:10:00.0000000+02:00,1.8,
2026-06-08T21:20:00.0000000+02:00,1.796,
2026-06-08T21:30:00.0000000+02:00,1.797,
2026-06-08T21:40:00.0000000+02:00,1.798,
2026-06-08T21:50:00.0000000+02:00,1.796,
2026-06-08T22:00:00.0000000+02:00,1.794,
2026-06-08T22:10:00.0000000+02:00,1.789,
2026-06-08T22:20:00.0000000+02:00,1.79,
2026-06-08T22:30:00.0000000+02:00,1.786,
2026-06-08T22:40:00.0000000+02:00,1.788,
2026-06-08T22:50:00.0000000+02:00,1.792,
2026-06-08T23:00:00.0000000+02:00,1.789,
2026-06-08T23:10:00.0000000+02:00,1.789,
2026-06-08T23:20:00.0000000+02:00,1.796,
2026-06-08T23:30:00.0000000+02:00,1.794,
2026-06-08T23:40:00.0000000+02:00,1.789,
2026-06-08T23:50:00.0000000+02:00,1.789,
2026-06-09T00:00:00.0000000+02:00,1.788,
2026-06-09T00:10:00.0000000+02:00,1.794,
2026-06-09T00:20:00.0000000+02:00,1.796,
2026-06-09T00:30:00.0000000+02:00,1.798,
2026-06-09T00:40:00.0000000+02:00,1.796,
2026-06-09T00:50:00.0000000+02:00,1.802,
2026-06-09T01:00:00.0000000+02:00,1.8,
2026-06-09T01:10:00.0000000+02:00,1.805,
2026-06-09T01:20:00.0000000+02:00,1.802,
2026-06-09T01:30:00.0000000+02:00,1.808,
2026-06-09T01:40:00.0000000+02:00,1.808,
2026-06-09T01:50:00.0000000+02:00,1.811,
2026-06-09T02:00:00.0000000+02:00,1.815,
2026-06-09T02:10:00.0000000+02:00,1.822,
2026-06-09T02:30:00.0000000+02:00,1.822,
2026-06-09T02:40:00.0000000+02:00,1.827,
2026-06-09T02:50:00.0000000+02:00,1.831,
2026-06-09T03:00:00.0000000+02:00,1.837,
2026-06-09T03:10:00.0000000+02:00,1.836,
2026-06-09T06:30:00.0000000+02:00,1.886,
2026-06-09T06:40:00.0000000+02:00,1.893,
2026-06-09T06:50:00.0000000+02:00,1.885,
2026-06-09T07:00:00.0000000+02:00,1.886,
2026-06-09T07:10:00.0000000+02:00,1.898,
2026-06-09T07:20:00.0000000+02:00,1.897,
2026-06-09T07:30:00.0000000+02:00,1.892,
2026-06-09T07:40:00.0000000+02:00,1.901,
2026-06-09T07:50:00.0000000+02:00,1.899,
2026-06-09T08:00:00.0000000+02:00,1.899,
2026-06-09T08:10:00.0000000+02:00,1.896,
2026-06-09T08:20:00.0000000+02:00,1.897,
2026-06-09T08:30:00.0000000+02:00,1.898,
2026-06-09T08:40:00.0000000+02:00,1.898,
2026-06-09T08:50:00.0000000+02:00,1.895,
2026-06-09T09:00:00.0000000+02:00,1.896,
2026-06-09T09:10:00.0000000+02:00,1.901,
2026-06-09T09:20:00.0000000+02:00,1.898,
2026-06-09T09:30:00.0000000+02:00,1.897,
2026-06-09T09:40:00.0000000+02:00,1.892,
2026-06-09T09:50:00.0000000+02:00,1.897,
2026-06-09T10:00:00.0000000+02:00,1.893,
2026-06-09T10:10:00.0000000+02:00,1.888,
2026-06-09T10:20:00.0000000+02:00,1.894,
2026-06-09T10:30:00.0000000+02:00,1.891,
2026-06-09T10:40:00.0000000+02:00,1.893,
2026-06-09T10:50:00.0000000+02:00,1.889,
2026-06-09T11:00:00.0000000+02:00,1.887,
2026-06-09T11:10:00.0000000+02:00,1.883,
2026-06-09T11:20:00.0000000+02:00,1.885,
2026-06-09T11:30:00.0000000+02:00,1.877,
2026-06-09T11:40:00.0000000+02:00,1.879,
2026-06-09T11:50:00.0000000+02:00,1.879,
2026-06-09T12:00:00.0000000+02:00,1.881,
2026-06-09T12:10:00.0000000+02:00,1.884,
2026-06-09T12:20:00.0000000+02:00,1.879,
2026-06-09T12:30:00.0000000+02:00,1.877,
2026-06-09T12:40:00.0000000+02:00,1.872,
2026-06-09T12:50:00.0000000+02:00,1.868,
2026-06-09T13:00:00.0000000+02:00,1.87,
2026-06-09T13:10:00.0000000+02:00,1.869,
2026-06-09T13:20:00.0000000+02:00,1.866,
2026-06-09T13:30:00.0000000+02:00,1.861,
2026-06-09T13:40:00.0000000+02:00,1.862,
2026-06-09T13:50:00.0000000+02:00,1.858,
2026-06-09T14:00:00.0000000+02:00,1.857,
2026-06-09T14:10:00.0000000+02:00,1.851,
2026-06-09T14:20:00.0000000+02:00,1.851,
2026-06-09T14:30:00.0000000+02:00,1.851,
2026-06-09T14:40:00.0000000+02:00,1.839,
2026-06-09T14:50:00.0000000+02:00,1.836,
2026-06-09T15:00:00.0000000+02:00,1.836,
2026-06-09T15:10:00.0000000+02:00,1.833,
2026-06-09T15:20:00.0000000+02:00,1.835,
2026-06-09T15:30:00.0000000+02:00,1.827,
2026-06-09T15:40:00.0000000+02:00,1.827,
2026-06-09T15:50:00.0000000+02:00,1.824,
2026-06-09T16:00:00.0000000+02:00,1.825,
2026-06-09T16:10:00.0000000+02:00,1.82,
2026-06-09T16:20:00.0000000+02:00,1.824,
2026-06-09T16:30:00.0000000+02:00,1.814,
2026-06-09T16:40:00.0000000+02:00,1.812,
2026-06-09T16:50:00.0000000+02:00,1.815,
2026-06-09T17:00:00.0000000+02:00,1.812,
2026-06-09T17:10:00.0000000+02:00,1.809,
2026-06-09T17:20:00.0000000+02:00,1.802,
2026-06-09T17:30:00.0000000+02:00,1.805,
2026-06-09T17:40:00.0000000+02:00,1.805,
2026-06-09T17:50:00.0000000+02:00,1.801,
2026-06-09T18:00:00.0000000+02:00,1.797,
2026-06-09T18:10:00.0000000+02:00,1.795,
2026-06-09T18:20:00.0000000+02:00,1.797,
2026-06-09T18:30:00.0000000+02:00,1.798,
2026-06-09T18:40:00.0000000+02:00,1.791,
2026-06-09T18:50:00.0000000+02:00,1.79,
2026-06-09T19:00:00.0000000+02:00,1.796,
2026-06-09T19:10:00.0000000+02:00,1.8,
2026-06-09T19:20:00.0000000+02:00,1.797,
2026-06-09T19:30:00.0000000+02:00,1.796,
2026-06-09T19:40:00.0000000+02:00,1.803,
2026-06-09T19:50:00.0000000+02:00,1.803,
2026-06-09T20:00:00.0000000+02:00,1.805,
2026-06-09T20:10:00.0000000+02:00,1.802,
2026-06-09T20:20:00.0000000+02:00,1.803,
2026-06-09T20:30:00.0000000+02:00,1.811,
2026-06-09T20:40:00.0000000+02:00,1.81,
2026-06-09T20:50:00.0000000+02:00,1.813,
2026-06-09T21:00:00.0000000+02:00,1.814,
2026-06-09T21:10:00.0000000+02:00,1.814,
2026-06-10T07:10:00.0000000+02:00,2.016,
2026-06-10T07:20:00.0000000+02:00,2.015,
2026-06-10T07:30:00.0000000+02:00,2.019,
2026-06-10T07:40:00.0000000+02:00,2.018,
2026-06-10T07:50:00.0000000+02:00,2.02,
2026-06-10T08:00:00.0000000+02:00,2.017,
2026-06-10T08:10:00.0000000+02:00,2.016,
2026-06-10T08:20:00.0000000+02:00,2.014,
2026-06-10T08:30:00.0000000+02:00,2.018,
2026-06-10T08:40:00.0000000+02:00,2.015,
2026-06-10T08:50:00.0000000+02:00,2.022,
2026-06-10T09:00:00.0000000+02:00,2.022,
2026-06-10T09:10:00.0000000+02:00,2.025,
2026-06-10T09:20:00.0000000+02:00,2.025,
2026-06-10T09:30:00.0000000+02:00,2.027,
2026-06-10T09:40:00.0000000+02:00,2.022,
2026-06-10T09:50:00.0000000+02:00,2.028,
2026-06-10T10:00:00.0000000+02:00,2.025,
2026-06-10T10:10:00.0000000+02:00,2.024,
2026-06-10T10:20:00.0000000+02:00,2.027,
2026-06-10T10:30:00.0000000+02:00,2.032,
2026-06-10T10:40:00.0000000+02:00,2.034,
2026-06-10T10:50:00.0000000+02:00,2.034,
2026-06-10T11:00:00.0000000+02:00,2.034,
2026-06-10T11:10:00.0000000+02:00,2.027,
2026-06-10T11:20:00.0000000+02:00,2.032,
2026-06-10T11:30:00.0000000+02:00,2.036,
2026-06-10T11:40:00.0000000+02:00,2.031,
2026-06-10T11:50:00.0000000+02:00,2.034,
2026-06-10T12:00:00.0000000+02:00,2.031,
2026-06-10T12:10:00.0000000+02:00,2.016,
2026-06-10T12:20:00.0000000+02:00,2.032,
2026-06-10T12:30:00.0000000+02:00,2.036,
2026-06-10T12:40:00.0000000+02:00,2.033,
2026-06-10T12:50:00.0000000+02:00,2.034,
2026-06-10T13:00:00.0000000+02:00,2.032,
2026-06-10T13:10:00.0000000+02:00,2.033,
2026-06-10T13:20:00.0000000+02:00,2.027,
2026-06-10T13:30:00.0000000+02:00,2.028,
2026-06-10T13:40:00.0000000+02:00,2.02,
2026-06-10T13:50:00.0000000+02:00,2.025,
2026-06-10T14:00:00.0000000+02:00,2.024,
2026-06-10T14:10:00.0000000+02:00,2.016,
2026-06-10T14:20:00.0000000+02:00,2.023,
2026-06-10T14:30:00.0000000+02:00,2.017,
2026-06-10T14:40:00.0000000+02:00,2.019,
2026-06-10T14:50:00.0000000+02:00,2.016,
2026-06-10T15:00:00.0000000+02:00,2.016,
2026-06-10T15:10:00.0000000+02:00,2.011,
2026-06-10T15:20:00.0000000+02:00,2.004,
2026-06-10T15:30:00.0000000+02:00,2.003,
2026-06-10T15:40:00.0000000+02:00,2.011,
2026-06-10T15:50:00.0000000+02:00,2.002,
2026-06-10T16:00:00.0000000+02:00,2.007,
2026-06-10T16:10:00.0000000+02:00,2.008,
2026-06-10T16:20:00.0000000+02:00,2,
2026-06-10T16:30:00.0000000+02:00,2.002,
2026-06-10T16:40:00.0000000+02:00,1.997,
2026-06-10T16:50:00.0000000+02:00,1.99,
2026-06-10T17:00:00.0000000+02:00,1.991,
2026-06-10T17:10:00.0000000+02:00,1.988,
2026-06-10T17:20:00.0000000+02:00,1.981,
2026-06-10T17:30:00.0000000+02:00,1.985,
2026-06-10T17:40:00.0000000+02:00,1.981,
2026-06-10T17:50:00.0000000+02:00,1.978,
2026-06-10T18:00:00.0000000+02:00,1.972,
2026-06-10T18:10:00.0000000+02:00,1.969,
2026-06-11T06:50:00.0000000+02:00,1.779,
2026-06-11T07:00:00.0000000+02:00,1.778,
2026-06-11T07:10:00.0000000+02:00,1.775,
2026-06-11T07:20:00.0000000+02:00,1.766,
2026-06-11T07:30:00.0000000+02:00,1.768,
2026-06-11T07:40:00.0000000+02:00,1.772,
2026-06-11T07:50:00.0000000+02:00,1.767,
2026-06-11T08:00:00.0000000+02:00,1.772,
2026-06-11T08:10:00.0000000+02:00,1.772,
2026-06-11T08:20:00.0000000+02:00,1.769,
2026-06-11T08:30:00.0000000+02:00,1.77,
2026-06-11T08:40:00.0000000+02:00,1.765,
2026-06-11T08:50:00.0000000+02:00,1.772,
2026-06-11T09:00:00.0000000+02:00,1.766,
2026-06-11T09:10:00.0000000+02:00,1.761,
2026-06-11T09:20:00.0000000+02:00,1.763,
2026-06-11T09:30:00.0000000+02:00,1.763,
2026-06-11T09:40:00.0000000+02:00,1.762,
2026-06-11T09:50:00.0000000+02:00,1.761,
2026-06-11T10:00:00.0000000+02:00,1.758,
2026-06-11T10:10:00.0000000+02:00,1.761,
2026-06-11T10:20:00.0000000+02:00,1.758,
2026-06-11T10:30:00.0000000+02:00,1.747,
2026-06-11T10:40:00.0000000+02:00,1.753,
2026-06-11T10:50:00.0000000+02:00,1.75,
2026-06-11T11:00:00.0000000+02:00,1.749,
2026-06-11T11:10:00.0000000+02:00,1.748,
2026-06-11T11:20:00.0000000+02:00,1.746,
2026-06-11T11:30:00.0000000+02:00,1.743,
2026-06-11T11:40:00.0000000+02:00,1.754,
2026-06-11T11:50:00.0000000+02:00,1.748,
2026-06-11T12:00:00.0000000+02:00,1.747,
2026-06-11T12:10:00.0000000+02:00,1.75,
2026-06-11T12:20:00.0000000+02:00,1.748,
2026-06-11T12:30:00.0000000+02:00,1.742,
2026-06-11T12:40:00.0000000+02:00,1.744,
2026-06-11T12:50:00.0000000+02:00,1.741,
2026-06-11T13:00:00.0000000+02:00,1.744,
2026-06-11T13:10:00.0000000+02:00,1.744,
2026-06-11T13:20:00.0000000+02:00,1.738,
2026-06-11T13:30:00.0000000+02:00,1.739,
2026-06-11T13:40:00.0000000+02:00,1.727,
2026-06-11T13:50:00.0000000+02:00,1.733,
2026-06-11T14:00:00.0000000+02:00,1.731,
2026-06-11T14:10:00.0000000+02:00,1.722,
2026-06-11T14:20:00.0000000+02:00,1.716,
2026-06-11T14:30:00.0000000+02:00,1.72,
2026-06-11T14:40:00.0000000+02:00,1.715,
2026-06-11T14:50:00.0000000+02:00,1.707,
2026-06-11T15:00:00.0000000+02:00,1.712,
2026-06-11T15:10:00.0000000+02:00,1.712,
2026-06-11T15:20:00.0000000+02:00,1.699,
2026-06-11T15:30:00.0000000+02:00,1.708,
2026-06-11T15:40:00.0000000+02:00,1.7,
2026-06-11T15:50:00.0000000+02:00,1.7,
2026-06-11T16:00:00.0000000+02:00,1.7,
2026-06-11T16:10:00.0000000+02:00,1.7,
2026-06-11T16:20:00.0000000+02:00,1.693,
2026-06-11T16:30:00.0000000+02:00,1.695,
2026-06-11T16:40:00.0000000+02:00,1.688,
2026-06-11T16:50:00.0000000+02:00,1.691,
2026-06-11T17:00:00.0000000+02:00,1.692,
2026-06-11T17:10:00.0000000+02:00,1.686,
2026-06-11T17:20:00.0000000+02:00,1.69,
2026-06-11T17:30:00.0000000+02:00,1.675,
2026-06-11T17:40:00.0000000+02:00,1.68,
2026-06-11T17:50:00.0000000+02:00,1.676,
2026-06-11T18:00:00.0000000+02:00,1.674,
2026-06-11T18:10:00.0000000+02:00,1.672,
2026-06-12T06:50:00.0000000+02:00,1.778,
2026-06-12T07:00:00.0000000+02:00,1.779,
2026-06-12T07:10:00.0000000+02:00,1.783,
2026-06-12T07:20:00.0000000+02:00,1.783,
2026-06-12T07:30:00.0000000+02:00,1.777,
2026-06-12T07:40:00.0000000+02:00,1.784,
2026-06-12T07:50:00.0000000+02:00,1.787,
2026-06-12T08:00:00.0000000+02:00,1.787,
2026-06-12T08:10:00.0000000+02:00,1.791,
2026-06-12T08:20:00.0000000+02:00,1.788,
2026-06-12T08:30:00.0000000+02:00,1.789,
2026-06-12T08:40:00.0000000+02:00,1.789,
2026-06-12T08:50:00.0000000+02:00,1.789,
2026-06-12T09:00:00.0000000+02:00,1.786,
2026-06-12T09:10:00.0000000+02:00,1.788,
2026-06-12T09:20:00.0000000+02:00,1.788,
2026-06-12T09:30:00.0000000+02:00,1.782,
2026-06-12T09:40:00.0000000+02:00,1.778,
2026-06-12T09:50:00.0000000+02:00,1.777,
2026-06-12T10:00:00.0000000+02:00,1.774,
2026-06-12T10:10:00.0000000+02:00,1.773,
2026-06-12T10:20:00.0000000+02:00,1.781,
2026-06-12T10:30:00.0000000+02:00,1.789,
2026-06-12T10:40:00.0000000+02:00,1.785,
2026-06-12T10:50:00.0000000+02:00,1.782,
2026-06-12T11:00:00.0000000+02:00,1.777,
2026-06-12T11:10:00.0000000+02:00,1.784,
2026-06-12T11:20:00.0000000+02:00,1.787,
2026-06-12T11:30:00.0000000+02:00,1.777,
2026-06-12T11:40:00.0000000+02:00,1.78,
2026-06-12T11:50:00.0000000+02:00,1.783,
2026-06-12T12:00:00.0000000+02:00,1.774,
2026-06-12T12:10:00.0000000+02:00,1.756,
2026-06-12T12:20:00.0000000+02:00,1.767,
2026-06-12T12:30:00.0000000+02:00,1.775,
2026-06-12T12:40:00.0000000+02:00,1.773,
2026-06-12T12:50:00.0000000+02:00,1.759,
2026-06-12T13:00:00.0000000+02:00,1.761,
2026-06-12T13:10:00.0000000+02:00,1.762,
2026-06-12T13:20:00.0000000+02:00,1.755,
2026-06-12T13:30:00.0000000+02:00,1.758,
2026-06-12T13:40:00.0000000+02:00,1.748,
2026-06-12T13:50:00.0000000+02:00,1.74,
2026-06-12T14:00:00.0000000+02:00,1.746,
2026-06-12T14:10:00.0000000+02:00,1.736,
2026-06-12T14:20:00.0000000+02:00,1.742,
2026-06-12T14:30:00.0000000+02:00,1.739,
2026-06-12T14:40:00.0000000+02:00,1.733,
2026-06-12T14:50:00.0000000+02:00,1.731,
2026-06-12T15:00:00.0000000+02:00,1.726,
2026-06-12T15:10:00.0000000+02:00,1.725,
2026-06-12T15:20:00.0000000+02:00,1.712,
2026-06-12T15:30:00.0000000+02:00,1.701,
2026-06-12T15:40:00.0000000+02:00,1.698,
2026-06-12T15:50:00.0000000+02:00,1.712,
2026-06-12T16:00:00.0000000+02:00,1.702,
2026-06-12T16:10:00.0000000+02:00,1.706,
2026-06-12T16:20:00.0000000+02:00,1.7,
2026-06-12T16:30:00.0000000+02:00,1.698,
2026-06-12T16:40:00.0000000+02:00,1.695,
2026-06-12T16:50:00.0000000+02:00,1.696,
2026-06-12T17:00:00.0000000+02:00,1.686,
2026-06-12T17:10:00.0000000+02:00,1.687,
2026-06-12T17:20:00.0000000+02:00,1.677,
2026-06-12T17:30:00.0000000+02:00,1.675,
2026-06-12T17:40:00.0000000+02:00,1.669,
2026-06-12T17:50:00.0000000+02:00,1.67,
2026-06-12T18:00:00.0000000+02:00,1.663,
2026-06-12T18:10:00.0000000+02:00,1.658,
2026-06-12T18:20:00.0000000+02:00,1.653,
2026-06-12T18:30:00.0000000+02:00,1.654,
2026-06-12T18:40:00.0000000+02:00,1.647,
2026-06-12T18:50:00.0000000+02:00,1.648,
2026-06-12T19:00:00.0000000+02:00,1.64,
2026-06-12T19:10:00.0000000+02:00,1.642,
2026-06-13T06:50:00.0000000+02:00,1.76,
2026-06-13T07:00:00.0000000+02:00,1.763,
2026-06-13T07:10:00.0000000+02:00,1.762,
2026-06-13T07:20:00.0000000+02:00,1.759,
2026-06-13T07:30:00.0000000+02:00,1.758,
2026-06-13T07:40:00.0000000+02:00,1.765,
2026-06-13T07:50:00.0000000+02:00,1.763,
2026-06-13T08:00:00.0000000+02:00,1.768,
2026-06-13T08:10:00.0000000+02:00,1.77,
2026-06-13T08:20:00.0000000+02:00,1.764,
2026-06-13T08:30:00.0000000+02:00,1.765,
2026-06-13T08:40:00.0000000+02:00,1.767,
2026-06-13T08:50:00.0000000+02:00,1.77,
2026-06-13T09:00:00.0000000+02:00,1.77,
2026-06-13T09:10:00.0000000+02:00,1.769,
2026-06-13T09:20:00.0000000+02:00,1.774,
2026-06-13T09:30:00.0000000+02:00,1.774,
2026-06-13T09:40:00.0000000+02:00,1.767,
2026-06-13T09:50:00.0000000+02:00,1.774,
2026-06-13T10:00:00.0000000+02:00,1.771,
2026-06-13T10:10:00.0000000+02:00,1.765,
2026-06-13T10:20:00.0000000+02:00,1.774,
2026-06-13T10:30:00.0000000+02:00,1.752,
2026-06-13T10:40:00.0000000+02:00,1.764,
2026-06-13T10:50:00.0000000+02:00,1.756,
2026-06-13T11:00:00.0000000+02:00,1.763,
2026-06-13T11:10:00.0000000+02:00,1.769,
2026-06-13T11:20:00.0000000+02:00,1.764,
2026-06-13T11:30:00.0000000+02:00,1.763,
2026-06-13T11:40:00.0000000+02:00,1.755,
2026-06-13T11:50:00.0000000+02:00,1.762,
2026-06-13T12:00:00.0000000+02:00,1.758,
2026-06-13T12:10:00.0000000+02:00,1.757,
2026-06-13T12:20:00.0000000+02:00,1.76,
2026-06-13T12:30:00.0000000+02:00,1.757,
2026-06-13T12:40:00.0000000+02:00,1.751,
2026-06-13T12:50:00.0000000+02:00,1.746,
2026-06-13T13:00:00.0000000+02:00,1.742,
2026-06-13T13:10:00.0000000+02:00,1.742,
2026-06-13T13:20:00.0000000+02:00,1.743,
2026-06-13T13:30:00.0000000+02:00,1.738,
2026-06-13T13:40:00.0000000+02:00,1.735,
2026-06-13T13:50:00.0000000+02:00,1.732,
2026-06-13T14:00:00.0000000+02:00,1.731,
2026-06-13T14:10:00.0000000+02:00,1.726,
2026-06-13T14:20:00.0000000+02:00,1.726,
2026-06-13T14:30:00.0000000+02:00,1.725,
2026-06-13T14:40:00.0000000+02:00,1.721,
2026-06-13T14:50:00.0000000+02:00,1.712,
2026-06-13T15:00:00.0000000+02:00,1.709,
2026-06-13T15:10:00.0000000+02:00,1.709,
2026-06-13T15:20:00.0000000+02:00,1.709,
2026-06-13T15:30:00.0000000+02:00,1.702,
2026-06-13T15:40:00.0000000+02:00,1.702,
2026-06-13T15:50:00.0000000+02:00,1.693,
2026-06-13T16:00:00.0000000+02:00,1.688,
2026-06-13T16:10:00.0000000+02:00,1.688,
2026-06-13T16:20:00.0000000+02:00,1.682,
2026-06-13T16:30:00.0000000+02:00,1.681,
2026-06-13T16:40:00.0000000+02:00,1.676,
2026-06-13T16:50:00.0000000+02:00,1.669,
2026-06-13T17:00:00.0000000+02:00,1.669,
2026-06-13T17:10:00.0000000+02:00,1.664,
2026-06-13T17:20:00.0000000+02:00,1.664,
2026-06-13T17:30:00.0000000+02:00,1.663,
2026-06-13T17:40:00.0000000+02:00,1.655,
2026-06-13T17:50:00.0000000+02:00,1.658,
2026-06-13T18:00:00.0000000+02:00,1.654,
2026-06-13T18:10:00.0000000+02:00,1.651,
2026-06-14T06:50:00.0000000+02:00,1.84,
2026-06-14T07:00:00.0000000+02:00,1.842,
2026-06-14T07:10:00.0000000+02:00,1.844,
2026-06-14T07:20:00.0000000+02:00,1.843,
2026-06-14T07:30:00.0000000+02:00,1.842,
2026-06-14T07:40:00.0000000+02:00,1.846,
2026-06-14T07:50:00.0000000+02:00,1.836,
2026-06-14T08:00:00.0000000+02:00,1.836,
2026-06-14T08:10:00.0000000+02:00,1.838,
2026-06-14T08:20:00.0000000+02:00,1.829,
2026-06-14T08:30:00.0000000+02:00,1.829,
2026-06-14T08:40:00.0000000+02:00,1.823,
2026-06-14T08:50:00.0000000+02:00,1.827,
2026-06-14T09:00:00.0000000+02:00,1.823,
2026-06-14T09:10:00.0000000+02:00,1.817,
2026-06-14T09:20:00.0000000+02:00,1.816,
2026-06-14T09:30:00.0000000+02:00,1.814,
2026-06-14T09:40:00.0000000+02:00,1.811,
2026-06-14T09:50:00.0000000+02:00,1.806,
2026-06-14T10:00:00.0000000+02:00,1.805,
2026-06-14T10:10:00.0000000+02:00,1.801,
2026-06-14T10:20:00.0000000+02:00,1.798,
2026-06-14T10:30:00.0000000+02:00,1.797,
2026-06-14T10:40:00.0000000+02:00,1.789,
2026-06-14T10:50:00.0000000+02:00,1.793,
2026-06-14T11:00:00.0000000+02:00,1.782,
2026-06-14T11:10:00.0000000+02:00,1.784,
2026-06-14T11:20:00.0000000+02:00,1.776,
2026-06-14T11:30:00.0000000+02:00,1.778,
2026-06-14T11:40:00.0000000+02:00,1.768,
2026-06-14T11:50:00.0000000+02:00,1.775,
2026-06-14T12:00:00.0000000+02:00,1.745,
2026-06-14T12:10:00.0000000+02:00,1.763,
2026-06-14T12:20:00.0000000+02:00,1.763,
2026-06-14T12:30:00.0000000+02:00,1.752,
2026-06-14T12:40:00.0000000+02:00,1.75,
2026-06-14T12:50:00.0000000+02:00,1.747,
2026-06-14T13:00:00.0000000+02:00,1.745,
2026-06-14T13:10:00.0000000+02:00,1.737,
2026-06-14T13:20:00.0000000+02:00,1.735,
2026-06-14T13:30:00.0000000+02:00,1.729,
2026-06-14T13:40:00.0000000+02:00,1.725,
2026-06-14T13:50:00.0000000+02:00,1.718,
2026-06-14T14:00:00.0000000+02:00,1.72,
2026-06-14T14:10:00.0000000+02:00,1.714,
2026-06-14T14:20:00.0000000+02:00,1.704,
2026-06-14T14:30:00.0000000+02:00,1.705,
2026-06-14T14:40:00.0000000+02:00,1.705,
2026-06-14T14:50:00.0000000+02:00,1.7,
2026-06-14T15:00:00.0000000+02:00,1.689,
2026-06-14T15:10:00.0000000+02:00,1.686,
2026-06-14T15:20:00.0000000+02:00,1.68,
2026-06-14T15:30:00.0000000+02:00,1.675,
2026-06-14T15:40:00.0000000+02:00,1.663,
2026-06-14T15:50:00.0000000+02:00,1.666,
2026-06-14T16:00:00.0000000+02:00,1.655,
2026-06-14T16:10:00.0000000+02:00,1.645,
2026-06-14T16:20:00.0000000+02:00,1.644,
2026-06-15T06:30:00.0000000+02:00,1.736,
2026-06-15T06:40:00.0000000+02:00,1.744,
2026-06-15T06:50:00.0000000+02:00,1.737,
2026-06-15T07:00:00.0000000+02:00,1.73,
2026-06-15T07:10:00.0000000+02:00,1.736,
2026-06-15T07:20:00.0000000+02:00,1.745,
2026-06-15T07:30:00.0000000+02:00,1.749,
2026-06-15T07:40:00.0000000+02:00,1.747,
2026-06-15T07:50:00.0000000+02:00,1.749,
2026-06-15T08:00:00.0000000+02:00,1.746,
2026-06-15T08:10:00.0000000+02:00,1.743,
2026-06-15T08:20:00.0000000+02:00,1.749,
2026-06-15T08:30:00.0000000+02:00,1.741,
2026-06-15T08:40:00.0000000+02:00,1.742,
2026-06-15T08:50:00.0000000+02:00,1.732,
2026-06-15T09:00:00.0000000+02:00,1.737,
2026-06-15T09:10:00.0000000+02:00,1.739,
2026-06-15T09:20:00.0000000+02:00,1.739,
2026-06-15T09:30:00.0000000+02:00,1.744,
2026-06-15T09:40:00.0000000+02:00,1.738,
2026-06-15T09:50:00.0000000+02:00,1.731,
2026-06-15T10:00:00.0000000+02:00,1.729,
2026-06-15T10:10:00.0000000+02:00,1.73,
2026-06-15T10:20:00.0000000+02:00,1.724,
2026-06-15T10:30:00.0000000+02:00,1.729,
2026-06-15T10:40:00.0000000+02:00,1.716,
2026-06-15T10:50:00.0000000+02:00,1.718,
2026-06-15T11:00:00.0000000+02:00,1.705,
2026-06-15T11:10:00.0000000+02:00,1.718,
2026-06-15T11:20:00.0000000+02:00,1.714,
2026-06-15T11:30:00.0000000+02:00,1.708,
2026-06-15T11:40:00.0000000+02:00,1.696,
2026-06-15T11:50:00.0000000+02:00,1.7,
2026-06-15T12:00:00.0000000+02:00,1.692,
2026-06-15T12:10:00.0000000+02:00,1.69,
2026-06-15T12:20:00.0000000+02:00,1.693,
2026-06-15T12:30:00.0000000+02:00,1.688,
2026-06-15T12:40:00.0000000+02:00,1.682,
2026-06-15T12:50:00.0000000+02:00,1.684,
2026-06-15T13:00:00.0000000+02:00,1.675,
2026-06-15T13:10:00.0000000+02:00,1.667,
2026-06-15T13:20:00.0000000+02:00,1.666,
2026-06-15T13:30:00.0000000+02:00,1.656,
2026-06-15T13:40:00.0000000+02:00,1.651,
2026-06-15T13:50:00.0000000+02:00,1.647,
2026-06-15T14:00:00.0000000+02:00,1.641,
2026-06-15T14:10:00.0000000+02:00,1.641,
2026-06-15T14:20:00.0000000+02:00,1.633,
2026-06-15T14:30:00.0000000+02:00,1.622,
2026-06-15T14:40:00.0000000+02:00,1.62,
2026-06-15T14:50:00.0000000+02:00,1.617,
2026-06-15T15:00:00.0000000+02:00,1.607,
2026-06-15T15:10:00.0000000+02:00,1.602,
2026-06-15T15:20:00.0000000+02:00,1.602,
2026-06-15T15:30:00.0000000+02:00,1.586,
2026-06-15T15:40:00.0000000+02:00,1.582,
2026-06-15T15:50:00.0000000+02:00,1.581,
2026-06-15T16:00:00.0000000+02:00,1.574,
2026-06-15T16:10:00.0000000+02:00,1.564,
2026-06-15T16:20:00.0000000+02:00,1.558,
2026-06-15T16:30:00.0000000+02:00,1.556,
2026-06-15T16:40:00.0000000+02:00,1.55,
2026-06-15T16:50:00.0000000+02:00,1.541,
2026-06-15T17:00:00.0000000+02:00,1.524,
2026-06-15T17:10:00.0000000+02:00,1.527,
2026-06-15T17:20:00.0000000+02:00,1.52,
2026-06-15T17:30:00.0000000+02:00,1.518,
2026-06-15T17:40:00.0000000+02:00,1.512,
2026-06-15T17:50:00.0000000+02:00,1.502,
2026-06-15T18:00:00.0000000+02:00,1.501,
2026-06-15T18:10:00.0000000+02:00,1.503,
2026-06-16T07:00:00.0000000+02:00,1.468,
2026-06-16T07:10:00.0000000+02:00,1.48,
2026-06-16T07:20:00.0000000+02:00,1.476,
2026-06-16T07:30:00.0000000+02:00,1.482,
2026-06-16T07:40:00.0000000+02:00,1.484,
2026-06-16T07:50:00.0000000+02:00,1.486,
2026-06-16T08:00:00.0000000+02:00,1.485,
2026-06-16T08:10:00.0000000+02:00,1.492,
2026-06-16T08:20:00.0000000+02:00,1.499,
2026-06-16T08:30:00.0000000+02:00,1.5,
2026-06-16T08:40:00.0000000+02:00,1.513,
2026-06-16T08:50:00.0000000+02:00,1.512,
2026-06-16T09:00:00.0000000+02:00,1.516,
2026-06-16T09:10:00.0000000+02:00,1.513,
2026-06-16T09:20:00.0000000+02:00,1.52,
2026-06-16T09:30:00.0000000+02:00,1.539,
2026-06-16T09:40:00.0000000+02:00,1.525,
2026-06-16T09:50:00.0000000+02:00,1.518,
2026-06-16T10:00:00.0000000+02:00,1.531,
2026-06-16T10:10:00.0000000+02:00,1.528,
2026-06-16T10:20:00.0000000+02:00,1.527,
2026-06-16T10:30:00.0000000+02:00,1.525,
2026-06-16T10:40:00.0000000+02:00,1.541,
2026-06-16T10:50:00.0000000+02:00,1.544,
2026-06-16T11:00:00.0000000+02:00,1.549,
2026-06-16T11:10:00.0000000+02:00,1.537,
2026-06-16T11:20:00.0000000+02:00,1.548,
2026-06-16T11:30:00.0000000+02:00,1.548,
2026-06-16T11:40:00.0000000+02:00,1.544,
2026-06-16T11:50:00.0000000+02:00,1.55,
2026-06-16T12:00:00.0000000+02:00,1.547,
2026-06-16T12:10:00.0000000+02:00,1.544,
2026-06-16T12:20:00.0000000+02:00,1.549,
2026-06-16T12:30:00.0000000+02:00,1.552,
2026-06-16T12:40:00.0000000+02:00,1.547,
2026-06-16T12:50:00.0000000+02:00,1.548,
2026-06-16T13:00:00.0000000+02:00,1.558,
2026-06-16T13:10:00.0000000+02:00,1.551,
2026-06-16T13:20:00.0000000+02:00,1.546,
2026-06-16T13:30:00.0000000+02:00,1.559,
2026-06-16T13:40:00.0000000+02:00,1.557,
2026-06-16T13:50:00.0000000+02:00,1.543,
2026-06-16T14:00:00.0000000+02:00,1.54,
2026-06-16T14:10:00.0000000+02:00,1.545,
2026-06-16T14:20:00.0000000+02:00,1.542,
2026-06-16T14:30:00.0000000+02:00,1.522,
2026-06-16T14:40:00.0000000+02:00,1.518,
2026-06-16T14:50:00.0000000+02:00,1.531,
2026-06-16T15:00:00.0000000+02:00,1.531,
2026-06-16T15:10:00.0000000+02:00,1.516,
2026-06-16T15:20:00.0000000+02:00,1.519,
2026-06-16T15:30:00.0000000+02:00,1.532,
2026-06-16T15:40:00.0000000+02:00,1.517,
2026-06-16T15:50:00.0000000+02:00,1.525,
2026-06-16T16:00:00.0000000+02:00,1.505,
2026-06-16T16:10:00.0000000+02:00,1.506,
2026-06-17T06:40:00.0000000+02:00,1.623,
2026-06-17T06:50:00.0000000+02:00,1.624,
2026-06-17T07:00:00.0000000+02:00,1.628,
2026-06-17T07:10:00.0000000+02:00,1.632,
2026-06-17T07:20:00.0000000+02:00,1.632,
2026-06-17T07:30:00.0000000+02:00,1.63,
2026-06-17T07:40:00.0000000+02:00,1.634,
2026-06-17T07:50:00.0000000+02:00,1.635,
2026-06-17T08:00:00.0000000+02:00,1.638,
2026-06-17T08:10:00.0000000+02:00,1.643,
2026-06-17T08:20:00.0000000+02:00,1.646,
2026-06-17T08:30:00.0000000+02:00,1.646,
2026-06-17T08:40:00.0000000+02:00,1.642,
2026-06-17T08:50:00.0000000+02:00,1.645,
2026-06-17T09:00:00.0000000+02:00,1.646,
2026-06-17T09:10:00.0000000+02:00,1.64,
2026-06-17T09:20:00.0000000+02:00,1.646,
2026-06-17T09:30:00.0000000+02:00,1.64,
2026-06-17T09:40:00.0000000+02:00,1.649,
2026-06-17T09:50:00.0000000+02:00,1.643,
2026-06-17T10:00:00.0000000+02:00,1.654,
2026-06-17T10:10:00.0000000+02:00,1.648,
2026-06-17T10:20:00.0000000+02:00,1.64,
2026-06-17T10:30:00.0000000+02:00,1.641,
2026-06-17T10:40:00.0000000+02:00,1.644,
2026-06-17T10:50:00.0000000+02:00,1.646,
2026-06-17T11:00:00.0000000+02:00,1.651,
2026-06-17T11:10:00.0000000+02:00,1.643,
2026-06-17T11:20:00.0000000+02:00,1.638,
2026-06-17T11:30:00.0000000+02:00,1.639,
2026-06-17T11:40:00.0000000+02:00,1.636,
2026-06-17T11:50:00.0000000+02:00,1.642,
2026-06-17T12:00:00.0000000+02:00,1.638,
2026-06-17T12:10:00.0000000+02:00,1.63,
2026-06-17T12:20:00.0000000+02:00,1.632,
2026-06-17T12:30:00.0000000+02:00,1.637,
2026-06-17T12:40:00.0000000+02:00,1.641,
2026-06-17T12:50:00.0000000+02:00,1.634,
2026-06-17T13:00:00.0000000+02:00,1.632,
2026-06-17T13:10:00.0000000+02:00,1.63,
2026-06-17T13:20:00.0000000+02:00,1.624,
2026-06-17T13:30:00.0000000+02:00,1.624,
2026-06-17T13:40:00.0000000+02:00,1.625,
2026-06-17T13:50:00.0000000+02:00,1.618,
2026-06-17T14:00:00.0000000+02:00,1.608,
2026-06-17T14:10:00.0000000+02:00,1.615,
2026-06-17T14:20:00.0000000+02:00,1.606,
2026-06-17T14:30:00.0000000+02:00,1.597,
2026-06-17T14:40:00.0000000+02:00,1.599,
2026-06-17T14:50:00.0000000+02:00,1.592,
2026-06-17T15:00:00.0000000+02:00,1.594,
2026-06-17T15:10:00.0000000+02:00,1.595,
2026-06-17T15:20:00.0000000+02:00,1.591,
2026-06-17T15:30:00.0000000+02:00,1.589,
2026-06-17T15:40:00.0000000+02:00,1.583,
2026-06-17T15:50:00.0000000+02:00,1.581,
2026-06-17T16:00:00.0000000+02:00,1.579,
2026-06-17T16:10:00.0000000+02:00,1.573,
2026-06-18T07:00:00.0000000+02:00,1.717,
2026-06-18T07:10:00.0000000+02:00,1.718,
2026-06-18T07:20:00.0000000+02:00,1.719,
2026-06-18T07:30:00.0000000+02:00,1.718,
2026-06-18T07:40:00.0000000+02:00,1.717,
2026-06-18T07:50:00.0000000+02:00,1.716,
2026-06-18T08:00:00.0000000+02:00,1.716,
2026-06-18T08:10:00.0000000+02:00,1.709,
2026-06-18T08:20:00.0000000+02:00,1.701,
2026-06-18T08:30:00.0000000+02:00,1.707,
2026-06-18T08:40:00.0000000+02:00,1.703,
2026-06-18T08:50:00.0000000+02:00,1.705,
2026-06-18T09:00:00.0000000+02:00,1.704,
2026-06-18T09:10:00.0000000+02:00,1.702,
2026-06-18T09:20:00.0000000+02:00,1.697,
2026-06-18T09:30:00.0000000+02:00,1.698,
2026-06-18T09:40:00.0000000+02:00,1.695,
2026-06-18T09:50:00.0000000+02:00,1.696,
2026-06-18T10:00:00.0000000+02:00,1.686,
2026-06-18T10:10:00.0000000+02:00,1.684,
2026-06-18T10:20:00.0000000+02:00,1.69,
2026-06-18T10:30:00.0000000+02:00,1.685,
2026-06-18T10:40:00.0000000+02:00,1.676,
2026-06-18T10:50:00.0000000+02:00,1.681,
2026-06-18T11:00:00.0000000+02:00,1.673,
2026-06-18T11:10:00.0000000+02:00,1.668,
2026-06-18T11:20:00.0000000+02:00,1.661,
2026-06-18T11:30:00.0000000+02:00,1.66,
2026-06-18T11:40:00.0000000+02:00,1.665,
2026-06-18T11:50:00.0000000+02:00,1.662,
2026-06-18T12:00:00.0000000+02:00,1.657,
2026-06-18T12:10:00.0000000+02:00,1.65,
2026-06-18T12:20:00.0000000+02:00,1.651,
2026-06-18T12:30:00.0000000+02:00,1.65,
2026-06-18T12:40:00.0000000+02:00,1.641,
2026-06-18T12:50:00.0000000+02:00,1.637,
2026-06-18T13:00:00.0000000+02:00,1.629,
2026-06-18T13:10:00.0000000+02:00,1.628,
2026-06-18T13:20:00.0000000+02:00,1.623,
2026-06-18T13:30:00.0000000+02:00,1.621,
2026-06-18T13:40:00.0000000+02:00,1.618,
2026-06-18T13:50:00.0000000+02:00,1.612,
2026-06-18T14:00:00.0000000+02:00,1.598,
2026-06-18T14:10:00.0000000+02:00,1.606,
2026-06-18T14:20:00.0000000+02:00,1.595,
2026-06-18T14:30:00.0000000+02:00,1.586,
2026-06-18T14:40:00.0000000+02:00,1.587,
2026-06-18T14:50:00.0000000+02:00,1.582,
2026-06-18T15:00:00.0000000+02:00,1.576,
2026-06-18T15:10:00.0000000+02:00,1.572,
2026-06-18T15:20:00.0000000+02:00,1.567,
2026-06-18T15:30:00.0000000+02:00,1.565,
2026-06-18T15:40:00.0000000+02:00,1.565,
2026-06-18T15:50:00.0000000+02:00,1.551,
2026-06-18T16:00:00.0000000+02:00,1.551,
2026-06-18T16:10:00.0000000+02:00,1.542,
2026-06-18T16:20:00.0000000+02:00,1.539,
2026-06-18T16:30:00.0000000+02:00,1.533,
2026-06-18T16:40:00.0000000+02:00,1.528,
2026-06-18T16:50:00.0000000+02:00,1.509,
2026-06-18T17:00:00.0000000+02:00,1.516,
2026-06-18T17:10:00.0000000+02:00,1.503,
2026-06-19T07:00:00.0000000+02:00,1.556,
2026-06-19T07:10:00.0000000+02:00,1.56,
2026-06-19T07:20:00.0000000+02:00,1.57,
2026-06-19T07:30:00.0000000+02:00,1.562,
2026-06-19T07:40:00.0000000+02:00,1.573,
2026-06-19T07:50:00.0000000+02:00,1.576,
2026-06-19T08:00:00.0000000+02:00,1.572,
2026-06-19T08:10:00.0000000+02:00,1.567,
2026-06-19T08:20:00.0000000+02:00,1.566,
2026-06-19T08:30:00.0000000+02:00,1.574,
2026-06-19T08:40:00.0000000+02:00,1.571,
2026-06-19T08:50:00.0000000+02:00,1.567,
2026-06-19T09:00:00.0000000+02:00,1.569,
2026-06-19T09:10:00.0000000+02:00,1.576,
2026-06-19T09:20:00.0000000+02:00,1.57,
2026-06-19T09:30:00.0000000+02:00,1.569,
2026-06-19T09:40:00.0000000+02:00,1.571,
2026-06-19T09:50:00.0000000+02:00,1.573,
2026-06-19T10:00:00.0000000+02:00,1.578,
2026-06-19T10:10:00.0000000+02:00,1.569,
2026-06-19T10:20:00.0000000+02:00,1.561,
2026-06-19T10:30:00.0000000+02:00,1.554,
2026-06-19T10:40:00.0000000+02:00,1.568,
2026-06-19T10:50:00.0000000+02:00,1.564,
2026-06-19T11:00:00.0000000+02:00,1.562,
2026-06-19T11:10:00.0000000+02:00,1.553,
2026-06-19T11:20:00.0000000+02:00,1.555,
2026-06-19T11:30:00.0000000+02:00,1.544,
2026-06-19T11:40:00.0000000+02:00,1.553,
2026-06-19T11:50:00.0000000+02:00,1.547,
2026-06-19T12:00:00.0000000+02:00,1.546,
2026-06-19T12:10:00.0000000+02:00,1.532,
2026-06-19T12:20:00.0000000+02:00,1.551,
2026-06-19T12:30:00.0000000+02:00,1.546,
2026-06-19T12:40:00.0000000+02:00,1.55,
2026-06-19T12:50:00.0000000+02:00,1.537,
2026-06-19T13:00:00.0000000+02:00,1.532,
2026-06-19T13:10:00.0000000+02:00,1.524,
2026-06-19T13:20:00.0000000+02:00,1.523,
2026-06-19T13:30:00.0000000+02:00,1.517,
2026-06-19T13:40:00.0000000+02:00,1.518,
2026-06-19T13:50:00.0000000+02:00,1.516,
2026-06-19T14:00:00.0000000+02:00,1.503,
2026-06-19T14:10:00.0000000+02:00,1.507,
2026-06-19T14:20:00.0000000+02:00,1.509,
2026-06-19T14:30:00.0000000+02:00,1.499,
2026-06-19T14:40:00.0000000+02:00,1.497,
2026-06-19T14:50:00.0000000+02:00,1.481,
2026-06-19T15:00:00.0000000+02:00,1.485,
2026-06-19T15:10:00.0000000+02:00,1.482,
2026-06-19T15:20:00.0000000+02:00,1.475,
2026-06-19T15:30:00.0000000+02:00,1.474,
2026-06-19T15:40:00.0000000+02:00,1.457,
2026-06-19T15:50:00.0000000+02:00,1.461,
2026-06-19T16:00:00.0000000+02:00,1.445,
2026-06-19T16:10:00.0000000+02:00,1.453,
2026-06-19T16:20:00.0000000+02:00,1.451,
2026-06-19T16:30:00.0000000+02:00,1.436,
2026-06-19T16:40:00.0000000+02:00,1.431,
2026-06-19T16:50:00.0000000+02:00,1.426,
2026-06-19T17:00:00.0000000+02:00,1.418,
2026-06-19T17:10:00.0000000+02:00,1.404,
2026-06-20T07:00:00.0000000+02:00,1.478,
2026-06-20T07:10:00.0000000+02:00,1.474,
2026-06-20T07:20:00.0000000+02:00,1.483,
2026-06-20T07:30:00.0000000+02:00,1.48,
2026-06-20T07:40:00.0000000+02:00,1.481,
2026-06-20T07:50:00.0000000+02:00,1.49,
2026-06-20T08:00:00.0000000+02:00,1.491,
2026-06-20T08:10:00.0000000+02:00,1.487,
2026-06-20T08:20:00.0000000+02:00,1.488,
2026-06-20T08:30:00.0000000+02:00,1.492,
2026-06-20T08:40:00.0000000+02:00,1.5,
2026-06-20T08:50:00.0000000+02:00,1.498,
2026-06-20T09:00:00.0000000+02:00,1.492,
2026-06-20T09:10:00.0000000+02:00,1.489,
2026-06-20T09:20:00.0000000+02:00,1.504,
2026-06-20T09:30:00.0000000+02:00,1.501,
2026-06-20T09:40:00.0000000+02:00,1.493,
2026-06-20T09:50:00.0000000+02:00,1.461,
2026-06-20T10:00:00.0000000+02:00,1.48,
2026-06-20T10:10:00.0000000+02:00,1.473,
2026-06-20T10:20:00.0000000+02:00,1.48,
2026-06-20T10:30:00.0000000+02:00,1.469,
2026-06-20T10:40:00.0000000+02:00,1.472,
2026-06-20T10:50:00.0000000+02:00,1.487,
2026-06-20T11:00:00.0000000+02:00,1.473,
2026-06-20T11:10:00.0000000+02:00,1.472,
2026-06-20T11:20:00.0000000+02:00,1.479,
2026-06-20T11:30:00.0000000+02:00,1.473,
2026-06-20T11:40:00.0000000+02:00,1.473,
2026-06-20T11:50:00.0000000+02:00,1.475,
2026-06-20T12:00:00.0000000+02:00,1.455,
2026-06-20T12:10:00.0000000+02:00,1.446,
2026-06-20T12:20:00.0000000+02:00,1.433,
2026-06-20T12:30:00.0000000+02:00,1.432,
2026-06-20T12:40:00.0000000+02:00,1.443,
2026-06-20T12:50:00.0000000+02:00,1.435,
2026-06-20T13:00:00.0000000+02:00,1.446,
2026-06-20T13:10:00.0000000+02:00,1.433,
2026-06-20T13:20:00.0000000+02:00,1.427,
2026-06-20T13:30:00.0000000+02:00,1.425,
2026-06-20T13:40:00.0000000+02:00,1.42,
2026-06-20T13:50:00.0000000+02:00,1.419,
2026-06-20T14:00:00.0000000+02:00,1.417,
2026-06-20T14:10:00.0000000+02:00,1.412,
2026-06-20T14:20:00.0000000+02:00,1.403,
2026-06-20T14:30:00.0000000+02:00,1.402,
2026-06-20T14:40:00.0000000+02:00,1.399,
2026-06-20T14:50:00.0000000+02:00,1.39,
2026-06-20T15:00:00.0000000+02:00,1.387,
2026-06-20T15:10:00.0000000+02:00,1.39,
2026-06-20T15:20:00.0000000+02:00,1.377,
2026-06-20T15:30:00.0000000+02:00,1.376,
2026-06-20T15:40:00.0000000+02:00,1.366,
2026-06-20T15:50:00.0000000+02:00,1.367,
2026-06-20T16:00:00.0000000+02:00,1.354,
2026-06-20T16:10:00.0000000+02:00,1.355,
2026-06-20T16:20:00.0000000+02:00,1.349,
2026-06-20T16:30:00.0000000+02:00,1.34,
2026-06-20T16:40:00.0000000+02:00,1.337,
2026-06-20T16:50:00.0000000+02:00,1.331,
2026-06-20T17:00:00.0000000+02:00,1.328,
2026-06-20T17:10:00.0000000+02:00,1.32,
2026-06-21T06:50:00.0000000+02:00,1.42,
2026-06-21T07:00:00.0000000+02:00,1.433,
2026-06-21T07:10:00.0000000+02:00,1.434,
2026-06-21T07:20:00.0000000+02:00,1.43,
2026-06-21T07:30:00.0000000+02:00,1.441,
2026-06-21T07:40:00.0000000+02:00,1.443,
2026-06-21T07:50:00.0000000+02:00,1.44,
2026-06-21T08:00:00.0000000+02:00,1.446,
2026-06-21T08:10:00.0000000+02:00,1.451,
2026-06-21T08:20:00.0000000+02:00,1.461,
2026-06-21T08:30:00.0000000+02:00,1.463,
2026-06-21T08:40:00.0000000+02:00,1.471,
2026-06-21T08:50:00.0000000+02:00,1.465,
2026-06-21T09:00:00.0000000+02:00,1.477,
2026-06-21T09:10:00.0000000+02:00,1.478,
2026-06-21T09:20:00.0000000+02:00,1.48,
2026-06-21T09:30:00.0000000+02:00,1.487,
2026-06-21T09:40:00.0000000+02:00,1.489,
2026-06-21T09:50:00.0000000+02:00,1.49,
2026-06-21T10:00:00.0000000+02:00,1.491,
2026-06-21T10:10:00.0000000+02:00,1.485,
2026-06-21T10:20:00.0000000+02:00,1.501,
2026-06-21T10:30:00.0000000+02:00,1.508,
2026-06-21T10:40:00.0000000+02:00,1.512,
2026-06-21T10:50:00.0000000+02:00,1.513,
2026-06-21T11:00:00.0000000+02:00,1.516,
2026-06-21T11:10:00.0000000+02:00,1.523,
2026-06-21T11:20:00.0000000+02:00,1.525,
2026-06-21T11:30:00.0000000+02:00,1.523,
2026-06-21T11:40:00.0000000+02:00,1.536,
2026-06-21T11:50:00.0000000+02:00,1.542,
2026-06-21T12:00:00.0000000+02:00,1.542,
2026-06-21T12:10:00.0000000+02:00,1.549,
2026-06-21T12:20:00.0000000+02:00,1.547,
2026-06-21T12:30:00.0000000+02:00,1.553,
2026-06-21T12:40:00.0000000+02:00,1.561,
2026-06-21T12:50:00.0000000+02:00,1.56,
2026-06-21T13:00:00.0000000+02:00,1.558,
2026-06-21T13:10:00.0000000+02:00,1.565,
2026-06-21T13:20:00.0000000+02:00,1.566,
2026-06-21T13:30:00.0000000+02:00,1.565,
2026-06-21T13:40:00.0000000+02:00,1.57,
2026-06-21T13:50:00.0000000+02:00,1.578,
2026-06-21T14:00:00.0000000+02:00,1.578,
2026-06-21T14:10:00.0000000+02:00,1.584,
2026-06-21T14:20:00.0000000+02:00,1.587,
2026-06-21T14:30:00.0000000+02:00,1.591,
2026-06-21T14:40:00.0000000+02:00,1.589,
2026-06-21T14:50:00.0000000+02:00,1.597,
2026-06-21T15:00:00.0000000+02:00,1.597,
2026-06-21T15:10:00.0000000+02:00,1.603,
2026-06-21T15:20:00.0000000+02:00,1.609,
2026-06-21T15:30:00.0000000+02:00,1.609,
2026-06-21T15:40:00.0000000+02:00,1.604,
2026-06-21T15:50:00.0000000+02:00,1.612,
2026-06-21T16:00:00.0000000+02:00,1.615,
2026-06-21T16:10:00.0000000+02:00,1.619,
2026-06-22T07:00:00.0000000+02:00,1.727,
2026-06-22T07:10:00.0000000+02:00,1.725,
2026-06-22T07:20:00.0000000+02:00,1.725,
2026-06-22T07:30:00.0000000+02:00,1.723,
2026-06-22T07:40:00.0000000+02:00,1.721,
2026-06-22T07:50:00.0000000+02:00,1.715,
2026-06-22T08:00:00.0000000+02:00,1.714,
2026-06-22T08:10:00.0000000+02:00,1.707,
2026-06-22T08:20:00.0000000+02:00,1.704,
2026-06-22T08:30:00.0000000+02:00,1.701,
2026-06-22T08:40:00.0000000+02:00,1.697,
2026-06-22T08:50:00.0000000+02:00,1.693,
2026-06-22T09:00:00.0000000+02:00,1.684,
2026-06-22T09:10:00.0000000+02:00,1.688,
2026-06-22T09:20:00.0000000+02:00,1.676,
2026-06-22T09:30:00.0000000+02:00,1.667,
2026-06-22T09:40:00.0000000+02:00,1.672,
2026-06-22T09:50:00.0000000+02:00,1.663,
2026-06-22T10:00:00.0000000+02:00,1.662,
2026-06-22T10:10:00.0000000+02:00,1.65,
2026-06-22T10:20:00.0000000+02:00,1.651,
2026-06-22T10:30:00.0000000+02:00,1.648,
2026-06-22T10:40:00.0000000+02:00,1.634,
2026-06-22T10:50:00.0000000+02:00,1.635,
2026-06-22T11:00:00.0000000+02:00,1.628,
2026-06-22T11:10:00.0000000+02:00,1.625,
2026-06-22T11:20:00.0000000+02:00,1.62,
2026-06-22T11:30:00.0000000+02:00,1.614,
2026-06-22T11:40:00.0000000+02:00,1.606,
2026-06-22T11:50:00.0000000+02:00,1.606,
2026-06-22T12:00:00.0000000+02:00,1.599,
2026-06-22T12:10:00.0000000+02:00,1.597,
2026-06-22T12:20:00.0000000+02:00,1.594,
2026-06-22T12:30:00.0000000+02:00,1.588,
2026-06-22T12:40:00.0000000+02:00,1.58,
2026-06-22T12:50:00.0000000+02:00,1.578,
2026-06-22T13:00:00.0000000+02:00,1.575,
2026-06-22T13:10:00.0000000+02:00,1.572,
2026-06-22T13:20:00.0000000+02:00,1.567,
2026-06-22T13:30:00.0000000+02:00,1.56,
2026-06-22T13:40:00.0000000+02:00,1.559,
2026-06-22T13:50:00.0000000+02:00,1.551,
2026-06-22T14:00:00.0000000+02:00,1.549,
2026-06-22T14:10:00.0000000+02:00,1.548,
2026-06-22T14:20:00.0000000+02:00,1.532,
2026-06-22T14:30:00.0000000+02:00,1.527,
2026-06-22T14:40:00.0000000+02:00,1.523,
2026-06-22T14:50:00.0000000+02:00,1.514,
2026-06-22T15:00:00.0000000+02:00,1.51,
2026-06-22T15:10:00.0000000+02:00,1.509,
2026-06-22T15:20:00.0000000+02:00,1.5,
2026-06-22T15:30:00.0000000+02:00,1.504,
2026-06-22T15:40:00.0000000+02:00,1.487,
2026-06-22T15:50:00.0000000+02:00,1.484,
2026-06-22T16:00:00.0000000+02:00,1.497,
2026-06-22T16:10:00.0000000+02:00,1.475,
2026-06-23T07:00:00.0000000+02:00,1.215,
2026-06-23T07:10:00.0000000+02:00,1.229,
2026-06-23T07:20:00.0000000+02:00,1.231,
2026-06-23T07:30:00.0000000+02:00,1.221,
2026-06-23T07:40:00.0000000+02:00,1.229,
2026-06-23T07:50:00.0000000+02:00,1.229,
2026-06-23T08:00:00.0000000+02:00,1.228,
2026-06-23T08:10:00.0000000+02:00,1.236,
2026-06-23T08:20:00.0000000+02:00,1.24,
2026-06-23T08:30:00.0000000+02:00,1.233,
2026-06-23T08:40:00.0000000+02:00,1.237,
2026-06-23T08:50:00.0000000+02:00,1.227,
2026-06-23T09:00:00.0000000+02:00,1.233,
2026-06-23T09:10:00.0000000+02:00,1.238,
2026-06-23T09:20:00.0000000+02:00,1.22,
2026-06-23T09:30:00.0000000+02:00,1.229,
2026-06-23T09:40:00.0000000+02:00,1.236,
2026-06-23T09:50:00.0000000+02:00,1.221,
2026-06-23T10:00:00.0000000+02:00,1.22,
2026-06-23T10:10:00.0000000+02:00,1.227,
2026-06-23T10:20:00.0000000+02:00,1.249,
2026-06-23T10:30:00.0000000+02:00,1.23,
2026-06-23T10:40:00.0000000+02:00,1.237,
2026-06-23T10:50:00.0000000+02:00,1.235,
2026-06-23T11:00:00.0000000+02:00,1.24,
2026-06-23T11:10:00.0000000+02:00,1.245,
2026-06-23T11:20:00.0000000+02:00,1.226,
2026-06-23T11:30:00.0000000+02:00,1.237,
2026-06-23T11:40:00.0000000+02:00,1.241,
2026-06-23T11:50:00.0000000+02:00,1.248,
2026-06-23T12:00:00.0000000+02:00,1.243,
2026-06-23T12:10:00.0000000+02:00,1.247,
2026-06-23T12:20:00.0000000+02:00,1.254,
2026-06-23T12:30:00.0000000+02:00,1.25,
2026-06-23T12:40:00.0000000+02:00,1.25,
2026-06-23T12:50:00.0000000+02:00,1.239,
2026-06-23T13:00:00.0000000+02:00,1.243,
2026-06-23T13:10:00.0000000+02:00,1.231,
2026-06-23T13:20:00.0000000+02:00,1.233,
2026-06-23T13:30:00.0000000+02:00,1.24,
2026-06-23T13:40:00.0000000+02:00,1.239,
2026-06-23T13:50:00.0000000+02:00,1.232,
2026-06-23T14:00:00.0000000+02:00,1.237,
2026-06-23T14:10:00.0000000+02:00,1.228,
2026-06-23T14:20:00.0000000+02:00,1.228,
2026-06-23T14:30:00.0000000+02:00,1.224,
2026-06-23T14:40:00.0000000+02:00,1.218,
2026-06-23T14:50:00.0000000+02:00,1.221,
2026-06-23T15:00:00.0000000+02:00,1.211,
2026-06-23T15:10:00.0000000+02:00,1.22,
2026-06-23T15:20:00.0000000+02:00,1.2,
2026-06-24T07:20:00.0000000+02:00,1.086,
2026-06-24T07:30:00.0000000+02:00,1.087,
2026-06-24T07:40:00.0000000+02:00,1.108,
2026-06-24T07:50:00.0000000+02:00,1.117,
2026-06-24T08:00:00.0000000+02:00,1.11,
2026-06-24T08:10:00.0000000+02:00,1.122,
2026-06-24T08:20:00.0000000+02:00,1.112,
2026-06-24T08:30:00.0000000+02:00,1.125,
2026-06-24T08:40:00.0000000+02:00,1.131,
2026-06-24T08:50:00.0000000+02:00,1.141,
2026-06-24T09:00:00.0000000+02:00,1.146,
2026-06-24T09:10:00.0000000+02:00,1.15,
2026-06-24T09:20:00.0000000+02:00,1.16,
2026-06-24T09:30:00.0000000+02:00,1.163,
2026-06-24T09:40:00.0000000+02:00,1.158,
2026-06-24T09:50:00.0000000+02:00,1.177,
2026-06-24T10:00:00.0000000+02:00,1.174,
2026-06-24T10:10:00.0000000+02:00,1.176,
2026-06-24T10:20:00.0000000+02:00,1.182,
2026-06-24T10:30:00.0000000+02:00,1.171,
2026-06-24T10:40:00.0000000+02:00,1.18,
2026-06-24T10:50:00.0000000+02:00,1.184,
2026-06-24T11:00:00.0000000+02:00,1.191,
2026-06-24T11:10:00.0000000+02:00,1.187,
2026-06-24T11:20:00.0000000+02:00,1.193,
2026-06-24T11:30:00.0000000+02:00,1.2,
2026-06-24T11:40:00.0000000+02:00,1.197,
2026-06-24T11:50:00.0000000+02:00,1.198,
2026-06-24T12:00:00.0000000+02:00,1.201,
2026-06-24T12:10:00.0000000+02:00,1.205,
2026-06-24T12:20:00.0000000+02:00,1.211,
2026-06-24T12:30:00.0000000+02:00,1.221,
2026-06-24T12:40:00.0000000+02:00,1.217,
2026-06-24T12:50:00.0000000+02:00,1.223,
2026-06-24T13:00:00.0000000+02:00,1.212,
2026-06-24T13:10:00.0000000+02:00,1.215,
2026-06-24T13:20:00.0000000+02:00,1.221,
2026-06-24T13:30:00.0000000+02:00,1.211,
2026-06-24T13:40:00.0000000+02:00,1.218,
2026-06-24T13:50:00.0000000+02:00,1.208,
2026-06-24T14:00:00.0000000+02:00,1.216,
2026-06-24T14:10:00.0000000+02:00,1.209,
2026-06-24T14:20:00.0000000+02:00,1.211,
2026-06-24T14:30:00.0000000+02:00,1.215,
2026-06-24T14:40:00.0000000+02:00,1.217,
2026-06-24T14:50:00.0000000+02:00,1.21,
2026-06-24T15:00:00.0000000+02:00,1.207,
2026-06-24T15:10:00.0000000+02:00,1.219,
2026-06-24T15:20:00.0000000+02:00,1.213,
2026-06-24T15:30:00.0000000+02:00,1.207,
2026-06-24T15:40:00.0000000+02:00,1.211,
2026-06-24T15:50:00.0000000+02:00,1.202,
2026-06-24T16:00:00.0000000+02:00,1.199,
2026-06-24T16:10:00.0000000+02:00,1.199,
2026-06-24T16:20:00.0000000+02:00,1.198,
2026-06-24T16:30:00.0000000+02:00,1.185,
2026-06-24T16:40:00.0000000+02:00,1.194,
2026-06-24T16:50:00.0000000+02:00,1.203,
2026-06-24T17:00:00.0000000+02:00,1.17,
2026-06-24T17:10:00.0000000+02:00,1.183,
2026-06-25T07:00:00.0000000+02:00,1.396,
2026-06-25T07:10:00.0000000+02:00,1.397,
2026-06-25T07:20:00.0000000+02:00,1.404,
2026-06-25T07:30:00.0000000+02:00,1.404,
2026-06-25T07:40:00.0000000+02:00,1.407,
2026-06-25T07:50:00.0000000+02:00,1.408,
2026-06-25T08:00:00.0000000+02:00,1.415,
2026-06-25T08:10:00.0000000+02:00,1.41,
2026-06-25T08:20:00.0000000+02:00,1.422,
2026-06-25T08:30:00.0000000+02:00,1.424,
2026-06-25T08:40:00.0000000+02:00,1.424,
2026-06-25T08:50:00.0000000+02:00,1.414,
2026-06-25T09:00:00.0000000+02:00,1.427,
2026-06-25T09:10:00.0000000+02:00,1.425,
2026-06-25T09:20:00.0000000+02:00,1.436,
2026-06-25T09:30:00.0000000+02:00,1.421,
2026-06-25T09:40:00.0000000+02:00,1.416,
2026-06-25T09:50:00.0000000+02:00,1.419,
2026-06-25T10:00:00.0000000+02:00,1.417,
2026-06-25T10:10:00.0000000+02:00,1.417,
2026-06-25T10:20:00.0000000+02:00,1.424,
2026-06-25T10:30:00.0000000+02:00,1.417,
2026-06-25T10:40:00.0000000+02:00,1.411,
2026-06-25T10:50:00.0000000+02:00,1.423,
2026-06-25T11:00:00.0000000+02:00,1.411,
2026-06-25T11:10:00.0000000+02:00,1.406,
2026-06-25T11:20:00.0000000+02:00,1.42,
2026-06-25T11:30:00.0000000+02:00,1.419,
2026-06-25T11:40:00.0000000+02:00,1.383,
2026-06-25T11:50:00.0000000+02:00,1.404,
2026-06-25T12:00:00.0000000+02:00,1.401,
2026-06-25T12:10:00.0000000+02:00,1.411,
2026-06-25T12:20:00.0000000+02:00,1.418,
2026-06-25T12:30:00.0000000+02:00,1.413,
2026-06-25T12:40:00.0000000+02:00,1.395,
2026-06-25T12:50:00.0000000+02:00,1.4,
2026-06-25T13:00:00.0000000+02:00,1.4,
2026-06-25T13:10:00.0000000+02:00,1.383,
2026-06-25T13:20:00.0000000+02:00,1.378,
2026-06-25T13:30:00.0000000+02:00,1.376,
2026-06-25T13:40:00.0000000+02:00,1.369,
2026-06-25T13:50:00.0000000+02:00,1.363,
2026-06-25T14:00:00.0000000+02:00,1.378,
2026-06-25T14:10:00.0000000+02:00,1.354,
2026-06-25T14:20:00.0000000+02:00,1.357,
2026-06-25T15:30:00.0000000+02:00,1.319,
2026-06-26T06:40:00.0000000+02:00,1.419,
2026-06-26T07:00:00.0000000+02:00,1.424,
2026-06-26T07:10:00.0000000+02:00,1.428,
2026-06-26T07:20:00.0000000+02:00,1.431,
2026-06-26T07:30:00.0000000+02:00,1.431,
2026-06-26T07:40:00.0000000+02:00,1.447,
2026-06-26T07:50:00.0000000+02:00,1.427,
2026-06-26T08:00:00.0000000+02:00,1.438,
2026-06-26T08:10:00.0000000+02:00,1.441,
2026-06-26T08:20:00.0000000+02:00,1.443,
2026-06-26T08:30:00.0000000+02:00,1.447,
2026-06-26T08:40:00.0000000+02:00,1.439,
2026-06-26T08:50:00.0000000+02:00,1.443,
2026-06-26T09:00:00.0000000+02:00,1.44,
2026-06-26T09:10:00.0000000+02:00,1.442,
2026-06-26T09:20:00.0000000+02:00,1.447,
2026-06-26T09:30:00.0000000+02:00,1.45,
2026-06-26T09:40:00.0000000+02:00,1.438,
2026-06-26T09:50:00.0000000+02:00,1.446,
2026-06-26T10:00:00.0000000+02:00,1.439,
2026-06-26T10:10:00.0000000+02:00,1.44,
2026-06-26T10:20:00.0000000+02:00,1.444,
2026-06-26T10:30:00.0000000+02:00,1.436,
2026-06-26T10:40:00.0000000+02:00,1.436,
2026-06-26T10:50:00.0000000+02:00,1.44,
2026-06-26T11:00:00.0000000+02:00,1.434,
2026-06-26T11:10:00.0000000+02:00,1.435,
2026-06-26T11:20:00.0000000+02:00,1.427,
2026-06-26T11:30:00.0000000+02:00,1.442,
2026-06-26T11:40:00.0000000+02:00,1.427,
2026-06-26T11:50:00.0000000+02:00,1.431,
2026-06-26T12:00:00.0000000+02:00,1.415,
2026-06-26T12:10:00.0000000+02:00,1.417,
2026-06-26T12:20:00.0000000+02:00,1.416,
2026-06-26T12:30:00.0000000+02:00,1.414,
2026-06-26T12:40:00.0000000+02:00,1.414,
2026-06-26T12:50:00.0000000+02:00,1.429,
2026-06-26T13:00:00.0000000+02:00,1.401,
2026-06-26T13:10:00.0000000+02:00,1.414,
2026-06-26T13:20:00.0000000+02:00,1.398,
2026-06-26T14:30:00.0000000+02:00,1.341,
2026-06-26T14:40:00.0000000+02:00,1.364,
2026-06-26T14:50:00.0000000+02:00,1.353,
2026-06-26T15:00:00.0000000+02:00,1.358,
2026-06-26T15:10:00.0000000+02:00,1.366,
2026-06-27T07:00:00.0000000+02:00,1.332,
2026-06-27T07:10:00.0000000+02:00,1.342,
2026-06-27T07:20:00.0000000+02:00,1.344,
2026-06-27T07:30:00.0000000+02:00,1.354,
2026-06-27T07:40:00.0000000+02:00,1.361,
2026-06-27T07:50:00.0000000+02:00,1.36,
2026-06-27T08:00:00.0000000+02:00,1.359,
2026-06-27T08:10:00.0000000+02:00,1.372,
2026-06-27T08:20:00.0000000+02:00,1.37,
2026-06-27T08:30:00.0000000+02:00,1.366,
2026-06-27T08:40:00.0000000+02:00,1.38,
2026-06-27T08:50:00.0000000+02:00,1.376,
2026-06-27T09:00:00.0000000+02:00,1.372,
2026-06-27T09:10:00.0000000+02:00,1.369,
2026-06-27T09:20:00.0000000+02:00,1.369,
2026-06-27T09:30:00.0000000+02:00,1.387,
2026-06-27T09:40:00.0000000+02:00,1.377,
2026-06-27T09:50:00.0000000+02:00,1.387,
2026-06-27T10:00:00.0000000+02:00,1.386,
2026-06-27T10:10:00.0000000+02:00,1.392,
2026-06-27T10:20:00.0000000+02:00,1.382,
2026-06-27T10:30:00.0000000+02:00,1.392,
2026-06-27T10:40:00.0000000+02:00,1.385,
2026-06-27T10:50:00.0000000+02:00,1.384,
2026-06-27T11:00:00.0000000+02:00,1.379,
2026-06-27T11:10:00.0000000+02:00,1.382,
2026-06-27T11:20:00.0000000+02:00,1.377,
2026-06-27T11:30:00.0000000+02:00,1.388,
2026-06-27T11:40:00.0000000+02:00,1.387,
2026-06-27T11:50:00.0000000+02:00,1.38,
2026-06-27T12:00:00.0000000+02:00,1.378,
2026-06-27T12:10:00.0000000+02:00,1.373,
2026-06-27T12:20:00.0000000+02:00,1.381,
2026-06-27T12:30:00.0000000+02:00,1.376,
2026-06-27T12:40:00.0000000+02:00,1.375,
2026-06-27T12:50:00.0000000+02:00,1.385,
2026-06-27T13:00:00.0000000+02:00,1.368,
2026-06-27T13:10:00.0000000+02:00,1.378,
2026-06-27T13:20:00.0000000+02:00,1.369,
2026-06-27T13:30:00.0000000+02:00,1.362,
2026-06-27T13:40:00.0000000+02:00,1.356,
2026-06-27T13:50:00.0000000+02:00,1.357,
2026-06-27T14:00:00.0000000+02:00,1.356,
2026-06-27T14:10:00.0000000+02:00,1.35,
2026-06-27T14:20:00.0000000+02:00,1.348,
2026-06-27T14:30:00.0000000+02:00,1.343,
2026-06-27T14:40:00.0000000+02:00,1.342,
2026-06-27T14:50:00.0000000+02:00,1.333,
2026-06-27T15:00:00.0000000+02:00,1.331,
2026-06-27T15:10:00.0000000+02:00,1.323,
2026-06-27T15:20:00.0000000+02:00,1.326,
2026-06-27T15:30:00.0000000+02:00,1.317,
2026-06-27T15:40:00.0000000+02:00,1.309,
2026-06-27T15:50:00.0000000+02:00,1.302,
2026-06-27T16:00:00.0000000+02:00,1.301,
2026-06-27T16:10:00.0000000+02:00,1.293,
2026-06-28T07:00:00.0000000+02:00,1.325,
2026-06-28T07:10:00.0000000+02:00,1.321,
2026-06-28T07:20:00.0000000+02:00,1.317,
2026-06-28T07:30:00.0000000+02:00,1.341,
2026-06-28T07:40:00.0000000+02:00,1.334,
2026-06-28T07:50:00.0000000+02:00,1.343,
2026-06-28T08:00:00.0000000+02:00,1.352,
2026-06-28T08:10:00.0000000+02:00,1.352,
2026-06-28T08:20:00.0000000+02:00,1.348,
2026-06-28T08:30:00.0000000+02:00,1.352,
2026-06-28T08:40:00.0000000+02:00,1.352,
2026-06-28T08:50:00.0000000+02:00,1.357,
2026-06-28T09:00:00.0000000+02:00,1.347,
2026-06-28T09:10:00.0000000+02:00,1.356,
2026-06-28T09:20:00.0000000+02:00,1.362,
2026-06-28T09:30:00.0000000+02:00,1.354,
2026-06-28T09:40:00.0000000+02:00,1.359,
2026-06-28T09:50:00.0000000+02:00,1.362,
2026-06-28T10:00:00.0000000+02:00,1.359,
2026-06-28T10:10:00.0000000+02:00,1.352,
2026-06-28T10:20:00.0000000+02:00,1.364,
2026-06-28T10:30:00.0000000+02:00,1.355,
2026-06-28T10:40:00.0000000+02:00,1.359,
2026-06-28T10:50:00.0000000+02:00,1.336,
2026-06-28T11:00:00.0000000+02:00,1.358,
2026-06-28T11:10:00.0000000+02:00,1.349,
2026-06-28T11:20:00.0000000+02:00,1.355,
2026-06-28T11:30:00.0000000+02:00,1.354,
2026-06-28T11:40:00.0000000+02:00,1.357,
2026-06-28T11:50:00.0000000+02:00,1.357,
2026-06-28T12:00:00.0000000+02:00,1.346,
2026-06-28T12:10:00.0000000+02:00,1.337,
2026-06-28T12:20:00.0000000+02:00,1.352,
2026-06-28T12:30:00.0000000+02:00,1.349,
2026-06-28T12:40:00.0000000+02:00,1.347,
2026-06-28T12:50:00.0000000+02:00,1.343,
2026-06-28T13:00:00.0000000+02:00,1.339,
2026-06-28T13:10:00.0000000+02:00,1.34,
2026-06-28T13:20:00.0000000+02:00,1.341,
2026-06-28T13:30:00.0000000+02:00,1.332,
2026-06-28T13:40:00.0000000+02:00,1.324,
2026-06-28T13:50:00.0000000+02:00,1.321,
2026-06-28T14:00:00.0000000+02:00,1.314,
2026-06-28T14:10:00.0000000+02:00,1.311,
2026-06-28T14:20:00.0000000+02:00,1.31,
2026-06-28T14:30:00.0000000+02:00,1.308,
2026-06-28T14:40:00.0000000+02:00,1.3,
2026-06-28T14:50:00.0000000+02:00,1.3,
2026-06-28T15:00:00.0000000+02:00,1.288,
2026-06-28T15:10:00.0000000+02:00,1.285,
2026-06-28T15:20:00.0000000+02:00,1.292,
2026-06-28T16:30:00.0000000+02:00,1.242,
2026-06-29T06:50:00.0000000+02:00,1.268,
2026-06-29T07:00:00.0000000+02:00,1.267,
2026-06-29T07:10:00.0000000+02:00,1.274,
2026-06-29T07:20:00.0000000+02:00,1.274,
2026-06-29T07:30:00.0000000+02:00,1.282,
2026-06-29T07:40:00.0000000+02:00,1.292,
2026-06-29T07:50:00.0000000+02:00,1.296,
2026-06-29T08:00:00.0000000+02:00,1.283,
2026-06-29T08:10:00.0000000+02:00,1.299,
2026-06-29T08:20:00.0000000+02:00,1.297,
2026-06-29T08:30:00.0000000+02:00,1.285,
2026-06-29T08:40:00.0000000+02:00,1.295,
2026-06-29T08:50:00.0000000+02:00,1.295,
2026-06-29T09:00:00.0000000+02:00,1.307,
2026-06-29T09:10:00.0000000+02:00,1.293,
2026-06-29T09:20:00.0000000+02:00,1.301,
2026-06-29T09:30:00.0000000+02:00,1.305,
2026-06-29T09:40:00.0000000+02:00,1.31,
2026-06-29T09:50:00.0000000+02:00,1.316,
2026-06-29T10:00:00.0000000+02:00,1.304,
2026-06-29T10:10:00.0000000+02:00,1.306,
2026-06-29T10:20:00.0000000+02:00,1.316,
2026-06-29T10:30:00.0000000+02:00,1.303,
2026-06-29T10:40:00.0000000+02:00,1.295,
2026-06-29T10:50:00.0000000+02:00,1.3,
2026-06-29T11:00:00.0000000+02:00,1.303,
2026-06-29T11:10:00.0000000+02:00,1.295,
2026-06-29T11:20:00.0000000+02:00,1.297,
2026-06-29T11:30:00.0000000+02:00,1.315,
2026-06-29T11:40:00.0000000+02:00,1.306,
2026-06-29T11:50:00.0000000+02:00,1.303,
2026-06-29T12:00:00.0000000+02:00,1.304,
2026-06-29T12:10:00.0000000+02:00,1.286,
2026-06-29T12:20:00.0000000+02:00,1.294,
2026-06-29T12:30:00.0000000+02:00,1.292,
2026-06-29T12:40:00.0000000+02:00,1.274,
2026-06-29T12:50:00.0000000+02:00,1.301,
2026-06-29T13:00:00.0000000+02:00,1.293,
2026-06-29T13:10:00.0000000+02:00,1.284,
2026-06-29T13:20:00.0000000+02:00,1.277,
2026-06-29T13:30:00.0000000+02:00,1.27,
2026-06-29T13:40:00.0000000+02:00,1.269,
2026-06-29T13:50:00.0000000+02:00,1.261,
2026-06-29T14:00:00.0000000+02:00,1.258,
2026-06-29T14:10:00.0000000+02:00,1.259,
2026-06-29T14:20:00.0000000+02:00,1.25,
2026-06-29T14:30:00.0000000+02:00,1.251,
2026-06-29T14:40:00.0000000+02:00,1.235,
2026-06-29T14:50:00.0000000+02:00,1.245,
2026-06-29T15:00:00.0000000+02:00,1.233,
2026-06-29T15:10:00.0000000+02:00,1.23,
2026-06-30T07:00:00.0000000+02:00,1.235,
2026-06-30T07:10:00.0000000+02:00,1.237,
2026-06-30T07:20:00.0000000+02:00,1.243,
2026-06-30T07:30:00.0000000+02:00,1.251,
2026-06-30T07:40:00.0000000+02:00,1.251,
2026-06-30T07:50:00.0000000+02:00,1.254,
2026-06-30T08:00:00.0000000+02:00,1.248,
2026-06-30T08:10:00.0000000+02:00,1.264,
2026-06-30T08:20:00.0000000+02:00,1.271,
2026-06-30T08:30:00.0000000+02:00,1.265,
2026-06-30T08:40:00.0000000+02:00,1.271,
2026-06-30T08:50:00.0000000+02:00,1.265,
2026-06-30T09:00:00.0000000+02:00,1.267,
2026-06-30T09:10:00.0000000+02:00,1.272,
2026-06-30T09:20:00.0000000+02:00,1.279,
2026-06-30T09:30:00.0000000+02:00,1.271,
2026-06-30T09:40:00.0000000+02:00,1.272,
2026-06-30T09:50:00.0000000+02:00,1.282,
2026-06-30T10:00:00.0000000+02:00,1.276,
2026-06-30T10:10:00.0000000+02:00,1.284,
2026-06-30T10:20:00.0000000+02:00,1.28,
2026-06-30T10:30:00.0000000+02:00,1.279,
2026-06-30T10:40:00.0000000+02:00,1.284,
2026-06-30T10:50:00.0000000+02:00,1.272,
2026-06-30T11:00:00.0000000+02:00,1.279,
2026-06-30T11:10:00.0000000+02:00,1.272,
2026-06-30T11:20:00.0000000+02:00,1.275,
2026-06-30T11:30:00.0000000+02:00,1.269,
2026-06-30T11:40:00.0000000+02:00,1.271,
2026-06-30T11:50:00.0000000+02:00,1.277,
2026-06-30T12:00:00.0000000+02:00,1.272,
2026-06-30T12:10:00.0000000+02:00,1.274,
2026-06-30T12:20:00.0000000+02:00,1.273,
2026-06-30T12:30:00.0000000+02:00,1.273,
2026-06-30T12:40:00.0000000+02:00,1.265,
2026-06-30T12:50:00.0000000+02:00,1.27,
2026-06-30T13:00:00.0000000+02:00,1.275,
2026-06-30T13:10:00.0000000+02:00,1.26,
2026-06-30T13:20:00.0000000+02:00,1.258,
2026-06-30T13:30:00.0000000+02:00,1.255,
2026-06-30T13:40:00.0000000+02:00,1.25,
2026-06-30T13:50:00.0000000+02:00,1.255,
2026-06-30T14:00:00.0000000+02:00,1.249,
2026-06-30T14:10:00.0000000+02:00,1.245,
2026-06-30T14:20:00.0000000+02:00,1.246,
2026-06-30T15:30:00.0000000+02:00,1.228,
2026-06-30T15:40:00.0000000+02:00,1.225,
2026-06-30T15:50:00.0000000+02:00,1.212,
2026-06-30T16:00:00.0000000+02:00,1.215,
2026-06-30T16:10:00.0000000+02:00,1.212,
2026-07-01T07:10:00.0000000+02:00,1.508,
2026-07-01T07:20:00.0000000+02:00,1.497,
2026-07-01T07:30:00.0000000+02:00,1.49,
2026-07-01T07:40:00.0000000+02:00,1.507,
2026-07-01T07:50:00.0000000+02:00,1.503,
2026-07-01T08:00:00.0000000+02:00,1.504,
2026-07-01T08:10:00.0000000+02:00,1.497,
2026-07-01T08:20:00.0000000+02:00,1.5,
2026-07-01T08:30:00.0000000+02:00,1.495,
2026-07-01T08:40:00.0000000+02:00,1.491,
2026-07-01T08:50:00.0000000+02:00,1.481,
2026-07-01T09:00:00.0000000+02:00,1.482,
2026-07-01T09:10:00.0000000+02:00,1.473,
2026-07-01T09:20:00.0000000+02:00,1.476,
2026-07-01T09:30:00.0000000+02:00,1.472,
2026-07-01T09:40:00.0000000+02:00,1.47,
2026-07-01T09:50:00.0000000+02:00,1.466,
2026-07-01T10:00:00.0000000+02:00,1.466,
2026-07-01T10:10:00.0000000+02:00,1.456,
2026-07-01T10:20:00.0000000+02:00,1.44,
2026-07-01T10:30:00.0000000+02:00,1.453,
2026-07-01T10:40:00.0000000+02:00,1.445,
2026-07-01T10:50:00.0000000+02:00,1.441,
2026-07-01T11:00:00.0000000+02:00,1.416,
2026-07-01T11:10:00.0000000+02:00,1.423,
2026-07-01T11:20:00.0000000+02:00,1.43,
2026-07-01T11:30:00.0000000+02:00,1.408,
2026-07-01T11:40:00.0000000+02:00,1.422,
2026-07-01T11:50:00.0000000+02:00,1.414,
2026-07-01T12:00:00.0000000+02:00,1.403,
2026-07-01T12:10:00.0000000+02:00,1.409,
2026-07-01T12:20:00.0000000+02:00,1.401,
2026-07-01T12:30:00.0000000+02:00,1.397,
2026-07-01T12:40:00.0000000+02:00,1.387,
2026-07-01T12:50:00.0000000+02:00,1.392,
2026-07-01T13:00:00.0000000+02:00,1.376,
2026-07-01T13:10:00.0000000+02:00,1.372,
2026-07-01T13:20:00.0000000+02:00,1.363,
2026-07-01T13:30:00.0000000+02:00,1.362,
2026-07-01T13:40:00.0000000+02:00,1.347,
2026-07-01T13:50:00.0000000+02:00,1.36,
2026-07-01T14:00:00.0000000+02:00,1.34,
2026-07-01T14:10:00.0000000+02:00,1.337,
2026-07-01T14:20:00.0000000+02:00,1.336,
2026-07-01T14:30:00.0000000+02:00,1.33,
2026-07-01T14:40:00.0000000+02:00,1.32,
2026-07-01T14:50:00.0000000+02:00,1.311,
2026-07-01T15:00:00.0000000+02:00,1.297,
2026-07-01T15:10:00.0000000+02:00,1.293,
2026-07-01T15:20:00.0000000+02:00,1.294,
2026-07-01T15:30:00.0000000+02:00,1.277,
2026-07-01T15:40:00.0000000+02:00,1.28,
2026-07-01T15:50:00.0000000+02:00,1.275,
2026-07-01T16:00:00.0000000+02:00,1.266,
2026-07-01T16:10:00.0000000+02:00,1.254,
2026-07-02T07:10:00.0000000+02:00,1.075,
2026-07-02T07:30:00.0000000+02:00,1.063,
2026-07-02T07:40:00.0000000+02:00,1.088,
2026-07-02T07:50:00.0000000+02:00,1.1,
2026-07-02T08:00:00.0000000+02:00,1.106,
2026-07-02T08:10:00.0000000+02:00,1.114,
2026-07-02T08:20:00.0000000+02:00,1.112,
2026-07-02T08:30:00.0000000+02:00,1.114,
2026-07-02T08:40:00.0000000+02:00,1.129,
2026-07-02T08:50:00.0000000+02:00,1.124,
2026-07-02T09:00:00.0000000+02:00,1.132,
2026-07-02T09:10:00.0000000+02:00,1.139,
2026-07-02T09:20:00.0000000+02:00,1.128,
2026-07-02T09:30:00.0000000+02:00,1.149,
2026-07-02T09:40:00.0000000+02:00,1.152,
2026-07-02T09:50:00.0000000+02:00,1.149,
2026-07-02T10:00:00.0000000+02:00,1.15,
2026-07-02T10:10:00.0000000+02:00,1.151,
2026-07-02T10:20:00.0000000+02:00,1.158,
2026-07-02T10:30:00.0000000+02:00,1.156,
2026-07-02T10:40:00.0000000+02:00,1.151,
2026-07-02T10:50:00.0000000+02:00,1.145,
2026-07-02T11:00:00.0000000+02:00,1.138,
2026-07-02T11:10:00.0000000+02:00,1.149,
2026-07-02T11:20:00.0000000+02:00,1.16,
2026-07-02T11:30:00.0000000+02:00,1.154,
2026-07-02T11:40:00.0000000+02:00,1.168,
2026-07-02T11:50:00.0000000+02:00,1.166,
2026-07-02T12:00:00.0000000+02:00,1.167,
2026-07-02T12:10:00.0000000+02:00,1.163,
2026-07-02T12:20:00.0000000+02:00,1.155,
2026-07-02T12:30:00.0000000+02:00,1.17,
2026-07-02T12:40:00.0000000+02:00,1.166,
2026-07-02T12:50:00.0000000+02:00,1.153,
2026-07-02T13:00:00.0000000+02:00,1.157,
2026-07-02T13:10:00.0000000+02:00,1.163,
2026-07-02T13:20:00.0000000+02:00,1.157,
2026-07-02T13:30:00.0000000+02:00,1.152,
2026-07-02T13:40:00.0000000+02:00,1.161,
2026-07-02T13:50:00.0000000+02:00,1.151,
2026-07-02T14:00:00.0000000+02:00,1.147,
2026-07-02T14:10:00.0000000+02:00,1.162,
2026-07-02T14:20:00.0000000+02:00,1.142,
2026-07-02T14:30:00.0000000+02:00,1.134,
2026-07-02T14:40:00.0000000+02:00,1.141,
2026-07-02T14:50:00.0000000+02:00,1.151,
2026-07-02T15:00:00.0000000+02:00,1.15,
2026-07-02T15:10:00.0000000+02:00,1.14,
2026-07-02T15:20:00.0000000+02:00,1.137,
2026-07-02T15:30:00.0000000+02:00,1.128,
2026-07-02T15:40:00.0000000+02:00,1.13,
2026-07-02T15:50:00.0000000+02:00,1.108,
2026-07-02T16:00:00.0000000+02:00,1.128,
2026-07-02T16:10:00.0000000+02:00,1.119,
2026-07-03T07:10:00.0000000+02:00,1.008,
2026-07-03T07:20:00.0000000+02:00,1.031,
2026-07-03T07:30:00.0000000+02:00,1.013,
2026-07-03T07:40:00.0000000+02:00,1.028,
2026-07-03T07:50:00.0000000+02:00,1.025,
2026-07-03T08:00:00.0000000+02:00,1.051,
2026-07-03T08:10:00.0000000+02:00,1.053,
2026-07-03T08:20:00.0000000+02:00,1.061,
2026-07-03T08:30:00.0000000+02:00,1.036,
2026-07-03T08:40:00.0000000+02:00,1.061,
2026-07-03T08:50:00.0000000+02:00,1.079,
2026-07-03T09:00:00.0000000+02:00,1.06,
2026-07-03T09:10:00.0000000+02:00,1.066,
2026-07-03T09:20:00.0000000+02:00,1.082,
2026-07-03T09:30:00.0000000+02:00,1.086,
2026-07-03T09:40:00.0000000+02:00,1.077,
2026-07-03T09:50:00.0000000+02:00,1.097,
2026-07-03T10:00:00.0000000+02:00,1.098,
2026-07-03T10:10:00.0000000+02:00,1.097,
2026-07-03T10:20:00.0000000+02:00,1.118,
2026-07-03T10:30:00.0000000+02:00,1.113,
2026-07-03T10:40:00.0000000+02:00,1.107,
2026-07-03T10:50:00.0000000+02:00,1.111,
2026-07-03T11:00:00.0000000+02:00,1.125,
2026-07-03T11:10:00.0000000+02:00,1.124,
2026-07-03T11:20:00.0000000+02:00,1.12,
2026-07-03T11:30:00.0000000+02:00,1.132,
2026-07-03T11:40:00.0000000+02:00,1.129,
2026-07-03T11:50:00.0000000+02:00,1.137,
2026-07-03T12:00:00.0000000+02:00,1.122,
2026-07-03T12:10:00.0000000+02:00,1.135,
2026-07-03T12:20:00.0000000+02:00,1.152,
2026-07-03T12:30:00.0000000+02:00,1.158,
2026-07-03T12:40:00.0000000+02:00,1.154,
2026-07-03T12:50:00.0000000+02:00,1.138,
2026-07-03T13:00:00.0000000+02:00,1.156,
2026-07-03T13:10:00.0000000+02:00,1.137,
2026-07-03T13:20:00.0000000+02:00,1.149,
2026-07-03T13:30:00.0000000+02:00,1.151,
2026-07-03T13:40:00.0000000+02:00,1.146,
2026-07-03T13:50:00.0000000+02:00,1.141,
2026-07-03T14:00:00.0000000+02:00,1.15,
2026-07-03T14:10:00.0000000+02:00,1.143,
2026-07-03T14:20:00.0000000+02:00,1.145,
2026-07-03T14:30:00.0000000+02:00,1.15,
2026-07-03T14:40:00.0000000+02:00,1.144,
2026-07-03T14:50:00.0000000+02:00,1.143,
2026-07-03T15:00:00.0000000+02:00,1.13,
2026-07-03T15:10:00.0000000+02:00,1.141,
2026-07-04T07:00:00.0000000+02:00,0.956,
2026-07-04T07:10:00.0000000+02:00,0.966,
2026-07-04T07:20:00.0000000+02:00,0.985,
2026-07-04T07:30:00.0000000+02:00,0.946,
2026-07-04T07:40:00.0000000+02:00,0.973,
2026-07-04T07:50:00.0000000+02:00,0.973,
2026-07-04T08:00:00.0000000+02:00,0.96,
2026-07-04T08:10:00.0000000+02:00,0.994,
2026-07-04T08:20:00.0000000+02:00,1,
2026-07-04T08:30:00.0000000+02:00,1.006,
2026-07-04T08:40:00.0000000+02:00,1.017,
2026-07-04T08:50:00.0000000+02:00,1.015,
2026-07-04T09:00:00.0000000+02:00,1.018,
2026-07-04T09:10:00.0000000+02:00,1.011,
2026-07-04T09:20:00.0000000+02:00,1.048,
2026-07-04T09:30:00.0000000+02:00,1.044,
2026-07-04T09:40:00.0000000+02:00,1.045,
2026-07-04T09:50:00.0000000+02:00,1.053,
2026-07-04T10:00:00.0000000+02:00,1.042,
2026-07-04T10:10:00.0000000+02:00,1.042,
2026-07-04T10:20:00.0000000+02:00,1.069,
2026-07-04T10:30:00.0000000+02:00,1.051,
2026-07-04T10:40:00.0000000+02:00,1.055,
2026-07-04T10:50:00.0000000+02:00,1.07,
2026-07-04T11:00:00.0000000+02:00,1.086,
2026-07-04T11:10:00.0000000+02:00,1.081,
2026-07-04T11:20:00.0000000+02:00,1.076,
2026-07-04T11:30:00.0000000+02:00,1.065,
2026-07-04T11:40:00.0000000+02:00,1.071,
2026-07-04T11:50:00.0000000+02:00,1.055,
2026-07-04T12:00:00.0000000+02:00,1.071,
2026-07-04T12:10:00.0000000+02:00,1.103,
2026-07-04T12:20:00.0000000+02:00,1.103,
2026-07-04T12:30:00.0000000+02:00,1.116,
2026-07-04T12:40:00.0000000+02:00,1.092,
2026-07-04T12:50:00.0000000+02:00,1.13,
2026-07-04T13:00:00.0000000+02:00,1.109,
2026-07-04T13:10:00.0000000+02:00,1.089,
2026-07-04T13:20:00.0000000+02:00,1.119,
2026-07-05T07:10:00.0000000+02:00,1.26,
2026-07-05T07:20:00.0000000+02:00,1.249,
2026-07-05T07:30:00.0000000+02:00,1.269,
2026-07-05T07:40:00.0000000+02:00,1.272,
2026-07-05T07:50:00.0000000+02:00,1.273,
2026-07-05T08:00:00.0000000+02:00,1.268,
2026-07-05T08:10:00.0000000+02:00,1.27,
2026-07-05T08:20:00.0000000+02:00,1.277,
2026-07-05T08:30:00.0000000+02:00,1.275,
2026-07-05T08:40:00.0000000+02:00,1.287,
2026-07-05T08:50:00.0000000+02:00,1.288,
2026-07-05T09:00:00.0000000+02:00,1.295,
2026-07-05T09:10:00.0000000+02:00,1.286,
2026-07-05T09:20:00.0000000+02:00,1.292,
2026-07-05T09:30:00.0000000+02:00,1.298,
2026-07-05T09:40:00.0000000+02:00,1.295,
2026-07-05T09:50:00.0000000+02:00,1.293,
2026-07-05T10:00:00.0000000+02:00,1.301,
2026-07-05T10:10:00.0000000+02:00,1.294,
2026-07-05T10:20:00.0000000+02:00,1.292,
2026-07-05T10:30:00.0000000+02:00,1.299,
2026-07-05T10:40:00.0000000+02:00,1.287,
2026-07-05T10:50:00.0000000+02:00,1.282,
2026-07-05T11:00:00.0000000+02:00,1.286,
2026-07-05T11:10:00.0000000+02:00,1.292,
2026-07-05T11:20:00.0000000+02:00,1.29,
2026-07-05T11:30:00.0000000+02:00,1.293,
2026-07-05T11:40:00.0000000+02:00,1.287,
2026-07-05T11:50:00.0000000+02:00,1.297,
2026-07-05T12:00:00.0000000+02:00,1.275,
2026-07-05T12:10:00.0000000+02:00,1.282,
2026-07-05T12:20:00.0000000+02:00,1.294,
2026-07-05T12:30:00.0000000+02:00,1.287,
2026-07-05T12:40:00.0000000+02:00,1.281,
2026-07-05T12:50:00.0000000+02:00,1.288,
2026-07-05T13:00:00.0000000+02:00,1.279,
2026-07-05T13:10:00.0000000+02:00,1.281,
2026-07-05T13:20:00.0000000+02:00,1.257,
2026-07-05T13:30:00.0000000+02:00,1.269,
2026-07-05T13:40:00.0000000+02:00,1.267,
2026-07-05T13:50:00.0000000+02:00,1.262,
2026-07-05T14:00:00.0000000+02:00,1.257,
2026-07-05T14:10:00.0000000+02:00,1.258,
2026-07-05T14:20:00.0000000+02:00,1.232,
2026-07-05T14:30:00.0000000+02:00,1.237,
2026-07-05T14:40:00.0000000+02:00,1.244,
2026-07-05T14:50:00.0000000+02:00,1.233,
2026-07-05T15:00:00.0000000+02:00,1.232,
2026-07-05T15:10:00.0000000+02:00,1.217,
2026-07-06T07:50:00.0000000+02:00,1.381,
2026-07-06T08:00:00.0000000+02:00,1.381,
2026-07-06T08:10:00.0000000+02:00,1.375,
2026-07-06T08:20:00.0000000+02:00,1.377,
2026-07-06T08:30:00.0000000+02:00,1.361,
2026-07-06T08:40:00.0000000+02:00,1.375,
2026-07-06T08:50:00.0000000+02:00,1.366,
2026-07-06T09:00:00.0000000+02:00,1.365,
2026-07-06T09:10:00.0000000+02:00,1.359,
2026-07-06T09:20:00.0000000+02:00,1.363,
2026-07-06T09:30:00.0000000+02:00,1.343,
2026-07-06T09:40:00.0000000+02:00,1.354,
2026-07-06T09:50:00.0000000+02:00,1.339,
2026-07-06T10:00:00.0000000+02:00,1.326,
2026-07-06T10:10:00.0000000+02:00,1.32,
2026-07-06T10:20:00.0000000+02:00,1.326,
2026-07-06T10:30:00.0000000+02:00,1.331,
2026-07-06T10:40:00.0000000+02:00,1.313,
2026-07-06T10:50:00.0000000+02:00,1.313,
2026-07-06T11:00:00.0000000+02:00,1.308,
2026-07-06T11:10:00.0000000+02:00,1.321,
2026-07-06T11:20:00.0000000+02:00,1.312,
2026-07-06T11:30:00.0000000+02:00,1.307,
2026-07-06T11:40:00.0000000+02:00,1.304,
2026-07-06T11:50:00.0000000+02:00,1.297,
2026-07-06T12:00:00.0000000+02:00,1.293,
2026-07-06T12:10:00.0000000+02:00,1.299,
2026-07-06T12:20:00.0000000+02:00,1.298,
2026-07-06T13:30:00.0000000+02:00,1.235,
2026-07-06T13:40:00.0000000+02:00,1.252,
2026-07-06T13:50:00.0000000+02:00,1.223,
2026-07-06T14:00:00.0000000+02:00,1.216,
2026-07-06T14:10:00.0000000+02:00,1.227,
2026-07-06T14:20:00.0000000+02:00,1.217,
2026-07-06T14:30:00.0000000+02:00,1.202,
2026-07-06T14:40:00.0000000+02:00,1.201,
2026-07-06T14:50:00.0000000+02:00,1.184,
2026-07-06T15:00:00.0000000+02:00,1.189,
2026-07-06T15:10:00.0000000+02:00,1.185,
2026-07-06T15:20:00.0000000+02:00,1.175,
2026-07-06T15:30:00.0000000+02:00,1.169,
2026-07-06T15:40:00.0000000+02:00,1.157,
2026-07-06T15:50:00.0000000+02:00,1.15,
2026-07-06T16:00:00.0000000+02:00,1.158,
2026-07-06T16:10:00.0000000+02:00,1.131,
2026-07-06T16:20:00.0000000+02:00,1.147,
2026-07-07T07:10:00.0000000+02:00,0.872,
2026-07-07T07:20:00.0000000+02:00,0.856,
2026-07-07T07:30:00.0000000+02:00,0.872,
2026-07-07T07:40:00.0000000+02:00,0.867,
2026-07-07T07:50:00.0000000+02:00,0.885,
2026-07-07T08:00:00.0000000+02:00,0.858,
2026-07-07T08:10:00.0000000+02:00,0.893,
2026-07-07T08:20:00.0000000+02:00,0.892,
2026-07-07T08:30:00.0000000+02:00,0.884,
2026-07-07T08:40:00.0000000+02:00,0.903,
2026-07-07T08:50:00.0000000+02:00,0.876,
2026-07-07T09:00:00.0000000+02:00,0.874,
2026-07-07T09:10:00.0000000+02:00,0.897,
2026-07-07T09:20:00.0000000+02:00,0.908,
2026-07-07T09:30:00.0000000+02:00,0.899,
2026-07-07T09:40:00.0000000+02:00,0.909,
2026-07-07T09:50:00.0000000+02:00,0.892,
2026-07-07T10:00:00.0000000+02:00,0.894,
2026-07-07T10:10:00.0000000+02:00,0.893,
2026-07-07T10:20:00.0000000+02:00,0.907,
2026-07-07T10:30:00.0000000+02:00,0.888,
2026-07-07T10:40:00.0000000+02:00,0.923,
2026-07-07T10:50:00.0000000+02:00,0.904,
2026-07-07T11:00:00.0000000+02:00,0.92,
2026-07-07T11:10:00.0000000+02:00,0.901,
2026-07-07T11:20:00.0000000+02:00,0.929,
2026-07-07T11:30:00.0000000+02:00,0.916,
2026-07-07T11:40:00.0000000+02:00,0.941,
2026-07-07T11:50:00.0000000+02:00,0.888,
2026-07-07T12:00:00.0000000+02:00,0.938,
2026-07-07T12:10:00.0000000+02:00,0.925,
2026-07-07T12:20:00.0000000+02:00,0.942,
2026-07-07T12:30:00.0000000+02:00,0.905,
2026-07-07T12:40:00.0000000+02:00,0.93,
2026-07-07T12:50:00.0000000+02:00,0.962,
2026-07-07T13:00:00.0000000+02:00,0.941,
2026-07-07T13:10:00.0000000+02:00,0.953,
2026-07-07T13:20:00.0000000+02:00,0.953,
2026-07-07T15:20:00.0000000+02:00,0.941,
2026-07-07T15:30:00.0000000+02:00,0.942,
2026-07-07T15:40:00.0000000+02:00,0.954,
2026-07-07T15:50:00.0000000+02:00,0.948,
2026-07-07T16:00:00.0000000+02:00,0.927,
2026-07-07T16:10:00.0000000+02:00,0.929,
2026-07-08T07:20:00.0000000+02:00,0.867,
2026-07-08T07:30:00.0000000+02:00,0.866,
2026-07-08T07:40:00.0000000+02:00,0.859,
2026-07-08T07:50:00.0000000+02:00,0.875,
2026-07-08T08:00:00.0000000+02:00,0.88,
2026-07-08T08:10:00.0000000+02:00,0.868,
2026-07-08T08:20:00.0000000+02:00,0.894,
2026-07-08T08:30:00.0000000+02:00,0.871,
2026-07-08T08:40:00.0000000+02:00,0.905,
2026-07-08T08:50:00.0000000+02:00,0.914,
2026-07-08T09:00:00.0000000+02:00,0.89,
2026-07-08T09:10:00.0000000+02:00,0.893,
2026-07-08T09:20:00.0000000+02:00,0.912,
2026-07-08T09:30:00.0000000+02:00,0.915,
2026-07-08T09:40:00.0000000+02:00,0.901,
2026-07-08T09:50:00.0000000+02:00,0.908,
2026-07-08T10:00:00.0000000+02:00,0.937,
2026-07-08T10:10:00.0000000+02:00,0.91,
2026-07-08T10:20:00.0000000+02:00,0.936,
2026-07-08T10:30:00.0000000+02:00,0.934,
2026-07-08T10:40:00.0000000+02:00,0.915,
2026-07-08T10:50:00.0000000+02:00,0.963,
2026-07-08T11:00:00.0000000+02:00,0.938,
2026-07-08T11:10:00.0000000+02:00,0.929,
2026-07-08T11:20:00.0000000+02:00,0.964,
2026-07-08T11:30:00.0000000+02:00,0.949,
2026-07-08T11:40:00.0000000+02:00,0.978,
2026-07-08T11:50:00.0000000+02:00,0.97,
2026-07-08T12:00:00.0000000+02:00,0.965,
2026-07-08T12:10:00.0000000+02:00,0.959,
2026-07-08T12:20:00.0000000+02:00,0.966,
2026-07-08T12:30:00.0000000+02:00,0.979,
2026-07-08T12:40:00.0000000+02:00,0.965,
2026-07-08T12:50:00.0000000+02:00,1.013,
2026-07-08T13:00:00.0000000+02:00,1.018,
2026-07-08T13:10:00.0000000+02:00,0.981,
2026-07-08T13:20:00.0000000+02:00,1.002,
2026-07-08T13:30:00.0000000+02:00,0.979,
2026-07-08T13:40:00.0000000+02:00,1.005,
2026-07-08T13:50:00.0000000+02:00,1.014,
2026-07-08T14:00:00.0000000+02:00,1.004,
2026-07-08T14:10:00.0000000+02:00,1,
2026-07-08T14:20:00.0000000+02:00,1.008,
2026-07-08T14:30:00.0000000+02:00,0.995,
2026-07-08T14:40:00.0000000+02:00,1.024,
2026-07-08T14:50:00.0000000+02:00,1.006,
2026-07-08T15:00:00.0000000+02:00,1.011,
2026-07-08T15:10:00.0000000+02:00,1.016,
2026-07-09T07:40:00.0000000+02:00,1.142,
2026-07-09T07:50:00.0000000+02:00,1.157,
2026-07-09T08:00:00.0000000+02:00,1.155,
2026-07-09T08:10:00.0000000+02:00,1.154,
2026-07-09T08:20:00.0000000+02:00,1.167,
2026-07-09T08:30:00.0000000+02:00,1.175,
2026-07-09T08:40:00.0000000+02:00,1.178,
2026-07-09T08:50:00.0000000+02:00,1.188,
2026-07-09T09:00:00.0000000+02:00,1.191,
2026-07-09T09:10:00.0000000+02:00,1.19,
2026-07-09T09:20:00.0000000+02:00,1.186,
2026-07-09T09:30:00.0000000+02:00,1.181,
2026-07-09T09:40:00.0000000+02:00,1.204,
2026-07-09T09:50:00.0000000+02:00,1.209,
2026-07-09T10:00:00.0000000+02:00,1.203,
2026-07-09T10:10:00.0000000+02:00,1.216,
2026-07-09T10:20:00.0000000+02:00,1.211,
2026-07-09T10:30:00.0000000+02:00,1.214,
2026-07-09T10:40:00.0000000+02:00,1.213,
2026-07-09T10:50:00.0000000+02:00,1.218,
2026-07-09T11:00:00.0000000+02:00,1.219,
2026-07-09T11:10:00.0000000+02:00,1.228,
2026-07-09T11:20:00.0000000+02:00,1.227,
2026-07-09T11:30:00.0000000+02:00,1.216,
2026-07-09T11:40:00.0000000+02:00,1.208,
2026-07-09T11:50:00.0000000+02:00,1.206,
2026-07-09T12:00:00.0000000+02:00,1.219,
2026-07-09T12:10:00.0000000+02:00,1.221,
2026-07-09T12:20:00.0000000+02:00,1.235,
2026-07-09T12:30:00.0000000+02:00,1.228,
2026-07-09T12:40:00.0000000+02:00,1.209,
2026-07-09T12:50:00.0000000+02:00,1.212,
2026-07-09T13:00:00.0000000+02:00,1.223,
2026-07-09T13:10:00.0000000+02:00,1.229,
2026-07-09T13:20:00.0000000+02:00,1.226,
2026-07-09T13:30:00.0000000+02:00,1.217,
2026-07-09T13:40:00.0000000+02:00,1.224,
2026-07-09T13:50:00.0000000+02:00,1.21,
2026-07-09T14:00:00.0000000+02:00,1.216,
2026-07-09T14:10:00.0000000+02:00,1.211,
2026-07-10T08:20:00.0000000+02:00,1.219,
2026-07-10T10:30:00.0000000+02:00,1.26,
2026-07-10T10:40:00.0000000+02:00,1.265,
2026-07-10T10:50:00.0000000+02:00,1.266,
2026-07-10T11:00:00.0000000+02:00,1.257,
2026-07-10T11:10:00.0000000+02:00,1.258,
2026-07-10T11:20:00.0000000+02:00,1.262,
2026-07-10T12:40:00.0000000+02:00,1.269,
2026-07-10T12:50:00.0000000+02:00,1.263,
2026-07-10T13:00:00.0000000+02:00,1.257,
2026-07-10T13:10:00.0000000+02:00,1.252,
2026-07-10T13:20:00.0000000+02:00,1.25,
2026-07-10T13:30:00.0000000+02:00,1.249,
2026-07-10T13:40:00.0000000+02:00,1.25,
2026-07-10T13:50:00.0000000+02:00,1.243,
2026-07-10T14:00:00.0000000+02:00,1.244,
2026-07-10T14:10:00.0000000+02:00,1.234,
2026-07-10T14:20:00.0000000+02:00,1.233,
2026-07-10T14:30:00.0000000+02:00,1.238,
2026-07-10T14:40:00.0000000+02:00,1.234,
2026-07-10T14:50:00.0000000+02:00,1.23,
2026-07-10T15:00:00.0000000+02:00,1.229,
2026-07-10T15:10:00.0000000+02:00,1.219,
2026-07-10T15:20:00.0000000+02:00,1.204,
2026-07-10T15:30:00.0000000+02:00,1.208,
2026-07-10T15:40:00.0000000+02:00,1.194,
2026-07-10T15:50:00.0000000+02:00,1.192,
2026-07-10T16:00:00.0000000+02:00,1.192,
2026-07-10T16:10:00.0000000+02:00,1.191,
2026-07-11T09:10:00.0000000+02:00,1.26,
2026-07-11T09:20:00.0000000+02:00,1.253,
2026-07-11T09:30:00.0000000+02:00,1.265,
2026-07-11T09:40:00.0000000+02:00,1.27,
2026-07-11T09:50:00.0000000+02:00,1.274,
2026-07-11T10:00:00.0000000+02:00,1.249,
2026-07-11T10:10:00.0000000+02:00,1.264,
2026-07-11T10:20:00.0000000+02:00,1.272,
2026-07-11T10:30:00.0000000+02:00,1.267,
2026-07-11T10:40:00.0000000+02:00,1.28,
2026-07-11T10:50:00.0000000+02:00,1.275,
2026-07-11T11:00:00.0000000+02:00,1.27,
2026-07-11T11:10:00.0000000+02:00,1.272,
2026-07-11T11:20:00.0000000+02:00,1.276,
2026-07-11T11:30:00.0000000+02:00,1.269,
2026-07-11T11:40:00.0000000+02:00,1.274,
2026-07-11T11:50:00.0000000+02:00,1.265,
2026-07-11T12:00:00.0000000+02:00,1.256,
2026-07-11T12:10:00.0000000+02:00,1.271,
2026-07-11T12:20:00.0000000+02:00,1.265,
2026-07-11T12:30:00.0000000+02:00,1.257,
2026-07-11T12:40:00.0000000+02:00,1.253,
2026-07-11T12:50:00.0000000+02:00,1.242,
2026-07-11T13:00:00.0000000+02:00,1.256,
2026-07-11T13:10:00.0000000+02:00,1.24,
2026-07-11T13:20:00.0000000+02:00,1.243,
2026-07-11T13:30:00.0000000+02:00,1.237,
2026-07-11T13:40:00.0000000+02:00,1.231,
2026-07-11T13:50:00.0000000+02:00,1.228,
2026-07-11T14:00:00.0000000+02:00,1.21,
2026-07-11T14:10:00.0000000+02:00,1.208,
2026-07-12T07:30:00.0000000+02:00,1.407,
2026-07-12T07:40:00.0000000+02:00,1.406,
2026-07-12T07:50:00.0000000+02:00,1.412,
2026-07-12T08:00:00.0000000+02:00,1.412,
2026-07-12T08:10:00.0000000+02:00,1.409,
2026-07-12T08:20:00.0000000+02:00,1.413,
2026-07-12T08:30:00.0000000+02:00,1.413,
2026-07-12T08:40:00.0000000+02:00,1.415,
2026-07-12T08:50:00.0000000+02:00,1.421,
2026-07-12T09:00:00.0000000+02:00,1.417,
2026-07-12T09:10:00.0000000+02:00,1.405,
2026-07-12T09:20:00.0000000+02:00,1.413,
2026-07-12T09:30:00.0000000+02:00,1.412,
2026-07-12T09:40:00.0000000+02:00,1.402,
2026-07-12T09:50:00.0000000+02:00,1.411,
2026-07-12T10:00:00.0000000+02:00,1.404,
2026-07-12T10:10:00.0000000+02:00,1.404,
2026-07-12T10:20:00.0000000+02:00,1.408,
2026-07-12T10:30:00.0000000+02:00,1.402,
2026-07-12T10:40:00.0000000+02:00,1.406,
2026-07-12T10:50:00.0000000+02:00,1.387,
2026-07-12T11:00:00.0000000+02:00,1.397,
2026-07-12T11:10:00.0000000+02:00,1.399,
2026-07-12T11:20:00.0000000+02:00,1.397,
2026-07-12T11:30:00.0000000+02:00,1.393,
2026-07-12T11:40:00.0000000+02:00,1.383,
2026-07-12T11:50:00.0000000+02:00,1.383,
2026-07-12T12:00:00.0000000+02:00,1.387,
2026-07-12T12:10:00.0000000+02:00,1.382,
2026-07-12T12:20:00.0000000+02:00,1.382,
2026-07-12T12:30:00.0000000+02:00,1.371,
2026-07-12T12:40:00.0000000+02:00,1.367,
2026-07-12T12:50:00.0000000+02:00,1.357,
2026-07-12T13:00:00.0000000+02:00,1.359,
2026-07-12T13:10:00.0000000+02:00,1.355,
2026-07-12T13:20:00.0000000+02:00,1.357,
2026-07-12T13:30:00.0000000+02:00,1.358,
2026-07-12T13:40:00.0000000+02:00,1.346,
2026-07-12T13:50:00.0000000+02:00,1.348,
2026-07-12T14:00:00.0000000+02:00,1.343,
2026-07-12T14:10:00.0000000+02:00,1.337,
2026-07-13T12:40:00.0000000+02:00,1.301,
2026-07-13T12:50:00.0000000+02:00,1.293,
2026-07-13T13:00:00.0000000+02:00,1.293,
2026-07-13T13:10:00.0000000+02:00,1.289,
2026-07-13T13:20:00.0000000+02:00,1.276,
2026-07-13T13:30:00.0000000+02:00,1.297,
2026-07-13T13:40:00.0000000+02:00,1.289,
2026-07-13T13:50:00.0000000+02:00,1.282,
2026-07-13T14:00:00.0000000+02:00,1.28,
2026-07-13T14:10:00.0000000+02:00,1.271,
2026-07-14T07:00:00.0000000+02:00,1.347,
2026-07-14T07:50:00.0000000+02:00,1.374,
2026-07-14T08:00:00.0000000+02:00,1.368,
2026-07-14T08:10:00.0000000+02:00,1.38,
2026-07-14T08:20:00.0000000+02:00,1.383,
2026-07-14T08:30:00.0000000+02:00,1.387,
2026-07-14T08:40:00.0000000+02:00,1.39,
2026-07-14T08:50:00.0000000+02:00,1.386,
2026-07-14T09:00:00.0000000+02:00,1.39,
2026-07-14T09:10:00.0000000+02:00,1.386,
2026-07-14T09:20:00.0000000+02:00,1.393,
2026-07-14T09:30:00.0000000+02:00,1.386,
2026-07-14T09:40:00.0000000+02:00,1.382,
2026-07-14T09:50:00.0000000+02:00,1.391,
2026-07-14T10:00:00.0000000+02:00,1.386,
2026-07-14T10:10:00.0000000+02:00,1.388,
2026-07-14T10:20:00.0000000+02:00,1.383,
2026-07-14T10:30:00.0000000+02:00,1.388,
2026-07-14T10:40:00.0000000+02:00,1.395,
2026-07-14T10:50:00.0000000+02:00,1.401,
2026-07-14T11:00:00.0000000+02:00,1.402,
2026-07-14T11:10:00.0000000+02:00,1.403,
2026-07-14T11:20:00.0000000+02:00,1.392,
2026-07-14T11:30:00.0000000+02:00,1.399,
2026-07-14T11:40:00.0000000+02:00,1.378,
2026-07-14T11:50:00.0000000+02:00,1.39,
2026-07-14T12:00:00.0000000+02:00,1.394,
2026-07-14T12:10:00.0000000+02:00,1.399,
2026-07-15T08:00:00.0000000+02:00,1.369,
2026-07-15T08:10:00.0000000+02:00,1.376,
2026-07-15T08:20:00.0000000+02:00,1.369,
2026-07-15T08:30:00.0000000+02:00,1.37,
2026-07-15T08:40:00.0000000+02:00,1.357,
2026-07-15T08:50:00.0000000+02:00,1.374,
2026-07-15T09:00:00.0000000+02:00,1.373,
2026-07-15T09:10:00.0000000+02:00,1.363,
2026-07-15T09:20:00.0000000+02:00,1.373,
2026-07-15T09:30:00.0000000+02:00,1.376,
2026-07-15T09:40:00.0000000+02:00,1.376,
2026-07-15T09:50:00.0000000+02:00,1.376,
2026-07-15T10:00:00.0000000+02:00,1.366,
2026-07-15T10:10:00.0000000+02:00,1.369,
2026-07-15T10:20:00.0000000+02:00,1.369,
2026-07-15T10:30:00.0000000+02:00,1.365,
2026-07-15T10:40:00.0000000+02:00,1.358,
2026-07-15T10:50:00.0000000+02:00,1.366,
2026-07-15T11:00:00.0000000+02:00,1.36,
2026-07-15T11:10:00.0000000+02:00,1.365,
2026-07-15T11:20:00.0000000+02:00,1.347,
2026-07-15T11:30:00.0000000+02:00,1.352,
2026-07-15T11:40:00.0000000+02:00,1.359,
2026-07-15T11:50:00.0000000+02:00,1.354,
2026-07-15T12:00:00.0000000+02:00,1.347,
2026-07-15T12:10:00.0000000+02:00,1.347,
2026-07-15T12:20:00.0000000+02:00,1.343,
2026-07-15T12:30:00.0000000+02:00,1.339,
2026-07-15T12:40:00.0000000+02:00,1.327,
2026-07-15T12:50:00.0000000+02:00,1.328,
2026-07-15T13:00:00.0000000+02:00,1.323,
2026-07-15T13:10:00.0000000+02:00,1.311,
2026-07-15T13:20:00.0000000+02:00,1.325,
2026-07-15T13:30:00.0000000+02:00,1.303,
2026-07-15T13:40:00.0000000+02:00,1.313,
2026-07-15T13:50:00.0000000+02:00,1.304,
2026-07-15T14:00:00.0000000+02:00,1.3,
2026-07-15T14:10:00.0000000+02:00,1.288,
2026-07-15T14:20:00.0000000+02:00,1.275,
2026-07-16T07:50:00.0000000+02:00,1.06,
2026-07-16T08:00:00.0000000+02:00,1.047,
2026-07-16T08:10:00.0000000+02:00,1.065,
2026-07-16T08:20:00.0000000+02:00,1.094,
2026-07-16T08:30:00.0000000+02:00,1.095,
2026-07-16T08:40:00.0000000+02:00,1.091,
2026-07-16T08:50:00.0000000+02:00,1.075,
2026-07-16T09:00:00.0000000+02:00,1.087,
2026-07-16T09:10:00.0000000+02:00,1.124,
2026-07-16T09:20:00.0000000+02:00,1.123,
2026-07-16T09:30:00.0000000+02:00,1.13,
2026-07-16T09:40:00.0000000+02:00,1.139,
2026-07-16T09:50:00.0000000+02:00,1.143,
2026-07-16T10:00:00.0000000+02:00,1.143,
2026-07-16T10:10:00.0000000+02:00,1.141,
2026-07-16T10:20:00.0000000+02:00,1.143,
2026-07-16T10:30:00.0000000+02:00,1.161,
2026-07-16T10:40:00.0000000+02:00,1.161,
2026-07-16T10:50:00.0000000+02:00,1.151,
2026-07-16T11:00:00.0000000+02:00,1.163,
2026-07-16T11:10:00.0000000+02:00,1.16,
2026-07-16T11:20:00.0000000+02:00,1.173,
2026-07-16T11:30:00.0000000+02:00,1.162,
2026-07-16T11:40:00.0000000+02:00,1.175,
2026-07-16T11:50:00.0000000+02:00,1.187,
2026-07-16T12:00:00.0000000+02:00,1.191,
2026-07-16T12:10:00.0000000+02:00,1.184,
2026-07-16T12:20:00.0000000+02:00,1.194,
2026-07-16T12:30:00.0000000+02:00,1.19,
2026-07-16T12:40:00.0000000+02:00,1.193,
2026-07-16T12:50:00.0000000+02:00,1.198,
2026-07-16T13:00:00.0000000+02:00,1.192,
2026-07-16T13:10:00.0000000+02:00,1.197,
2026-07-16T13:20:00.0000000+02:00,1.19,
2026-07-17T09:00:00.0000000+02:00,1.169,
2026-07-17T09:50:00.0000000+02:00,1.176,
2026-07-17T10:00:00.0000000+02:00,1.182,
2026-07-17T10:10:00.0000000+02:00,1.19,
2026-07-17T10:20:00.0000000+02:00,1.189,
2026-07-17T10:30:00.0000000+02:00,1.208,
2026-07-17T10:50:00.0000000+02:00,1.216,
2026-07-17T11:00:00.0000000+02:00,1.213,
2026-07-17T11:10:00.0000000+02:00,1.22,
2026-07-17T11:20:00.0000000+02:00,1.22,
2026-07-17T11:30:00.0000000+02:00,1.21,
2026-07-17T11:40:00.0000000+02:00,1.223,
2026-07-17T11:50:00.0000000+02:00,1.234,
2026-07-17T12:00:00.0000000+02:00,1.216,
2026-07-17T12:10:00.0000000+02:00,1.231,
2026-07-17T12:20:00.0000000+02:00,1.239,
2026-07-31T11:10:00.0000000+02:00,0.857,
2026-07-31T11:20:00.0000000+02:00,0.409,
2026-07-31T11:30:00.0000000+02:00,0.435,
2026-07-31T11:40:00.0000000+02:00,0.502,
2026-07-31T11:50:00.0000000+02:00,0.523,
2026-07-31T12:00:00.0000000+02:00,0.481,
2026-07-31T12:10:00.0000000+02:00,0.504,
2026-07-31T12:20:00.0000000+02:00,0.5,
2026-07-31T12:30:00.0000000+02:00,0.534,
2026-07-31T12:40:00.0000000+02:00,0.524,
2026-07-31T12:50:00.0000000+02:00,0.554,
2026-07-31T13:00:00.0000000+02:00,0.549,
2026-07-31T13:10:00.0000000+02:00,0.543,
2026-07-31T13:20:00.0000000+02:00,0.548,
2026-07-31T13:30:00.0000000+02:00,0.57,
2026-07-31T13:40:00.0000000+02:00,0.574,
2026-07-31T13:50:00.0000000+02:00,0.534,
2026-07-31T14:00:00.0000000+02:00,0.53,
2026-07-31T14:10:00.0000000+02:00,0.537,
2026-07-31T14:20:00.0000000+02:00,0.551,
2026-07-31T14:30:00.0000000+02:00,0.569,
2026-07-31T14:40:00.0000000+02:00,0.539,
2026-07-31T14:50:00.0000000+02:00,0.562,
2026-07-31T15:00:00.0000000+02:00,0.563,
2026-07-31T15:10:00.0000000+02:00,0.579,
2026-07-31T15:20:00.0000000+02:00,0.563,
2026-07-31T15:30:00.0000000+02:00,0.573,
2026-07-31T15:40:00.0000000+02:00,0.532,
2026-07-31T15:50:00.0000000+02:00,0.551,
2026-07-31T16:00:00.0000000+02:00,0.548,
2026-07-31T16:10:00.0000000+02:00,0.546,
2026-07-31T16:20:00.0000000+02:00,0.554,
2026-07-31T16:30:00.0000000+02:00,0.553,
2026-07-31T16:40:00.0000000+02:00,0.558,
2026-07-31T16:50:00.0000000+02:00,0.545,
2026-07-31T17:00:00.0000000+02:00,0.54,
2026-07-31T17:10:00.0000000+02:00,0.55,
2026-07-31T17:20:00.0000000+02:00,0.544,
2026-07-31T17:30:00.0000000+02:00,0.553,
2026-07-31T17:40:00.0000000+02:00,0.534,
2026-07-31T17:50:00.0000000+02:00,0.536,
2026-07-31T18:00:00.0000000+02:00,0.534,
2026-07-31T18:10:00.0000000+02:00,0.534,
2026-07-31T18:20:00.0000000+02:00,0.539,
2026-07-31T18:30:00.0000000+02:00,0.525,
2026-07-31T18:40:00.0000000+02:00,0.521,
2026-07-31T18:50:00.0000000+02:00,0.514,
2026-07-31T19:00:00.0000000+02:00,0.515,
2026-07-31T19:10:00.0000000+02:00,0.529,
2026-07-31T19:20:00.0000000+02:00,0.506,
2026-07-31T19:30:00.0000000+02:00,0.496,
2026-07-31T19:40:00.0000000+02:00,0.523,
2026-07-31T19:50:00.0000000+02:00,0.506,
2026-07-31T20:00:00.0000000+02:00,0.51,
2026-07-31T20:10:00.0000000+02:00,0.494,
2026-07-31T20:20:00.0000000+02:00,0.487,
2026-07-31T20:30:00.0000000+02:00,0.507,
2026-07-31T20:40:00.0000000+02:00,0.508,
2026-07-31T20:50:00.0000000+02:00,0.5,
2026-07-31T21:00:00.0000000+02:00,0.497,
2026-07-31T21:10:00.0000000+02:00,0.494,
2026-07-31T21:20:00.0000000+02:00,0.478,
2026-07-31T21:30:00.0000000+02:00,0.471,
2026-07-31T21:40:00.0000000+02:00,0.49,
2026-07-31T21:50:00.0000000+02:00,0.465,
2026-07-31T22:00:00.0000000+02:00,0.469,
2026-07-31T22:10:00.0000000+02:00,0.47,
2026-07-31T22:20:00.0000000+02:00,0.445,
2026-07-31T22:30:00.0000000+02:00,0.482,
2026-07-31T22:40:00.0000000+02:00,0.429,
2026-07-31T22:50:00.0000000+02:00,0.461,
2026-07-31T23:00:00.0000000+02:00,0.436,
2026-07-31T23:10:00.0000000+02:00,0.447,
2026-07-31T23:20:00.0000000+02:00,0.45,
2026-07-31T23:30:00.0000000+02:00,0.444,
2026-07-31T23:40:00.0000000+02:00,0.443,
2026-07-31T23:50:00.0000000+02:00,0.447,
2026-08-01T00:00:00.0000000+02:00,0.452,
2026-08-01T00:10:00.0000000+02:00,0.451,
2026-08-01T00:20:00.0000000+02:00,0.419,
2026-08-01T00:30:00.0000000+02:00,0.43,
2026-08-01T00:40:00.0000000+02:00,0.43,
2026-08-01T00:50:00.0000000+02:00,0.428,
2026-08-01T01:00:00.0000000+02:00,0.428,
2026-08-01T01:10:00.0000000+02:00,0.446,
2026-08-01T01:20:00.0000000+02:00,0.439,
2026-08-01T01:30:00.0000000+02:00,0.418,
2026-08-01T01:40:00.0000000+02:00,0.439,
2026-08-01T01:50:00.0000000+02:00,0.44,
2026-08-01T02:00:00.0000000+02:00,0.44,
2026-08-01T02:10:00.0000000+02:00,0.394,
2026-08-01T02:20:00.0000000+02:00,0.429,
2026-08-01T02:30:00.0000000+02:00,0.417,
2026-08-01T02:40:00.0000000+02:00,0.444,
2026-08-01T02:50:00.0000000+02:00,0.444,
2026-08-01T03:00:00.0000000+02:00,0.46,
2026-08-01T03:10:00.0000000+02:00,0.431,
2026-08-01T03:20:00.0000000+02:00,0.444,
2026-08-01T03:30:00.0000000+02:00,0.449,
2026-08-01T03:40:00.0000000+02:00,0.453,
2026-08-01T03:50:00.0000000+02:00,0.454,
2026-08-01T04:00:00.0000000+02:00,0.453,
2026-08-01T04:10:00.0000000+02:00,0.478,
2026-08-01T04:20:00.0000000+02:00,0.472,
2026-08-01T04:30:00.0000000+02:00,0.484,
2026-08-01T04:40:00.0000000+02:00,0.48,
2026-08-01T04:50:00.0000000+02:00,0.481,
2026-08-01T05:00:00.0000000+02:00,0.482,
2026-08-01T05:10:00.0000000+02:00,0.504,
2026-08-01T05:20:00.0000000+02:00,0.491,
2026-08-01T05:30:00.0000000+02:00,0.52,
2026-08-01T05:40:00.0000000+02:00,0.526,
2026-08-01T05:50:00.0000000+02:00,0.521,
2026-08-01T06:00:00.0000000+02:00,0.52,
2026-08-01T06:10:00.0000000+02:00,0.551,
2026-08-01T06:20:00.0000000+02:00,0.545,
2026-08-01T06:30:00.0000000+02:00,0.56,
2026-08-01T06:40:00.0000000+02:00,0.54,
2026-08-01T06:50:00.0000000+02:00,0.573,
2026-08-01T07:00:00.0000000+02:00,0.551,
2026-08-01T07:10:00.0000000+02:00,0.582,
2026-08-01T07:20:00.0000000+02:00,0.577,
2026-08-01T07:30:00.0000000+02:00,0.606,
2026-08-01T07:40:00.0000000+02:00,0.606,
2026-08-01T07:50:00.0000000+02:00,0.613,
2026-08-01T08:00:00.0000000+02:00,0.597,
2026-08-01T08:10:00.0000000+02:00,0.614,
2026-08-01T08:20:00.0000000+02:00,0.625,
2026-08-01T08:30:00.0000000+02:00,0.638,
2026-08-01T08:40:00.0000000+02:00,0.648,
2026-08-01T08:50:00.0000000+02:00,0.631,
2026-08-01T09:00:00.0000000+02:00,0.645,
2026-08-01T09:10:00.0000000+02:00,0.664,
2026-08-01T09:20:00.0000000+02:00,0.645,
2026-08-01T09:30:00.0000000+02:00,0.657,
2026-08-01T09:40:00.0000000+02:00,0.654,
2026-08-01T09:50:00.0000000+02:00,0.67,
2026-08-01T10:00:00.0000000+02:00,0.691,
2026-08-01T10:10:00.0000000+02:00,0.677,
2026-08-01T10:20:00.0000000+02:00,0.7,
2026-08-01T10:30:00.0000000+02:00,0.695,
2026-08-01T10:40:00.0000000+02:00,0.683,
2026-08-01T10:50:00.0000000+02:00,0.686,
2026-08-01T11:00:00.0000000+02:00,0.712,
2026-08-01T11:10:00.0000000+02:00,0.71,
2026-08-01T11:20:00.0000000+02:00,0.698,
2026-08-01T11:30:00.0000000+02:00,0.724,
2026-08-01T11:40:00.0000000+02:00,0.701,
2026-08-01T11:50:00.0000000+02:00,0.732,
2026-08-01T12:00:00.0000000+02:00,0.735,
2026-08-01T12:10:00.0000000+02:00,0.725,
2026-08-01T12:20:00.0000000+02:00,0.732,
2026-08-01T12:30:00.0000000+02:00,0.737,
2026-08-01T12:40:00.0000000+02:00,0.736,
2026-08-01T12:50:00.0000000+02:00,0.742,
2026-08-01T13:00:00.0000000+02:00,0.746,
2026-08-01T13:10:00.0000000+02:00,0.745,
2026-08-01T13:20:00.0000000+02:00,0.738,
2026-08-01T13:30:00.0000000+02:00,0.743,
2026-08-01T13:40:00.0000000+02:00,0.746,
2026-08-01T13:50:00.0000000+02:00,0.747,
2026-08-01T14:00:00.0000000+02:00,0.724,
2026-08-01T14:10:00.0000000+02:00,0.735,
2026-08-01T14:20:00.0000000+02:00,0.741,
2026-08-01T14:30:00.0000000+02:00,0.739,
2026-08-01T14:40:00.0000000+02:00,0.738,
2026-08-01T14:50:00.0000000+02:00,0.74,
2026-08-01T15:00:00.0000000+02:00,0.728,
2026-08-01T15:10:00.0000000+02:00,0.728,
2026-08-01T15:20:00.0000000+02:00,0.73,
2026-08-01T15:30:00.0000000+02:00,0.71,
2026-08-01T15:40:00.0000000+02:00,0.726,
2026-08-01T15:50:00.0000000+02:00,0.71,
2026-08-01T16:00:00.0000000+02:00,0.705,
2026-08-01T16:10:00.0000000+02:00,0.721,
2026-08-01T16:20:00.0000000+02:00,0.711,
2026-08-01T16:30:00.0000000+02:00,0.702,
2026-08-01T16:40:00.0000000+02:00,0.698,
2026-08-01T16:50:00.0000000+02:00,0.694,
2026-08-01T17:00:00.0000000+02:00,0.697,
2026-08-01T17:10:00.0000000+02:00,0.692,
2026-08-01T17:20:00.0000000+02:00,0.669,
2026-08-01T17:30:00.0000000+02:00,0.668,
2026-08-01T17:40:00.0000000+02:00,0.66,
2026-08-01T17:50:00.0000000+02:00,0.664,
2026-08-01T18:00:00.0000000+02:00,0.658,
2026-08-01T18:10:00.0000000+02:00,0.659,
2026-08-01T18:20:00.0000000+02:00,0.648,
2026-08-01T18:30:00.0000000+02:00,0.656,
2026-08-01T18:40:00.0000000+02:00,0.627,
2026-08-01T18:50:00.0000000+02:00,0.647,
2026-08-01T19:00:00.0000000+02:00,0.651,
2026-08-01T19:10:00.0000000+02:00,0.641,
2026-08-01T19:20:00.0000000+02:00,0.639,
2026-08-01T19:30:00.0000000+02:00,0.626,
2026-08-01T19:40:00.0000000+02:00,0.615,
2026-08-01T19:50:00.0000000+02:00,0.636,
2026-08-01T20:00:00.0000000+02:00,0.622,
2026-08-01T20:10:00.0000000+02:00,0.624,
2026-08-01T20:20:00.0000000+02:00,0.63,
2026-08-01T20:30:00.0000000+02:00,0.604,
2026-08-01T20:40:00.0000000+02:00,0.594,
2026-08-01T20:50:00.0000000+02:00,0.612,
2026-08-01T21:00:00.0000000+02:00,0.61,
2026-08-01T21:10:00.0000000+02:00,0.613,
2026-08-01T21:20:00.0000000+02:00,0.608,
2026-08-01T21:30:00.0000000+02:00,0.591,
2026-08-01T21:40:00.0000000+02:00,0.592,
2026-08-01T21:50:00.0000000+02:00,0.596,
2026-08-01T22:00:00.0000000+02:00,0.588,
2026-08-01T22:10:00.0000000+02:00,0.59,
2026-08-01T22:20:00.0000000+02:00,0.588,
2026-08-01T22:30:00.0000000+02:00,0.585,
2026-08-01T22:40:00.0000000+02:00,0.56,
2026-08-01T22:50:00.0000000+02:00,0.56,
2026-08-01T23:00:00.0000000+02:00,0.56,
2026-08-01T23:10:00.0000000+02:00,0.583,
2026-08-01T23:20:00.0000000+02:00,0.577,
2026-08-01T23:30:00.0000000+02:00,0.569,
2026-08-01T23:40:00.0000000+02:00,0.581,
2026-08-01T23:50:00.0000000+02:00,0.578,
2026-08-02T00:00:00.0000000+02:00,0.557,
2026-08-02T00:10:00.0000000+02:00,0.579,
2026-08-02T00:20:00.0000000+02:00,0.566,
2026-08-02T00:30:00.0000000+02:00,0.568,
2026-08-02T00:40:00.0000000+02:00,0.57,
2026-08-02T00:50:00.0000000+02:00,0.57,
2026-08-02T01:00:00.0000000+02:00,0.59,
2026-08-02T01:10:00.0000000+02:00,0.59,
2026-08-02T01:20:00.0000000+02:00,0.594,
2026-08-02T01:30:00.0000000+02:00,0.582,
2026-08-02T01:40:00.0000000+02:00,0.588,
2026-08-02T01:50:00.0000000+02:00,0.586,
2026-08-02T02:00:00.0000000+02:00,0.593,
2026-08-02T02:10:00.0000000+02:00,0.596,
2026-08-02T02:20:00.0000000+02:00,0.612,
2026-08-02T02:30:00.0000000+02:00,0.604,
2026-08-02T02:40:00.0000000+02:00,0.614,
2026-08-02T02:50:00.0000000+02:00,0.598,
2026-08-02T03:00:00.0000000+02:00,0.605,
2026-08-02T03:10:00.0000000+02:00,0.596,
2026-08-02T03:20:00.0000000+02:00,0.611,
2026-08-02T03:30:00.0000000+02:00,0.598,
2026-08-02T03:40:00.0000000+02:00,0.619,
2026-08-02T03:50:00.0000000+02:00,0.634,
2026-08-02T04:00:00.0000000+02:00,0.608,
2026-08-02T04:10:00.0000000+02:00,0.646,
2026-08-02T04:20:00.0000000+02:00,0.641,
2026-08-02T04:30:00.0000000+02:00,0.65,
2026-08-02T04:40:00.0000000+02:00,0.662,
2026-08-02T04:50:00.0000000+02:00,0.665,
2026-08-02T05:00:00.0000000+02:00,0.675,
2026-08-02T05:10:00.0000000+02:00,0.679,
2026-08-02T05:20:00.0000000+02:00,0.667,
2026-08-02T05:30:00.0000000+02:00,0.697,
2026-08-02T05:40:00.0000000+02:00,0.715,
2026-08-02T05:50:00.0000000+02:00,0.695,
2026-08-02T06:00:00.0000000+02:00,0.688,
2026-08-02T06:10:00.0000000+02:00,0.714,
2026-08-02T06:20:00.0000000+02:00,0.707,
2026-08-02T06:30:00.0000000+02:00,0.725,
2026-08-02T06:40:00.0000000+02:00,0.752,
2026-08-02T06:50:00.0000000+02:00,0.749,
2026-08-02T07:00:00.0000000+02:00,0.731,
2026-08-02T07:10:00.0000000+02:00,0.743,
2026-08-02T07:20:00.0000000+02:00,0.745,
2026-08-02T07:30:00.0000000+02:00,0.746,
2026-08-02T07:40:00.0000000+02:00,0.782,
2026-08-02T07:50:00.0000000+02:00,0.776,
2026-08-02T08:00:00.0000000+02:00,0.79,
2026-08-02T08:10:00.0000000+02:00,0.792,
2026-08-02T08:20:00.0000000+02:00,0.791,
2026-08-02T08:30:00.0000000+02:00,0.786,
2026-08-02T08:40:00.0000000+02:00,0.8,
2026-08-02T08:50:00.0000000+02:00,0.788,
2026-08-02T09:00:00.0000000+02:00,0.777,
2026-08-02T09:10:00.0000000+02:00,0.794,
2026-08-02T09:20:00.0000000+02:00,0.803,
2026-08-02T09:30:00.0000000+02:00,0.801,
2026-08-02T09:40:00.0000000+02:00,0.815,
2026-08-02T09:50:00.0000000+02:00,0.805,
2026-08-02T10:00:00.0000000+02:00,0.817,
2026-08-02T10:10:00.0000000+02:00,0.807,
2026-08-02T10:20:00.0000000+02:00,0.829,
2026-08-02T10:30:00.0000000+02:00,0.823,
2026-08-02T10:40:00.0000000+02:00,0.83,
2026-08-02T10:50:00.0000000+02:00,0.829,
2026-08-02T11:00:00.0000000+02:00,0.829,
2026-08-02T11:10:00.0000000+02:00,0.814,
2026-08-02T11:20:00.0000000+02:00,0.825,
2026-08-02T11:30:00.0000000+02:00,0.831,
2026-08-02T11:40:00.0000000+02:00,0.808,
2026-08-02T11:50:00.0000000+02:00,0.818,
2026-08-02T12:00:00.0000000+02:00,0.812,
2026-08-02T12:10:00.0000000+02:00,0.807,
2026-08-02T12:20:00.0000000+02:00,0.817,
2026-08-02T12:30:00.0000000+02:00,0.811,
2026-08-02T12:40:00.0000000+02:00,0.814,
2026-08-02T12:50:00.0000000+02:00,0.811,
2026-08-02T13:00:00.0000000+02:00,0.818,
2026-08-02T13:10:00.0000000+02:00,0.804,
2026-08-02T13:20:00.0000000+02:00,0.811,
2026-08-02T13:30:00.0000000+02:00,0.81,
2026-08-02T13:40:00.0000000+02:00,0.802,
2026-08-02T13:50:00.0000000+02:00,0.81,
2026-08-02T14:00:00.0000000+02:00,0.81,
2026-08-02T14:10:00.0000000+02:00,0.8,
2026-08-02T14:20:00.0000000+02:00,0.799,
2026-08-02T14:30:00.0000000+02:00,0.796,
2026-08-02T14:40:00.0000000+02:00,0.782,
2026-08-02T14:50:00.0000000+02:00,0.784,
2026-08-02T15:00:00.0000000+02:00,0.776,
2026-08-02T15:10:00.0000000+02:00,0.786,
2026-08-02T15:20:00.0000000+02:00,0.776,
2026-08-02T15:30:00.0000000+02:00,0.772,
2026-08-02T15:40:00.0000000+02:00,0.774,
2026-08-02T15:50:00.0000000+02:00,0.774,
2026-08-02T16:00:00.0000000+02:00,0.755,
2026-08-02T16:10:00.0000000+02:00,0.748,
2026-08-02T16:20:00.0000000+02:00,0.756,
2026-08-02T16:30:00.0000000+02:00,0.724,
2026-08-02T16:40:00.0000000+02:00,0.738,
2026-08-02T16:50:00.0000000+02:00,0.723,
2026-08-02T17:00:00.0000000+02:00,0.724,
2026-08-02T17:10:00.0000000+02:00,0.722,
2026-08-02T17:20:00.0000000+02:00,0.731,
2026-08-02T17:30:00.0000000+02:00,0.712,
2026-08-02T17:40:00.0000000+02:00,0.721,
2026-08-02T17:50:00.0000000+02:00,0.725,
2026-08-02T18:00:00.0000000+02:00,0.712,
2026-08-02T18:10:00.0000000+02:00,0.689,
2026-08-02T18:20:00.0000000+02:00,0.692,
2026-08-02T18:30:00.0000000+02:00,0.676,
2026-08-02T18:40:00.0000000+02:00,0.683,
2026-08-02T18:50:00.0000000+02:00,0.68,
2026-08-02T19:00:00.0000000+02:00,0.668,
2026-08-02T19:10:00.0000000+02:00,0.677,
2026-08-02T19:20:00.0000000+02:00,0.649,
2026-08-02T19:30:00.0000000+02:00,0.664,
2026-08-02T19:40:00.0000000+02:00,0.65,
2026-08-02T19:50:00.0000000+02:00,0.646,
2026-08-02T20:00:00.0000000+02:00,0.644,
2026-08-02T20:10:00.0000000+02:00,0.633,
2026-08-02T20:20:00.0000000+02:00,0.622,
2026-08-02T20:30:00.0000000+02:00,0.621,
2026-08-02T20:40:00.0000000+02:00,0.639,
2026-08-02T20:50:00.0000000+02:00,0.622,
2026-08-02T21:00:00.0000000+02:00,0.62,
2026-08-02T21:10:00.0000000+02:00,0.609,
2026-08-02T21:20:00.0000000+02:00,0.605,
2026-08-02T21:30:00.0000000+02:00,0.602,
2026-08-02T21:40:00.0000000+02:00,0.607,
2026-08-02T21:50:00.0000000+02:00,0.595,
2026-08-02T22:00:00.0000000+02:00,0.581,
2026-08-02T22:10:00.0000000+02:00,0.598,
2026-08-02T22:20:00.0000000+02:00,0.59,
2026-08-02T22:30:00.0000000+02:00,0.577,
2026-08-02T22:40:00.0000000+02:00,0.564,
2026-08-02T22:50:00.0000000+02:00,0.584,
2026-08-02T23:00:00.0000000+02:00,0.58,
2026-08-02T23:10:00.0000000+02:00,0.551,
2026-08-02T23:20:00.0000000+02:00,0.555,
2026-08-02T23:30:00.0000000+02:00,0.567,
2026-08-02T23:40:00.0000000+02:00,0.557,
2026-08-02T23:50:00.0000000+02:00,0.542,
2026-08-03T00:00:00.0000000+02:00,0.544,
2026-08-03T00:10:00.0000000+02:00,0.556,
2026-08-03T00:20:00.0000000+02:00,0.549,
2026-08-03T00:30:00.0000000+02:00,0.548,
2026-08-03T00:40:00.0000000+02:00,0.563,
2026-08-03T00:50:00.0000000+02:00,0.534,
2026-08-03T01:00:00.0000000+02:00,0.554,
2026-08-03T01:10:00.0000000+02:00,0.546,
2026-08-03T01:20:00.0000000+02:00,0.539,
2026-08-03T01:30:00.0000000+02:00,0.542,
2026-08-03T01:40:00.0000000+02:00,0.533,
2026-08-03T01:50:00.0000000+02:00,0.524,
2026-08-03T02:00:00.0000000+02:00,0.535,
2026-08-03T02:10:00.0000000+02:00,0.509,
2026-08-03T02:20:00.0000000+02:00,0.524,
2026-08-03T02:30:00.0000000+02:00,0.506,
2026-08-03T02:40:00.0000000+02:00,0.519,
2026-08-03T02:50:00.0000000+02:00,0.53,
2026-08-03T03:00:00.0000000+02:00,0.514,
2026-08-03T03:10:00.0000000+02:00,0.532,
2026-08-03T03:20:00.0000000+02:00,0.499,
2026-08-03T03:30:00.0000000+02:00,0.508,
2026-08-03T03:40:00.0000000+02:00,0.5,
2026-08-03T03:50:00.0000000+02:00,0.518,
2026-08-03T04:00:00.0000000+02:00,0.517,
2026-08-03T04:10:00.0000000+02:00,0.526,
2026-08-03T04:20:00.0000000+02:00,0.53,
2026-08-03T04:30:00.0000000+02:00,0.525,
2026-08-03T04:40:00.0000000+02:00,0.519,
2026-08-03T04:50:00.0000000+02:00,0.521,
2026-08-03T05:00:00.0000000+02:00,0.523,
2026-08-03T05:10:00.0000000+02:00,0.52,
2026-08-03T05:20:00.0000000+02:00,0.541,
2026-08-03T05:30:00.0000000+02:00,0.518,
2026-08-03T05:40:00.0000000+02:00,0.529,
2026-08-03T05:50:00.0000000+02:00,0.532,
2026-08-03T06:00:00.0000000+02:00,0.52,
2026-08-03T06:10:00.0000000+02:00,0.538,
2026-08-03T06:20:00.0000000+02:00,0.553,
2026-08-03T06:30:00.0000000+02:00,0.554,
2026-08-03T06:40:00.0000000+02:00,0.526,
2026-08-03T06:50:00.0000000+02:00,0.545,
2026-08-03T07:00:00.0000000+02:00,0.543,
2026-08-03T07:10:00.0000000+02:00,0.547,
2026-08-03T07:20:00.0000000+02:00,0.563,
2026-08-03T07:30:00.0000000+02:00,0.567,
2026-08-03T07:40:00.0000000+02:00,0.57,
2026-08-03T07:50:00.0000000+02:00,0.561,
2026-08-03T08:00:00.0000000+02:00,0.556,
2026-08-03T08:10:00.0000000+02:00,0.569,
2026-08-03T08:20:00.0000000+02:00,0.569,
2026-08-03T08:30:00.0000000+02:00,0.546,
2026-08-03T08:40:00.0000000+02:00,0.555,
2026-08-03T08:50:00.0000000+02:00,0.558,
2026-08-03T09:00:00.0000000+02:00,0.558,
2026-08-03T09:10:00.0000000+02:00,0.551,
2026-08-03T09:20:00.0000000+02:00,0.564,
2026-08-03T09:30:00.0000000+02:00,0.558,
2026-08-03T09:40:00.0000000+02:00,0.575,
2026-08-03T09:50:00.0000000+02:00,0.563,
2026-08-03T10:00:00.0000000+02:00,0.554,
2026-08-03T10:10:00.0000000+02:00,0.559,
2026-08-03T10:20:00.0000000+02:00,0.574,
2026-08-03T10:30:00.0000000+02:00,0.554,
2026-08-03T10:40:00.0000000+02:00,0.545,
2026-08-03T10:50:00.0000000+02:00,0.574,
2026-08-03T11:00:00.0000000+02:00,0.585,
2026-08-03T11:10:00.0000000+02:00,0.562,
2026-08-03T11:20:00.0000000+02:00,0.55,
2026-08-03T11:30:00.0000000+02:00,0.553,
2026-08-03T11:40:00.0000000+02:00,0.568,
2026-08-03T11:50:00.0000000+02:00,0.55,
2026-08-03T12:00:00.0000000+02:00,0.557,
2026-08-03T12:10:00.0000000+02:00,0.559,
2026-08-03T12:20:00.0000000+02:00,0.573,
2026-08-03T12:30:00.0000000+02:00,0.55,
2026-08-03T12:40:00.0000000+02:00,0.578,
2026-08-03T12:50:00.0000000+02:00,0.575,
2026-08-03T13:00:00.0000000+02:00,0.577,
2026-08-03T13:10:00.0000000+02:00,0.572,
2026-08-03T13:20:00.0000000+02:00,0.558,
2026-08-03T13:30:00.0000000+02:00,0.583,
2026-08-03T13:40:00.0000000+02:00,0.586,
2026-08-03T13:50:00.0000000+02:00,0.576,
2026-08-03T14:00:00.0000000+02:00,0.574,
2026-08-03T14:10:00.0000000+02:00,0.576,
2026-08-03T14:20:00.0000000+02:00,0.564,
2026-08-03T14:30:00.0000000+02:00,0.58,
2026-08-03T14:40:00.0000000+02:00,0.571,
2026-08-03T14:50:00.0000000+02:00,0.575,
2026-08-03T15:00:00.0000000+02:00,0.565,
2026-08-03T15:10:00.0000000+02:00,0.572,
2026-08-03T15:20:00.0000000+02:00,0.552,
2026-08-03T15:30:00.0000000+02:00,0.575,
2026-08-03T15:40:00.0000000+02:00,0.551,
2026-08-03T15:50:00.0000000+02:00,0.559,
2026-08-03T16:00:00.0000000+02:00,0.554,
2026-08-03T16:10:00.0000000+02:00,0.553,
2026-08-03T16:20:00.0000000+02:00,0.546,
2026-08-03T16:30:00.0000000+02:00,0.553,
2026-08-03T16:40:00.0000000+02:00,0.55,
2026-08-03T16:50:00.0000000+02:00,0.548,
2026-08-03T17:00:00.0000000+02:00,0.538,
2026-08-03T17:10:00.0000000+02:00,0.532,
2026-08-03T17:20:00.0000000+02:00,0.538,
2026-08-03T17:30:00.0000000+02:00,0.532,
2026-08-03T17:40:00.0000000+02:00,0.534,
2026-08-03T17:50:00.0000000+02:00,0.533,
2026-08-03T18:00:00.0000000+02:00,0.52,
2026-08-03T18:10:00.0000000+02:00,0.515,
2026-08-03T18:20:00.0000000+02:00,0.523,
2026-08-03T18:30:00.0000000+02:00,0.511,
2026-08-03T18:40:00.0000000+02:00,0.525,
2026-08-03T18:50:00.0000000+02:00,0.505,
2026-08-03T19:00:00.0000000+02:00,0.515,
2026-08-03T19:10:00.0000000+02:00,0.498,
2026-08-03T19:20:00.0000000+02:00,0.497,
2026-08-03T19:30:00.0000000+02:00,0.499,
2026-08-03T19:40:00.0000000+02:00,0.503,
2026-08-03T19:50:00.0000000+02:00,0.495,
2026-08-03T20:00:00.0000000+02:00,0.475,
2026-08-03T20:10:00.0000000+02:00,0.487,
2026-08-03T20:20:00.0000000+02:00,0.477,
2026-08-03T20:30:00.0000000+02:00,0.484,
2026-08-03T20:40:00.0000000+02:00,0.469,
2026-08-03T20:50:00.0000000+02:00,0.481,
2026-08-03T21:00:00.0000000+02:00,0.473,
2026-08-03T21:10:00.0000000+02:00,0.453,
2026-08-03T21:20:00.0000000+02:00,0.47,
2026-08-03T21:30:00.0000000+02:00,0.474,
2026-08-03T21:40:00.0000000+02:00,0.45,
2026-08-03T21:50:00.0000000+02:00,0.447,
2026-08-03T22:00:00.0000000+02:00,0.438,
2026-08-03T22:10:00.0000000+02:00,0.447,
2026-08-03T22:20:00.0000000+02:00,0.425,
2026-08-03T22:30:00.0000000+02:00,0.44,
2026-08-03T22:40:00.0000000+02:00,0.429,
2026-08-03T22:50:00.0000000+02:00,0.441,
2026-08-03T23:00:00.0000000+02:00,0.419,
2026-08-03T23:10:00.0000000+02:00,0.421,
2026-08-03T23:20:00.0000000+02:00,0.414,
2026-08-03T23:30:00.0000000+02:00,0.427,
2026-08-03T23:40:00.0000000+02:00,0.429,
2026-08-03T23:50:00.0000000+02:00,0.418,
2026-08-04T00:00:00.0000000+02:00,0.416,
2026-08-04T00:10:00.0000000+02:00,0.417,
2026-08-04T00:20:00.0000000+02:00,0.42,
2026-08-04T00:30:00.0000000+02:00,0.39,
2026-08-04T00:40:00.0000000+02:00,0.391,
2026-08-04T00:50:00.0000000+02:00,0.393,
2026-08-04T01:00:00.0000000+02:00,0.362,
2026-08-04T01:10:00.0000000+02:00,0.371,
2026-08-04T01:20:00.0000000+02:00,0.404,
2026-08-04T01:30:00.0000000+02:00,0.372,
2026-08-04T01:40:00.0000000+02:00,0.35,
2026-08-04T01:50:00.0000000+02:00,0.362,
2026-08-04T02:00:00.0000000+02:00,0.388,
2026-08-04T02:10:00.0000000+02:00,0.369,
2026-08-04T02:20:00.0000000+02:00,0.36,
2026-08-04T02:30:00.0000000+02:00,0.35,
2026-08-04T02:40:00.0000000+02:00,0.355,
2026-08-04T02:50:00.0000000+02:00,0.346,
2026-08-04T03:00:00.0000000+02:00,0.358,
2026-08-04T03:10:00.0000000+02:00,0.354,
2026-08-04T03:20:00.0000000+02:00,0.362,
2026-08-04T03:30:00.0000000+02:00,0.336,
2026-08-04T03:40:00.0000000+02:00,0.34,
2026-08-04T03:50:00.0000000+02:00,0.341,
2026-08-04T04:00:00.0000000+02:00,0.33,
2026-08-04T04:10:00.0000000+02:00,0.322,
2026-08-04T04:20:00.0000000+02:00,0.345,
2026-08-04T04:30:00.0000000+02:00,0.354,
2026-08-04T04:40:00.0000000+02:00,0.306,
2026-08-04T04:50:00.0000000+02:00,0.351,
2026-08-04T05:00:00.0000000+02:00,0.33,
2026-08-04T05:10:00.0000000+02:00,0.336,
2026-08-04T05:20:00.0000000+02:00,0.353,
2026-08-04T05:30:00.0000000+02:00,0.35,
2026-08-04T05:40:00.0000000+02:00,0.339,
2026-08-04T05:50:00.0000000+02:00,0.339,
2026-08-04T06:00:00.0000000+02:00,0.339,
2026-08-04T06:10:00.0000000+02:00,0.353,
2026-08-04T06:20:00.0000000+02:00,0.357,
2026-08-04T06:30:00.0000000+02:00,0.357,
2026-08-04T06:40:00.0000000+02:00,0.35,
2026-08-04T06:50:00.0000000+02:00,0.351,
2026-08-04T07:00:00.0000000+02:00,0.357,
2026-08-04T07:10:00.0000000+02:00,0.364,
2026-08-04T07:20:00.0000000+02:00,0.368,
2026-08-04T07:30:00.0000000+02:00,0.364,
2026-08-04T07:40:00.0000000+02:00,0.364,
2026-08-04T07:50:00.0000000+02:00,0.359,
2026-08-04T08:00:00.0000000+02:00,0.362,
2026-08-04T08:10:00.0000000+02:00,0.366,
2026-08-04T08:20:00.0000000+02:00,0.382,
2026-08-04T08:30:00.0000000+02:00,0.399,
2026-08-04T08:40:00.0000000+02:00,0.419,
2026-08-04T08:50:00.0000000+02:00,0.412,
2026-08-04T09:00:00.0000000+02:00,0.38,
2026-08-04T09:10:00.0000000+02:00,0.392,
2026-08-04T09:20:00.0000000+02:00,0.43,
2026-08-04T09:30:00.0000000+02:00,0.402,
2026-08-04T09:40:00.0000000+02:00,0.422,
2026-08-04T09:50:00.0000000+02:00,0.416,
2026-08-04T10:00:00.0000000+02:00,0.424,
2026-08-04T10:10:00.0000000+02:00,0.407,
2026-08-04T10:20:00.0000000+02:00,0.428,
2026-08-04T10:30:00.0000000+02:00,0.456,
2026-08-04T10:40:00.0000000+02:00,0.434,
2026-08-04T10:50:00.0000000+02:00,0.455,
2026-08-04T11:00:00.0000000+02:00,0.456,
2026-08-04T11:10:00.0000000+02:00,0.477,
2026-08-04T11:20:00.0000000+02:00,0.477,
2026-08-04T11:30:00.0000000+02:00,0.455,
2026-08-04T11:40:00.0000000+02:00,0.495,
2026-08-04T11:50:00.0000000+02:00,0.486,
2026-08-04T12:00:00.0000000+02:00,0.486,
2026-08-04T12:10:00.0000000+02:00,0.478,
2026-08-04T12:20:00.0000000+02:00,0.503,
2026-08-04T12:30:00.0000000+02:00,0.483,
2026-08-04T12:40:00.0000000+02:00,0.491,
2026-08-04T12:50:00.0000000+02:00,0.489,
2026-08-04T13:00:00.0000000+02:00,0.505,
2026-08-04T13:10:00.0000000+02:00,0.501,
2026-08-04T13:20:00.0000000+02:00,0.507,
2026-08-04T13:30:00.0000000+02:00,0.494,
2026-08-04T13:40:00.0000000+02:00,0.511,
2026-08-04T13:50:00.0000000+02:00,0.507,
2026-08-04T14:00:00.0000000+02:00,0.516,
2026-08-04T14:10:00.0000000+02:00,0.518,
2026-08-04T14:20:00.0000000+02:00,0.537,
2026-08-04T14:30:00.0000000+02:00,0.518,
2026-08-04T14:40:00.0000000+02:00,0.517,
2026-08-04T14:50:00.0000000+02:00,0.539,
2026-08-04T15:00:00.0000000+02:00,0.529,
2026-08-04T15:10:00.0000000+02:00,0.529,
2026-08-04T15:20:00.0000000+02:00,0.539,
2026-08-04T15:30:00.0000000+02:00,0.528,
2026-08-04T15:40:00.0000000+02:00,0.545,
2026-08-04T15:50:00.0000000+02:00,0.502,
2026-08-04T16:00:00.0000000+02:00,0.522,
2026-08-04T16:10:00.0000000+02:00,0.51,
2026-08-04T16:20:00.0000000+02:00,0.505,
2026-08-04T16:30:00.0000000+02:00,0.518,
2026-08-04T16:40:00.0000000+02:00,0.508,
2026-08-04T16:50:00.0000000+02:00,0.517,
2026-08-04T17:00:00.0000000+02:00,0.522,
2026-08-04T17:10:00.0000000+02:00,0.534,
2026-08-04T17:20:00.0000000+02:00,0.528,
2026-08-04T17:30:00.0000000+02:00,0.523,
2026-08-04T17:40:00.0000000+02:00,0.546,
2026-08-04T17:50:00.0000000+02:00,0.534,
2026-08-04T18:00:00.0000000+02:00,0.546,
2026-08-04T18:10:00.0000000+02:00,0.542,
2026-08-04T18:20:00.0000000+02:00,0.552,
2026-08-04T18:30:00.0000000+02:00,0.546,
2026-08-04T18:40:00.0000000+02:00,0.548,
2026-08-04T18:50:00.0000000+02:00,0.545,
2026-08-04T19:00:00.0000000+02:00,0.553,
2026-08-04T19:10:00.0000000+02:00,0.559,
2026-08-04T19:20:00.0000000+02:00,0.561,
2026-08-04T19:30:00.0000000+02:00,0.577,
2026-08-04T19:40:00.0000000+02:00,0.581,
2026-08-04T19:50:00.0000000+02:00,0.571,
2026-08-04T20:00:00.0000000+02:00,0.584,
2026-08-04T20:10:00.0000000+02:00,0.575,
2026-08-04T20:20:00.0000000+02:00,0.577,
2026-08-04T20:30:00.0000000+02:00,0.58,
2026-08-04T20:40:00.0000000+02:00,0.602,
2026-08-04T20:50:00.0000000+02:00,0.585,
2026-08-04T21:00:00.0000000+02:00,0.599,
2026-08-04T21:10:00.0000000+02:00,0.614,
2026-08-04T21:20:00.0000000+02:00,0.554,
2026-08-04T21:30:00.0000000+02:00,0.593,
2026-08-04T21:40:00.0000000+02:00,0.619,
2026-08-04T21:50:00.0000000+02:00,0.624,
2026-08-04T22:00:00.0000000+02:00,0.607,
2026-08-04T22:10:00.0000000+02:00,0.616,
2026-08-04T22:20:00.0000000+02:00,0.636,
2026-08-04T22:30:00.0000000+02:00,0.643,
2026-08-04T22:40:00.0000000+02:00,0.647,
2026-08-04T22:50:00.0000000+02:00,0.623,
2026-08-04T23:00:00.0000000+02:00,0.661,
2026-08-04T23:10:00.0000000+02:00,0.679,
2026-08-04T23:20:00.0000000+02:00,0.667,
2026-08-04T23:30:00.0000000+02:00,0.699,
2026-08-04T23:40:00.0000000+02:00,0.688,
2026-08-04T23:50:00.0000000+02:00,0.704,
2026-08-05T00:00:00.0000000+02:00,0.72,
2026-08-05T00:10:00.0000000+02:00,0.738,
2026-08-05T00:20:00.0000000+02:00,0.751,
2026-08-05T00:30:00.0000000+02:00,0.746,
2026-08-05T00:40:00.0000000+02:00,0.76,
2026-08-05T00:50:00.0000000+02:00,0.753,
2026-08-05T01:00:00.0000000+02:00,0.788,
2026-08-05T01:10:00.0000000+02:00,0.783,
2026-08-05T01:20:00.0000000+02:00,0.795,
2026-08-05T01:30:00.0000000+02:00,0.803,
2026-08-05T01:40:00.0000000+02:00,0.801,
2026-08-05T01:50:00.0000000+02:00,0.831,
2026-08-05T02:00:00.0000000+02:00,0.837,
2026-08-05T02:10:00.0000000+02:00,0.83,
2026-08-05T02:20:00.0000000+02:00,0.845,
2026-08-05T02:30:00.0000000+02:00,0.853,
2026-08-05T02:40:00.0000000+02:00,0.852,
2026-08-05T02:50:00.0000000+02:00,0.862,
2026-08-05T03:00:00.0000000+02:00,0.868,
2026-08-05T03:10:00.0000000+02:00,0.871,
2026-08-05T03:20:00.0000000+02:00,0.88,
2026-08-05T03:30:00.0000000+02:00,0.882,
2026-08-05T03:40:00.0000000+02:00,0.89,
2026-08-05T03:50:00.0000000+02:00,0.888,
2026-08-05T04:00:00.0000000+02:00,0.898,
2026-08-05T04:10:00.0000000+02:00,0.905,
2026-08-05T04:20:00.0000000+02:00,0.902,
2026-08-05T04:30:00.0000000+02:00,0.905,
2026-08-05T04:40:00.0000000+02:00,0.909,
2026-08-05T04:50:00.0000000+02:00,0.917,
2026-08-05T05:00:00.0000000+02:00,0.912,
2026-08-05T05:10:00.0000000+02:00,0.915,
2026-08-05T05:20:00.0000000+02:00,0.916,
2026-08-05T05:30:00.0000000+02:00,0.918,
2026-08-05T05:40:00.0000000+02:00,0.918,
2026-08-05T05:50:00.0000000+02:00,0.929,
2026-08-05T06:00:00.0000000+02:00,0.927,
2026-08-05T06:10:00.0000000+02:00,0.929,
2026-08-05T06:20:00.0000000+02:00,0.926,
2026-08-05T06:30:00.0000000+02:00,0.917,
2026-08-05T06:40:00.0000000+02:00,0.918,
2026-08-05T06:50:00.0000000+02:00,0.927,
2026-08-05T07:00:00.0000000+02:00,0.927,
2026-08-05T07:10:00.0000000+02:00,0.925,
2026-08-05T07:20:00.0000000+02:00,0.918,
2026-08-05T07:30:00.0000000+02:00,0.912,
2026-08-05T07:40:00.0000000+02:00,0.921,
2026-08-05T07:50:00.0000000+02:00,0.929,
2026-08-05T08:00:00.0000000+02:00,0.921,
2026-08-05T08:10:00.0000000+02:00,0.914,
2026-08-05T08:20:00.0000000+02:00,0.895,
2026-08-05T08:30:00.0000000+02:00,0.909,
2026-08-05T08:40:00.0000000+02:00,0.913,
2026-08-05T08:50:00.0000000+02:00,0.908,
2026-08-05T09:00:00.0000000+02:00,0.888,
2026-08-05T09:10:00.0000000+02:00,0.898,
2026-08-05T09:20:00.0000000+02:00,0.894,
2026-08-05T09:30:00.0000000+02:00,0.899,
2026-08-05T09:40:00.0000000+02:00,0.904,
2026-08-05T09:50:00.0000000+02:00,0.899,
2026-08-05T10:00:00.0000000+02:00,0.894,
2026-08-05T10:10:00.0000000+02:00,0.903,
2026-08-05T10:20:00.0000000+02:00,0.896,
2026-08-05T10:30:00.0000000+02:00,0.886,
2026-08-05T10:40:00.0000000+02:00,0.893,
2026-08-05T10:50:00.0000000+02:00,0.885,
2026-08-05T11:00:00.0000000+02:00,0.882,
2026-08-05T11:10:00.0000000+02:00,0.889,
2026-08-05T11:20:00.0000000+02:00,0.883,
2026-08-05T11:30:00.0000000+02:00,0.871,
2026-08-05T11:40:00.0000000+02:00,0.875,
2026-08-05T11:50:00.0000000+02:00,0.853,
2026-08-05T12:00:00.0000000+02:00,0.862,
2026-08-05T12:10:00.0000000+02:00,0.84,
2026-08-05T12:20:00.0000000+02:00,0.849,
2026-08-05T12:30:00.0000000+02:00,0.851,
2026-08-05T12:40:00.0000000+02:00,0.823,
2026-08-05T12:50:00.0000000+02:00,0.831,
2026-08-05T13:00:00.0000000+02:00,0.833,
2026-08-05T13:10:00.0000000+02:00,0.827,
2026-08-05T13:20:00.0000000+02:00,0.806,
2026-08-05T13:30:00.0000000+02:00,0.817,
2026-08-05T13:40:00.0000000+02:00,0.789,
2026-08-05T13:50:00.0000000+02:00,0.788,
2026-08-05T14:00:00.0000000+02:00,0.792,
2026-08-05T14:10:00.0000000+02:00,0.79,
2026-08-05T14:20:00.0000000+02:00,0.791,
2026-08-05T14:30:00.0000000+02:00,0.763,
2026-08-05T14:40:00.0000000+02:00,0.778,
2026-08-05T14:50:00.0000000+02:00,0.769,
2026-08-05T15:00:00.0000000+02:00,0.764,
2026-08-05T15:10:00.0000000+02:00,0.73,
2026-08-05T15:20:00.0000000+02:00,0.733,
2026-08-05T15:30:00.0000000+02:00,0.725,
2026-08-05T15:40:00.0000000+02:00,0.728,
2026-08-05T15:50:00.0000000+02:00,0.712,
2026-08-05T16:00:00.0000000+02:00,0.712,
2026-08-05T16:10:00.0000000+02:00,0.705,
2026-08-05T16:20:00.0000000+02:00,0.685,
2026-08-05T16:30:00.0000000+02:00,0.698,
2026-08-05T16:40:00.0000000+02:00,0.684,
2026-08-05T16:50:00.0000000+02:00,0.689,
2026-08-05T17:00:00.0000000+02:00,0.687,
2026-08-05T17:10:00.0000000+02:00,0.67,
2026-08-05T17:20:00.0000000+02:00,0.655,
2026-08-05T17:30:00.0000000+02:00,0.67,
2026-08-05T17:40:00.0000000+02:00,0.661,
2026-08-05T17:50:00.0000000+02:00,0.639,
2026-08-05T18:00:00.0000000+02:00,0.663,
2026-08-05T18:10:00.0000000+02:00,0.649,
2026-08-05T18:20:00.0000000+02:00,0.637,
2026-08-05T18:30:00.0000000+02:00,0.629,
2026-08-05T18:40:00.0000000+02:00,0.633,
2026-08-05T18:50:00.0000000+02:00,0.628,
2026-08-05T19:00:00.0000000+02:00,0.622,
2026-08-05T19:10:00.0000000+02:00,0.612,
2026-08-05T19:20:00.0000000+02:00,0.605,
2026-08-05T19:30:00.0000000+02:00,0.596,
2026-08-05T19:40:00.0000000+02:00,0.6,
2026-08-05T19:50:00.0000000+02:00,0.602,
2026-08-05T20:00:00.0000000+02:00,0.591,
2026-08-05T20:10:00.0000000+02:00,0.59,
2026-08-05T20:20:00.0000000+02:00,0.601,
2026-08-05T20:30:00.0000000+02:00,0.579,
2026-08-05T20:40:00.0000000+02:00,0.566,
2026-08-05T20:50:00.0000000+02:00,0.564,
2026-08-05T21:00:00.0000000+02:00,0.558,
2026-08-05T21:10:00.0000000+02:00,0.571,
2026-08-05T21:20:00.0000000+02:00,0.557,
2026-08-05T21:30:00.0000000+02:00,0.553,
2026-08-05T21:40:00.0000000+02:00,0.536,
2026-08-05T21:50:00.0000000+02:00,0.548,
2026-08-05T22:00:00.0000000+02:00,0.528,
2026-08-05T22:10:00.0000000+02:00,0.531,
2026-08-05T22:20:00.0000000+02:00,0.527,
2026-08-05T22:30:00.0000000+02:00,0.532,
2026-08-05T22:40:00.0000000+02:00,0.491,
2026-08-05T22:50:00.0000000+02:00,0.51,
2026-08-05T23:00:00.0000000+02:00,0.513,
2026-08-05T23:10:00.0000000+02:00,0.507,
2026-08-05T23:20:00.0000000+02:00,0.511,
2026-08-05T23:30:00.0000000+02:00,0.507,
2026-08-05T23:40:00.0000000+02:00,0.498,
2026-08-05T23:50:00.0000000+02:00,0.489,
2026-08-06T00:00:00.0000000+02:00,0.5,
2026-08-06T00:10:00.0000000+02:00,0.482,
2026-08-06T00:20:00.0000000+02:00,0.491,
2026-08-06T00:30:00.0000000+02:00,0.485,
2026-08-06T00:40:00.0000000+02:00,0.474,
2026-08-06T00:50:00.0000000+02:00,0.475,
2026-08-06T01:00:00.0000000+02:00,0.47,
2026-08-06T01:10:00.0000000+02:00,0.485,
2026-08-06T01:20:00.0000000+02:00,0.475,
2026-08-06T01:30:00.0000000+02:00,0.465,
2026-08-06T01:40:00.0000000+02:00,0.465,
2026-08-06T01:50:00.0000000+02:00,0.466,
2026-08-06T02:00:00.0000000+02:00,0.472,
2026-08-06T02:10:00.0000000+02:00,0.453,
2026-08-06T02:20:00.0000000+02:00,0.468,
2026-08-06T02:30:00.0000000+02:00,0.455,
2026-08-06T02:40:00.0000000+02:00,0.469,
2026-08-06T02:50:00.0000000+02:00,0.475,
2026-08-06T03:00:00.0000000+02:00,0.464,
2026-08-06T03:10:00.0000000+02:00,0.47,
2026-08-06T03:20:00.0000000+02:00,0.459,
2026-08-06T03:30:00.0000000+02:00,0.471,
2026-08-06T03:40:00.0000000+02:00,0.482,
2026-08-06T03:50:00.0000000+02:00,0.484,
2026-08-06T04:00:00.0000000+02:00,0.484,
2026-08-06T04:10:00.0000000+02:00,0.485,
2026-08-06T04:20:00.0000000+02:00,0.484,
2026-08-06T04:30:00.0000000+02:00,0.497,
2026-08-06T04:40:00.0000000+02:00,0.483,
2026-08-06T04:50:00.0000000+02:00,0.505,
2026-08-06T05:00:00.0000000+02:00,0.484,
2026-08-06T05:10:00.0000000+02:00,0.501,
2026-08-06T05:20:00.0000000+02:00,0.524,
2026-08-06T05:30:00.0000000+02:00,0.489,
2026-08-06T05:40:00.0000000+02:00,0.519,
2026-08-06T05:50:00.0000000+02:00,0.537,
2026-08-06T06:00:00.0000000+02:00,0.531,
2026-08-06T06:10:00.0000000+02:00,0.531,
2026-08-06T06:20:00.0000000+02:00,0.538,
2026-08-06T06:30:00.0000000+02:00,0.555,
2026-08-06T06:40:00.0000000+02:00,0.563,
2026-08-06T06:50:00.0000000+02:00,0.562,
2026-08-06T07:00:00.0000000+02:00,0.572,
2026-08-06T07:10:00.0000000+02:00,0.585,
2026-08-06T07:20:00.0000000+02:00,0.599,
2026-08-06T07:30:00.0000000+02:00,0.597,
2026-08-06T07:40:00.0000000+02:00,0.579,
2026-08-06T07:50:00.0000000+02:00,0.593,
2026-08-06T08:00:00.0000000+02:00,0.6,
2026-08-06T08:10:00.0000000+02:00,0.607,
2026-08-06T08:20:00.0000000+02:00,0.609,
2026-08-06T08:30:00.0000000+02:00,0.612,
2026-08-06T08:40:00.0000000+02:00,0.62,
2026-08-06T08:50:00.0000000+02:00,0.629,
2026-08-06T09:00:00.0000000+02:00,0.62,
2026-08-06T09:10:00.0000000+02:00,0.618,
2026-08-06T09:20:00.0000000+02:00,0.614,
2026-08-06T09:30:00.0000000+02:00,0.648,
2026-08-06T09:40:00.0000000+02:00,0.646,
2026-08-06T09:50:00.0000000+02:00,0.64,
2026-08-06T10:00:00.0000000+02:00,0.647,
2026-08-06T10:10:00.0000000+02:00,0.635,
2026-08-06T10:20:00.0000000+02:00,0.647,
2026-08-06T10:30:00.0000000+02:00,0.656,
2026-08-06T10:40:00.0000000+02:00,0.637,
2026-08-06T10:50:00.0000000+02:00,0.663,
2026-08-06T11:00:00.0000000+02:00,0.642,
2026-08-06T11:10:00.0000000+02:00,0.663,
2026-08-06T11:20:00.0000000+02:00,0.661,
2026-08-06T11:30:00.0000000+02:00,0.664,
2026-08-06T11:40:00.0000000+02:00,0.653,
2026-08-06T11:50:00.0000000+02:00,0.667,
2026-08-06T12:00:00.0000000+02:00,0.66,
2026-08-06T12:10:00.0000000+02:00,0.678,
2026-08-06T12:20:00.0000000+02:00,0.674,
2026-08-06T12:30:00.0000000+02:00,0.689,
2026-08-06T12:40:00.0000000+02:00,0.679,
2026-08-06T12:50:00.0000000+02:00,0.675,
2026-08-06T13:00:00.0000000+02:00,0.663,
2026-08-06T13:10:00.0000000+02:00,0.671,
2026-08-06T13:20:00.0000000+02:00,0.691,
2026-08-06T13:30:00.0000000+02:00,0.706,
2026-08-06T13:40:00.0000000+02:00,0.7,
2026-08-06T13:50:00.0000000+02:00,0.692,
2026-08-06T14:00:00.0000000+02:00,0.697,
2026-08-06T14:10:00.0000000+02:00,0.647,
2026-08-06T14:20:00.0000000+02:00,0.667,
2026-08-06T14:30:00.0000000+02:00,0.672,
2026-08-06T14:40:00.0000000+02:00,0.702,
2026-08-06T14:50:00.0000000+02:00,0.668,
2026-08-06T15:00:00.0000000+02:00,0.67,
2026-08-06T15:10:00.0000000+02:00,0.662,
2026-08-06T15:20:00.0000000+02:00,0.669,
2026-08-06T15:30:00.0000000+02:00,0.681,
2026-08-06T15:40:00.0000000+02:00,0.657,
2026-08-06T15:50:00.0000000+02:00,0.659,
2026-08-06T16:00:00.0000000+02:00,0.652,
2026-08-06T16:10:00.0000000+02:00,0.629,
2026-08-06T16:20:00.0000000+02:00,0.647,
2026-08-06T16:30:00.0000000+02:00,0.643,
2026-08-06T16:40:00.0000000+02:00,0.643,
2026-08-06T16:50:00.0000000+02:00,0.662,
2026-08-06T17:00:00.0000000+02:00,0.657,
2026-08-06T17:10:00.0000000+02:00,0.637,
2026-08-06T17:20:00.0000000+02:00,0.642,
2026-08-06T17:30:00.0000000+02:00,0.65,
2026-08-06T17:40:00.0000000+02:00,0.647,
2026-08-06T17:50:00.0000000+02:00,0.64,
2026-08-06T18:00:00.0000000+02:00,0.635,
2026-08-06T18:10:00.0000000+02:00,0.64,
2026-08-06T18:20:00.0000000+02:00,0.635,
2026-08-06T18:30:00.0000000+02:00,0.63,
2026-08-06T18:40:00.0000000+02:00,0.619,
2026-08-06T18:50:00.0000000+02:00,0.621,
2026-08-06T19:00:00.0000000+02:00,0.618,
2026-08-06T19:10:00.0000000+02:00,0.621,
2026-08-06T19:20:00.0000000+02:00,0.614,
2026-08-06T19:30:00.0000000+02:00,0.607,
2026-08-06T19:40:00.0000000+02:00,0.604,
2026-08-06T19:50:00.0000000+02:00,0.605,
2026-08-06T20:00:00.0000000+02:00,0.598,
2026-08-06T20:10:00.0000000+02:00,0.604,
2026-08-06T20:20:00.0000000+02:00,0.596,
2026-08-06T20:30:00.0000000+02:00,0.592,
2026-08-06T20:40:00.0000000+02:00,0.587,
2026-08-06T20:50:00.0000000+02:00,0.581,
2026-08-06T21:00:00.0000000+02:00,0.595,
2026-08-06T21:10:00.0000000+02:00,0.58,
2026-08-06T21:20:00.0000000+02:00,0.582,
2026-08-06T21:30:00.0000000+02:00,0.569,
2026-08-06T21:40:00.0000000+02:00,0.568,
2026-08-06T21:50:00.0000000+02:00,0.572,
2026-08-06T22:00:00.0000000+02:00,0.562,
2026-08-06T22:10:00.0000000+02:00,0.561,
2026-08-06T22:20:00.0000000+02:00,0.559,
2026-08-06T22:30:00.0000000+02:00,0.562,
2026-08-06T22:40:00.0000000+02:00,0.564,
2026-08-06T22:50:00.0000000+02:00,0.563,
2026-08-06T23:00:00.0000000+02:00,0.548,
2026-08-06T23:10:00.0000000+02:00,0.564,
2026-08-06T23:20:00.0000000+02:00,0.544,
2026-08-06T23:30:00.0000000+02:00,0.554,
2026-08-06T23:40:00.0000000+02:00,0.549,
2026-08-06T23:50:00.0000000+02:00,0.528,
2026-08-07T00:00:00.0000000+02:00,0.545,
2026-08-07T00:10:00.0000000+02:00,0.526,
2026-08-07T00:20:00.0000000+02:00,0.542,
2026-08-07T00:30:00.0000000+02:00,0.531,
2026-08-07T00:40:00.0000000+02:00,0.527,
2026-08-07T00:50:00.0000000+02:00,0.527,
2026-08-07T01:00:00.0000000+02:00,0.534,
2026-08-07T01:10:00.0000000+02:00,0.523,
2026-08-07T01:20:00.0000000+02:00,0.515,
2026-08-07T01:30:00.0000000+02:00,0.519,
2026-08-07T01:40:00.0000000+02:00,0.516,
2026-08-07T01:50:00.0000000+02:00,0.523,
2026-08-07T02:00:00.0000000+02:00,0.496,
2026-08-07T02:10:00.0000000+02:00,0.512,
2026-08-07T02:20:00.0000000+02:00,0.514,
2026-08-07T02:30:00.0000000+02:00,0.506,
2026-08-07T02:40:00.0000000+02:00,0.499,
2026-08-07T02:50:00.0000000+02:00,0.517,
2026-08-07T03:00:00.0000000+02:00,0.52,
2026-08-07T03:10:00.0000000+02:00,0.524,
2026-08-07T03:20:00.0000000+02:00,0.507,
2026-08-07T03:30:00.0000000+02:00,0.495,
2026-08-07T03:40:00.0000000+02:00,0.517,
2026-08-07T03:50:00.0000000+02:00,0.537,
2026-08-07T04:00:00.0000000+02:00,0.533,
2026-08-07T04:10:00.0000000+02:00,0.535,
2026-08-07T04:20:00.0000000+02:00,0.546,
2026-08-07T04:30:00.0000000+02:00,0.531,
2026-08-07T04:40:00.0000000+02:00,0.551,
2026-08-07T04:50:00.0000000+02:00,0.554,
2026-08-07T05:00:00.0000000+02:00,0.562,
2026-08-07T05:10:00.0000000+02:00,0.553,
2026-08-07T05:20:00.0000000+02:00,0.541,
2026-08-07T05:30:00.0000000+02:00,0.563,
2026-08-07T05:40:00.0000000+02:00,0.564,
2026-08-07T05:50:00.0000000+02:00,0.567,
2026-08-07T06:00:00.0000000+02:00,0.564,
2026-08-07T06:10:00.0000000+02:00,0.571,
2026-08-07T06:20:00.0000000+02:00,0.579,
2026-08-07T06:30:00.0000000+02:00,0.588,
2026-08-07T06:40:00.0000000+02:00,0.573,
2026-08-07T06:50:00.0000000+02:00,0.586,
2026-08-07T07:00:00.0000000+02:00,0.603,
2026-08-07T07:10:00.0000000+02:00,0.604,
2026-08-07T07:20:00.0000000+02:00,0.612,
2026-08-07T07:30:00.0000000+02:00,0.612,
2026-08-07T07:40:00.0000000+02:00,0.628,
2026-08-07T07:50:00.0000000+02:00,0.609,
2026-08-07T08:00:00.0000000+02:00,0.62,
2026-08-07T08:10:00.0000000+02:00,0.62,
2026-08-07T08:20:00.0000000+02:00,0.633,
2026-08-07T08:30:00.0000000+02:00,0.634,
2026-08-07T08:40:00.0000000+02:00,0.644,
2026-08-07T08:50:00.0000000+02:00,0.647,
2026-08-07T09:00:00.0000000+02:00,0.632,
2026-08-07T09:10:00.0000000+02:00,0.635,
2026-08-07T09:20:00.0000000+02:00,0.636,
2026-08-07T09:30:00.0000000+02:00,0.619,
2026-08-07T09:40:00.0000000+02:00,0.632,
2026-08-07T09:50:00.0000000+02:00,0.637,
2026-08-07T10:00:00.0000000+02:00,0.645,
2026-08-07T10:10:00.0000000+02:00,0.636,
2026-08-07T10:20:00.0000000+02:00,0.646,
2026-08-07T10:30:00.0000000+02:00,0.639,
2026-08-07T10:40:00.0000000+02:00,0.656,
2026-08-07T10:50:00.0000000+02:00,0.65,
2026-08-07T11:00:00.0000000+02:00,0.685,
2026-08-07T11:10:00.0000000+02:00,0.688,
2026-08-07T11:20:00.0000000+02:00,0.687,
2026-08-07T11:30:00.0000000+02:00,0.696,
2026-08-07T11:40:00.0000000+02:00,0.675,
2026-08-07T11:50:00.0000000+02:00,0.663,
2026-08-07T12:00:00.0000000+02:00,0.662,
2026-08-07T12:10:00.0000000+02:00,0.691,
2026-08-07T12:20:00.0000000+02:00,0.689,
2026-08-07T12:30:00.0000000+02:00,0.667,
2026-08-07T12:40:00.0000000+02:00,0.657,
2026-08-07T12:50:00.0000000+02:00,0.683,
2026-08-07T13:00:00.0000000+02:00,0.708,
2026-08-07T13:10:00.0000000+02:00,0.679,
2026-08-07T13:20:00.0000000+02:00,0.692,
2026-08-07T13:30:00.0000000+02:00,0.686,
2026-08-07T13:40:00.0000000+02:00,0.701,
2026-08-07T13:50:00.0000000+02:00,0.66,
2026-08-07T14:00:00.0000000+02:00,0.674,
2026-08-07T14:10:00.0000000+02:00,0.687,
2026-08-07T14:20:00.0000000+02:00,0.69,
2026-08-07T14:30:00.0000000+02:00,0.661,
2026-08-07T14:40:00.0000000+02:00,0.679,
2026-08-07T14:50:00.0000000+02:00,0.658,
2026-08-07T15:00:00.0000000+02:00,0.651,
2026-08-07T15:10:00.0000000+02:00,0.657,
2026-08-07T15:20:00.0000000+02:00,0.647,
2026-08-07T15:30:00.0000000+02:00,0.644,
2026-08-07T15:40:00.0000000+02:00,0.637,
2026-08-07T15:50:00.0000000+02:00,0.641,
2026-08-07T16:00:00.0000000+02:00,0.623,
2026-08-07T16:10:00.0000000+02:00,0.653,
2026-08-07T16:20:00.0000000+02:00,0.632,
2026-08-07T16:30:00.0000000+02:00,0.622,
2026-08-07T16:40:00.0000000+02:00,0.636,
2026-08-07T16:50:00.0000000+02:00,0.632,
2026-08-07T17:00:00.0000000+02:00,0.623,
2026-08-07T17:10:00.0000000+02:00,0.631,
2026-08-07T17:20:00.0000000+02:00,0.624,
2026-08-07T17:30:00.0000000+02:00,0.623,
2026-08-07T17:40:00.0000000+02:00,0.62,
2026-08-07T17:50:00.0000000+02:00,0.619,
2026-08-07T18:00:00.0000000+02:00,0.636,
2026-08-07T18:10:00.0000000+02:00,0.608,
2026-08-07T18:20:00.0000000+02:00,0.602,
2026-08-07T18:30:00.0000000+02:00,0.586,
2026-08-07T18:40:00.0000000+02:00,0.605,
2026-08-07T18:50:00.0000000+02:00,0.595,
2026-08-07T19:00:00.0000000+02:00,0.596,
2026-08-07T19:10:00.0000000+02:00,0.582,
2026-08-07T19:20:00.0000000+02:00,0.595,
2026-08-07T19:30:00.0000000+02:00,0.591,
2026-08-07T19:40:00.0000000+02:00,0.58,
2026-08-07T19:50:00.0000000+02:00,0.578,
2026-08-07T20:00:00.0000000+02:00,0.572,
2026-08-07T20:10:00.0000000+02:00,0.578,
2026-08-07T20:20:00.0000000+02:00,0.57,
2026-08-07T20:30:00.0000000+02:00,0.56,
2026-08-07T20:40:00.0000000+02:00,0.567,
2026-08-07T20:50:00.0000000+02:00,0.548,
2026-08-07T21:00:00.0000000+02:00,0.546,
2026-08-07T21:10:00.0000000+02:00,0.528,
2026-08-07T21:20:00.0000000+02:00,0.534,
2026-08-07T21:30:00.0000000+02:00,0.52,
2026-08-07T21:40:00.0000000+02:00,0.539,
2026-08-07T21:50:00.0000000+02:00,0.538,
2026-08-07T22:00:00.0000000+02:00,0.528,
2026-08-07T22:10:00.0000000+02:00,0.505,
2026-08-07T22:20:00.0000000+02:00,0.49,
2026-08-07T22:30:00.0000000+02:00,0.512,
2026-08-07T22:40:00.0000000+02:00,0.505,
2026-08-07T22:50:00.0000000+02:00,0.508,
2026-08-07T23:00:00.0000000+02:00,0.512,
2026-08-07T23:10:00.0000000+02:00,0.493,
2026-08-07T23:20:00.0000000+02:00,0.489,
2026-08-07T23:30:00.0000000+02:00,0.471,
2026-08-07T23:40:00.0000000+02:00,0.48,
2026-08-07T23:50:00.0000000+02:00,0.486,
2026-08-08T00:00:00.0000000+02:00,0.462,
2026-08-08T00:10:00.0000000+02:00,0.471,
2026-08-08T00:20:00.0000000+02:00,0.48,
2026-08-08T00:30:00.0000000+02:00,0.462,
2026-08-08T00:40:00.0000000+02:00,0.456,
2026-08-08T00:50:00.0000000+02:00,0.454,
2026-08-08T01:00:00.0000000+02:00,0.453,
2026-08-08T01:10:00.0000000+02:00,0.438,
2026-08-08T01:20:00.0000000+02:00,0.438,
2026-08-08T01:30:00.0000000+02:00,0.426,
2026-08-08T01:40:00.0000000+02:00,0.444,
2026-08-08T01:50:00.0000000+02:00,0.435,
2026-08-08T02:00:00.0000000+02:00,0.428,
2026-08-08T02:10:00.0000000+02:00,0.41,
2026-08-08T02:20:00.0000000+02:00,0.421,
2026-08-08T02:30:00.0000000+02:00,0.42,
2026-08-08T02:40:00.0000000+02:00,0.421,
2026-08-08T02:50:00.0000000+02:00,0.409,
2026-08-08T03:00:00.0000000+02:00,0.414,
2026-08-08T03:10:00.0000000+02:00,0.407,
2026-08-08T03:20:00.0000000+02:00,0.414,
2026-08-08T03:30:00.0000000+02:00,0.42,
2026-08-08T03:40:00.0000000+02:00,0.395,
2026-08-08T03:50:00.0000000+02:00,0.39,
2026-08-08T04:00:00.0000000+02:00,0.402,
2026-08-08T04:10:00.0000000+02:00,0.409,
2026-08-08T04:20:00.0000000+02:00,0.385,
2026-08-08T04:30:00.0000000+02:00,0.397,
2026-08-08T04:40:00.0000000+02:00,0.392,
2026-08-08T04:50:00.0000000+02:00,0.39,
2026-08-08T05:00:00.0000000+02:00,0.408,
2026-08-08T05:10:00.0000000+02:00,0.413,
2026-08-08T05:20:00.0000000+02:00,0.404,
2026-08-08T05:30:00.0000000+02:00,0.406,
2026-08-08T05:40:00.0000000+02:00,0.395,
2026-08-08T05:50:00.0000000+02:00,0.413,
2026-08-08T06:00:00.0000000+02:00,0.399,
2026-08-08T06:10:00.0000000+02:00,0.423,
2026-08-08T06:20:00.0000000+02:00,0.411,
2026-08-08T06:30:00.0000000+02:00,0.41,
2026-08-08T06:40:00.0000000+02:00,0.423,
2026-08-08T06:50:00.0000000+02:00,0.426,
2026-08-08T07:00:00.0000000+02:00,0.432,
2026-08-08T07:10:00.0000000+02:00,0.453,
2026-08-08T07:20:00.0000000+02:00,0.429,
2026-08-08T07:30:00.0000000+02:00,0.446,
2026-08-08T07:40:00.0000000+02:00,0.433,
2026-08-08T07:50:00.0000000+02:00,0.434,
2026-08-08T08:00:00.0000000+02:00,0.433,
2026-08-08T08:10:00.0000000+02:00,0.448,
2026-08-08T08:20:00.0000000+02:00,0.468,
2026-08-08T08:30:00.0000000+02:00,0.451,
2026-08-08T08:40:00.0000000+02:00,0.463,
2026-08-08T08:50:00.0000000+02:00,0.479,
2026-08-08T09:00:00.0000000+02:00,0.479,
2026-08-08T09:10:00.0000000+02:00,0.45,
2026-08-08T09:20:00.0000000+02:00,0.468,
2026-08-08T09:30:00.0000000+02:00,0.472,
2026-08-08T09:40:00.0000000+02:00,0.499,
2026-08-08T09:50:00.0000000+02:00,0.479,
2026-08-08T10:00:00.0000000+02:00,0.472,
2026-08-08T10:10:00.0000000+02:00,0.496,
2026-08-08T10:20:00.0000000+02:00,0.497,
2026-08-08T10:30:00.0000000+02:00,0.507,
2026-08-08T10:40:00.0000000+02:00,0.517,
2026-08-08T10:50:00.0000000+02:00,0.495,
2026-08-08T11:00:00.0000000+02:00,0.491,
2026-08-08T11:10:00.0000000+02:00,0.5,
2026-08-08T11:20:00.0000000+02:00,0.515,
2026-08-08T11:30:00.0000000+02:00,0.527,
2026-08-08T11:40:00.0000000+02:00,0.501,
2026-08-08T11:50:00.0000000+02:00,0.534,
2026-08-08T12:00:00.0000000+02:00,0.526,
2026-08-08T12:10:00.0000000+02:00,0.535,
2026-08-08T12:20:00.0000000+02:00,0.545,
2026-08-08T12:30:00.0000000+02:00,0.536,
2026-08-08T12:40:00.0000000+02:00,0.538,
2026-08-08T12:50:00.0000000+02:00,0.552,
2026-08-08T13:00:00.0000000+02:00,0.565,
2026-08-08T13:10:00.0000000+02:00,0.555,
2026-08-08T13:20:00.0000000+02:00,0.564,
2026-08-08T13:30:00.0000000+02:00,0.566,
2026-08-08T13:40:00.0000000+02:00,0.546,
2026-08-08T13:50:00.0000000+02:00,0.575,
2026-08-08T14:00:00.0000000+02:00,0.581,
2026-08-08T14:10:00.0000000+02:00,0.558,
2026-08-08T14:20:00.0000000+02:00,0.579,
2026-08-08T14:30:00.0000000+02:00,0.56,
2026-08-08T14:40:00.0000000+02:00,0.576,
2026-08-08T14:50:00.0000000+02:00,0.565,
2026-08-08T15:00:00.0000000+02:00,0.572,
2026-08-08T15:10:00.0000000+02:00,0.58,
2026-08-08T15:20:00.0000000+02:00,0.572,
2026-08-08T15:30:00.0000000+02:00,0.58,
2026-08-08T15:40:00.0000000+02:00,0.544,
2026-08-08T15:50:00.0000000+02:00,0.569,
2026-08-08T16:00:00.0000000+02:00,0.561,
2026-08-08T16:10:00.0000000+02:00,0.545,
2026-08-08T16:20:00.0000000+02:00,0.565,
2026-08-08T16:30:00.0000000+02:00,0.563,
2026-08-08T16:40:00.0000000+02:00,0.551,
2026-08-08T16:50:00.0000000+02:00,0.555,
2026-08-08T17:00:00.0000000+02:00,0.561,
2026-08-08T17:10:00.0000000+02:00,0.565,
2026-08-08T17:20:00.0000000+02:00,0.565,
2026-08-08T17:30:00.0000000+02:00,0.56,
2026-08-08T17:40:00.0000000+02:00,0.541,
2026-08-08T17:50:00.0000000+02:00,0.553,
2026-08-08T18:00:00.0000000+02:00,0.539,
2026-08-08T18:10:00.0000000+02:00,0.562,
2026-08-08T18:20:00.0000000+02:00,0.533,
2026-08-08T18:30:00.0000000+02:00,0.549,
2026-08-08T18:40:00.0000000+02:00,0.545,
2026-08-08T18:50:00.0000000+02:00,0.533,
2026-08-08T19:00:00.0000000+02:00,0.541,
2026-08-08T19:10:00.0000000+02:00,0.522,
2026-08-08T19:20:00.0000000+02:00,0.53,
2026-08-08T19:30:00.0000000+02:00,0.521,
2026-08-08T19:40:00.0000000+02:00,0.529,
2026-08-08T19:50:00.0000000+02:00,0.514,
2026-08-08T20:00:00.0000000+02:00,0.505,
2026-08-08T20:10:00.0000000+02:00,0.514,
2026-08-08T20:20:00.0000000+02:00,0.505,
2026-08-08T20:30:00.0000000+02:00,0.507,
2026-08-08T20:40:00.0000000+02:00,0.492,
2026-08-08T20:50:00.0000000+02:00,0.493,
2026-08-08T21:00:00.0000000+02:00,0.475,
2026-08-08T21:10:00.0000000+02:00,0.494,
2026-08-08T21:20:00.0000000+02:00,0.488,
2026-08-08T21:30:00.0000000+02:00,0.48,
2026-08-08T21:40:00.0000000+02:00,0.49,
2026-08-08T21:50:00.0000000+02:00,0.479,
2026-08-08T22:00:00.0000000+02:00,0.474,
2026-08-08T22:10:00.0000000+02:00,0.473,
2026-08-08T22:20:00.0000000+02:00,0.481,
2026-08-08T22:30:00.0000000+02:00,0.472,
2026-08-08T22:40:00.0000000+02:00,0.482,
2026-08-08T22:50:00.0000000+02:00,0.494,
2026-08-08T23:00:00.0000000+02:00,0.481,
2026-08-08T23:10:00.0000000+02:00,0.468,
2026-08-08T23:20:00.0000000+02:00,0.464,
2026-08-08T23:30:00.0000000+02:00,0.472,
2026-08-08T23:40:00.0000000+02:00,0.482,
2026-08-08T23:50:00.0000000+02:00,0.471,
2026-08-09T00:00:00.0000000+02:00,0.488,
2026-08-09T00:10:00.0000000+02:00,0.489,
2026-08-09T00:20:00.0000000+02:00,0.495,
2026-08-09T00:30:00.0000000+02:00,0.49,
2026-08-09T00:40:00.0000000+02:00,0.5,
2026-08-09T00:50:00.0000000+02:00,0.454,
2026-08-09T01:00:00.0000000+02:00,0.481,
2026-08-09T01:10:00.0000000+02:00,0.499,
2026-08-09T01:20:00.0000000+02:00,0.51,
2026-08-09T01:30:00.0000000+02:00,0.493,
2026-08-09T01:40:00.0000000+02:00,0.494,
2026-08-09T01:50:00.0000000+02:00,0.516,
2026-08-09T02:00:00.0000000+02:00,0.53,
2026-08-09T02:10:00.0000000+02:00,0.52,
2026-08-09T02:20:00.0000000+02:00,0.526,
2026-08-09T02:30:00.0000000+02:00,0.539,
2026-08-09T02:40:00.0000000+02:00,0.534,
2026-08-09T02:50:00.0000000+02:00,0.519,
2026-08-09T03:00:00.0000000+02:00,0.551,
2026-08-09T03:10:00.0000000+02:00,0.546,
2026-08-09T03:20:00.0000000+02:00,0.573,
2026-08-09T03:30:00.0000000+02:00,0.551,
2026-08-09T03:40:00.0000000+02:00,0.556,
2026-08-09T03:50:00.0000000+02:00,0.568,
2026-08-09T04:00:00.0000000+02:00,0.585,
2026-08-09T04:10:00.0000000+02:00,0.595,
2026-08-09T04:20:00.0000000+02:00,0.595,
2026-08-09T04:30:00.0000000+02:00,0.603,
2026-08-09T04:40:00.0000000+02:00,0.602,
2026-08-09T04:50:00.0000000+02:00,0.601,
2026-08-09T05:00:00.0000000+02:00,0.621,
2026-08-09T05:10:00.0000000+02:00,0.614,
2026-08-09T05:20:00.0000000+02:00,0.63,
2026-08-09T05:30:00.0000000+02:00,0.641,
2026-08-09T05:40:00.0000000+02:00,0.634,
2026-08-09T05:50:00.0000000+02:00,0.663,
2026-08-09T06:00:00.0000000+02:00,0.668,
2026-08-09T06:10:00.0000000+02:00,0.647,
2026-08-09T06:20:00.0000000+02:00,0.659,
2026-08-09T06:30:00.0000000+02:00,0.681,
2026-08-09T06:40:00.0000000+02:00,0.677,
2026-08-09T06:50:00.0000000+02:00,0.69,
2026-08-09T07:00:00.0000000+02:00,0.697,
2026-08-09T07:10:00.0000000+02:00,0.695,
2026-08-09T07:20:00.0000000+02:00,0.678,
2026-08-09T07:30:00.0000000+02:00,0.71,
2026-08-09T07:40:00.0000000+02:00,0.721,
2026-08-09T07:50:00.0000000+02:00,0.715,
2026-08-09T08:00:00.0000000+02:00,0.721,
2026-08-09T08:10:00.0000000+02:00,0.735,
2026-08-09T08:20:00.0000000+02:00,0.716,
2026-08-09T08:30:00.0000000+02:00,0.73,
2026-08-09T08:40:00.0000000+02:00,0.728,
2026-08-09T08:50:00.0000000+02:00,0.749,
2026-08-09T09:00:00.0000000+02:00,0.738,
2026-08-09T09:10:00.0000000+02:00,0.752,
2026-08-09T09:20:00.0000000+02:00,0.741,
2026-08-09T09:30:00.0000000+02:00,0.731,
2026-08-09T09:40:00.0000000+02:00,0.759,
2026-08-09T09:50:00.0000000+02:00,0.758,
2026-08-09T10:00:00.0000000+02:00,0.743,
2026-08-09T10:10:00.0000000+02:00,0.762,
2026-08-09T10:20:00.0000000+02:00,0.745,
2026-08-09T10:30:00.0000000+02:00,0.748,
2026-08-09T10:40:00.0000000+02:00,0.753,
2026-08-09T10:50:00.0000000+02:00,0.766,
2026-08-09T11:00:00.0000000+02:00,0.769,
2026-08-09T11:10:00.0000000+02:00,0.744,
2026-08-09T11:20:00.0000000+02:00,0.743,
2026-08-09T11:30:00.0000000+02:00,0.759,
2026-08-09T11:40:00.0000000+02:00,0.75,
2026-08-09T11:50:00.0000000+02:00,0.734,
2026-08-09T12:00:00.0000000+02:00,0.741,
2026-08-09T12:10:00.0000000+02:00,0.748,
2026-08-09T12:20:00.0000000+02:00,0.747,
2026-08-09T12:30:00.0000000+02:00,0.738,
2026-08-09T12:40:00.0000000+02:00,0.745,
2026-08-09T12:50:00.0000000+02:00,0.751,
2026-08-09T13:00:00.0000000+02:00,0.751,
2026-08-09T13:10:00.0000000+02:00,0.748,
2026-08-09T13:20:00.0000000+02:00,0.724,
2026-08-09T13:30:00.0000000+02:00,0.734,
2026-08-09T13:40:00.0000000+02:00,0.741,
2026-08-09T13:50:00.0000000+02:00,0.718,
2026-08-09T14:00:00.0000000+02:00,0.718,
2026-08-09T14:10:00.0000000+02:00,0.697,
2026-08-09T14:20:00.0000000+02:00,0.724,
2026-08-09T14:30:00.0000000+02:00,0.714,
2026-08-09T14:40:00.0000000+02:00,0.699,
2026-08-09T14:50:00.0000000+02:00,0.69,
2026-08-09T15:00:00.0000000+02:00,0.678,
2026-08-09T15:10:00.0000000+02:00,0.686,
2026-08-09T15:20:00.0000000+02:00,0.674,
2026-08-09T15:30:00.0000000+02:00,0.689,
2026-08-09T15:40:00.0000000+02:00,0.683,
2026-08-09T15:50:00.0000000+02:00,0.665,
2026-08-09T16:00:00.0000000+02:00,0.656,
2026-08-09T16:10:00.0000000+02:00,0.665,
2026-08-09T16:20:00.0000000+02:00,0.65,
2026-08-09T16:30:00.0000000+02:00,0.655,
2026-08-09T16:40:00.0000000+02:00,0.658,
2026-08-09T16:50:00.0000000+02:00,0.656,
2026-08-09T17:00:00.0000000+02:00,0.654,
2026-08-09T17:10:00.0000000+02:00,0.641,
2026-08-09T17:20:00.0000000+02:00,0.632,
2026-08-09T17:30:00.0000000+02:00,0.631,
2026-08-09T17:40:00.0000000+02:00,0.624,
2026-08-09T17:50:00.0000000+02:00,0.629,
2026-08-09T18:00:00.0000000+02:00,0.627,
2026-08-09T18:10:00.0000000+02:00,0.621,
2026-08-09T18:20:00.0000000+02:00,0.604,
2026-08-09T18:30:00.0000000+02:00,0.597,
2026-08-09T18:40:00.0000000+02:00,0.591,
2026-08-09T18:50:00.0000000+02:00,0.597,
2026-08-09T19:00:00.0000000+02:00,0.601,
2026-08-09T19:10:00.0000000+02:00,0.608,
2026-08-09T19:20:00.0000000+02:00,0.596,
2026-08-09T19:30:00.0000000+02:00,0.587,
2026-08-09T19:40:00.0000000+02:00,0.582,
2026-08-09T19:50:00.0000000+02:00,0.578,
2026-08-09T20:00:00.0000000+02:00,0.578,
2026-08-09T20:10:00.0000000+02:00,0.567,
2026-08-09T20:20:00.0000000+02:00,0.568,
2026-08-09T20:30:00.0000000+02:00,0.549,
2026-08-09T20:40:00.0000000+02:00,0.56,
2026-08-09T20:50:00.0000000+02:00,0.562,
2026-08-09T21:00:00.0000000+02:00,0.531,
2026-08-09T21:10:00.0000000+02:00,0.564,
2026-08-09T21:20:00.0000000+02:00,0.553,
2026-08-09T21:30:00.0000000+02:00,0.538,
2026-08-09T21:40:00.0000000+02:00,0.528,
2026-08-09T21:50:00.0000000+02:00,0.535,
2026-08-09T22:00:00.0000000+02:00,0.537,
2026-08-09T22:10:00.0000000+02:00,0.533,
2026-08-09T22:20:00.0000000+02:00,0.521,
2026-08-09T22:30:00.0000000+02:00,0.517,
2026-08-09T22:40:00.0000000+02:00,0.542,
2026-08-09T22:50:00.0000000+02:00,0.51,
2026-08-09T23:00:00.0000000+02:00,0.512,
2026-08-09T23:10:00.0000000+02:00,0.514,
2026-08-09T23:20:00.0000000+02:00,0.51,
2026-08-09T23:30:00.0000000+02:00,0.529,
2026-08-09T23:40:00.0000000+02:00,0.51,
2026-08-09T23:50:00.0000000+02:00,0.502,
2026-08-10T00:00:00.0000000+02:00,0.516,
2026-08-10T00:10:00.0000000+02:00,0.525,
2026-08-10T00:20:00.0000000+02:00,0.512,
2026-08-10T00:30:00.0000000+02:00,0.52,
2026-08-10T00:40:00.0000000+02:00,0.522,
2026-08-10T00:50:00.0000000+02:00,0.533,
2026-08-10T01:00:00.0000000+02:00,0.533,
2026-08-10T01:10:00.0000000+02:00,0.527,
2026-08-10T01:20:00.0000000+02:00,0.531,
2026-08-10T01:30:00.0000000+02:00,0.532,
2026-08-10T01:40:00.0000000+02:00,0.523,
2026-08-10T01:50:00.0000000+02:00,0.535,
2026-08-10T02:00:00.0000000+02:00,0.541,
2026-08-10T02:10:00.0000000+02:00,0.558,
2026-08-10T02:20:00.0000000+02:00,0.56,
2026-08-10T02:30:00.0000000+02:00,0.569,
2026-08-10T02:40:00.0000000+02:00,0.534,
2026-08-10T02:50:00.0000000+02:00,0.56,
2026-08-10T03:00:00.0000000+02:00,0.546,
2026-08-10T03:10:00.0000000+02:00,0.581,
2026-08-10T03:20:00.0000000+02:00,0.562,
2026-08-10T03:30:00.0000000+02:00,0.59,
2026-08-10T03:40:00.0000000+02:00,0.599,
2026-08-10T03:50:00.0000000+02:00,0.586,
2026-08-10T04:00:00.0000000+02:00,0.603,
2026-08-10T04:10:00.0000000+02:00,0.601,
2026-08-10T04:20:00.0000000+02:00,0.609,
2026-08-10T04:30:00.0000000+02:00,0.614,
2026-08-10T04:40:00.0000000+02:00,0.624,
2026-08-10T04:50:00.0000000+02:00,0.623,
2026-08-10T05:00:00.0000000+02:00,0.634,
2026-08-10T05:10:00.0000000+02:00,0.624,
2026-08-10T05:20:00.0000000+02:00,0.637,
2026-08-10T05:30:00.0000000+02:00,0.648,
2026-08-10T05:40:00.0000000+02:00,0.651,
2026-08-10T05:50:00.0000000+02:00,0.639,
2026-08-10T06:00:00.0000000+02:00,0.633,
2026-08-10T06:10:00.0000000+02:00,0.658,
2026-08-10T06:20:00.0000000+02:00,0.678,
2026-08-10T06:30:00.0000000+02:00,0.677,
2026-08-10T06:40:00.0000000+02:00,0.658,
2026-08-10T06:50:00.0000000+02:00,0.688,
2026-08-10T07:00:00.0000000+02:00,0.698,
2026-08-10T07:10:00.0000000+02:00,0.703,
2026-08-10T07:20:00.0000000+02:00,0.691,
2026-08-10T07:30:00.0000000+02:00,0.691,
2026-08-10T07:40:00.0000000+02:00,0.692,
2026-08-10T07:50:00.0000000+02:00,0.71,
2026-08-10T08:00:00.0000000+02:00,0.724,
2026-08-10T08:10:00.0000000+02:00,0.699,
2026-08-10T08:20:00.0000000+02:00,0.727,
2026-08-10T08:30:00.0000000+02:00,0.699,
2026-08-10T08:40:00.0000000+02:00,0.722,
2026-08-10T08:50:00.0000000+02:00,0.737,
2026-08-10T09:00:00.0000000+02:00,0.747,
2026-08-10T09:10:00.0000000+02:00,0.741,
2026-08-10T09:20:00.0000000+02:00,0.736,
2026-08-10T09:30:00.0000000+02:00,0.746,
2026-08-10T09:40:00.0000000+02:00,0.745,
2026-08-10T09:50:00.0000000+02:00,0.757,
2026-08-10T10:00:00.0000000+02:00,0.758,
2026-08-10T10:10:00.0000000+02:00,0.763,
2026-08-10T10:20:00.0000000+02:00,0.751,
2026-08-10T10:30:00.0000000+02:00,0.738,
2026-08-10T10:40:00.0000000+02:00,0.758,
2026-08-10T10:50:00.0000000+02:00,0.755,
2026-08-10T11:00:00.0000000+02:00,0.725,
2026-08-10T11:10:00.0000000+02:00,0.735,
2026-08-10T11:20:00.0000000+02:00,0.747,
2026-08-10T11:30:00.0000000+02:00,0.743,
2026-08-10T11:40:00.0000000+02:00,0.719,
2026-08-10T11:50:00.0000000+02:00,0.737,
2026-08-10T12:00:00.0000000+02:00,0.753,
2026-08-10T12:10:00.0000000+02:00,0.755,
2026-08-10T12:20:00.0000000+02:00,0.751,
2026-08-10T12:30:00.0000000+02:00,0.752,
2026-08-10T12:40:00.0000000+02:00,0.756,
2026-08-10T12:50:00.0000000+02:00,0.751,
2026-08-10T13:00:00.0000000+02:00,0.749,
2026-08-10T13:10:00.0000000+02:00,0.748,
2026-08-10T13:20:00.0000000+02:00,0.75,
2026-08-10T13:30:00.0000000+02:00,0.751,
2026-08-10T13:40:00.0000000+02:00,0.747,
2026-08-10T13:50:00.0000000+02:00,0.746,
2026-08-10T14:00:00.0000000+02:00,0.724,
2026-08-10T14:10:00.0000000+02:00,0.729,
2026-08-10T14:20:00.0000000+02:00,0.739,
2026-08-10T14:30:00.0000000+02:00,0.706,
2026-08-10T14:40:00.0000000+02:00,0.696,
2026-08-10T14:50:00.0000000+02:00,0.709,
2026-08-10T15:00:00.0000000+02:00,0.701,
2026-08-10T15:10:00.0000000+02:00,0.708,
2026-08-10T15:20:00.0000000+02:00,0.696,
2026-08-10T15:30:00.0000000+02:00,0.702,
2026-08-10T15:40:00.0000000+02:00,0.671,
2026-08-10T15:50:00.0000000+02:00,0.685,
2026-08-10T16:00:00.0000000+02:00,0.679,
2026-08-10T16:10:00.0000000+02:00,0.679,
2026-08-10T16:20:00.0000000+02:00,0.669,
2026-08-10T16:30:00.0000000+02:00,0.657,
2026-08-10T16:40:00.0000000+02:00,0.658,
2026-08-10T16:50:00.0000000+02:00,0.662,
2026-08-10T17:00:00.0000000+02:00,0.66,
2026-08-10T17:10:00.0000000+02:00,0.656,
2026-08-10T17:20:00.0000000+02:00,0.646,
2026-08-10T17:30:00.0000000+02:00,0.655,
2026-08-10T17:40:00.0000000+02:00,0.641,
2026-08-10T17:50:00.0000000+02:00,0.636,
2026-08-10T18:00:00.0000000+02:00,0.631,
2026-08-10T18:10:00.0000000+02:00,0.627,
2026-08-10T18:20:00.0000000+02:00,0.613,
2026-08-10T18:30:00.0000000+02:00,0.616,
2026-08-10T18:40:00.0000000+02:00,0.6,
2026-08-10T18:50:00.0000000+02:00,0.612,
2026-08-10T19:00:00.0000000+02:00,0.613,
2026-08-10T19:10:00.0000000+02:00,0.595,
2026-08-10T19:20:00.0000000+02:00,0.606,
2026-08-10T19:30:00.0000000+02:00,0.592,
2026-08-10T19:40:00.0000000+02:00,0.584,
2026-08-10T19:50:00.0000000+02:00,0.576,
2026-08-10T20:00:00.0000000+02:00,0.581,
2026-08-10T20:10:00.0000000+02:00,0.574,
2026-08-10T20:20:00.0000000+02:00,0.567,
2026-08-10T20:30:00.0000000+02:00,0.554,
2026-08-10T20:40:00.0000000+02:00,0.555,
2026-08-10T20:50:00.0000000+02:00,0.545,
2026-08-10T21:00:00.0000000+02:00,0.527,
2026-08-10T21:10:00.0000000+02:00,0.549,
2026-08-10T21:20:00.0000000+02:00,0.528,
2026-08-10T21:30:00.0000000+02:00,0.521,
2026-08-10T21:40:00.0000000+02:00,0.517,
2026-08-10T21:50:00.0000000+02:00,0.509,
2026-08-10T22:00:00.0000000+02:00,0.509,
2026-08-10T22:10:00.0000000+02:00,0.518,
2026-08-10T22:20:00.0000000+02:00,0.504,
2026-08-10T22:30:00.0000000+02:00,0.501,
2026-08-10T22:40:00.0000000+02:00,0.486,
2026-08-10T22:50:00.0000000+02:00,0.488,
2026-08-10T23:00:00.0000000+02:00,0.485,
2026-08-10T23:10:00.0000000+02:00,0.471,
2026-08-10T23:20:00.0000000+02:00,0.494,
2026-08-10T23:30:00.0000000+02:00,0.462,
2026-08-10T23:40:00.0000000+02:00,0.455,
2026-08-10T23:50:00.0000000+02:00,0.446,
2026-08-11T00:00:00.0000000+02:00,0.442,
2026-08-11T00:10:00.0000000+02:00,0.443,
2026-08-11T00:20:00.0000000+02:00,0.45,
2026-08-11T00:30:00.0000000+02:00,0.431,
2026-08-11T00:40:00.0000000+02:00,0.42,
2026-08-11T00:50:00.0000000+02:00,0.444,
2026-08-11T01:00:00.0000000+02:00,0.424,
2026-08-11T01:10:00.0000000+02:00,0.419,
2026-08-11T01:20:00.0000000+02:00,0.413,
2026-08-11T01:30:00.0000000+02:00,0.388,
2026-08-11T01:40:00.0000000+02:00,0.4,
2026-08-11T01:50:00.0000000+02:00,0.387,
2026-08-11T02:00:00.0000000+02:00,0.402,
2026-08-11T02:10:00.0000000+02:00,0.372,
2026-08-11T02:20:00.0000000+02:00,0.381,
2026-08-11T02:30:00.0000000+02:00,0.363,
2026-08-11T02:40:00.0000000+02:00,0.373,
2026-08-11T02:50:00.0000000+02:00,0.366,
2026-08-11T03:00:00.0000000+02:00,0.342,
2026-08-11T03:10:00.0000000+02:00,0.363,
2026-08-11T03:20:00.0000000+02:00,0.334,
2026-08-11T03:30:00.0000000+02:00,0.349,
2026-08-11T03:40:00.0000000+02:00,0.341,
2026-08-11T03:50:00.0000000+02:00,0.339,
2026-08-11T04:00:00.0000000+02:00,0.348,
2026-08-11T04:10:00.0000000+02:00,0.343,
2026-08-11T04:20:00.0000000+02:00,0.335,
2026-08-11T04:30:00.0000000+02:00,0.343,
2026-08-11T04:40:00.0000000+02:00,0.339,
2026-08-11T04:50:00.0000000+02:00,0.35,
2026-08-11T05:00:00.0000000+02:00,0.348,
2026-08-11T05:10:00.0000000+02:00,0.312,
2026-08-11T05:20:00.0000000+02:00,0.345,
2026-08-11T05:30:00.0000000+02:00,0.32,
2026-08-11T05:40:00.0000000+02:00,0.336,
2026-08-11T05:50:00.0000000+02:00,0.316,
2026-08-11T06:00:00.0000000+02:00,0.331,
2026-08-11T06:10:00.0000000+02:00,0.338,
2026-08-11T06:20:00.0000000+02:00,0.335,
2026-08-11T06:30:00.0000000+02:00,0.333,
2026-08-11T06:40:00.0000000+02:00,0.34,
2026-08-11T06:50:00.0000000+02:00,0.34,
2026-08-11T07:00:00.0000000+02:00,0.34,
2026-08-11T07:10:00.0000000+02:00,0.358,
2026-08-11T07:20:00.0000000+02:00,0.331,
2026-08-11T07:30:00.0000000+02:00,0.342,
2026-08-11T07:40:00.0000000+02:00,0.341,
2026-08-11T07:50:00.0000000+02:00,0.331,
2026-08-11T08:00:00.0000000+02:00,0.361,
2026-08-11T08:10:00.0000000+02:00,0.351,
2026-08-11T08:20:00.0000000+02:00,0.346,
2026-08-11T08:30:00.0000000+02:00,0.357,
2026-08-11T08:40:00.0000000+02:00,0.37,
2026-08-11T08:50:00.0000000+02:00,0.347,
2026-08-11T09:00:00.0000000+02:00,0.36,
2026-08-11T09:10:00.0000000+02:00,0.357,
2026-08-11T09:20:00.0000000+02:00,0.351,
2026-08-11T09:30:00.0000000+02:00,0.372,
2026-08-11T09:40:00.0000000+02:00,0.372,
2026-08-11T09:50:00.0000000+02:00,0.373,
2026-08-11T10:00:00.0000000+02:00,0.371,
2026-08-11T10:10:00.0000000+02:00,0.399,
2026-08-11T10:20:00.0000000+02:00,0.388,
2026-08-11T10:30:00.0000000+02:00,0.396,
2026-08-11T10:40:00.0000000+02:00,0.389,
2026-08-11T10:50:00.0000000+02:00,0.391,
2026-08-11T11:00:00.0000000+02:00,0.392,
2026-08-11T11:10:00.0000000+02:00,0.399,
2026-08-11T11:20:00.0000000+02:00,0.419,
2026-08-11T11:30:00.0000000+02:00,0.416,
2026-08-11T11:40:00.0000000+02:00,0.402,
2026-08-11T11:50:00.0000000+02:00,0.425,
2026-08-11T12:00:00.0000000+02:00,0.416,
2026-08-11T12:10:00.0000000+02:00,0.41,
2026-08-11T12:20:00.0000000+02:00,0.434,
2026-08-11T12:30:00.0000000+02:00,0.433,
2026-08-11T12:40:00.0000000+02:00,0.442,
2026-08-11T12:50:00.0000000+02:00,0.442,
2026-08-11T13:00:00.0000000+02:00,0.427,
2026-08-11T13:10:00.0000000+02:00,0.439,
2026-08-11T13:20:00.0000000+02:00,0.433,
2026-08-11T13:30:00.0000000+02:00,0.437,
2026-08-11T13:40:00.0000000+02:00,0.423,
2026-08-11T13:50:00.0000000+02:00,0.445,
2026-08-11T14:00:00.0000000+02:00,0.447,
2026-08-11T14:10:00.0000000+02:00,0.449,
2026-08-11T14:20:00.0000000+02:00,0.46,
2026-08-11T14:30:00.0000000+02:00,0.439,
2026-08-11T14:40:00.0000000+02:00,0.45,
2026-08-11T14:50:00.0000000+02:00,0.429,
2026-08-11T15:00:00.0000000+02:00,0.44,
2026-08-11T15:10:00.0000000+02:00,0.432,
2026-08-11T15:20:00.0000000+02:00,0.449,
2026-08-11T15:30:00.0000000+02:00,0.433,
2026-08-11T15:40:00.0000000+02:00,0.446,
2026-08-11T15:50:00.0000000+02:00,0.44,
2026-08-11T16:00:00.0000000+02:00,0.449,
2026-08-11T16:10:00.0000000+02:00,0.436,
2026-08-11T16:20:00.0000000+02:00,0.435,
2026-08-11T16:30:00.0000000+02:00,0.425,
2026-08-11T16:40:00.0000000+02:00,0.445,
2026-08-11T16:50:00.0000000+02:00,0.448,
2026-08-11T17:00:00.0000000+02:00,0.436,
2026-08-11T17:10:00.0000000+02:00,0.444,
2026-08-11T17:20:00.0000000+02:00,0.437,
2026-08-11T17:30:00.0000000+02:00,0.445,
2026-08-11T17:40:00.0000000+02:00,0.442,
2026-08-11T17:50:00.0000000+02:00,0.427,
2026-08-11T18:00:00.0000000+02:00,0.437,
2026-08-11T18:10:00.0000000+02:00,0.44,
2026-08-11T18:20:00.0000000+02:00,0.434,
2026-08-11T18:30:00.0000000+02:00,0.419,
2026-08-11T18:40:00.0000000+02:00,0.407,
2026-08-11T18:50:00.0000000+02:00,0.428,
2026-08-11T19:00:00.0000000+02:00,0.418,
2026-08-11T19:10:00.0000000+02:00,0.418,
2026-08-11T19:20:00.0000000+02:00,0.419,
2026-08-11T19:30:00.0000000+02:00,0.42,
2026-08-11T19:40:00.0000000+02:00,0.406,
2026-08-11T19:50:00.0000000+02:00,0.424,
2026-08-11T20:00:00.0000000+02:00,0.396,
2026-08-11T20:10:00.0000000+02:00,0.394,
2026-08-11T20:20:00.0000000+02:00,0.371,
2026-08-11T20:30:00.0000000+02:00,0.392,
2026-08-11T20:40:00.0000000+02:00,0.383,
2026-08-11T20:50:00.0000000+02:00,0.396,
2026-08-11T21:00:00.0000000+02:00,0.363,
2026-08-11T21:10:00.0000000+02:00,0.38,
2026-08-11T21:20:00.0000000+02:00,0.368,
2026-08-11T21:30:00.0000000+02:00,0.362,
2026-08-11T21:40:00.0000000+02:00,0.35,
2026-08-11T21:50:00.0000000+02:00,0.37,
2026-08-11T22:00:00.0000000+02:00,0.353,
2026-08-11T22:10:00.0000000+02:00,0.356,
2026-08-11T22:20:00.0000000+02:00,0.369,
2026-08-11T22:30:00.0000000+02:00,0.36,
2026-08-11T22:40:00.0000000+02:00,0.366,
2026-08-11T22:50:00.0000000+02:00,0.36,
2026-08-11T23:00:00.0000000+02:00,0.342,
2026-08-11T23:10:00.0000000+02:00,0.311,
2026-08-11T23:20:00.0000000+02:00,0.33,
2026-08-11T23:30:00.0000000+02:00,0.32,
2026-08-11T23:40:00.0000000+02:00,0.308,
2026-08-11T23:50:00.0000000+02:00,0.32,
2026-08-12T00:00:00.0000000+02:00,0.337,
2026-08-12T00:10:00.0000000+02:00,0.318,
2026-08-12T00:20:00.0000000+02:00,0.304,
2026-08-12T00:30:00.0000000+02:00,0.321,
2026-08-12T00:40:00.0000000+02:00,0.291,
2026-08-12T00:50:00.0000000+02:00,0.291,
2026-08-12T01:00:00.0000000+02:00,0.298,
2026-08-12T01:10:00.0000000+02:00,0.297,
2026-08-12T01:20:00.0000000+02:00,0.293,
2026-08-12T01:30:00.0000000+02:00,0.288,
2026-08-12T01:40:00.0000000+02:00,0.307,
2026-08-12T01:50:00.0000000+02:00,0.296,
2026-08-12T02:00:00.0000000+02:00,0.292,
2026-08-12T02:10:00.0000000+02:00,0.264,
2026-08-12T02:20:00.0000000+02:00,0.269,
2026-08-12T02:30:00.0000000+02:00,0.297,
2026-08-12T02:40:00.0000000+02:00,0.279,
2026-08-12T02:50:00.0000000+02:00,0.277,
2026-08-12T03:00:00.0000000+02:00,0.292,
2026-08-12T03:10:00.0000000+02:00,0.266,
2026-08-12T03:20:00.0000000+02:00,0.294,
2026-08-12T03:30:00.0000000+02:00,0.303,
2026-08-12T03:40:00.0000000+02:00,0.288,
2026-08-12T03:50:00.0000000+02:00,0.297,
2026-08-12T04:00:00.0000000+02:00,0.284,
2026-08-12T04:10:00.0000000+02:00,0.294,
2026-08-12T04:20:00.0000000+02:00,0.317,
2026-08-12T04:30:00.0000000+02:00,0.304,
2026-08-12T04:40:00.0000000+02:00,0.312,
2026-08-12T04:50:00.0000000+02:00,0.303,
2026-08-12T05:00:00.0000000+02:00,0.331,
2026-08-12T05:10:00.0000000+02:00,0.325,
2026-08-12T05:20:00.0000000+02:00,0.324,
2026-08-12T05:30:00.0000000+02:00,0.348,
2026-08-12T05:40:00.0000000+02:00,0.338,
2026-08-12T05:50:00.0000000+02:00,0.324,
2026-08-12T06:00:00.0000000+02:00,0.318,
2026-08-12T06:10:00.0000000+02:00,0.347,
2026-08-12T06:20:00.0000000+02:00,0.359,
2026-08-12T06:30:00.0000000+02:00,0.366,
2026-08-12T06:40:00.0000000+02:00,0.373,
2026-08-12T06:50:00.0000000+02:00,0.374,
2026-08-12T07:00:00.0000000+02:00,0.405,
2026-08-12T07:10:00.0000000+02:00,0.411,
2026-08-12T07:20:00.0000000+02:00,0.379,
2026-08-12T07:30:00.0000000+02:00,0.409,
2026-08-12T07:40:00.0000000+02:00,0.443,
2026-08-12T07:50:00.0000000+02:00,0.461,
2026-08-12T08:00:00.0000000+02:00,0.45,
2026-08-12T08:10:00.0000000+02:00,0.478,
2026-08-12T08:20:00.0000000+02:00,0.462,
2026-08-12T08:30:00.0000000+02:00,0.493,
2026-08-12T08:40:00.0000000+02:00,0.506,
2026-08-12T08:50:00.0000000+02:00,0.502,
2026-08-12T09:00:00.0000000+02:00,0.515,
2026-08-12T09:10:00.0000000+02:00,0.52,
2026-08-12T09:20:00.0000000+02:00,0.529,
2026-08-12T09:30:00.0000000+02:00,0.539,
2026-08-12T09:40:00.0000000+02:00,0.554,
2026-08-12T09:50:00.0000000+02:00,0.56,
2026-08-12T10:00:00.0000000+02:00,0.554,
2026-08-12T10:10:00.0000000+02:00,0.559,
2026-08-12T10:20:00.0000000+02:00,0.56,
2026-08-12T10:30:00.0000000+02:00,0.568,
2026-08-12T10:40:00.0000000+02:00,0.553,
2026-08-12T10:50:00.0000000+02:00,0.589,
2026-08-12T11:00:00.0000000+02:00,0.583,
2026-08-12T11:10:00.0000000+02:00,0.594,
2026-08-12T11:20:00.0000000+02:00,0.569,
2026-08-12T11:30:00.0000000+02:00,0.593,
2026-08-12T11:40:00.0000000+02:00,0.602,
2026-08-12T11:50:00.0000000+02:00,0.593,
2026-08-12T12:00:00.0000000+02:00,0.584,
2026-08-12T12:10:00.0000000+02:00,0.602,
2026-08-12T12:20:00.0000000+02:00,0.632,
2026-08-12T12:30:00.0000000+02:00,0.606,
2026-08-12T12:40:00.0000000+02:00,0.623,
2026-08-12T12:50:00.0000000+02:00,0.602,
2026-08-12T13:00:00.0000000+02:00,0.602,
2026-08-12T13:10:00.0000000+02:00,0.608,
2026-08-12T13:20:00.0000000+02:00,0.619,
2026-08-12T13:30:00.0000000+02:00,0.616,
2026-08-12T13:40:00.0000000+02:00,0.641,
2026-08-12T13:50:00.0000000+02:00,0.642,
2026-08-12T14:00:00.0000000+02:00,0.606,
2026-08-12T14:10:00.0000000+02:00,0.62,
2026-08-12T14:20:00.0000000+02:00,0.632,
2026-08-12T14:30:00.0000000+02:00,0.624,
2026-08-12T14:40:00.0000000+02:00,0.616,
2026-08-12T14:50:00.0000000+02:00,0.636,
2026-08-12T15:00:00.0000000+02:00,0.616,
2026-08-12T15:10:00.0000000+02:00,0.626,
2026-08-12T15:20:00.0000000+02:00,0.612,
